variant,seed,field,population,nominal_time,omega,theta,rotor_L,total_bar_impulse,shape_work,pattern_work,postrelease_bar_impulse,autonomous_energy_residual,actual_rotor_K_exchange,postrelease_rotor_bar_residual,actual_time
baseline,7510101,responsive,F0,0.0,0.5946035575013605,0.0,0.05946035575013606,0.0,0.0,0.0,,,,,0.0
baseline,7510101,responsive,F0,2.0,0.5946035575013605,1.1892071150027146,0.05946035575013606,-6.489305633156448e-08,5.5432937266581975e-08,-3.8585642151884407e-08,,,,,1.9999999999999793
baseline,7510101,responsive,F0,4.0,0.5946035575013605,2.3784142300054203,0.05946035575013606,-5.318901602848971e-07,-6.799022147906465e-07,-3.1626378150536765e-07,,,,,3.999999999999937
baseline,7510101,responsive,F0,6.0,0.5946035575013605,3.5676213450081864,0.05946035575013606,3.554941235568281e-06,-7.289544713889976e-07,2.113780705377185e-06,,,,,5.999999999999894
baseline,7510101,responsive,F0,8.0,0.5946035575013605,4.75682846001084,0.05946035575013606,-3.0153397599707998e-06,-1.209557846971429e-06,-1.7929317483539287e-06,,,,,7.999999999999852
baseline,7510101,responsive,F0,10.0,0.5946035575013605,5.946035575013428,0.05946035575013606,9.227282138638297e-06,-3.84523073156653e-06,5.486574785703095e-06,,,,,10.000000000000163
baseline,7510101,responsive,F0,12.0,0.5946035575013605,7.135242690016017,0.05946035575013606,2.382099060587059e-05,-4.251169327699728e-06,1.4164045757457155e-05,,,,,12.000000000000476
baseline,7510101,responsive,F0,14.0,0.5946035575013605,8.324449805018702,0.05946035575013606,4.542166246617818e-05,-5.326855603198714e-06,2.7007882090015584e-05,,,,,14.000000000000789
baseline,7510101,responsive,F0,16.0,0.5946035575013605,9.513656920021646,0.05946035575013606,0.00010708399439556118,-6.062427320026462e-06,6.367252401905625e-05,,,,,16.0000000000011
baseline,7510101,responsive,F0,18.0,0.5946035575013605,10.70286403502459,0.05946035575013606,0.0001564596611783197,-5.857598039531942e-06,9.303147114208625e-05,,,,,18.000000000000703
baseline,7510101,responsive,F0,20.0,0.5946035575013605,11.892071150027533,0.05946035575013606,0.00014431010727099545,-5.821984654001266e-06,8.580730316673599e-05,0.0,0.0,0.0,0.0,20.000000000000306
baseline,7510101,responsive,F0,22.0,0.5937254664784634,13.080469199198909,0.059372546647846344,0.00023211920956067998,-5.821984654001266e-06,8.580730316673599e-05,8.780910228968464e-05,-1.9094965053589874e-09,-5.217305241023845e-05,-2.7755575615628914e-17,22.00000000000044
baseline,7510101,responsive,F0,24.0,0.5936871131563881,14.267730594914202,0.05936871131563881,0.00023595454176817633,-5.821984654001266e-06,8.580730316673599e-05,9.164443449718109e-05,-7.168747623298444e-09,-5.445011326538768e-05,-6.245004513516506e-17,24.000000000000576
baseline,7510101,responsive,F0,26.0,0.5937057556047773,15.455295246447259,0.059370575560477735,0.00023409029692918708,-5.821984654001266e-06,8.580730316673599e-05,8.978018965819187e-05,-3.0875468293167785e-09,-5.3343317751707725e-05,-1.3183898417423734e-16,26.00000000000071
baseline,7510101,responsive,F0,28.0,0.5927586232727652,16.641574127127324,0.05927586232727652,0.00032880353013041213,-5.821984654001266e-06,8.580730316673599e-05,0.000184493422859417,-5.323609886254133e-10,-0.00010953025645249123,-1.249000902703301e-16,28.000000000000846
baseline,7510101,responsive,F0,30.0,0.5929853718214981,17.82720000910688,0.059298537182149814,0.0003061286752571428,-5.821984654001266e-06,8.580730316673599e-05,0.00016181856798614693,-1.144701644584245e-08,-9.60869699496679e-05,-9.71445146547012e-17,30.00000000000098
baseline,7510101,responsive,F0,32.0,0.5923987211086352,19.012882028250292,0.059239872110863526,0.0003647937465433477,-5.821984654001266e-06,8.580730316673599e-05,0.00022048363927235196,-7.767952364678976e-09,-0.00013085729110635935,-1.8041124150158794e-16,32.000000000001116
baseline,7510101,responsive,F0,34.0,0.591941872119412,20.196840857933697,0.059194187211941196,0.00041047864546571184,-5.821984654001266e-06,8.580730316673599e-05,0.0002661685381947163,-7.440554616877648e-09,-0.00015791053125197713,-1.457167719820518e-16,34.000000000000725
baseline,7510101,responsive,F0,36.0,0.592049166773625,21.38101085523903,0.0592049166773625,0.00039974918004441235,-5.821984654001266e-06,8.580730316673599e-05,0.0002554390727734162,-7.4990996745683e-09,-0.0001515587357965066,-1.3877787807814457e-16,36.00000000000033
baseline,7510101,responsive,F0,38.0,0.5911406409335002,22.56427154984898,0.059114064093350016,0.0004906017640568759,-5.821984654001266e-06,8.580730316673599e-05,0.00034629165678588044,-5.514904755088423e-09,-0.0002053066615002215,-1.5959455978986625e-16,37.99999999999993
baseline,7510101,responsive,F0,40.0,0.5912312366840662,23.746477726521448,0.05912312366840662,0.00048154218900030874,-5.821984654001266e-06,8.580730316673599e-05,0.0003372320817293133,-8.849538796207312e-09,-0.00019995076811517298,-1.249000902703301e-16,39.99999999999953
baseline,7510101,responsive,F0,42.0,0.591064382663314,24.928974602928665,0.0591064382663314,0.0004982275910755356,-5.821984654001266e-06,8.580730316673599e-05,0.0003539174838045403,-9.982142945563766e-09,-0.00020981430700546533,-1.1796119636642288e-16,41.99999999999913
baseline,7510101,responsive,F0,44.0,0.5909280436310417,26.1108314887994,0.05909280436310417,0.0005118614943026439,-5.821984654001266e-06,8.580730316673599e-05,0.00036755138703164895,-2.233531221085272e-09,-0.00021787189218317252,-2.3592239273284576e-16,43.999999999998735
baseline,7510101,responsive,F0,46.0,0.5909610103546797,27.292775043683164,0.059096101035467974,0.0005085648219389109,-5.821984654001266e-06,8.580730316673599e-05,0.00036425471466791713,-1.2411062566553e-08,-0.00021592374169249542,-1.6653345369377348e-16,45.99999999999834
baseline,7510101,responsive,F0,48.0,0.5901479145557911,28.473852680150593,0.059014791455579106,0.0005898744018277147,-5.821984654001266e-06,8.580730316673599e-05,0.0004455642945567199,-7.55656828776985e-09,-0.00026394147693622333,-2.2898349882893854e-16,47.99999999999794
baseline,7510101,responsive,F0,50.0,0.5898977240007274,29.653772069336313,0.05898977240007274,0.0006148934573339958,-5.821984654001266e-06,8.580730316673599e-05,0.0004705833500630003,-2.1599766142355037e-09,-0.00027870329060177,-3.122502256758253e-16,49.99999999999754
baseline,7510101,responsive,F0,52.0,0.5894209572514805,30.833200165000818,0.05894209572514805,0.0006625701322586538,-5.821984654001266e-06,8.580730316673599e-05,0.0005182600249876591,-8.169006776581611e-09,-0.00030681628730110794,-3.469446951953614e-16,51.999999999997144
baseline,7510101,responsive,F0,54.0,0.5888838293721363,32.01150774921888,0.058888382937213636,0.0007162829201930437,-5.821984654001266e-06,8.580730316673599e-05,0.0005719728129220482,-3.982205593056065e-09,-0.0003384613048641183,-3.7470027081099033e-16,53.999999999996746
baseline,7510101,responsive,F0,56.0,0.5889173124677066,33.18925952406534,0.05889173124677067,0.0007129346106360015,-5.821984654001266e-06,8.580730316673599e-05,0.0005686245033650069,-7.05426356217842e-10,-0.00033648948345436566,-3.8163916471489756e-16,55.99999999999635
baseline,7510101,responsive,F0,58.0,0.5885531297533192,34.366817712918454,0.058855312975331926,0.0007493528820747418,-5.821984654001266e-06,8.580730316673599e-05,0.0006050427748037478,-1.2968513957156702e-08,-0.0003579302025423156,-3.8163916471489756e-16,57.99999999999595
baseline,7510101,responsive,F0,60.0,0.5879398515763651,35.543078840968256,0.058793985157636515,0.0008106806997702085,-5.821984654001266e-06,8.580730316673599e-05,0.0006663705924992155,-9.112045645798261e-09,-0.0003940060760817751,-3.2612801348363973e-16,59.99999999999555
baseline,7510101,responsive,F0,62.0,0.5880461032797457,36.71917761876125,0.05880461032797457,0.0008000555294321187,-5.821984654001266e-06,8.580730316673599e-05,0.0006557454221611246,-1.3591760633646643e-08,-0.00038775855053902256,-3.608224830031759e-16,61.999999999995154
baseline,7510101,responsive,F0,64.0,0.5875185949007808,37.89478869542481,0.058751859490078086,0.0008528063673285877,-5.821984654001266e-06,8.580730316673599e-05,0.0007084962600575937,-3.7408766362379e-09,-0.0004187645619542976,-3.7470027081099033e-16,63.999999999994756
baseline,7510101,responsive,F0,66.0,0.5874112809618091,39.06963668185425,0.058741128096180914,0.0008635377612257977,-5.821984654001266e-06,8.580730316673599e-05,0.000719227653954804,-1.2158970108533396e-08,-0.0004250688796040153,-3.400058012914542e-16,65.99999999999436
baseline,7510101,responsive,F0,68.0,0.5875336561721123,40.24461776806397,0.05875336561721123,0.000851300240195509,-5.821984654001266e-06,8.580730316673599e-05,0.0007069901329245156,-1.0305427899925945e-08,-0.00041787967291519526,-3.122502256758253e-16,67.99999999999396
baseline,7510101,responsive,F0,70.0,0.5869830755209691,41.41928988185851,0.05869830755209691,0.0009063583053097778,-5.821984654001266e-06,8.580730316673599e-05,0.0007620481980387852,-4.746510823272487e-09,-0.0004502129822609065,-3.608224830031759e-16,69.99999999999356
baseline,7510101,responsive,F0,72.0,0.5871216247465277,42.593250344931086,0.05871216247465278,0.00089250338275393,-5.821984654001266e-06,8.580730316673599e-05,0.0007481932754829375,-1.335962618309594e-09,-0.00044207941741356005,-3.400058012914542e-16,71.99999999999316
baseline,7510101,responsive,F0,74.0,0.5871051834637966,43.767464138644,0.058710518346379664,0.0008941475110271362,-5.821984654001266e-06,8.580730316673599e-05,0.0007498374037561432,-1.1935863630796462e-08,-0.00044304470716077446,-2.498001805406602e-16,73.99999999999277
baseline,7510101,responsive,F0,76.0,0.5868120773650887,44.94126330136814,0.058681207736508874,0.0009234581208979419,-5.821984654001266e-06,8.580730316673599e-05,0.0007791480136269491,-7.740332069738898e-09,-0.00046024882258714414,-2.3592239273284576e-16,75.99999999999237
baseline,7510101,responsive,F0,78.0,0.5872958820733416,46.115486983195694,0.05872958820733416,0.0008750776500726607,-5.821984654001266e-06,8.580730316673599e-05,0.0007307675428016679,-6.754341780323969e-09,-0.0004318468746484713,-2.2898349882893854e-16,77.99999999999197
baseline,7510101,responsive,F0,80.0,0.5872404624870223,47.28999342506513,0.058724046248702234,0.000880619608704581,-5.821984654001266e-06,8.580730316673599e-05,0.0007363095014335888,-5.9914067040978125e-09,-0.00043510149056509573,-2.3592239273284576e-16,79.99999999999157
baseline,7510101,responsive,F0,82.0,0.5874650200307471,48.46457601472166,0.058746502003074706,0.0008581638543320622,-5.821984654001266e-06,8.580730316673599e-05,0.0007138537470610698,2.184621566980738e-09,-0.0004219120416773872,-2.7755575615628914e-16,81.99999999999118
baseline,7510101,responsive,F0,84.0,0.5880287540384508,49.640325777035045,0.05880287540384508,0.000801790453561703,-5.821984654001266e-06,8.580730316673599e-05,0.0006574803462907105,-9.55491555321153e-09,-0.0003887787508630447,-2.636779683484747e-16,83.99999999999078
baseline,7510101,responsive,F0,86.0,0.5875068153858637,50.81587585145705,0.058750681538586376,0.0008539843188203892,-5.821984654001266e-06,8.580730316673599e-05,0.0007096742115493961,-1.0282102086422995e-08,-0.0004194566234217191,-2.8449465006019636e-16,85.99999999999038
baseline,7510101,responsive,F0,88.0,0.5876477521332455,51.99088122875971,0.05876477521332456,0.0008398906440822343,-5.821984654001266e-06,8.580730316673599e-05,0.0006955805368112416,-3.2781161951600524e-09,-0.00041117550030086644,-2.5673907444456745e-16,87.99999999998998
baseline,7510101,responsive,F0,90.0,0.5873574758446486,53.16604059188993,0.05873574758446486,0.0008689182729419585,-5.821984654001266e-06,8.580730316673599e-05,0.0007246081656709666,-3.582540514246446e-09,-0.0004282293081338401,-2.2898349882893854e-16,89.99999999998958
baseline,7510101,responsive,F0,92.0,0.586505319585128,54.339552065392944,0.058650531958512796,0.0009541338988941318,-5.821984654001266e-06,8.580730316673599e-05,0.0008098237916231402,-9.107989057399735e-09,-0.0004782450345810346,-1.1796119636642288e-16,91.99999999998919
baseline,7510101,responsive,F0,94.0,0.5867217819535434,55.512889310965015,0.05867217819535434,0.0009324876620525552,-5.821984654001266e-06,8.580730316673599e-05,0.0007881775547815634,-7.67835531267913e-09,-0.00046554705872662097,-1.5265566588595902e-16,93.99999999998879
baseline,7510101,responsive,F0,96.0,0.5862809854702028,56.686157631284345,0.05862809854702028,0.0009765673103866246,-5.821984654001266e-06,8.580730316673599e-05,0.0008322572031156322,-7.247337591165248e-09,-0.0004913998334680827,-1.457167719820518e-16,95.99999999998839
baseline,7510101,responsive,F0,98.0,0.5860348216531501,57.858275889587404,0.05860348216531502,0.0010011836920919206,-5.821984654001266e-06,8.580730316673599e-05,0.0008568735848209281,-8.865253031675735e-09,-0.000505828920161714,-1.1102230246251565e-16,97.99999999998799
baseline,7510101,responsive,F0,100.0,0.5861278714641741,59.03043987262524,0.05861278714641742,0.0009918787109894824,-5.821984654001266e-06,8.580730316673599e-05,0.00084756860371849,-1.0200092354084589e-08,-0.0005003754443075152,-1.457167719820518e-16,99.9999999999876
baseline,7510101,responsive,F0,102.0,0.5852614482391459,60.20210134398998,0.0585261448239146,0.0010785210334922546,-5.821984654001266e-06,8.580730316673599e-05,0.0009342109262212604,-9.169854237045527e-09,-0.0005511213899145606,-2.0122792321330962e-16,101.9999999999872
baseline,7510101,responsive,F0,104.0,0.5852450606004819,61.37245950905145,0.058524506060048186,0.0010801597973587585,-5.821984654001266e-06,8.580730316673599e-05,0.0009358496900877647,-5.832288402229935e-09,-0.0005520804818006028,-1.0408340855860843e-16,103.9999999999868
baseline,7510101,responsive,F0,106.0,0.5850999336388142,62.54282475216474,0.05850999336388142,0.0010946724935255417,-5.821984654001266e-06,8.580730316673599e-05,0.0009503623862545453,-2.5418010474176356e-09,-0.0005605729124564494,-9.020562075079397e-17,105.9999999999864
baseline,7510101,responsive,F0,108.0,0.5846951809571542,63.71246898736849,0.05846951809571543,0.0011351477616915364,-5.821984654001266e-06,8.580730316673599e-05,0.000990837654420539,-8.321820038625916e-09,-0.0005842467979377194,-9.020562075079397e-17,107.999999999986
baseline,7510101,responsive,F0,110.0,0.5847972365929544,64.88198213136603,0.05847972365929544,0.001124942198111471,-5.821984654001266e-06,8.580730316673599e-05,0.0009806320908404744,-1.0948761036688737e-08,-0.000578279133325893,-1.3877787807814457e-16,109.9999999999856
baseline,7510101,responsive,F0,112.0,0.5842561914911736,66.05127105608629,0.05842561914911736,0.001179046708289576,-5.821984654001266e-06,8.580730316673599e-05,0.0010347366010185787,-3.0466808242923804e-09,-0.0006099046648751424,-1.1796119636642288e-16,111.9999999999852
baseline,7510101,responsive,F0,114.0,0.5838761060585121,67.21918466589914,0.05838761060585122,0.0012170552515557542,-5.821984654001266e-06,8.580730316673599e-05,0.0010727451442847612,-5.650107631760548e-09,-0.0006321041683611389,-6.938893903907228e-17,113.99999999998481
baseline,7510101,responsive,F0,116.0,0.5840228357391706,68.38706625242055,0.058402283573917066,0.0012023822834900011,-5.821984654001266e-06,8.580730316673599e-05,0.0010580721762190066,-7.024945458677934e-09,-0.000623535896422573,1.3877787807814457e-17,115.99999999998441
baseline,7510101,responsive,F0,118.0,0.5834768569296683,69.55452742200089,0.05834768569296684,0.0012569801644401824,-5.821984654001266e-06,8.580730316673599e-05,0.0011126700571691874,-6.0472425678081976e-09,-0.0006554074010374535,-2.7755575615628914e-17,117.99999999998401
baseline,7510101,responsive,F0,120.0,0.5834490461555629,70.7212884916541,0.058344904615556296,0.0012597612418506557,-5.821984654001266e-06,8.580730316673599e-05,0.001115451134579662,-1.1407036065724796e-08,-0.0006570300566718784,-9.71445146547012e-17,119.99999999998361
baseline,7510101,responsive,F0,122.0,0.5833680155168383,71.88827801956147,0.058336801551683824,0.0012678643057230739,-5.821984654001266e-06,8.580730316673599e-05,0.0011235541984520813,-4.693898214558345e-09,-0.0006617574532609867,-1.5265566588595902e-16,121.99999999998322
baseline,7510101,responsive,F0,124.0,0.582734220969762,73.05433286315777,0.05827342209697621,0.0013312437604306642,-5.821984654001266e-06,8.580730316673599e-05,0.0011869336531596724,-2.1328228072547972e-09,-0.0006987109152019125,-1.734723475976807e-16,123.99999999998282
baseline,7510101,responsive,F0,126.0,0.5830380556613762,74.21989656200375,0.05830380556613762,0.0013008602912692384,-5.821984654001266e-06,8.580730316673599e-05,0.0011565501839982456,-6.326962759262145e-09,-0.0006810008121937855,-1.8735013540549517e-16,125.99999999998242
baseline,7510101,responsive,F0,128.0,0.5829535226771039,75.38610704586887,0.05829535226771039,0.0013093135896965248,-5.821984654001266e-06,8.580730316673599e-05,0.0011650034824255318,-8.840136733745396e-09,-0.0006859290495814553,-1.3183898417423734e-16,127.99999999998202
baseline,7510101,responsive,F0,130.0,0.582725842026696,76.55176219635742,0.0582725842026696,0.0013320816547372912,-5.821984654001266e-06,8.580730316673599e-05,0.001187771547466297,-8.104874965608744e-09,-0.0006991991813775945,-1.5959455978986625e-16,129.99999999998303
baseline,7510101,responsive,F0,132.0,0.5831251961599695,77.71753324271491,0.058312519615996955,0.00129214624140999,-5.821984654001266e-06,8.580730316673599e-05,0.0011478361341389926,1.8120556999345894e-09,-0.000675919809833541,-1.1102230246251565e-16,131.99999999998406
baseline,7510101,responsive,F0,134.0,0.5828075290095313,78.88355856960693,0.05828075290095313,0.0013239129564538669,-5.821984654001266e-06,8.580730316673599e-05,0.0011796028491828708,-9.133105854930434e-09,-0.0006944387361539073,-5.551115123125783e-17,133.99999999998508
baseline,7510101,responsive,F0,136.0,0.5825215924600807,80.04869528544323,0.05825215924600808,0.0013525066113989485,-5.821984654001266e-06,8.580730316673599e-05,0.0012081965041279524,-9.616274526669244e-09,-0.0007110992455522658,-2.7755575615628914e-17,135.9999999999861
baseline,7510101,responsive,F0,138.0,0.5826484148619258,81.21397111722563,0.058264841486192584,0.001339824371214382,-5.821984654001266e-06,8.580730316673599e-05,0.0011955142639433866,-9.86258830160125e-09,-0.0007037107626079453,-8.326672684688674e-17,137.99999999998712
baseline,7510101,responsive,F0,140.0,0.5819079167183017,82.37842516964851,0.05819079167183017,0.0014138741855767355,-5.821984654001266e-06,8.580730316673599e-05,0.0012695640783057416,-4.277843274058668e-09,-0.0007468283526919917,-1.457167719820518e-16,139.99999999998815
baseline,7510101,responsive,F0,142.0,0.5820050788270972,83.54217645368446,0.05820050788270972,0.0014041579746971826,-5.821984654001266e-06,8.580730316673599e-05,0.0012598478674261883,-6.827540727227799e-09,-0.0007411739406369064,-1.457167719820518e-16,141.99999999998917
baseline,7510101,responsive,F0,144.0,0.5817993531084729,84.70610189649716,0.05817993531084729,0.0014247305465596516,-5.821984654001266e-06,8.580730316673599e-05,0.0012804204392886562,-9.979831377959769e-09,-0.0007531451657918145,-1.1102230246251565e-16,143.9999999999902
baseline,7510101,responsive,F0,146.0,0.5816913053834057,85.86962216779368,0.05816913053834058,0.0014355353190663614,-5.821984654001266e-06,8.580730316673599e-05,0.0012912252117953647,-1.6165996069572586e-08,-0.0007594307917311548,-1.1102230246251565e-16,145.99999999999122
baseline,7510101,responsive,F0,148.0,0.5817694631107532,87.03317190189635,0.05817694631107532,0.0014277195463316022,-5.821984654001266e-06,8.580730316673599e-05,0.001283409439060604,-8.185024741313995e-09,-0.0007548841192549886,-1.3183898417423734e-16,147.99999999999224
baseline,7510101,responsive,F0,150.0,0.5813025711199946,88.1962215078778,0.05813025711199946,0.0014744087454074209,-5.821984654001266e-06,8.580730316673599e-05,0.0013300986381364214,-1.4925604918669677e-09,-0.0007820355701278689,-1.734723475976807e-16,149.99999999999326
baseline,7510101,responsive,F0,152.0,0.5810921536055347,89.35845395574589,0.058109215360553475,0.0014954504968534117,-5.821984654001266e-06,8.580730316673599e-05,0.001351140389582409,-1.0368931435689177e-08,-0.0007942649805677687,-1.734723475976807e-16,151.9999999999943
baseline,7510101,responsive,F0,154.0,0.5809494033467145,90.5206659830611,0.058094940334671455,0.0015097255227354868,-5.821984654001266e-06,8.580730316673599e-05,0.001365415415464485,-1.2649444824930356e-08,-0.0008025590672185064,-1.1796119636642288e-16,153.9999999999953
baseline,7510101,responsive,F0,156.0,0.5805135477792298,91.68216368464417,0.05805135477792298,0.0015533110794840083,-5.821984654001266e-06,8.580730316673599e-05,0.0014090009722130072,-3.672418175115766e-09,-0.0008278705719022804,-6.938893903907228e-17,155.99999999999633
baseline,7510101,responsive,F0,158.0,0.5807112699680265,92.84328247436751,0.058071126996802655,0.0015335388606043292,-5.821984654001266e-06,8.580730316673599e-05,0.0013892287533333277,-1.6125390522869765e-08,-0.0008163905762697786,-7.632783294297951e-17,157.99999999999736
baseline,7510101,responsive,F0,160.0,0.5807503364940857,94.00484540627912,0.058075033649408574,0.0015296322079983939,-5.821984654001266e-06,8.580730316673599e-05,0.0013853221007273917,-1.1078975931111401e-08,-0.0008141218627640001,-9.020562075079397e-17,159.99999999999838
baseline,7510101,responsive,F0,162.0,0.580464322883455,95.16604287201548,0.0580464322883455,0.0015582335690614215,-5.821984654001266e-06,8.580730316673599e-05,0.0014139234617904198,-2.0386941856909147e-09,-0.0008307280226362915,-1.3183898417423734e-16,161.9999999999994
baseline,7510101,responsive,F0,164.0,0.5808823479689799,96.32737437751895,0.058088234796897995,0.001516431060508913,-5.821984654001266e-06,8.580730316673599e-05,0.0013721209532379093,-7.53117629370692e-09,-0.0008064544205659344,-1.5265566588595902e-16,164.00000000000043
baseline,7510101,responsive,F0,166.0,0.580621530825183,97.48903147753353,0.0580621530825183,0.0015425127748886324,-5.821984654001266e-06,8.580730316673599e-05,0.001398202667617626,-6.0147837266377735e-09,-0.0008216014267747387,-1.249000902703301e-16,166.00000000000145
baseline,7510101,responsive,F0,168.0,0.5801758741342826,98.64976203417596,0.058017587413428266,0.0015870784439786757,-5.821984654001266e-06,8.580730316673599e-05,0.0014427683367076683,-4.9209918362436156e-09,-0.0008474672832897399,-1.249000902703301e-16,168.00000000000247
baseline,7510101,responsive,F0,170.0,0.5801083357399619,99.81007697362759,0.058010833573996196,0.0015938322834107702,-5.821984654001266e-06,8.580730316673599e-05,0.001449522176139763,-8.38528849134157e-09,-0.0008513854699142669,-9.71445146547012e-17,170.0000000000035
baseline,7510101,responsive,F0,172.0,0.5795225613083069,100.969741598243,0.0579522561308307,0.0016524097265763105,-5.821984654001266e-06,8.580730316673599e-05,0.0015080996193053038,-6.726250251221089e-09,-0.0008853495763966671,-5.551115123125783e-17,172.00000000000452
baseline,7510101,responsive,F0,174.0,0.5793289192036346,102.1283163063858,0.05793289192036346,0.001671773937043529,-5.821984654001266e-06,8.580730316673599e-05,0.0015274638297725226,-1.0342415535102845e-08,-0.0008965696983811201,-7.632783294297951e-17,174.00000000000554
baseline,7510101,responsive,F0,176.0,0.5794520329182299,103.28711862005638,0.057945203291823,0.0016594625655839892,-5.821984654001266e-06,8.580730316673599e-05,0.0015151524583129814,-4.5509543911137484e-09,-0.0008894366070102133,-7.632783294297951e-17,176.00000000000657
baseline,7510101,responsive,F0,178.0,0.5794646478206192,104.44606123267936,0.057946464782061925,0.0016582010753450052,-5.821984654001266e-06,8.580730316673599e-05,0.0015138909680739976,-4.739807241138649e-09,-0.0008887056259699738,-1.3183898417423734e-16,178.0000000000076
baseline,7510101,responsive,F0,180.0,0.5797938560612701,105.60521394082893,0.05797938560612702,0.0016252802512799406,-5.821984654001266e-06,8.580730316673599e-05,0.001480970144008934,-5.9153726916783e-09,-0.0008696237533438456,-1.0408340855860843e-16,180.0000000000086
baseline,7510101,responsive,F0,182.0,0.5801547323717194,106.76527851931111,0.05801547323717195,0.0015891926202349952,-5.821984654001266e-06,8.580730316673599e-05,0.001444882512963987,-1.630366369687053e-08,-0.0008486938549986181,-1.249000902703301e-16,182.00000000000963
baseline,7510101,responsive,F0,184.0,0.5797908281190955,107.92519250784244,0.05797908281190956,0.001625583045497396,-5.821984654001266e-06,8.580730316673599e-05,0.0014812729382263873,-9.798661965154665e-09,-0.0008697993111123556,-1.1102230246251565e-16,184.00000000001066
baseline,7510101,responsive,F0,186.0,0.5800395684943747,109.08499439331725,0.058003956849437474,0.0016007090079693956,-5.821984654001266e-06,8.580730316673599e-05,0.0014563989006983868,-5.9262235674317765e-09,-0.0008553744787066671,-1.942890293094024e-16,186.00000000001168
baseline,7510101,responsive,F0,188.0,0.5798980734949359,110.2450921002387,0.0579898073494936,0.0016148585079132768,-5.821984654001266e-06,8.580730316673599e-05,0.0014705484006422701,-1.3654958913589255e-08,-0.0008635807475067814,-1.8735013540549517e-16,188.0000000000127
baseline,7510101,responsive,F0,190.0,0.579537456718553,111.40432258942886,0.057953745671855295,0.0016509201855514782,-5.821984654001266e-06,8.580730316673599e-05,0.0015066100782804726,-2.6184349688485042e-09,-0.0008844863426732581,-2.914335439641036e-16,190.00000000001373
baseline,7510101,responsive,F0,192.0,0.5800181015374456,112.56401361819009,0.05800181015374456,0.0016028557036622103,-5.821984654001266e-06,8.580730316673599e-05,0.0014585455963912037,-7.870303297963233e-10,-0.0008566196241085594,-2.914335439641036e-16,192.00000000001475
baseline,7510101,responsive,F0,194.0,0.5792344742523564,113.7233006031124,0.05792344742523564,0.0016812184321710717,-5.821984654001266e-06,8.580730316673599e-05,0.0015369083249000656,-5.271823477759341e-09,-0.0009020407215435018,-3.469446951953614e-16,194.00000000001577
baseline,7510101,responsive,F0,196.0,0.5792299565193922,114.88165123724208,0.05792299565193922,0.0016816702054674975,-5.821984654001266e-06,8.580730316673599e-05,0.001537360098196491,-1.4327338815345314e-08,-0.000902302403190839,-3.400058012914542e-16,196.0000000000168
baseline,7510101,responsive,F0,198.0,0.5792770072731313,116.04020119805121,0.057927700727313125,0.001676965130093639,-5.821984654001266e-06,8.580730316673599e-05,0.0015326550228226326,-1.1712998682078535e-08,-0.0008995769718979224,-2.983724378680108e-16,198.00000000001782
baseline,7510101,responsive,F0,200.0,0.5788320080928472,117.1982167852237,0.057883200809284725,0.0017214650481220297,-5.821984654001266e-06,8.580730316673599e-05,0.0015771549408510276,-1.3179028562904094e-08,-0.000925344850023789,-3.0531133177191805e-16,200.00000000001884
baseline,7510101,responsive,plus,0.0,0.5946035575013605,0.0,0.05946035575013606,0.0,0.0,0.0,,,,,0.0
baseline,7510101,responsive,plus,2.0,0.5946035575013605,1.1892071150027146,0.05946035575013606,-6.258834869463487e-08,5.540430017645359e-08,-3.721525479196553e-08,,,,,1.9999999999999793
baseline,7510101,responsive,plus,4.0,0.5946035575013605,2.3784142300054203,0.05946035575013606,-5.169318878173646e-07,-6.841916212918904e-07,-3.073695394821002e-07,,,,,3.999999999999937
baseline,7510101,responsive,plus,6.0,0.5946035575013605,3.5676213450081864,0.05946035575013606,3.2876787230854223e-06,-7.570165956155373e-07,1.9548654646681203e-06,,,,,5.999999999999894
baseline,7510101,responsive,plus,8.0,0.5946035575013605,4.75682846001084,0.05946035575013606,-2.8119621277444144e-06,-1.2975927270881764e-06,-1.6720026847159244e-06,,,,,7.999999999999852
baseline,7510101,responsive,plus,10.0,0.5946035575013605,5.946035575013428,0.05946035575013606,8.987827347504175e-06,-3.7497959392051004e-06,5.344194115034002e-06,,,,,10.000000000000163
baseline,7510101,responsive,plus,12.0,0.5946035575013605,7.135242690016017,0.05946035575013606,2.0836117450714856e-05,-4.187452494700456e-06,1.2389229560711224e-05,,,,,12.000000000000476
baseline,7510101,responsive,plus,14.0,0.5946035575013605,8.324449805018702,0.05946035575013606,4.6062343478508663e-05,-5.263495080944641e-06,2.738883329917084e-05,,,,,14.000000000000789
baseline,7510101,responsive,plus,16.0,0.5946035575013605,9.513656920021646,0.05946035575013606,0.00010253234315923178,-5.859051622770941e-06,6.096609600142956e-05,,,,,16.0000000000011
baseline,7510101,responsive,plus,18.0,0.5946035575013605,10.70286403502459,0.05946035575013606,0.00015073064543651396,-5.717633019705939e-06,8.962497800102761e-05,,,,,18.000000000000703
baseline,7510101,responsive,plus,20.0,0.5946035575013605,11.892071150027533,0.05946035575013606,0.0001444574473613619,-5.681127395826452e-06,8.58949121086314e-05,0.0,0.0,0.0,0.0,20.000000000000306
baseline,7510101,responsive,plus,22.0,0.5938140483739903,13.080556623254042,0.05938140483739904,0.0002234083600983659,-5.681127395826452e-06,8.58949121086314e-05,7.895091273700419e-05,4.295179045765707e-09,-4.6913327348300365e-05,-1.3877787807814457e-17,22.00000000000044
baseline,7510101,responsive,plus,24.0,0.5937359682966349,14.267982344115065,0.05937359682966349,0.00023121636783392067,-5.681127395826452e-06,8.58949121086314e-05,8.675892047255881e-05,1.4658757541141654e-10,-5.1549527206554147e-05,-6.938893903907228e-18,24.000000000000576
baseline,7510101,responsive,plus,26.0,0.5937885448287169,15.45564818458207,0.05937885448287169,0.00022595871462569256,-5.681127395826452e-06,8.58949121086314e-05,8.150126726433072e-05,2.768602291869371e-10,-4.842773117343449e-05,-3.469446951953614e-17,26.00000000000071
baseline,7510101,responsive,plus,28.0,0.5929076374987147,16.642173557226407,0.059290763749871474,0.00031404944762586834,-5.681127395826452e-06,8.58949121086314e-05,0.00016959200026450658,-1.362712442887215e-10,-0.00010069619944832325,-7.632783294297951e-17,28.000000000000846
baseline,7510101,responsive,plus,30.0,0.5931442432220994,17.82809731498638,0.05931442432220994,0.0002903888752873433,-5.681127395826452e-06,8.58949121086314e-05,0.00014593142792598224,-2.765910195323684e-09,-8.666486628784026e-05,-1.3877787807814457e-16,30.00000000000098
baseline,7510101,responsive,plus,32.0,0.5925810003410361,19.01409913081475,0.05925810003410361,0.00034671316339371545,-5.681127395826452e-06,8.58949121086314e-05,0.00020225571603235424,1.6669091662535607e-09,-0.0001200574314045369,-9.020562075079397e-17,32.000000000001116
baseline,7510101,responsive,plus,34.0,0.5921635418385891,20.19848358689844,0.05921635418385891,0.00038845901363840916,-5.681127395826452e-06,8.58949121086314e-05,0.000244001566277048,8.100332904437124e-10,-0.00014478651552256652,-9.71445146547012e-17,34.000000000000725
baseline,7510101,responsive,plus,36.0,0.5922701979177436,21.383119711673086,0.05922701979177436,0.00037779340572301835,-5.681127395826452e-06,8.58949121086314e-05,0.0002333359583616568,3.266181075600727e-09,-0.0001384701625875319,-4.163336342344337e-17,36.00000000000033
baseline,7510101,responsive,plus,38.0,0.5913717778506064,22.566799471237903,0.05913717778506064,0.00046763541243676274,-5.681127395826452e-06,8.58949121086314e-05,0.00032317796507540155,-3.0201552092545825e-09,-0.00019164054775433828,-1.3877787807814457e-17,37.99999999999993
baseline,7510101,responsive,plus,40.0,0.5914797320455403,23.7495150327682,0.059147973204554026,0.0004568399929433848,-5.681127395826452e-06,8.58949121086314e-05,0.00031238254558202394,1.7124276163738017e-09,-0.0001852558586304849,-6.938893903907228e-18,39.99999999999953
baseline,7510101,responsive,plus,42.0,0.591159508419651,24.93235988048566,0.0591159508419651,0.0004888623555322795,-5.681127395826452e-06,8.58949121086314e-05,0.00034440490817091865,-2.5472390863257033e-09,-0.00020419130991551626,-3.469446951953614e-17,41.99999999999913
baseline,7510101,responsive,plus,44.0,0.5910159614717931,26.11437674644543,0.05910159614717932,0.0005032170503180993,-5.681127395826452e-06,8.58949121086314e-05,0.0003587596029567383,-2.903850493396476e-10,-0.0002126761939422843,0.0,43.999999999998735
baseline,7510101,responsive,plus,46.0,0.5911029990800384,27.29653220071567,0.059110299908003844,0.0004945132894936157,-5.681127395826452e-06,8.58949121086314e-05,0.0003500558421322546,-5.0105639637365584e-09,-0.00020753175359289333,4.163336342344337e-17,45.99999999999834
baseline,7510101,responsive,plus,48.0,0.5902236641462111,28.47780424781084,0.059022366414621115,0.0005824467828762811,-5.681127395826452e-06,8.58949121086314e-05,0.0004379893355149192,1.5108796436180683e-09,-0.00025947084375471663,-2.0816681711721685e-17,47.99999999999794
baseline,7510101,responsive,plus,50.0,0.590050204909932,29.65797614730028,0.0590050204909932,0.0005997927065041623,-5.681127395826452e-06,8.58949121086314e-05,0.0004553352591428008,-4.556445221126637e-09,-0.00026970731395105016,-5.551115123125783e-17,49.99999999999754
baseline,7510101,responsive,plus,52.0,0.5895659887029342,30.837714559358446,0.05895659887029343,0.0006482143272039326,-5.681127395826452e-06,8.58949121086314e-05,0.0005037568798425715,-2.3009339156221387e-09,-0.00029826677790026693,-5.551115123125783e-17,51.999999999997144
baseline,7510101,responsive,plus,54.0,0.5890406940876343,32.016291172590066,0.05890406940876343,0.0007007437887339069,-5.681127395826452e-06,8.58949121086314e-05,0.0005562863413725466,-1.122713771950501e-08,-0.00032922256510159106,-8.326672684688674e-17,53.999999999996746
baseline,7510101,responsive,plus,56.0,0.5889382623504219,33.1941977311582,0.05889382623504219,0.0007109869624551783,-5.681127395826452e-06,8.58949121086314e-05,0.0005665295150938182,-5.21166912403892e-09,-0.00033525568664696803,-4.85722573273506e-17,55.99999999999635
baseline,7510101,responsive,plus,58.0,0.5883880103250962,34.371571824542166,0.05883880103250962,0.000766012164987732,-5.681127395826452e-06,8.58949121086314e-05,0.0006215547176263722,-2.6629964067215184e-09,-0.0003676469949474119,-6.245004513516506e-17,57.99999999999595
baseline,7510101,responsive,plus,60.0,0.5876698376945108,35.547386371891285,0.058766983769451074,0.0008378294280463785,-5.681127395826452e-06,8.58949121086314e-05,0.0006933719806850179,-5.019851839760392e-09,-0.0004098776228690579,3.469446951953614e-17,59.99999999999555
baseline,7510101,responsive,plus,62.0,0.5878267492607094,36.72302967951421,0.05878267492607095,0.0008221382714265384,-5.681127395826452e-06,8.58949121086314e-05,0.0006776808240651779,2.155833372929905e-09,-0.0004006551723430389,6.938893903907228e-17,61.999999999995154
baseline,7510101,responsive,plus,64.0,0.5873219440547436,37.89822166529652,0.05873219440547436,0.0008726187920231438,-5.681127395826452e-06,8.58949121086314e-05,0.0007281613446617827,-1.5343464832007214e-09,-0.00043031623125152144,8.326672684688674e-17,63.999999999994756
baseline,7510101,responsive,plus,66.0,0.5874824337857097,39.072876031412555,0.05874824337857098,0.0008565698189264681,-5.681127395826452e-06,8.58949121086314e-05,0.0007121123715651065,-9.808135414957064e-10,-0.0004208890293246441,2.7755575615628914e-17,65.99999999999436
baseline,7510101,responsive,plus,68.0,0.5877553457973148,40.24823077557708,0.05877553457973148,0.0008292786177659503,-5.681127395826452e-06,8.58949121086314e-05,0.0006848211704045873,-1.2039180485867718e-09,-0.00040485220399763197,1.3877787807814457e-17,67.99999999999396
baseline,7510101,responsive,plus,70.0,0.587209737714273,41.42328332121769,0.05872097377142731,0.0008838394260700785,-5.681127395826452e-06,8.58949121086314e-05,0.0007393819787087155,-9.301133196970568e-10,-0.0004369057263404197,-3.469446951953614e-17,69.99999999999356
baseline,7510101,responsive,plus,72.0,0.5874984227183857,42.5979558517391,0.05874984227183857,0.0008549709256588003,-5.681127395826452e-06,8.58949121086314e-05,0.0007105134782974383,-7.580913424787283e-09,-0.00041994969483413747,-4.85722573273506e-17,71.99999999999316
baseline,7510101,responsive,plus,74.0,0.5874993225528622,43.77293853145053,0.05874993225528622,0.0008548809422111426,-5.681127395826452e-06,8.58949121086314e-05,0.0007104234948497808,-8.853836275246607e-10,-0.0004198968296600866,-5.551115123125783e-17,73.99999999999277
baseline,7510101,responsive,plus,76.0,0.5873702618767516,44.94764472103463,0.058737026187675165,0.0008677870098222445,-5.681127395826452e-06,8.58949121086314e-05,0.0007233295624608819,3.5390843033944464e-09,-0.0004274783028054979,-6.938893903907228e-18,75.99999999999237
baseline,7510101,responsive,plus,78.0,0.5879749387226637,46.1231917035802,0.05879749387226637,0.0008073193252310201,-5.681127395826452e-06,8.58949121086314e-05,0.0006628618778696582,-9.254824406834672e-10,-0.00039194310136768384,-2.7755575615628914e-17,77.99999999999197
baseline,7510101,responsive,plus,80.0,0.587856443544502,47.29900238154695,0.0587856443544502,0.0008191688430471973,-5.681127395826452e-06,8.58949121086314e-05,0.0006747113956858344,3.328408437752728e-09,-0.0003989096188241753,-2.0816681711721685e-17,79.99999999999157
baseline,7510101,responsive,plus,82.0,0.5881032660532004,48.474839500944256,0.05881032660532004,0.0007944865921774035,-5.681127395826452e-06,8.58949121086314e-05,0.0006500291448160413,-6.532054230845574e-09,-0.00038439695254161715,2.7755575615628914e-17,81.99999999999118
baseline,7510101,responsive,plus,84.0,0.5884692098131484,49.651672703373606,0.058846920981314846,0.0007578922161825641,-5.681127395826452e-06,8.58949121086314e-05,0.0006134347688211999,2.2307142799604662e-09,-0.0003628689847581211,-1.3877787807814457e-17,83.99999999999078
baseline,7510101,responsive,plus,86.0,0.588180980575356,50.82817956266942,0.058818098057535594,0.0007867151399617912,-5.681127395826452e-06,8.58949121086314e-05,0.0006422576926004292,-3.6782372148103093e-09,-0.0003798262341343263,-3.469446951953614e-17,85.99999999999038
baseline,7510101,responsive,plus,88.0,0.5887659222968966,52.00502432143936,0.05887659222968966,0.0007282209678076935,-5.681127395826452e-06,8.58949121086314e-05,0.0005837635204463312,4.180289836508422e-09,-0.0003454039667579248,-6.245004513516506e-17,87.99999999998998
baseline,7510101,responsive,plus,90.0,0.5888065740565999,53.18276737321305,0.058880657405659995,0.0007241557918374232,-5.681127395826452e-06,8.58949121086314e-05,0.000579698344476061,1.9708314702437946e-09,-0.0003430104470501724,0.0,89.99999999998958
baseline,7510101,responsive,plus,92.0,0.588456665887789,54.35981239822036,0.058845666588778905,0.0007591466087185582,-5.681127395826452e-06,8.58949121086314e-05,0.0006146891613571971,-8.873838608369766e-10,-0.00036360714827504,4.85722573273506e-17,91.99999999998919
baseline,7510101,responsive,plus,94.0,0.5886706907401031,55.537067202798845,0.05886706907401031,0.0007377441234871722,-5.681127395826452e-06,8.58949121086314e-05,0.0005932866761258111,3.4997563735927883e-09,-0.00035101042284218023,6.938893903907228e-17,93.99999999998879
baseline,7510101,responsive,plus,96.0,0.5880182314481841,56.713772415167625,0.05880182314481841,0.0008029900526790784,-5.681127395826452e-06,8.58949121086314e-05,0.0006585326053177162,-3.1871369987612752e-09,-0.00038939750389117844,6.938893903907228e-17,95.99999999998839
baseline,7510101,responsive,plus,98.0,0.5878447251983496,57.88942820763509,0.058784472519834964,0.0008203406776625403,-5.681127395826452e-06,8.58949121086314e-05,0.0006758832303011779,-1.0625106072748025e-09,-0.00039959848248752664,8.326672684688674e-17,97.99999999998799
baseline,7510101,responsive,plus,100.0,0.5878770997856927,59.06537602454344,0.05878770997856927,0.0008171032189282354,-5.681127395826452e-06,8.58949121086314e-05,0.000672645771566873,-3.155376737673521e-09,-0.000397695307041826,8.326672684688674e-17,99.9999999999876
baseline,7510101,responsive,plus,102.0,0.5871428364458248,60.24039599966374,0.05871428364458248,0.0008905295529150133,-5.681127395826452e-06,8.58949121086314e-05,0.0007460721055536516,-3.354398092625388e-09,-0.00044083401018126314,6.938893903907228e-17,101.9999999999872
baseline,7510101,responsive,plus,104.0,0.5872456907715196,61.41459176101207,0.058724569077151956,0.0008802441203455585,-5.681127395826452e-06,8.58949121086314e-05,0.0007357866729841975,3.6528052804740696e-09,-0.00043479446317773104,9.71445146547012e-17,103.9999999999868
baseline,7510101,responsive,plus,106.0,0.5868716130311664,62.588806312470645,0.058687161303116644,0.000917651894380861,-5.681127395826452e-06,8.58949121086314e-05,0.0007731944470194982,-6.718056777543779e-09,-0.00045675502057352865,8.326672684688674e-17,105.9999999999864
baseline,7510101,responsive,plus,108.0,0.5868057858389222,63.76235678050666,0.058680578583892216,0.0009242346136053331,-5.681127395826452e-06,8.58949121086314e-05,0.0007797771662439698,-1.6792502388618402e-09,-0.00046061801496194085,1.3183898417423734e-16,107.999999999986
baseline,7510101,responsive,plus,110.0,0.5868590222199416,64.93610521232615,0.05868590222199416,0.0009189109755034499,-5.681127395826452e-06,8.58949121086314e-05,0.0007744535281420875,-2.839810137045262e-09,-0.00045749393161639493,1.8735013540549517e-16,109.9999999999856
baseline,7510101,responsive,plus,112.0,0.5861749878521879,66.10930313979217,0.0586174987852188,0.0009873144122787962,-5.681127395826452e-06,8.58949121086314e-05,0.0008428569649174334,-7.2408543050350715e-09,-0.0004976137104880547,1.734723475976807e-16,111.9999999999852
baseline,7510101,responsive,plus,114.0,0.5857743483873943,67.28104738273043,0.05857743483873944,0.0010273783587581254,-5.681127395826452e-06,8.58949121086314e-05,0.000882920911396762,1.5703771616415452e-09,-0.0005210901682298659,1.3877787807814457e-16,113.99999999998481
baseline,7510101,responsive,plus,116.0,0.5856884355315288,68.4526026708171,0.05856884355315289,0.00103596964434465,-5.681127395826452e-06,8.58949121086314e-05,0.0008915121969832851,1.1645818198680047e-09,-0.0005261223538951948,1.1796119636642288e-16,115.99999999998441
baseline,7510101,responsive,plus,118.0,0.5851388040322523,69.62343295769479,0.05851388040322523,0.0010909327942723224,-5.681127395826452e-06,8.58949121086314e-05,0.0009464753469109587,6.006287661675103e-09,-0.0005582985304489613,1.3183898417423734e-16,117.99999999998401
baseline,7510101,responsive,plus,120.0,0.5851510726822896,70.79356313812123,0.058515107268228964,0.0010897059292686935,-5.681127395826452e-06,8.58949121086314e-05,0.0009452484819073314,-5.478379416778978e-10,-0.000557580636601978,2.3592239273284576e-16,119.99999999998361
baseline,7510101,responsive,plus,122.0,0.5853189913612091,71.96412138006075,0.05853189913612092,0.0010729140613767935,-5.681127395826452e-06,8.58949121086314e-05,0.0009284566140154316,-8.989982647200634e-10,-0.0005477534472585234,2.914335439641036e-16,121.99999999998322
baseline,7510101,responsive,plus,124.0,0.5845455340508452,73.13393853841121,0.05845455340508453,0.001150259792413167,-5.681127395826452e-06,8.58949121086314e-05,0.0010058023450518028,-4.465296521427575e-09,-0.0005929954607242945,2.706168622523819e-16,123.99999999998282
baseline,7510101,responsive,plus,126.0,0.5849187266844443,74.30325592569075,0.05849187266844444,0.0011129405290533077,-5.681127395826452e-06,8.58949121086314e-05,0.0009684830816919438,9.352658369987665e-10,-0.0005711736883561025,3.2612801348363973e-16,125.99999999998242
baseline,7510101,responsive,plus,128.0,0.5846052343551892,75.47301682811741,0.05846052343551892,0.0011442897619788621,-5.681127395826452e-06,8.58949121086314e-05,0.0009998323146174983,-2.122086228961706e-09,-0.0005895055278894029,3.608224830031759e-16,127.99999999998202
baseline,7510101,responsive,plus,130.0,0.584473882547896,76.64199965494265,0.05844738825478961,0.0011574249427082374,-5.681127395826452e-06,8.58949121086314e-05,0.0010129674953468734,-3.8863057216786956e-10,-0.0005971835606330966,4.2327252813834093e-16,129.99999999998303
baseline,7510101,responsive,plus,132.0,0.5851753696089605,77.81175922010195,0.05851753696089606,0.0010872762366017925,-5.681127395826452e-06,8.58949121086314e-05,0.000942818789240428,-3.557159677924915e-09,-0.0005561588698145062,4.3021142204224816e-16,131.99999999998406
baseline,7510101,responsive,plus,134.0,0.5848360719580907,78.98180074069852,0.05848360719580908,0.001121206001688793,-5.681127395826452e-06,8.58949121086314e-05,0.0009767485543274279,-3.36351682617142e-09,-0.0005760079764952318,4.510281037539698e-16,133.99999999998508
baseline,7510101,responsive,plus,136.0,0.5849586520002088,80.15127325810475,0.05849586520002088,0.0011089479974770765,-5.681127395826452e-06,8.58949121086314e-05,0.0009644905501157101,1.04059652561439e-09,-0.0005688383021686186,5.342948306008566e-16,135.9999999999861
baseline,7510101,responsive,plus,138.0,0.5849426174148777,81.32146002495986,0.05849426174148777,0.0011105514560101964,-5.681127395826452e-06,8.58949121086314e-05,0.0009660940086488302,-4.915990808873616e-09,-0.000569776246255288,5.48172618408671e-16,137.99999999998712
baseline,7510101,responsive,plus,140.0,0.5842670027376409,82.49035408274773,0.05842670027376409,0.0011781129237339169,-5.681127395826452e-06,8.58949121086314e-05,0.001033655476372547,-9.329721994966178e-10,-0.0006092730052623639,5.828670879282072e-16,139.99999999998815
baseline,7510101,responsive,plus,142.0,0.5850707951268793,83.6596853129542,0.05850707951268793,0.0010977336848101112,-5.681127395826452e-06,8.58949121086314e-05,0.0009532762374487411,5.300445082845329e-10,-0.0005622777641437482,6.175615574477433e-16,141.99999999998917
baseline,7510101,responsive,plus,144.0,0.5843652036372347,84.82943097312375,0.058436520363723474,0.0011682928337745882,-5.681127395826452e-06,8.58949121086314e-05,0.001023835386413218,-2.0572331893564666e-09,-0.0006035349685643461,6.314393452555578e-16,143.9999999999902
baseline,7510101,responsive,plus,146.0,0.5841478193318177,85.99763428228474,0.058414781933181774,0.0011900312643163297,-5.681127395826452e-06,8.58949121086314e-05,0.0010455738169549604,-6.342877667542268e-09,-0.0006162357881577887,6.800116025829084e-16,145.99999999999122
baseline,7510101,responsive,plus,148.0,0.5845084504647367,87.16650919607414,0.05845084504647367,0.0011539681510243714,-5.681127395826452e-06,8.58949121086314e-05,0.0010095107036630021,1.328628790320252e-09,-0.0005951630964293082,6.175615574477433e-16,147.99999999999224
baseline,7510101,responsive,plus,150.0,0.5835715294654951,88.3346667488097,0.058357152946549515,0.0012476602509484897,-5.681127395826452e-06,8.58949121086314e-05,0.0011032028035871217,-3.617241367548374e-09,-0.0006498830295288242,5.828670879282072e-16,149.99999999999326
baseline,7510101,responsive,plus,152.0,0.5838772220927698,89.50176240689173,0.05838772220927699,0.0012170909882209906,-5.681127395826452e-06,8.58949121086314e-05,0.0010726335408596222,-2.566838880335709e-09,-0.0006320390057252025,5.551115123125783e-16,151.9999999999943
baseline,7510101,responsive,plus,154.0,0.5839696307350082,90.66993302870755,0.05839696307350083,0.0012078501239971605,-5.681127395826452e-06,8.58949121086314e-05,0.0010633926766357932,7.828194203973737e-10,-0.0006266430486245936,5.620504062164855e-16,153.9999999999953
baseline,7510101,responsive,plus,156.0,0.5830475993109876,91.83679576353025,0.058304759931098765,0.0013000532663991326,-5.681127395826452e-06,8.58949121086314e-05,0.0011555958190377672,-1.2174530550357332e-09,-0.0006804443765483885,4.787836793695988e-16,155.99999999999633
baseline,7510101,responsive,plus,158.0,0.5835511452595179,93.00310412021982,0.058355114525951796,0.0012496986715460777,-5.681127395826452e-06,8.58949121086314e-05,0.0011052412241847123,1.966340895664942e-09,-0.0006510725729789377,4.510281037539698e-16,157.99999999999736
baseline,7510101,responsive,plus,160.0,0.5833380510775802,94.17038909844209,0.05833380510775803,0.0012710080897398624,-5.681127395826452e-06,8.58949121086314e-05,0.0011265506423784968,1.047807673959511e-10,-0.0006635054379142066,4.649058915617843e-16,159.99999999999838
baseline,7510101,responsive,plus,162.0,0.5829381311093109,95.33657549015864,0.05829381311093109,0.001311000086566731,-5.681127395826452e-06,8.58949121086314e-05,0.0011665426392053662,-4.930496011468222e-10,-0.0006868262946028818,4.0245584642661925e-16,161.9999999999994
baseline,7510101,responsive,plus,164.0,0.5835578558087571,96.50303293373143,0.058355785580875716,0.0012490276166221277,-5.681127395826452e-06,8.58949121086314e-05,0.0011045701692607621,1.7794422602079862e-09,-0.0006506809758579785,4.2327252813834093e-16,164.00000000000043
baseline,7510101,responsive,plus,166.0,0.5832114043239858,97.66985017637678,0.058321140432398576,0.0012836727650993042,-5.681127395826452e-06,8.58949121086314e-05,0.0011392153177379402,-6.578702527182401e-09,-0.0006708924229859095,4.579669976578771e-16,166.00000000000145
baseline,7510101,responsive,plus,168.0,0.5833531103761641,98.83632862880887,0.05833531103761642,0.0012695021598814991,-5.681127395826452e-06,8.58949121086314e-05,0.0011250447125201338,2.0760566876720787e-09,-0.0006626269603864296,4.926614671774132e-16,168.00000000000247
baseline,7510101,responsive,plus,170.0,0.5834202726205281,100.00318218059309,0.058342027262052815,0.0012627859354451428,-5.681127395826452e-06,8.58949121086314e-05,0.001118328488083776,-3.9390378459014386e-09,-0.0006587088044331217,5.342948306008566e-16,170.0000000000035
baseline,7510101,responsive,plus,172.0,0.5829879146243765,101.1694907392075,0.05829879146243765,0.001306021735060335,-5.681127395826452e-06,8.58949121086314e-05,0.0011615642876989687,3.741505993914984e-10,-0.0006839240997597203,5.620504062164855e-16,172.00000000000452
baseline,7510101,responsive,plus,174.0,0.5829990845445869,102.33551257129004,0.0582999084544587,0.0013049047430392867,-5.681127395826452e-06,8.58949121086314e-05,0.001160447295677919,-4.464916297797217e-09,-0.0006832729006723652,5.620504062164855e-16,174.00000000000554
baseline,7510101,responsive,plus,176.0,0.5827697231764924,103.50132439139685,0.05827697231764925,0.0013278408798487761,-5.681127395826452e-06,8.58949121086314e-05,0.0011833834324874103,-3.4349304511849255e-09,-0.0006966420171034028,6.036837696399289e-16,176.00000000000657
baseline,7510101,responsive,plus,178.0,0.5826672197695396,104.66661837934382,0.05826672197695397,0.0013380912205441164,-5.681127395826452e-06,8.58949121086314e-05,0.0011936337731827536,-2.895514106260322e-09,-0.0007026150799654372,6.661338147750939e-16,178.0000000000076
baseline,7510101,responsive,plus,180.0,0.5826947591440115,105.83201919637554,0.05826947591440115,0.001335337283096915,-5.681127395826452e-06,8.58949121086314e-05,0.0011908798357355512,-3.651674934657123e-09,-0.0007010104129688069,6.453171330633722e-16,180.0000000000086
baseline,7510101,responsive,plus,182.0,0.582180649567367,106.99694585871528,0.05821806495673671,0.0013867482407613715,-5.681127395826452e-06,8.58949121086314e-05,0.0012422907934000066,-5.319574142292893e-09,-0.0007309540931296141,6.591949208711867e-16,182.00000000000963
baseline,7510101,responsive,plus,184.0,0.581924123586927,108.16086744039124,0.058192412358692706,0.0014124008388053243,-5.681127395826452e-06,8.58949121086314e-05,0.001267943391443959,5.576411693519745e-09,-0.0007458852490430309,6.106226635438361e-16,184.00000000001066
baseline,7510101,responsive,plus,186.0,0.58194705487325,109.32490065073918,0.05819470548732501,0.0014101077101729945,-5.681127395826452e-06,8.58949121086314e-05,0.0012656502628116291,4.868982134142996e-09,-0.0007445507958812082,5.828670879282072e-16,186.00000000001168
baseline,7510101,responsive,plus,188.0,0.581052694448284,110.48794664127055,0.058105269444828404,0.0014995437526696283,-5.681127395826452e-06,8.58949121086314e-05,0.0013550863053082625,-2.3794372028262956e-10,-0.0007965578433831444,6.106226635438361e-16,188.0000000000127
baseline,7510101,responsive,plus,190.0,0.5809128195407911,111.64977515133857,0.05809128195407911,0.0015135312434189157,-5.681127395826452e-06,8.58949121086314e-05,0.0013690737960575497,-3.5979136336905526e-11,-0.0008046843343221047,6.036837696399289e-16,190.00000000001373
baseline,7510101,responsive,plus,192.0,0.5807986619105873,112.81172462868695,0.058079866191058725,0.0015249470064393124,-5.681127395826452e-06,8.58949121086314e-05,0.0013804895590779482,-4.6005183551578455e-09,-0.0008113152458072564,6.175615574477433e-16,192.00000000001475
baseline,7510101,responsive,plus,194.0,0.580058790488455,113.97252513610623,0.05800587904884551,0.0015989341486525208,-5.681127395826452e-06,8.58949121086314e-05,0.0014544767012911572,5.4813278638210505e-09,-0.0008542595085172175,6.106226635438361e-16,194.00000000001577
baseline,7510101,responsive,plus,196.0,0.5802385666066887,115.13277148431617,0.05802385666066888,0.0015809565368292014,-5.681127395826452e-06,8.58949121086314e-05,0.0014364990894678385,1.6480058984136292e-10,-0.0008438298207744492,6.591949208711867e-16,196.0000000000168
baseline,7510101,responsive,plus,198.0,0.5799910939928695,116.2931410935946,0.05799910939928695,0.0016057037982111298,-5.681127395826452e-06,8.58949121086314e-05,0.0014612463508497655,-3.8262114032683314e-09,-0.0008581860741114083,6.591949208711867e-16,198.00000000001782
baseline,7510101,responsive,plus,200.0,0.5796260457798903,117.45255154537921,0.05796260457798903,0.0016422086195091046,-5.681127395826452e-06,8.58949121086314e-05,0.0014977511721477408,-5.917951184652992e-09,-0.000879351882342113,7.147060721024445e-16,200.00000000001884
baseline,7510101,responsive,minus,0.0,0.5946035575013605,0.0,0.05946035575013606,0.0,0.0,0.0,,,,,0.0
baseline,7510101,responsive,minus,2.0,0.5946035575013605,1.1892071150027146,0.05946035575013606,-6.721481370816626e-08,5.543601831597264e-08,-3.996616734766692e-08,,,,,1.9999999999999793
baseline,7510101,responsive,minus,4.0,0.5946035575013605,2.3784142300054203,0.05946035575013606,-5.461945857678581e-07,-6.756069388684006e-07,-3.2476924378555103e-07,,,,,3.999999999999937
baseline,7510101,responsive,minus,6.0,0.5946035575013605,3.5676213450081864,0.05946035575013606,3.826141941546158e-06,-7.005773055000778e-07,2.2750376099485094e-06,,,,,5.999999999999894
baseline,7510101,responsive,minus,8.0,0.5946035575013605,4.75682846001084,0.05946035575013606,-3.1884990258780426e-06,-1.1255555625392364e-06,-1.895892863876707e-06,,,,,7.999999999999852
baseline,7510101,responsive,minus,10.0,0.5946035575013605,5.946035575013428,0.05946035575013606,9.492006231747977e-06,-3.9483545753625e-06,5.643980673222421e-06,,,,,10.000000000000163
baseline,7510101,responsive,minus,12.0,0.5946035575013605,7.135242690016017,0.05946035575013606,2.6670188827861757e-05,-4.326464106062835e-06,1.5858189156279622e-05,,,,,12.000000000000476
baseline,7510101,responsive,minus,14.0,0.5946035575013605,8.324449805018702,0.05946035575013606,4.4635559964293645e-05,-5.4026858058095975e-06,2.6540462745834232e-05,,,,,14.000000000000789
baseline,7510101,responsive,minus,16.0,0.5946035575013605,9.513656920021646,0.05946035575013606,0.00011131176060537528,-6.2741211461022505e-06,6.618636884769604e-05,,,,,16.0000000000011
baseline,7510101,responsive,minus,18.0,0.5946035575013605,10.70286403502459,0.05946035575013606,0.00016213947699739945,-6.007811182662184e-06,9.64087098340642e-05,,,,,18.000000000000703
baseline,7510101,responsive,minus,20.0,0.5946035575013605,11.892071150027533,0.05946035575013606,0.00014425137284805557,-5.972473140992622e-06,8.577237946990949e-05,0.0,0.0,0.0,0.0,20.000000000000306
baseline,7510101,responsive,minus,22.0,0.5936413772588637,13.080388236165678,0.059364137725886376,0.00024046939709771302,-5.972473140992622e-06,8.577237946990949e-05,9.62180242496574e-05,-7.861658574137564e-09,-5.716528997366105e-05,-2.0816681711721685e-17,22.00000000000044
baseline,7510101,responsive,minus,24.0,0.5936353262297981,14.267486093359388,0.05936353262297982,0.00024107450000429136,-5.972473140992622e-06,8.577237946990949e-05,9.682312715623566e-05,-9.949031848366374e-09,-5.7524502265742655e-05,-6.938893903907228e-18,24.000000000000576
baseline,7510101,responsive,minus,26.0,0.5936390722773113,15.454953814704789,0.059363907227731126,0.00024069989525297614,-5.972473140992622e-06,8.577237946990949e-05,9.644852240492028e-05,-8.145525698388667e-09,-5.730212295034995e-05,-1.3877787807814457e-17,26.00000000000071
baseline,7510101,responsive,minus,28.0,0.5926289791151077,16.64103560190497,0.05926289791151078,0.00034170921147327535,-5.972473140992622e-06,8.577237946990949e-05,0.00019745783862521994,-7.812733071599354e-09,-0.00011721418531294645,-5.551115123125783e-17,28.000000000000846
baseline,7510101,responsive,minus,30.0,0.592862550945671,17.826425278129594,0.0592862550945671,0.00031835202841686466,-5.972473140992622e-06,8.577237946990949e-05,0.000174100655568808,-3.4472699694809705e-09,-0.00010336931397327345,-1.457167719820518e-16,30.00000000000098
baseline,7510101,responsive,minus,32.0,0.5922785251442965,19.011867421289985,0.05922785251442965,0.0003767546085543654,-5.972473140992622e-06,8.577237946990949e-05,0.0002325032357063088,-5.487337473297771e-09,-0.0001379769623085364,-9.71445146547012e-17,32.000000000001116
baseline,7510101,responsive,minus,34.0,0.5917788488410106,20.195538103299704,0.05917788488410106,0.0004267222388829267,-5.972473140992622e-06,8.577237946990949e-05,0.00028247086603487,-1.601555113528441e-08,-0.0001675592328841055,-1.249000902703301e-16,34.000000000000725
baseline,7510101,responsive,minus,36.0,0.5918813569240848,21.37934177047289,0.05918813569240849,0.00041647143057557386,-5.972473140992622e-06,8.577237946990949e-05,0.00027222005772751737,-5.3382204212582e-09,-0.00016149249594889226,-4.85722573273506e-17,36.00000000000033
baseline,7510101,responsive,minus,38.0,0.5910184512870321,22.562329670352895,0.059101845128703215,0.0005027619942808546,-5.972473140992622e-06,8.577237946990949e-05,0.00035851062143279805,-2.7544535541323967e-09,-0.0002125290415775881,-4.163336342344337e-17,37.99999999999993
baseline,7510101,responsive,minus,40.0,0.5911141865792277,23.744266642038856,0.05911141865792277,0.000493188465061301,-5.972473140992622e-06,8.577237946990949e-05,0.00034893709221324334,-2.937176640793737e-09,-0.00020687045090258746,-4.163336342344337e-17,39.99999999999953
baseline,7510101,responsive,minus,42.0,0.5909720369929542,24.92655008179989,0.05909720369929543,0.000507403423688643,-5.972473140992622e-06,8.577237946990949e-05,0.00036315205084058494,-5.28145652212153e-09,-0.00021527210428360158,-4.163336342344337e-17,41.99999999999913
baseline,7510101,responsive,minus,44.0,0.5908234455922619,26.108241463102768,0.05908234455922619,0.000522262563757906,-5.972473140992622e-06,8.577237946990949e-05,0.00037801119090984765,-2.433436230298014e-10,-0.00022405233658806534,-2.0816681711721685e-17,43.999999999998735
baseline,7510101,responsive,minus,46.0,0.5907862890477317,27.289861276036163,0.05907862890477317,0.0005259782182109763,-5.972473140992622e-06,8.577237946990949e-05,0.00038172684536291756,-3.481620908241112e-09,-0.00022624756332419171,2.7755575615628914e-17,45.99999999999834
baseline,7510101,responsive,minus,48.0,0.5899469209671198,28.470594955764238,0.05899469209671198,0.0006099150262721466,-5.972473140992622e-06,8.577237946990949e-05,0.0004656636534240877,-1.0198912131498261e-08,-0.0002758010517344353,1.3877787807814457e-17,47.99999999999794
baseline,7510101,responsive,minus,50.0,0.5894769189860947,29.649898457960138,0.058947691898609475,0.0006569152243746532,-5.972473140992622e-06,8.577237946990949e-05,0.0005126638515265947,-9.7946577792829e-09,-0.0003035176287967435,1.3877787807814457e-17,49.99999999999754
baseline,7510101,responsive,minus,52.0,0.5889437692086604,30.828505896651944,0.05889437692086604,0.0007102302021180671,-5.972473140992622e-06,8.577237946990949e-05,0.0005659788292700087,-4.689744925734374e-09,-0.0003349313651784952,-6.938893903907228e-18,51.999999999997144
baseline,7510101,responsive,minus,54.0,0.5884024858929853,32.00586116758532,0.05884024858929853,0.0007643585336855718,-5.972473140992622e-06,8.577237946990949e-05,0.0006201071608375126,-8.79071906934037e-09,-0.0003667952594114503,-1.3877787807814457e-17,53.999999999996746
baseline,7510101,responsive,minus,56.0,0.5884088793819402,33.182651556518884,0.058840887938194024,0.0007637191847901779,-5.972473140992622e-06,8.577237946990949e-05,0.000619467811942118,-3.1749643469858313e-09,-0.0003664190628881528,8.326672684688674e-17,55.99999999999635
baseline,7510101,responsive,minus,58.0,0.5880580897929109,34.35918407147846,0.05880580897929109,0.0007987981436930735,-5.972473140992622e-06,8.577237946990949e-05,0.0006545467708450147,-8.823099001409318e-09,-0.0003870536811193259,4.163336342344337e-17,57.99999999999595
baseline,7510101,responsive,minus,60.0,0.5875479493742858,35.53460400805674,0.058754794937428585,0.0008498121855555525,-5.972473140992622e-06,8.577237946990949e-05,0.000705560812707494,-7.52360854172629e-09,-0.0004170398889672723,2.0816681711721685e-17,59.99999999999555
baseline,7510101,responsive,minus,62.0,0.5877948090019782,36.71005992071959,0.05877948090019782,0.0008251262227863084,-5.972473140992622e-06,8.577237946990949e-05,0.0006808748499382494,-1.0310953812986412e-08,-0.00040253265518008785,1.3877787807814457e-17,61.999999999995154
baseline,7510101,responsive,minus,64.0,0.5871462285285599,37.885110286092235,0.058714622852855995,0.0008899842701282169,-5.972473140992622e-06,8.577237946990949e-05,0.000745732897280157,-6.302777050271047e-09,-0.00044063484589808993,9.71445146547012e-17,63.999999999994756
baseline,7510101,responsive,minus,66.0,0.5871686000376314,39.059241262135096,0.05871686000376314,0.0008877471192209745,-5.972473140992622e-06,8.577237946990949e-05,0.000743495746372915,-3.268038617498803e-09,-0.0004393212861560948,-6.938893903907228e-18,65.99999999999436
baseline,7510101,responsive,minus,68.0,0.5873535863264071,40.233732947144624,0.05873535863264072,0.0008692484903434634,-5.972473140992622e-06,8.577237946990949e-05,0.0007249971174954046,-1.2376353830667597e-08,-0.0004284577611390755,6.938893903907228e-17,67.99999999999396
baseline,7510101,responsive,minus,70.0,0.5867338582952638,41.40787438300169,0.05867338582952639,0.0009312212934577748,-5.972473140992622e-06,8.577237946990949e-05,0.0007869699206097149,-1.2272589694495295e-08,-0.0004648385061613511,4.163336342344337e-17,69.99999999999356
baseline,7510101,responsive,minus,72.0,0.5869111922026097,42.58148420908962,0.05869111922026097,0.0009134879027232295,-5.972473140992622e-06,8.577237946990949e-05,0.0007692365298751706,-7.427650994262791e-09,-0.0004544321530292571,8.326672684688674e-17,71.99999999999316
baseline,7510101,responsive,minus,74.0,0.5867639592085401,43.755308833157606,0.05867639592085401,0.0009282112021301976,-5.972473140992622e-06,8.577237946990949e-05,0.0007839598292821395,-6.045899003659372e-09,-0.00046307233835962344,9.020562075079397e-17,73.99999999999277
baseline,7510101,responsive,minus,76.0,0.5863918933867253,44.92822380185635,0.05863918933867253,0.0009654177843116987,-5.972473140992622e-06,8.577237946990949e-05,0.0008211664114636399,-8.720344196744279e-09,-0.00048489689818026135,1.1102230246251565e-16,75.99999999999237
baseline,7510101,responsive,minus,78.0,0.5869522372234744,46.10168437573151,0.058695223722347444,0.0009093834006367529,-5.972473140992622e-06,8.577237946990949e-05,0.0007651320277886946,-8.98344451605304e-09,-0.0004520230905815971,8.326672684688674e-17,77.99999999999197
baseline,7510101,responsive,minus,80.0,0.586866152630482,47.27554719313752,0.058686615263048206,0.0009179918599359587,-5.972473140992622e-06,8.577237946990949e-05,0.0007737404870878993,-6.629873899877126e-09,-0.00045707547449847646,4.85722573273506e-17,79.99999999999157
baseline,7510101,responsive,minus,82.0,0.5869452524711823,48.449181977742,0.05869452524711824,0.0009100818758659529,-5.972473140992622e-06,8.577237946990949e-05,0.000765830503017893,-8.824365127502176e-09,-0.0004524330597406867,7.632783294297951e-17,81.99999999999118
baseline,7510101,responsive,minus,84.0,0.5873924164990357,49.62370461973489,0.05873924164990358,0.0008653654730805397,-5.972473140992622e-06,8.577237946990949e-05,0.00072111410023248,-5.561831856182309e-09,-0.0004261769816348536,0.0,83.99999999999078
baseline,7510101,responsive,minus,86.0,0.5866636844350794,50.79777729866441,0.05866636844350794,0.0009382386794762178,-5.972473140992622e-06,8.577237946990949e-05,0.0007939873066281585,-5.489761062404952e-09,-0.000468955597916567,4.163336342344337e-17,85.99999999999038
baseline,7510101,responsive,minus,88.0,0.5868866311677293,51.97109459047499,0.058688663116772934,0.0009159440062112851,-5.972473140992622e-06,8.577237946990949e-05,0.0007716926333632253,-3.829215972084299e-09,-0.0004558736374933696,1.0408340855860843e-16,87.99999999998998
baseline,7510101,responsive,minus,90.0,0.5870566973721514,53.14538073121481,0.058705669737215145,0.0008989373857690478,-5.972473140992622e-06,8.577237946990949e-05,0.000754686012920987,-9.433816311466003e-09,-0.0004458912331887985,7.632783294297951e-17,89.99999999998958
baseline,7510101,responsive,minus,92.0,0.5863959993768323,54.318599730063774,0.05863959993768324,0.0009650071853009852,-5.972473140992622e-06,8.577237946990949e-05,0.0008207558124529243,-4.12770090330028e-09,-0.0004846561254059911,1.0408340855860843e-16,91.99999999998919
baseline,7510101,responsive,minus,94.0,0.5869910168240111,55.49197129499938,0.05869910168240111,0.0009055054405830999,-5.972473140992622e-06,8.577237946990949e-05,0.0007612540677350386,-2.196188370051644e-09,-0.00044974683805936236,9.020562075079397e-17,93.99999999998879
baseline,7510101,responsive,minus,96.0,0.5864945798628831,56.66567608678287,0.05864945798628831,0.0009551491366959058,-5.972473140992622e-06,8.577237946990949e-05,0.0008108977638478438,-2.2291252177453202e-09,-0.0004788749192367013,9.71445146547012e-17,95.99999999998839
baseline,7510101,responsive,minus,98.0,0.586173120582065,57.838095918512245,0.058617312058206514,0.0009872950647776119,-5.972473140992622e-06,8.577237946990949e-05,0.0008430436919295539,-4.5089645628326736e-09,-0.0004977231650178764,1.3877787807814457e-17,97.99999999998799
baseline,7510101,responsive,minus,100.0,0.5867070360466584,59.01113079006146,0.05867070360466585,0.0009339035183183088,-5.972473140992622e-06,8.577237946990949e-05,0.0007896521454702504,-7.164037474360896e-09,-0.00046641222233093776,4.163336342344337e-17,99.9999999999876
baseline,7510101,responsive,minus,102.0,0.5861360696889997,60.18415077973518,0.058613606968899966,0.0009910001540842364,-5.972473140992622e-06,8.577237946990949e-05,0.0008467487812361771,-9.35321087247587e-09,-0.0004998949201402945,8.326672684688674e-17,101.9999999999872
baseline,7510101,responsive,minus,104.0,0.5861795714622553,61.35619158305453,0.05861795714622554,0.0009866499767587076,-5.972473140992622e-06,8.577237946990949e-05,0.0008423986039106477,-1.526101872650898e-08,-0.0004973450296800221,1.249000902703301e-16,103.9999999999868
baseline,7510101,responsive,minus,106.0,0.5861428223643081,62.5287286024755,0.05861428223643082,0.0009903248865534204,-5.972473140992622e-06,8.577237946990949e-05,0.0008460735137053618,-1.3658163156016201e-08,-0.0004994991192038382,1.249000902703301e-16,105.9999999999864
baseline,7510101,responsive,minus,108.0,0.5857189221270951,63.70042248307993,0.05857189221270952,0.001032714910274633,-5.972473140992622e-06,8.577237946990949e-05,0.000888463537426575,-9.605659406775047e-09,-0.0005243367427773815,3.469446951953614e-17,107.999999999986
baseline,7510101,responsive,minus,110.0,0.5861029923044722,64.87226419526714,0.058610299230447215,0.000994307892537027,-5.972473140992622e-06,8.577237946990949e-05,0.0008500565196889686,-3.916476781773426e-09,-0.0005018336502508811,1.249000902703301e-16,109.9999999999856
baseline,7510101,responsive,minus,112.0,0.5855420005209062,66.0441349985705,0.058554200052090624,0.0010504070708935913,-5.972473140992622e-06,8.577237946990949e-05,0.0009061556980455314,-1.1911710812162468e-08,-0.0005346978109624402,9.71445146547012e-17,111.9999999999852
baseline,7510101,responsive,minus,114.0,0.5849860843564728,67.21445790262923,0.05849860843564728,0.0011059986873369649,-5.972473140992622e-06,8.577237946990949e-05,0.0009617473144889058,-2.7843530536753036e-09,-0.0005672335851277695,1.3183898417423734e-16,113.99999999998481
baseline,7510101,responsive,minus,116.0,0.5851131080068693,68.38462656145744,0.05851131080068694,0.001093296322297252,-5.972473140992622e-06,8.577237946990949e-05,0.0009490449494491907,3.849665947130987e-09,-0.0005598020715907696,6.938893903907228e-17,115.99999999998441
baseline,7510101,responsive,minus,118.0,0.5842811197260889,69.55411863496109,0.05842811197260889,0.0011764951503753323,-5.972473140992622e-06,8.577237946990949e-05,0.0010322437775272695,-1.3591246822430847e-08,-0.0006084481862450794,9.71445146547012e-17,117.99999999998401
baseline,7510101,responsive,minus,120.0,0.5840908463407655,70.7222477880634,0.058409084634076555,0.0011955224889076239,-5.972473140992622e-06,8.577237946990949e-05,0.001051271116059562,-9.513853038711773e-10,-0.0006195636907101003,6.245004513516506e-17,119.99999999998361
baseline,7510101,responsive,minus,122.0,0.584222275827433,71.89067174963115,0.058422227582743305,0.0011823795402409233,-5.972473140992622e-06,8.577237946990949e-05,0.0010381281673928608,-7.384746592009606e-09,-0.0006118861510144256,1.1102230246251565e-16,121.99999999998322
baseline,7510101,responsive,minus,124.0,0.5835409888758292,73.05848517729912,0.058354098887582924,0.0012505082354013878,-5.972473140992622e-06,8.577237946990949e-05,0.0011062568625533253,-5.438587524775329e-09,-0.0006516652447546532,1.942890293094024e-16,123.99999999998282
baseline,7510101,responsive,minus,126.0,0.5842189406886977,74.22615242770559,0.05842189406886978,0.0011827130541145175,-5.972473140992622e-06,8.577237946990949e-05,0.0010384616812664567,-4.726238372887437e-09,-0.0006120809966924795,1.8041124150158794e-16,125.99999999998242
baseline,7510101,responsive,minus,128.0,0.5843079480104412,75.39478028028549,0.05843079480104412,0.0011738123219401278,-5.972473140992622e-06,8.577237946990949e-05,0.001029560949092066,-1.0205206540936373e-08,-0.0006068806242550649,1.3183898417423734e-16,127.99999999998202
baseline,7510101,responsive,minus,130.0,0.5842031103705633,76.56309455603426,0.058420311037056326,0.0011842960859279397,-5.972473140992622e-06,8.577237946990949e-05,0.0010400447130798787,-8.307167037591157e-09,-0.0006130058213316657,1.457167719820518e-16,129.99999999998303
baseline,7510101,responsive,minus,132.0,0.5849607457849519,77.7322467285977,0.0584960745784952,0.0011085325444890473,-5.972473140992622e-06,8.577237946990949e-05,0.0009642811716409855,-4.593995295287812e-09,-0.0005687158241993277,1.249000902703301e-16,131.99999999998406
baseline,7510101,responsive,minus,134.0,0.5848082574185361,78.90221602079261,0.05848082574185362,0.0011237813811306174,-5.972473140992622e-06,8.577237946990949e-05,0.0009795300082825569,-6.459261459035304e-09,-0.0005776346324184445,1.1796119636642288e-16,133.99999999998508
baseline,7510101,responsive,minus,136.0,0.5850441342297702,80.07189990431024,0.05850441342297702,0.001100193700007225,-5.972473140992622e-06,8.577237946990949e-05,0.0009559423271591639,-1.2990889780573056e-08,-0.0005638375798306221,1.249000902703301e-16,135.9999999999861
baseline,7510101,responsive,minus,138.0,0.584892631961389,81.24205268022827,0.0584892631961389,0.0011153439268452431,-5.972473140992622e-06,8.577237946990949e-05,0.000971092553997181,-2.0138689049709058e-09,-0.0005726999835276442,2.7755575615628914e-17,137.99999999998712
baseline,7510101,responsive,minus,140.0,0.5841116360723443,82.41097184997352,0.05841116360723443,0.0011934435157497406,-5.972473140992622e-06,8.577237946990949e-05,0.0010491921429016766,-1.4272368009660141e-09,-0.0006183493599081491,4.85722573273506e-17,139.99999999998815
baseline,7510101,responsive,minus,142.0,0.5843348224953424,83.57945614026242,0.05843348224953425,0.001171124873449913,-5.972473140992622e-06,8.577237946990949e-05,0.0010268735006018516,-4.444803747283288e-09,-0.0006053102906305174,4.163336342344337e-17,141.99999999998917
baseline,7510101,responsive,minus,144.0,0.5837535436735741,84.7475755167761,0.05837535436735742,0.0012292527556267195,-5.972473140992622e-06,8.577237946990949e-05,0.0010850013827786564,-1.3383305602632234e-08,-0.0006392595420909135,2.0816681711721685e-17,143.9999999999902
baseline,7510101,responsive,minus,146.0,0.5835070362057345,85.9146271207003,0.05835070362057345,0.001253903502410658,-5.972473140992622e-06,8.577237946990949e-05,0.001109652129562596,-6.475921854320887e-09,-0.0006536464645836709,-1.3877787807814457e-17,145.99999999999122
baseline,7510101,responsive,minus,148.0,0.5836511720753834,87.08199678123893,0.05836511720753834,0.001239489915445736,-5.972473140992622e-06,8.577237946990949e-05,0.0010952385425976755,-4.3949953121291685e-09,-0.0006452349964152469,-4.163336342344337e-17,147.99999999999224
baseline,7510101,responsive,minus,150.0,0.5830867090439756,88.24880694005827,0.05830867090439757,0.0012959362185865249,-5.972473140992622e-06,8.577237946990949e-05,0.0011516848457384615,-1.1227810375880054e-08,-0.0006781640164769884,-2.7755575615628914e-17,149.99999999999326
baseline,7510101,responsive,minus,152.0,0.5831269124593975,89.41487957327705,0.058312691245939755,0.0012919158770443142,-5.972473140992622e-06,8.577237946990949e-05,0.001147664504196252,-1.3057637887614604e-08,-0.0006758197279421937,-4.85722573273506e-17,151.9999999999943
baseline,7510101,responsive,minus,154.0,0.5830696598126576,90.58115801984525,0.05830696598126576,0.001297641141718266,-5.972473140992622e-06,8.577237946990949e-05,0.001153389768870204,-8.632099923744363e-09,-0.0006791581199612762,-9.71445146547012e-17,153.9999999999953
baseline,7510101,responsive,minus,156.0,0.582507232887894,91.74661898442316,0.0582507232887894,0.0013538838341946005,-5.972473140992622e-06,8.577237946990949e-05,0.0012096324613465382,-8.553792146814843e-09,-0.0007119357113281287,-1.1796119636642288e-16,155.99999999999633
baseline,7510101,responsive,minus,158.0,0.5826116897573732,92.91167515028584,0.05826116897573732,0.0013434381472466504,-5.972473140992622e-06,8.577237946990949e-05,0.001199186774398588,-6.638369715039616e-09,-0.0007058504775666052,-1.5265566588595902e-16,157.99999999999736
baseline,7510101,responsive,minus,160.0,0.5825040055087518,94.07681516990213,0.05825040055087519,0.0013542065721088195,-5.972473140992622e-06,8.577237946990949e-05,0.0012099551992607552,-7.21953358207017e-09,-0.0007121237079766897,-1.1796119636642288e-16,159.99999999999838
baseline,7510101,responsive,minus,162.0,0.5820537037034257,95.24119146470727,0.05820537037034257,0.0013992367526413836,-5.972473140992622e-06,8.577237946990949e-05,0.001254985379793321,-2.7173349959053184e-09,-0.0007383438299199269,-1.6653345369377348e-16,161.9999999999994
baseline,7510101,responsive,minus,164.0,0.5824598018236897,96.40573704686939,0.05824598018236898,0.0013586269406150409,-5.972473140992622e-06,8.577237946990949e-05,0.0012143755677669777,-9.210850776542046e-09,-0.000714698492639089,-1.0408340855860843e-16,164.00000000000043
baseline,7510101,responsive,minus,166.0,0.582255104546314,97.57053696913081,0.0582255104546314,0.0013790966683526126,-5.972473140992622e-06,8.577237946990949e-05,0.0012348452955045482,-6.070752733844387e-09,-0.0007266191911517346,-1.0408340855860843e-16,166.00000000000145
baseline,7510101,responsive,minus,168.0,0.5826169776756308,98.73517213479951,0.058261697767563084,0.0013429093554209,-5.972473140992622e-06,8.577237946990949e-05,0.0011986579825728361,-8.476673502011423e-09,-0.0007055423958693616,-1.3877787807814457e-16,168.00000000000247
baseline,7510101,responsive,minus,170.0,0.5829420553491321,99.90084694440617,0.05829420553491322,0.0013104015880707376,-5.972473140992622e-06,8.577237946990949e-05,0.001166150215222674,-3.485467497954531e-09,-0.0006865975349301529,-1.6653345369377348e-16,170.0000000000035
baseline,7510101,responsive,minus,172.0,0.5825498417373796,101.0663886768237,0.05825498417373796,0.0013496229492460524,-5.972473140992622e-06,8.577237946990949e-05,0.0012053715763979884,-1.1182532955178459e-08,-0.0007094536242513889,-1.1102230246251565e-16,172.00000000000452
baseline,7510101,responsive,minus,174.0,0.5831328872888135,102.23188710728064,0.058313288728881356,0.0012913183941026388,-5.972473140992622e-06,8.577237946990949e-05,0.001147067021254576,-1.1550529560588885e-08,-0.000675471317774283,-1.249000902703301e-16,174.00000000000554
baseline,7510101,responsive,minus,176.0,0.5830646535430775,103.39835293963925,0.05830646535430775,0.0012981417686762343,-5.972473140992622e-06,8.577237946990949e-05,0.0011538903958281724,-2.7939234537033286e-09,-0.0006794500190982385,-1.3183898417423734e-16,176.00000000000657
baseline,7510101,responsive,minus,178.0,0.5826691888249091,104.5639069600761,0.058266918882490915,0.001337688240493049,-5.972473140992622e-06,8.577237946990949e-05,0.0011934368676449866,-4.979977930030799e-09,-0.0007025003493698057,-1.5265566588595902e-16,178.0000000000076
baseline,7510101,responsive,minus,180.0,0.5834401102029894,105.72997838709985,0.05834401102029894,0.0012605961026850064,-5.972473140992622e-06,8.577237946990949e-05,0.001116344729836943,-7.210027019866061e-09,-0.0006575514199798696,-1.734723475976807e-16,180.0000000000086
baseline,7510101,responsive,minus,182.0,0.5830168499411323,106.89672691137852,0.058301684994113236,0.0013029221288706943,-5.972473140992622e-06,8.577237946990949e-05,0.0011586707560226313,-5.55978663108192e-09,-0.0006822371638996461,-1.8735013540549517e-16,182.00000000000963
baseline,7510101,responsive,minus,184.0,0.5825654671295449,108.0621794315098,0.05825654671295449,0.0013480604100293587,-5.972473140992622e-06,8.577237946990949e-05,0.0012038090371812955,-5.256004992348906e-09,-0.0007085433550704442,-2.706168622523819e-16,184.00000000001066
baseline,7510101,responsive,minus,186.0,0.5828251868888847,109.22778957276627,0.05828251868888847,0.0013220884340953078,-5.972473140992622e-06,8.577237946990949e-05,0.0011778370612472427,-7.589409434238803e-09,-0.0006934096060605167,-3.400058012914542e-16,186.00000000001168
baseline,7510101,responsive,minus,188.0,0.5816852354775625,110.39230075004711,0.05816852354775625,0.001436083575227549,-5.972473140992622e-06,8.577237946990949e-05,0.0012918322023794864,-2.5952283655428232e-09,-0.000759783871034321,-3.191891195797325e-16,188.0000000000127
baseline,7510101,responsive,minus,190.0,0.5816800907651407,111.55537893814977,0.05816800907651407,0.001436598046469705,-5.972473140992622e-06,8.577237946990949e-05,0.0012923466736216409,-6.261378776573068e-09,-0.00076008313003657,-3.469446951953614e-16,190.00000000001373
baseline,7510101,responsive,minus,192.0,0.5817098179066521,112.71882964014534,0.05817098179066522,0.001433625332318559,-5.972473140992622e-06,8.577237946990949e-05,0.0012893739594704936,-7.085307618392989e-09,-0.0007583539172141655,-3.469446951953614e-16,192.00000000001475
baseline,7510101,responsive,minus,194.0,0.5806805783114581,113.88117109641759,0.05806805783114582,0.0015365492918379285,-5.972473140992622e-06,8.577237946990949e-05,0.0013922979189898645,-6.861715334816054e-09,-0.0008181728282572118,-3.7470027081099033e-16,194.00000000001577
baseline,7510101,responsive,minus,196.0,0.5811850743155794,115.04300683513343,0.05811850743155795,0.0014860996914258784,-5.972473140992622e-06,8.577237946990949e-05,0.0013418483185778142,-1.0017745522006294e-08,-0.0007888649993034076,-2.914335439641036e-16,196.0000000000168
baseline,7510101,responsive,minus,198.0,0.5805871880116985,116.2051485198025,0.058058718801169855,0.0015458883218139718,-5.972473140992622e-06,8.577237946990949e-05,0.0014016369489659088,-1.4638995932125809e-08,-0.0008235953854971202,-2.914335439641036e-16,198.00000000001782
baseline,7510101,responsive,minus,200.0,0.5800374977385544,117.36552889851453,0.05800374977385544,0.0016008573491283734,-5.972473140992622e-06,8.577237946990949e-05,0.001456605976280311,-1.9977259846371e-09,-0.0008554945905235138,-3.0531133177191805e-16,200.00000000001884
baseline,7510102,responsive,F0,0.0,0.5946035575013605,0.0,0.05946035575013606,0.0,0.0,0.0,,,,,0.0
baseline,7510102,responsive,F0,2.0,0.5946035575013605,1.1892071150027146,0.05946035575013606,5.64999344463645e-08,-3.9399873682553063e-08,3.359506202040204e-08,,,,,1.9999999999999793
baseline,7510102,responsive,F0,4.0,0.5946035575013605,2.3784142300054203,0.05946035575013606,1.6471936753360145e-06,2.946926949298148e-07,9.79427219248535e-07,,,,,3.999999999999937
baseline,7510102,responsive,F0,6.0,0.5946035575013605,3.5676213450081864,0.05946035575013606,-4.373186051099796e-06,1.4474629817134302e-06,-2.6003119835992625e-06,,,,,5.999999999999894
baseline,7510102,responsive,F0,8.0,0.5946035575013605,4.75682846001084,0.05946035575013606,-5.733760715628858e-07,6.75172619352506e-07,-3.409314519374373e-07,,,,,7.999999999999852
baseline,7510102,responsive,F0,10.0,0.5946035575013605,5.946035575013428,0.05946035575013606,-3.3133399169764245e-07,9.612688527772962e-07,-1.9701237018453561e-07,,,,,10.000000000000163
baseline,7510102,responsive,F0,12.0,0.5946035575013605,7.135242690016017,0.05946035575013606,-1.0334231843342755e-05,3.1263768294183386e-07,-6.144771018095434e-06,,,,,12.000000000000476
baseline,7510102,responsive,F0,14.0,0.5946035575013605,8.324449805018702,0.05946035575013606,9.23320952220855e-06,2.7056677506888746e-07,5.4900992290606465e-06,,,,,14.000000000000789
baseline,7510102,responsive,F0,16.0,0.5946035575013605,9.513656920021646,0.05946035575013606,4.893795111660157e-06,1.7662145972037484e-07,2.9098679830758945e-06,,,,,16.0000000000011
baseline,7510102,responsive,F0,18.0,0.5946035575013605,10.70286403502459,0.05946035575013606,-7.623824769723667e-06,2.824691740823371e-07,-4.53315332984467e-06,,,,,18.000000000000703
baseline,7510102,responsive,F0,20.0,0.5946035575013605,11.892071150027533,0.05946035575013606,4.08145666138325e-05,2.700908872408526e-07,2.426848650646105e-05,0.0,0.0,0.0,0.0,20.000000000000306
baseline,7510102,responsive,F0,22.0,0.5943903228784995,13.081144713927834,0.05943903228784995,6.213802889997492e-05,2.700908872408526e-07,2.426848650646105e-05,2.1323462286142376e-05,7.615899272339632e-09,-1.2676733083347158e-05,3.469446951953614e-17,22.00000000000044
baseline,7510102,responsive,F0,24.0,0.5942255615833872,14.269844596354774,0.059422556158338725,7.861415841121667e-05,2.700908872408526e-07,2.426848650646105e-05,3.779959179738419e-05,4.864718267105772e-09,-2.246862770909075e-05,5.551115123125783e-17,24.000000000000576
baseline,7510102,responsive,F0,26.0,0.5938849640415502,15.457784604116627,0.05938849640415502,0.000112673912594948,2.700908872408526e-07,2.426848650646105e-05,7.18593459811153e-05,6.808441671557475e-09,-4.2702003932020005e-05,7.632783294297951e-17,26.00000000000071
baseline,7510102,responsive,F0,28.0,0.5935377563445887,16.64539708932102,0.05935377563445888,0.00014739468229103798,2.700908872408526e-07,2.426848650646105e-05,0.00010658011567720548,5.127488406087011e-09,-6.331611933526812e-05,2.7755575615628914e-17,28.000000000000846
baseline,7510102,responsive,F0,30.0,0.5928303286501103,17.831843658936883,0.059283032865011034,0.00021813745173885485,2.700908872408526e-07,2.426848650646105e-05,0.00017732288512502237,2.6357341031957304e-09,-0.0001052796012937958,0.0,30.00000000000098
baseline,7510102,responsive,F0,32.0,0.5927155619201937,19.017169260256477,0.05927155619201937,0.00022961412473046427,2.700908872408526e-07,2.426848650646105e-05,0.00018879955811663209,6.253442930148623e-09,-0.00011208266254513974,-5.551115123125783e-17,32.000000000001116
baseline,7510102,responsive,F0,34.0,0.5925021456535555,20.20251613801345,0.059250214565355556,0.00025095575139433854,2.700908872408526e-07,2.426848650646105e-05,0.00021014118478050611,2.7411658498621705e-09,-0.00012472989946032964,6.938893903907228e-18,34.000000000000725
baseline,7510102,responsive,F0,36.0,0.5921045606466576,21.38704371865922,0.05921045606466577,0.000290714252084072,2.700908872408526e-07,2.426848650646105e-05,0.00024989968547023915,-1.7778700733828146e-10,-0.00014827899273511455,-4.85722573273506e-17,36.00000000000033
baseline,7510102,responsive,F0,38.0,0.592000264432783,22.571119034743926,0.0592000264432783,0.0003011438734715215,2.700908872408526e-07,2.426848650646105e-05,0.00026032930685768846,8.111138094513137e-09,-0.0001544538752394388,-6.938893903907228e-17,37.99999999999993
baseline,7510102,responsive,F0,40.0,0.5919858704282204,23.75512840353872,0.05919858704282204,0.0003025832739278166,2.700908872408526e-07,2.426848650646105e-05,0.0002617687073139844,1.0268697919757486e-08,-0.00015530599033080142,-2.7755575615628914e-17,39.99999999999953
baseline,7510102,responsive,F0,42.0,0.5915939772313598,24.93873443324627,0.05915939772313598,0.0003417725936139414,2.700908872408526e-07,2.426848650646105e-05,0.00030095802700010917,1.7861714052269662e-09,-0.0001784978348427571,2.7755575615628914e-17,41.99999999999913
baseline,7510102,responsive,F0,44.0,0.5916397010435905,26.121919161805437,0.05916397010435905,0.0003372002123908611,2.700908872408526e-07,2.426848650646105e-05,0.0002963856457770294,8.189217776122248e-09,-0.00017579273711623017,2.7755575615628914e-17,43.999999999998735
baseline,7510102,responsive,F0,46.0,0.5915397818570046,27.305079799643877,0.059153978185700465,0.0003471921310494462,2.700908872408526e-07,2.426848650646105e-05,0.0003063775644356145,7.445151661844562e-09,-0.00018170385369205636,2.0816681711721685e-17,45.99999999999834
baseline,7510102,responsive,F0,48.0,0.5910408407416303,28.487643615580787,0.05910408407416303,0.000397086242586844,2.700908872408526e-07,2.426848650646105e-05,0.000356271675973012,4.713002044187675e-09,-0.0002112057584350291,-1.3877787807814457e-17,47.99999999999794
baseline,7510102,responsive,F0,50.0,0.5909880396313061,29.669624723107663,0.05909880396313061,0.00040236635361928856,2.700908872408526e-07,2.426848650646105e-05,0.00036155178700545597,8.299224391050686e-09,-0.000214326380300979,6.938893903907228e-18,49.99999999999754
baseline,7510102,responsive,F0,52.0,0.5904571009763915,30.851103501588426,0.059045710097639155,0.0004554602191107364,2.700908872408526e-07,2.426848650646105e-05,0.00041464565249690373,2.47367748507088e-09,-0.00024569012499145795,0.0,51.999999999997144
baseline,7510102,responsive,F0,54.0,0.5902180966997822,32.031766347720044,0.05902180966997822,0.0004793606467716667,2.700908872408526e-07,2.426848650646105e-05,0.0004385460801578346,1.0804947547793375e-08,-0.0002597994460680174,0.0,53.999999999996746
baseline,7510102,responsive,F0,56.0,0.5899647144782514,33.21186007223829,0.05899647144782515,0.0005046988689247813,2.700908872408526e-07,2.426848650646105e-05,0.00046388430231094957,3.6958353044624914e-09,-0.0002747513131934505,4.163336342344337e-17,55.99999999999635
baseline,7510102,responsive,F0,58.0,0.5895905398067485,34.39135655797446,0.05895905398067485,0.000542116336075094,2.700908872408526e-07,2.426848650646105e-05,0.000501301769461262,6.13248901659702e-09,-0.00029681929818303407,5.551115123125783e-17,57.99999999999595
baseline,7510102,responsive,F0,60.0,0.5896400553402956,35.57061134030375,0.05896400553402957,0.0005371647827203836,2.700908872408526e-07,2.426848650646105e-05,0.0004963502161065529,9.662221689410444e-09,-0.0002938997865783409,6.938893903907228e-17,59.99999999999555
baseline,7510102,responsive,F0,62.0,0.5897979665904658,36.750040205325895,0.05897979665904658,0.000521373657703327,2.700908872408526e-07,2.426848650646105e-05,0.00048055909108949676,3.969766709799316e-09,-0.0002845874599512778,2.0816681711721685e-17,61.999999999995154
baseline,7510102,responsive,F0,64.0,0.5899424120659986,37.92980897151984,0.058994241206599865,0.0005069291101500243,2.700908872408526e-07,2.426848650646105e-05,0.0004661145435361942,-1.6624683019106357e-09,-0.00027606705195126063,0.0,63.999999999994756
baseline,7510102,responsive,F0,66.0,0.5897027368286096,39.10949463474544,0.058970273682860966,0.0005308966338888878,2.700908872408526e-07,2.426848650646105e-05,0.0004900820672750567,6.678308184238091e-09,-0.00029020363850606676,-3.469446951953614e-17,65.99999999999436
baseline,7510102,responsive,F0,68.0,0.5893968316427664,40.288412650529274,0.058939683164276634,0.0005614871524732002,2.700908872408526e-07,2.426848650646105e-05,0.0005206725858593705,1.8192350403900548e-10,-0.00030823827213711727,-5.551115123125783e-17,67.99999999999396
baseline,7510102,responsive,F0,70.0,0.5892911379379456,41.46720014690646,0.05892911379379456,0.0005720565229553372,2.700908872408526e-07,2.426848650646105e-05,0.0005312419563415062,3.1487903950910834e-10,-0.000314467267053746,1.3877787807814457e-17,69.99999999999356
baseline,7510102,responsive,F0,72.0,0.5887358322829732,42.645298331800895,0.058873583228297326,0.0006275870884525557,2.700908872408526e-07,2.426848650646105e-05,0.0005867725218387247,5.5497803297388515e-09,-0.0003471755189674297,-6.938893903907228e-18,71.99999999999316
baseline,7510102,responsive,F0,74.0,0.5892015355429864,43.8229727916408,0.05892015355429864,0.0005810167624512385,2.700908872408526e-07,2.426848650646105e-05,0.0005402021958374076,3.896615807796877e-09,-0.0003197470553530368,-1.3877787807814457e-17,73.99999999999277
baseline,7510102,responsive,F0,76.0,0.5894629839879251,45.00192161386863,0.058946298398792514,0.0005548719179573222,2.700908872408526e-07,2.426848650646105e-05,0.0005140573513434907,4.337035536261524e-09,-0.0003043390550662439,-5.551115123125783e-17,75.99999999999237
baseline,7510102,responsive,F0,78.0,0.5890721284210396,46.18038513566344,0.05890721284210397,0.0005939574746458355,2.700908872408526e-07,2.426848650646105e-05,0.0005531429080320044,2.7819933856587653e-09,-0.0003273709055389949,-8.326672684688674e-17,77.99999999999197
baseline,7510102,responsive,F0,80.0,0.5894834773597881,47.35891912104805,0.05894834773597881,0.0005528225807710429,2.700908872408526e-07,2.426848650646105e-05,0.0005120080141572112,1.2339544663841906e-09,-0.00030313102565429975,-3.469446951953614e-17,79.99999999999157
baseline,7510102,responsive,F0,82.0,0.5893631334171937,48.53778223163915,0.05893631334171938,0.0005648569750305162,2.700908872408526e-07,2.426848650646105e-05,0.0005240424084166852,3.785851715454314e-09,-0.0003102243780970411,6.938893903907228e-18,81.99999999999118
baseline,7510102,responsive,F0,84.0,0.5891902235558841,49.716102148701886,0.058919022355588414,0.0005821479611614638,2.700908872408526e-07,2.426848650646105e-05,0.0005413333945476327,1.0253130455772919e-08,-0.0003204135529720521,-6.938893903907228e-18,83.99999999999078
baseline,7510102,responsive,F0,86.0,0.5898302818851333,50.89524153446014,0.05898302818851334,0.0005181421282365383,2.700908872408526e-07,2.426848650646105e-05,0.00047732756162270764,2.7817511627503677e-09,-0.0002826814582288957,-1.3877787807814457e-17,85.99999999999038
baseline,7510102,responsive,F0,88.0,0.5894556623308933,52.074677109805705,0.05894556623308934,0.0005556040836605798,2.700908872408526e-07,2.426848650646105e-05,0.0005147895170467487,3.310673207801429e-09,-0.0003047706369660799,2.7755575615628914e-17,87.99999999998998
baseline,7510102,responsive,F0,90.0,0.589613293095033,53.25362812874786,0.0589613293095033,0.0005398410072466502,2.700908872408526e-07,2.426848650646105e-05,0.0004990264406328178,1.7848015010368812e-09,-0.0002954777599452271,5.551115123125783e-17,89.99999999998958
baseline,7510102,responsive,F0,92.0,0.5896916125373778,54.43299389007662,0.05896916125373778,0.0005320090630121656,2.700908872408526e-07,2.426848650646105e-05,0.0004911944963983334,6.827584136948062e-09,-0.00029085963481704363,5.551115123125783e-17,91.99999999998919
baseline,7510102,responsive,F0,94.0,0.589545577684018,55.61223846305778,0.05895455776840181,0.0005466125483481836,2.700908872408526e-07,2.426848650646105e-05,0.0005057979817343507,2.0427850522253266e-09,-0.00029947012132455764,1.0408340855860843e-16,93.99999999998879
baseline,7510102,responsive,F0,96.0,0.5896134565079416,56.79142942695116,0.05896134565079416,0.0005398246659558473,2.700908872408526e-07,2.426848650646105e-05,0.000499010099342015,2.02212324662554e-09,-0.00029546812490157184,1.1796119636642288e-16,95.99999999998839
baseline,7510102,responsive,F0,98.0,0.5895097430299188,57.97052456391932,0.058950974302991885,0.0005501960137581223,2.700908872408526e-07,2.426848650646105e-05,0.0005093814471442908,4.063016284527876e-09,-0.00030158267330364016,1.1796119636642288e-16,97.99999999998799
baseline,7510102,responsive,F0,100.0,0.5892975949562165,59.14933875669011,0.058929759495621646,0.000571410821128273,2.700908872408526e-07,2.426848650646105e-05,0.0005305962545144417,5.257156682203501e-09,-0.0003140867586046425,2.7755575615628914e-17,99.9999999999876
baseline,7510102,responsive,F0,102.0,0.5893198181941978,60.32801069434367,0.05893198181941978,0.0005691884973301267,2.700908872408526e-07,2.426848650646105e-05,0.0005283739307162959,1.1528816123984598e-08,-0.00031277712384156914,2.0816681711721685e-17,101.9999999999872
baseline,7510102,responsive,F0,104.0,0.589154596124207,61.506587018277116,0.058915459612420694,0.0005857107043292823,2.700908872408526e-07,2.426848650646105e-05,0.0005448961377154511,5.068938768726383e-09,-0.0003225126229498172,9.020562075079397e-17,103.9999999999868
baseline,7510102,responsive,F0,106.0,0.5889443556028519,62.68458022424984,0.05889443556028519,0.0006067347564647647,2.700908872408526e-07,2.426848650646105e-05,0.000565920189850933,3.074229398825068e-09,-0.00033489682984076674,6.245004513516506e-17,105.9999999999864
baseline,7510102,responsive,F0,108.0,0.5885950659300911,63.86207083382867,0.05885950659300912,0.0006416637237407978,2.700908872408526e-07,2.426848650646105e-05,0.0006008491571269664,1.1675902744645583e-09,-0.0003554619478012694,2.7755575615628914e-17,107.999999999986
baseline,7510102,responsive,F0,110.0,0.5883396650515786,65.03897120430794,0.05883396650515787,0.000667203811592024,2.700908872408526e-07,2.426848650646105e-05,0.0006263892449781931,7.328103818204923e-09,-0.00037049145601349837,6.938893903907228e-18,109.9999999999856
baseline,7510102,responsive,F0,112.0,0.5884764655001873,66.21562883527217,0.058847646550018735,0.0006535237667311517,2.700908872408526e-07,2.426848650646105e-05,0.0006127092001173213,5.532616420556025e-09,-0.00036244200728402856,0.0,111.9999999999852
baseline,7510102,responsive,F0,114.0,0.5882480704218912,67.39251872379822,0.05882480704218913,0.0006763632745607835,2.700908872408526e-07,2.426848650646105e-05,0.0006355487079469529,2.2309772362838487e-09,-0.0003758799119097725,2.0816681711721685e-17,113.99999999998481
baseline,7510102,responsive,F0,116.0,0.5880394930883933,68.56867626278544,0.05880394930883934,0.0006972210079105849,2.700908872408526e-07,2.426848650646105e-05,0.0006564064412967547,-1.3755351579991526e-09,-0.0003881472580809578,3.469446951953614e-17,115.99999999998441
baseline,7510102,responsive,F0,118.0,0.5881259520013244,69.74494101289007,0.05881259520013245,0.0006885751166174636,2.700908872408526e-07,2.426848650646105e-05,0.0006477605500036345,5.3957145418337404e-09,-0.00038306275879047835,2.7755575615628914e-17,117.99999999998401
baseline,7510102,responsive,F0,120.0,0.5875073641337891,70.920661319016,0.05875073641337891,0.0007504339033709089,2.700908872408526e-07,2.426848650646105e-05,0.0007096193367570805,3.3616316397200308e-09,-0.0004194243840920549,-6.245004513516506e-17,119.99999999998361
baseline,7510102,responsive,F0,122.0,0.5876430534298316,72.09568770988784,0.05876430534298316,0.0007368649737666902,2.700908872408526e-07,2.426848650646105e-05,0.0006960504071528625,4.174456280647831e-09,-0.0004114516174468924,-3.469446951953614e-17,121.99999999998322
baseline,7510102,responsive,F0,124.0,0.5874464137819332,73.27082393690581,0.05874464137819332,0.0007565289385565564,2.700908872408526e-07,2.426848650646105e-05,0.0007157143719427278,2.0424825164511162e-09,-0.0004230050764009764,-1.3877787807814457e-17,123.99999999998282
baseline,7510102,responsive,F0,126.0,0.5868203538081982,74.44492381799208,0.05868203538081982,0.0008191349359300864,2.700908872408526e-07,2.426848650646105e-05,0.0007783203693162582,1.3206147647659705e-08,-0.0004597631474847416,2.0816681711721685e-17,125.99999999998242
baseline,7510102,responsive,F0,128.0,0.5869023366417333,75.61857498284313,0.05869023366417333,0.0008109366525765074,2.700908872408526e-07,2.426848650646105e-05,0.0007701220859626783,6.409022534903386e-09,-0.0004549518918873681,-4.85722573273506e-17,127.99999999998202
baseline,7510102,responsive,F0,130.0,0.5864152895071832,76.79207150471,0.05864152895071833,0.0008596413660315597,2.700908872408526e-07,2.426848650646105e-05,0.0008188267994177312,5.72980748958507e-09,-0.0004835249412740092,0.0,129.99999999998303
baseline,7510102,responsive,F0,132.0,0.5859732096065771,77.9642885075975,0.05859732096065771,0.0009038493560922284,2.700908872408526e-07,2.426848650646105e-05,0.0008630347894784007,1.4912554247015208e-09,-0.0005094394108320147,4.85722573273506e-17,131.99999999998406
baseline,7510102,responsive,F0,134.0,0.5859154721750482,79.13625788263951,0.05859154721750483,0.0009096230992451346,2.700908872408526e-07,2.426848650646105e-05,0.0008688085326313061,1.6887219955741273e-09,-0.0005128225029582024,7.632783294297951e-17,133.99999999998508
baseline,7510102,responsive,F0,136.0,0.5852692491925511,80.30759380990426,0.05852692491925511,0.0009742453974948321,2.700908872408526e-07,2.426848650646105e-05,0.000933430830881004,2.9109903931789916e-09,-0.0005506648271430652,5.551115123125783e-17,135.9999999999861
baseline,7510102,responsive,F0,138.0,0.5852495539074953,81.47795776806377,0.05852495539074953,0.0009762149260003265,2.700908872408526e-07,2.426848650646105e-05,0.0009354003593864981,2.7226517429479458e-09,-0.0005518175122175735,-2.7755575615628914e-17,137.99999999998712
baseline,7510102,responsive,F0,140.0,0.5853600179160009,82.64855598403963,0.05853600179160009,0.0009651685251498295,2.700908872408526e-07,2.426848650646105e-05,0.0009243539585360008,4.387267410477236e-09,-0.0005453520009326453,3.469446951953614e-17,139.99999999998815
baseline,7510102,responsive,F0,142.0,0.5845720598905606,83.81839283356132,0.058457205989056064,0.0010439643276938554,2.700908872408526e-07,2.426848650646105e-05,0.0010031497610800252,9.348404189646331e-09,-0.0005914448694290288,3.469446951953614e-17,141.99999999998917
baseline,7510102,responsive,F0,144.0,0.5845891057902921,84.98762143905195,0.058458910579029216,0.0010422597377206467,2.700908872408526e-07,2.426848650646105e-05,0.001001445171106818,4.10669992456647e-09,-0.0005904483992290183,-2.0816681711721685e-17,143.9999999999902
baseline,7510102,responsive,F0,146.0,0.5841147051755056,86.15646651215069,0.058411470517550565,0.0010896997991993137,2.700908872408526e-07,2.426848650646105e-05,0.0010488852325854867,-4.149411647613732e-10,-0.0006181700895502955,-6.938893903907228e-18,145.99999999999122
baseline,7510102,responsive,F0,148.0,0.5836046221513036,87.32412250989147,0.05836046221513037,0.0011407081016194802,2.700908872408526e-07,2.426848650646105e-05,0.0010998935350056518,3.391647740436099e-09,-0.0006479517798453939,-4.163336342344337e-17,147.99999999999224
baseline,7510102,responsive,F0,150.0,0.5839018486722115,88.4916555749949,0.058390184867221154,0.0011109854495286707,2.700908872408526e-07,2.426848650646105e-05,0.0010701708829148398,1.0459714760990835e-09,-0.0006306010855223788,-6.245004513516506e-17,149.99999999999326
baseline,7510102,responsive,F0,152.0,0.5833345846682108,89.65894153737038,0.05833345846682108,0.0011677118499287445,2.700908872408526e-07,2.426848650646105e-05,0.0011268972833149138,7.765091986078332e-09,-0.0006637076461619915,-6.245004513516506e-17,151.9999999999943
baseline,7510102,responsive,F0,154.0,0.5834170730366203,90.82565485419974,0.05834170730366203,0.0011594630130877584,2.700908872408526e-07,2.426848650646105e-05,0.0011186484464739263,6.385792755692066e-09,-0.0006588954741328298,-9.71445146547012e-17,153.9999999999953
baseline,7510102,responsive,F0,156.0,0.5836711922114157,91.9927295751366,0.05836711922114158,0.0011340510956081688,2.700908872408526e-07,2.426848650646105e-05,0.0010932365289943373,4.375028506142797e-09,-0.0006440664987889151,-1.3877787807814457e-16,155.99999999999633
baseline,7510102,responsive,F0,158.0,0.5829845957967926,93.15926665761714,0.05829845957967927,0.001202710737070502,2.700908872408526e-07,2.426848650646105e-05,0.0011618961704566702,3.3024395162950526e-09,-0.0006841175828462033,-1.1796119636642288e-16,157.99999999999736
baseline,7510102,responsive,F0,160.0,0.5834015883187275,94.32559737066812,0.05834015883187275,0.0011610114848769676,2.700908872408526e-07,2.426848650646105e-05,0.0011201969182631354,5.77408401647439e-09,-0.0006597988670229912,-1.734723475976807e-16,159.99999999999838
baseline,7510102,responsive,F0,162.0,0.583203513113297,95.49248488838884,0.0583203513113297,0.0011808190054200573,2.700908872408526e-07,2.426848650646105e-05,0.001140004438806224,9.911109571936194e-09,-0.0006713526442791128,-1.3877787807814457e-16,161.9999999999994
baseline,7510102,responsive,F0,164.0,0.5828216324634768,96.65828266690743,0.05828216324634769,0.001219007070402085,2.700908872408526e-07,2.426848650646105e-05,0.001178192503788253,9.00752525345716e-09,-0.0006936167662940813,-1.1102230246251565e-16,164.00000000000043
baseline,7510102,responsive,F0,166.0,0.582981201829523,97.82418583360149,0.0582981201829523,0.0012030501337974356,2.700908872408526e-07,2.426848650646105e-05,0.001162235567183605,4.223681071557905e-09,-0.0006843154453339377,-1.5265566588595902e-16,166.00000000000145
baseline,7510102,responsive,F0,168.0,0.5822024803747263,98.9894617377257,0.05822024803747264,0.001280922279277172,2.700908872408526e-07,2.426848650646105e-05,0.0012401077126633442,5.787657020306369e-09,-0.0007296831219395054,-7.632783294297951e-17,168.00000000000247
baseline,7510102,responsive,F0,170.0,0.5817249149288836,100.15316192013879,0.05817249149288836,0.0013286788238614275,2.700908872408526e-07,2.426848650646105e-05,0.0012878642572475999,9.108910598021325e-09,-0.0007574756972128435,-9.71445146547012e-17,170.0000000000035
baseline,7510102,responsive,F0,172.0,0.5814806191338486,101.316566212413,0.05814806191338487,0.0013531084033649144,2.700908872408526e-07,2.426848650646105e-05,0.0013122938367510855,6.579646827375996e-09,-0.0007716840082494895,-1.0408340855860843e-16,172.00000000000452
baseline,7510102,responsive,F0,174.0,0.5810689025416592,102.47909919875384,0.058106890254165926,0.0013942800625837708,2.700908872408526e-07,2.426848650646105e-05,0.0013534654959699432,2.6104239325697165e-09,-0.0007956160546152731,-1.8735013540549517e-16,174.00000000000554
baseline,7510102,responsive,F0,176.0,0.581510661851676,103.64163387666378,0.058151066185167605,0.0013501041315820794,2.700908872408526e-07,2.426848650646105e-05,0.0013092895649682516,5.507508477053946e-09,-0.0007699370373049734,-2.0122792321330962e-16,176.00000000000657
baseline,7510102,responsive,F0,178.0,0.5814946823122477,104.80459107717444,0.058149468231224764,0.0013517020855249163,2.700908872408526e-07,2.426848650646105e-05,0.00131088751891109,8.132034740038208e-09,-0.0007708662517925992,-2.0122792321330962e-16,178.0000000000076
baseline,7510102,responsive,F0,180.0,0.5812742510839713,105.96725531558683,0.05812742510839714,0.0013737452083525882,2.700908872408526e-07,2.426848650646105e-05,0.0013329306417387613,8.902843712244035e-09,-0.0007836817810020977,-1.5265566588595902e-16,180.0000000000086
baseline,7510102,responsive,F0,182.0,0.5815055107134377,107.13007014545333,0.05815055107134377,0.0013506192454059492,2.700908872408526e-07,2.426848650646105e-05,0.0013098046787921203,5.711839612398961e-10,-0.0007702365801588867,-1.6653345369377348e-16,182.00000000000963
baseline,7510102,responsive,F0,184.0,0.5810965963659422,108.29273389222246,0.05810965963659422,0.0013915106801554945,2.700908872408526e-07,2.426848650646105e-05,0.001350696113541663,1.1645073128008221e-08,-0.000794006814259552,-1.734723475976807e-16,184.00000000001066
baseline,7510102,responsive,F0,186.0,0.5811232335382712,109.4548942998689,0.05811232335382713,0.0013888469629225134,2.700908872408526e-07,2.426848650646105e-05,0.001348032396308681,5.243360717832601e-09,-0.0007924589017648809,-2.498001805406602e-16,186.00000000001168
baseline,7510102,responsive,F0,188.0,0.5812167421669053,110.61739925427659,0.05812167421669054,0.001379496100059119,2.700908872408526e-07,2.426848650646105e-05,0.0013386815334452851,6.201791830084957e-09,-0.0007870244609081388,-2.3592239273284576e-16,188.0000000000127
baseline,7510102,responsive,F0,190.0,0.5809272845512384,111.77953993064334,0.05809272845512385,0.0014084418616258536,2.700908872408526e-07,2.426848650646105e-05,0.0013676272950120195,1.8618256103497544e-09,-0.0008038440328599072,-1.8735013540549517e-16,190.00000000001373
baseline,7510102,responsive,F0,192.0,0.5808631309502046,112.9411806517293,0.05808631309502046,0.0014148572217292216,2.700908872408526e-07,2.426848650646105e-05,0.0013740426551153886,8.053185063250368e-10,-0.0008075706847999638,-2.0816681711721685e-16,192.00000000001475
baseline,7510102,responsive,F0,194.0,0.5808130395485731,114.10300893236654,0.05808130395485731,0.0014198663618924788,2.700908872408526e-07,2.426848650646105e-05,0.001379051795278648,7.015252823094897e-10,-0.000810480184181072,-9.71445146547012e-17,194.00000000001577
baseline,7510102,responsive,F0,196.0,0.5804012137509847,115.26419563506292,0.05804012137509847,0.0014610489416512667,2.700908872408526e-07,2.426848650646105e-05,0.001420234375037436,4.624637228722861e-09,-0.0008343910834828737,-1.457167719820518e-16,196.0000000000168
baseline,7510102,responsive,F0,198.0,0.5806231209424005,116.42521290093745,0.05806231209424006,0.0014388582225096829,2.700908872408526e-07,2.426848650646105e-05,0.0013980436558958531,5.940987923835905e-09,-0.0008215091010190141,-1.457167719820518e-16,198.00000000001782
baseline,7510102,responsive,F0,200.0,0.580493233798188,117.58653373777628,0.058049323379818794,0.001451846936930991,2.700908872408526e-07,2.426848650646105e-05,0.0014110323703171587,-8.985246158221827e-10,-0.0008290498053898053,-1.0408340855860843e-16,200.00000000001884
baseline,7510102,responsive,plus,0.0,0.5946035575013605,0.0,0.05946035575013606,0.0,0.0,0.0,,,,,0.0
baseline,7510102,responsive,plus,2.0,0.5946035575013605,1.1892071150027146,0.05946035575013606,5.154289601567827e-08,-4.0195450957814535e-08,3.064758933484498e-08,,,,,1.9999999999999793
baseline,7510102,responsive,plus,4.0,0.5946035575013605,2.3784142300054203,0.05946035575013606,1.6093086380303773e-06,3.13833218323352e-07,9.569006412905314e-07,,,,,3.999999999999937
baseline,7510102,responsive,plus,6.0,0.5946035575013605,3.5676213450081864,0.05946035575013606,-5.1342833268028144e-06,1.4600877788000816e-06,-3.0528631313368733e-06,,,,,5.999999999999894
baseline,7510102,responsive,plus,8.0,0.5946035575013605,4.75682846001084,0.05946035575013606,-5.923538513177659e-07,5.867374663711141e-07,-3.5221570729317537e-07,,,,,7.999999999999852
baseline,7510102,responsive,plus,10.0,0.5946035575013605,5.946035575013428,0.05946035575013606,-5.355973697536455e-07,1.11138501637414e-06,-3.184681014438886e-07,,,,,10.000000000000163
baseline,7510102,responsive,plus,12.0,0.5946035575013605,7.135242690016017,0.05946035575013606,-1.1856455854349517e-05,3.179821130604271e-07,-7.04989083035405e-06,,,,,12.000000000000476
baseline,7510102,responsive,plus,14.0,0.5946035575013605,8.324449805018702,0.05946035575013606,1.3306503358816003e-05,3.116349684144166e-07,7.9120942350558e-06,,,,,14.000000000000789
baseline,7510102,responsive,plus,16.0,0.5946035575013605,9.513656920021646,0.05946035575013606,4.905107729130976e-06,2.9421253507509526e-07,2.916594505668712e-06,,,,,16.0000000000011
baseline,7510102,responsive,plus,18.0,0.5946035575013605,10.70286403502459,0.05946035575013606,-5.657531956333912e-06,3.125688044244835e-07,-3.363988627913759e-06,,,,,18.000000000000703
baseline,7510102,responsive,plus,20.0,0.5946035575013605,11.892071150027533,0.05946035575013606,4.2542121533984455e-05,3.068909200934658e-07,2.529569680776238e-05,0.0,0.0,0.0,0.0,20.000000000000306
baseline,7510102,responsive,plus,22.0,0.5944463169284834,13.08120239087075,0.059444631692848346,5.826617882163126e-05,3.068909200934658e-07,2.529569680776238e-05,1.5724057287646673e-05,6.388675977131442e-10,-9.34834417173902e-06,-6.245004513516506e-17,22.00000000000044
baseline,7510102,responsive,plus,24.0,0.5942834869193545,14.270021601906153,0.05942834869193545,7.454917973455659e-05,3.068909200934658e-07,2.529569680776238e-05,3.200705820057213e-05,4.056936786511756e-09,-1.902638841235968e-05,-3.469446951953614e-17,24.000000000000576
baseline,7510102,responsive,plus,26.0,0.5939915353239259,15.458127118544779,0.0593991535323926,0.00010374433927739099,3.068909200934658e-07,2.529569680776238e-05,6.120221774340648e-05,2.7595395690749314e-09,-3.6372327839945956e-05,-4.85722573273506e-17,26.00000000000071
baseline,7510102,responsive,plus,28.0,0.5936447825717293,16.645964181520647,0.059364478257172934,0.0001384196144970638,3.068909200934658e-07,2.529569680776238e-05,9.587749296307917e-05,3.9532146167697846e-09,-5.6963135931897835e-05,-4.163336342344337e-17,28.000000000000846
baseline,7510102,responsive,plus,30.0,0.5929272287991282,17.832608235253,0.05929272287991282,0.0002101749917571291,3.068909200934658e-07,2.529569680776238e-05,0.00016763287022314438,-5.302169814314084e-11,-9.953459709300186e-05,-9.020562075079397e-17,30.00000000000098
baseline,7510102,responsive,plus,32.0,0.5928374779355655,19.018152834134348,0.05928374779355655,0.00021915007811343582,3.068909200934658e-07,2.529569680776238e-05,0.00017660795657945108,8.322456446219206e-09,-0.00010485576741358152,-5.551115123125783e-17,32.000000000001116
baseline,7510102,responsive,plus,34.0,0.5926184650227789,20.203740489675727,0.05926184650227789,0.00024105136939215463,3.068909200934658e-07,2.529569680776238e-05,0.00019850924785817022,5.353557153142674e-09,-0.00011783727536595831,6.938893903907228e-18,34.000000000000725
baseline,7510102,responsive,plus,36.0,0.5921828999600124,21.388472914166364,0.05921828999600124,0.00028460787566885555,3.068909200934658e-07,2.529569680776238e-05,0.00024206575413487127,-4.500491090908554e-10,-0.00014364017941118773,5.551115123125783e-17,36.00000000000033
baseline,7510102,responsive,plus,38.0,0.5920137032415246,22.57267478617458,0.05920137032415246,0.000301527547517654,3.068909200934658e-07,2.529569680776238e-05,0.0002589854259836696,3.365320633275104e-09,-0.00015365828837649378,6.938893903907228e-17,37.99999999999993
baseline,7510102,responsive,plus,40.0,0.5919551626471851,23.756673243518705,0.059195516264718515,0.00030738160695160965,3.068909200934658e-07,2.529569680776238e-05,0.0002648394854176252,6.808844238426204e-09,-0.00015712380043091806,8.326672684688674e-17,39.99999999999953
baseline,7510102,responsive,plus,42.0,0.5915352505810045,24.940197232240166,0.05915352505810046,0.0003493728135696673,3.068909200934658e-07,2.529569680776238e-05,0.0003068306920356824,6.280592990126621e-10,-0.0001819718956670921,8.326672684688674e-17,41.99999999999913
baseline,7510102,responsive,plus,44.0,0.5915650035875688,26.123253637413736,0.059156500358756886,0.00034639751291322944,3.068909200934658e-07,2.529569680776238e-05,0.000303855391379245,-6.173016042776425e-09,-0.00018021185618567054,7.632783294297951e-17,43.999999999998735
baseline,7510102,responsive,plus,46.0,0.5914173560992426,27.30621111240056,0.059141735609924265,0.00036116226174588706,3.068909200934658e-07,2.529569680776238e-05,0.0003186201402119028,3.2106245440033376e-10,-0.00018894507489276846,1.1102230246251565e-16,45.99999999999834
baseline,7510102,responsive,plus,48.0,0.5909921243012933,28.488608013948205,0.05909921243012934,0.0004036854415408089,3.068909200934658e-07,2.529569680776238e-05,0.0003611433200068245,7.944327723441447e-09,-0.00021408498035591778,1.1102230246251565e-16,47.99999999999794
baseline,7510102,responsive,plus,50.0,0.5909014421777278,29.670493531936177,0.059090144217772776,0.0004127536538973586,3.068909200934658e-07,2.529569680776238e-05,0.00037021153236337356,4.809385695248025e-09,-0.00021944381127776344,9.020562075079397e-17,49.99999999999754
baseline,7510102,responsive,plus,52.0,0.5903337725145372,30.851780575021717,0.059033377251453724,0.0004695206202164389,3.068909200934658e-07,2.529569680776238e-05,0.0004269784986824533,2.0289424029762415e-09,-0.0002529713811014189,1.1796119636642288e-16,51.999999999997144
baseline,7510102,responsive,plus,54.0,0.5900988547238588,32.0322292619984,0.059009885472385885,0.0004930123992843079,3.068909200934658e-07,2.529569680776238e-05,0.0004504702777503231,3.744420273843474e-09,-0.00026683661234319644,1.5265566588595902e-16,53.999999999996746
baseline,7510102,responsive,plus,56.0,0.5897669319827655,33.211982721974124,0.05897669319827655,0.0005262046733936756,3.068909200934658e-07,2.529569680776238e-05,0.00048366255185969113,5.935924252131741e-10,-0.00028641782664549226,1.8735013540549517e-16,55.99999999999635
baseline,7510102,responsive,plus,58.0,0.5895389654613309,34.39120101638894,0.058953896546133096,0.0005490013255371372,3.068909200934658e-07,2.529569680776238e-05,0.0005064592040031535,1.5559774579898544e-09,-0.0002998599398028705,1.942890293094024e-16,57.99999999999595
baseline,7510102,responsive,plus,60.0,0.589548659719488,35.57034976646602,0.0589548659719488,0.0005480318997213935,3.068909200934658e-07,2.529569680776238e-05,0.0005054897781874099,-1.3373387952597682e-09,-0.00029928842081145685,1.5265566588595902e-16,59.99999999999555
baseline,7510102,responsive,plus,62.0,0.5896107860095884,36.74945735704815,0.058961078600958845,0.0005418192707113491,3.068909200934658e-07,2.529569680776238e-05,0.0004992771491773662,6.563611099075217e-09,-0.0002956255807214543,1.5265566588595902e-16,61.999999999995154
baseline,7510102,responsive,plus,64.0,0.5898919733751985,37.92896586439921,0.05898919733751985,0.0005137005341503704,3.068909200934658e-07,2.529569680776238e-05,0.0004711584126163862,5.015203197178408e-09,-0.0002790425170393941,1.8041124150158794e-16,63.999999999994756
baseline,7510102,responsive,plus,66.0,0.5896235323601231,39.108594444219065,0.058962353236012316,0.0005405446356579263,3.068909200934658e-07,2.529569680776238e-05,0.0004980025141239425,1.31410887727057e-09,-0.00029487403402223,2.0122792321330962e-16,65.99999999999436
baseline,7510102,responsive,plus,68.0,0.5894063333020352,40.2875034948985,0.058940633330203517,0.0005622645414666802,3.068909200934658e-07,2.529569680776238e-05,0.0005197224199326966,4.5854341157447465e-09,-0.00030767824283620127,1.5959455978986625e-16,67.99999999999396
baseline,7510102,responsive,plus,70.0,0.5894730478769091,41.4665343057616,0.05894730478769091,0.0005555930839792496,3.068909200934658e-07,2.529569680776238e-05,0.000513050962445266,4.686957350008569e-09,-0.0003037458209990476,1.1796119636642288e-16,69.99999999999356
baseline,7510102,responsive,plus,72.0,0.5889049619104488,42.64495124900426,0.05889049619104489,0.0006124016806252321,3.068909200934658e-07,2.529569680776238e-05,0.0005698595590912494,1.5811725262437903e-09,-0.0003372168215263274,8.326672684688674e-17,71.99999999999316
baseline,7510102,responsive,plus,74.0,0.5893142278886108,43.8229109504308,0.058931422788861085,0.000571475082809018,3.068909200934658e-07,2.529569680776238e-05,0.0005289329612750359,9.475357304333798e-09,-0.00031310657006621,6.245004513516506e-17,73.99999999999277
baseline,7510102,responsive,plus,76.0,0.5894365598551528,45.00192754725418,0.05894365598551528,0.0005592418861548057,3.068909200934658e-07,2.529569680776238e-05,0.000516699764620823,8.872172163609804e-10,-0.00030589662496983624,4.163336342344337e-17,75.99999999999237
baseline,7510102,responsive,plus,78.0,0.5887550200917115,46.17999233141765,0.05887550200917116,0.0006273958624988705,3.068909200934658e-07,2.529569680776238e-05,0.0005848537409648865,3.198553616412525e-09,-0.0003460458455041039,-6.938893903907228e-18,77.99999999999197
baseline,7510102,responsive,plus,80.0,0.5889477010209665,47.35768573167235,0.05889477010209665,0.0006081277695733469,3.068909200934658e-07,2.529569680776238e-05,0.0005655856480393631,1.1163457575014135e-08,-0.0003346998027696016,-4.163336342344337e-17,79.99999999999157
baseline,7510102,responsive,plus,82.0,0.58831353157033,48.535049452942744,0.058831353157032994,0.0006715447146370693,3.068909200934658e-07,2.529569680776238e-05,0.0006290025931030857,6.554161241512091e-09,-0.0003720289582260089,2.0816681711721685e-17,81.99999999999118
baseline,7510102,responsive,plus,84.0,0.5877841518408187,49.71096677754306,0.058778415184081875,0.0007244826875881612,3.068909200934658e-07,2.529569680776238e-05,0.0006819405660541777,3.756577438007724e-09,-0.0004031590719021545,-6.938893903907228e-18,83.99999999999078
baseline,7510102,responsive,plus,86.0,0.5879779398110871,50.88678662239906,0.05879779398110872,0.000705103890561333,3.068909200934658e-07,2.529569680776238e-05,0.0006625617690273509,3.1190526550428643e-09,-0.0003917666444391635,1.3877787807814457e-17,85.99999999999038
baseline,7510102,responsive,plus,88.0,0.5873403711166015,52.06206291740586,0.058734037111660156,0.0007688607600098638,3.068909200934658e-07,2.529569680776238e-05,0.000726318638475882,1.8042978500165674e-09,-0.00042923395249432755,-2.0816681711721685e-17,87.99999999998998
baseline,7510102,responsive,plus,90.0,0.5874629063972492,53.23674684680426,0.05874629063972492,0.000756607231945092,3.068909200934658e-07,2.529569680776238e-05,0.0007140651104111104,2.7229855315002993e-09,-0.0004220362100285299,-2.7755575615628914e-17,89.99999999998958
baseline,7510102,responsive,plus,92.0,0.5871869041595074,54.41156566715122,0.05871869041595074,0.0007842074557192809,3.068909200934658e-07,2.529569680776238e-05,0.0007416653341852996,2.2300185309465093e-09,-0.0004382465088423604,-1.3877787807814457e-17,91.99999999998919
baseline,7510102,responsive,plus,94.0,0.5868445373210123,55.585444384621795,0.05868445373210123,0.000818444139568705,3.068909200934658e-07,2.529569680776238e-05,0.000775902018034724,9.03745892011365e-09,-0.00045834398048803793,-1.0408340855860843e-16,93.99999999998879
baseline,7510102,responsive,plus,96.0,0.5868771804448603,56.75909129855506,0.05868771804448603,0.0008151798271839471,3.068909200934658e-07,2.529569680776238e-05,0.0007726377056499664,3.952254884476147e-09,-0.00045642828331823176,-5.551115123125783e-17,95.99999999998839
baseline,7510102,responsive,plus,98.0,0.5868769038936791,57.9328194743537,0.05868769038936791,0.0008152074823020325,3.068909200934658e-07,2.529569680776238e-05,0.0007726653607680518,3.6315944140774548e-09,-0.00045644451347215745,-9.71445146547012e-17,97.99999999998799
baseline,7510102,responsive,plus,100.0,0.5871431570772231,59.10683652085774,0.05871431570772231,0.0007885821639476002,3.068909200934658e-07,2.529569680776238e-05,0.0007460400424136198,1.9068964185464665e-09,-0.0004408151845332574,-1.3183898417423734e-16,99.9999999999876
baseline,7510102,responsive,plus,102.0,0.5871051679712136,60.28133628987002,0.05871051679712136,0.000792381074548595,3.068909200934658e-07,2.529569680776238e-05,0.0007498389530146137,6.893199261392979e-09,-0.00044304561673834397,-8.326672684688674e-17,101.9999999999872
baseline,7510102,responsive,plus,104.0,0.586551882376573,61.45504307522548,0.0586551882376573,0.0008477096340126495,3.068909200934658e-07,2.529569680776238e-05,0.0008051675124786684,4.339393122609891e-09,-0.0004755139936886317,-9.020562075079397e-17,103.9999999999868
baseline,7510102,responsive,plus,106.0,0.5863423677373307,62.627777547451196,0.05863423677373308,0.0008686610979368268,3.068909200934658e-07,2.529569680776238e-05,0.0008261189764028464,8.21423903896168e-09,-0.00048780091947272716,-1.3183898417423734e-16,105.9999999999864
baseline,7510102,responsive,plus,108.0,0.5859530713319507,63.800124595135685,0.05859530713319507,0.0009075907384748204,3.068909200934658e-07,2.529569680776238e-05,0.0008650486169408391,4.127469699355402e-09,-0.0005106194394963806,-1.457167719820518e-16,107.999999999986
baseline,7510102,responsive,plus,110.0,0.585567579216173,64.97153069034431,0.0585567579216173,0.0009461399500526256,3.068909200934658e-07,2.529569680776238e-05,0.0009035978285186435,-2.2804090837880153e-09,-0.0005332000382092389,-1.1796119636642288e-16,109.9999999999856
baseline,7510102,responsive,plus,112.0,0.5854450051679108,66.14254491105616,0.058544500516791075,0.0009583973548789249,3.068909200934658e-07,2.529569680776238e-05,0.0009158552333449421,2.510762181495707e-09,-0.0005403768258609373,-4.163336342344337e-17,111.9999999999852
baseline,7510102,responsive,plus,114.0,0.5850239107163587,67.31306262850465,0.05850239107163587,0.0010005068000341743,3.068909200934658e-07,2.529569680776238e-05,0.0009579646785001923,1.805905425200649e-09,-0.0005650207241705875,6.938893903907228e-18,113.99999999998481
baseline,7510102,responsive,plus,116.0,0.5847122714311395,68.48258154969375,0.05847122714311395,0.0010316707285561299,3.068909200934658e-07,2.529569680776238e-05,0.0009891286070221478,-2.880825550333199e-09,-0.0005832475115555603,4.163336342344337e-17,115.99999999998441
baseline,7510102,responsive,plus,118.0,0.5845471242075261,69.65190935076359,0.05845471242075261,0.0010481854509174938,3.068909200934658e-07,2.529569680776238e-05,0.0010056433293835095,2.5878010012636565e-09,-0.0005929025086992418,6.245004513516506e-17,117.99999999998401
baseline,7510102,responsive,plus,120.0,0.5844165706624533,70.82091312338157,0.05844165706624534,0.0010612408054247852,3.068909200934658e-07,2.529569680776238e-05,0.0010186986838908003,-2.0030010983163038e-10,-0.0006005331264205722,8.326672684688674e-17,119.99999999998361
baseline,7510102,responsive,plus,122.0,0.5844063096306822,71.98961951352526,0.05844063096306822,0.001062266908601852,3.068909200934658e-07,2.529569680776238e-05,0.0010197247870678665,-6.500940064047001e-10,-0.0006011327928560489,3.469446951953614e-17,121.99999999998322
baseline,7510102,responsive,plus,124.0,0.5842505826938075,73.15841424928557,0.05842505826938075,0.0010778396022893147,3.068909200934658e-07,2.529569680776238e-05,0.0010352974807553296,2.777100438500213e-09,-0.0006102323607610101,2.0816681711721685e-17,123.99999999998282
baseline,7510102,responsive,plus,126.0,0.584098553183014,74.32662051040548,0.0584098553183014,0.0010930425533686628,3.068909200934658e-07,2.529569680776238e-05,0.0010505004318346767,-2.574672697264191e-10,-0.0006191135381391766,2.0816681711721685e-17,125.99999999998242
baseline,7510102,responsive,plus,128.0,0.5842065766524972,75.49484239617607,0.058420657665249724,0.0010822402064202593,3.068909200934658e-07,2.529569680776238e-05,0.0010396980848862752,8.697077114039331e-09,-0.000612803319462181,-5.551115123125783e-17,127.99999999998202
baseline,7510102,responsive,plus,130.0,0.5838726547254867,76.66306238577054,0.058387265472548674,0.0011156323991213337,3.068909200934658e-07,2.529569680776238e-05,0.0010730902775873516,2.4512572804891164e-09,-0.0006323056828543179,-2.7755575615628914e-17,129.99999999998303
baseline,7510102,responsive,plus,132.0,0.584151764683367,77.83104957948959,0.05841517646833671,0.0010877214033332388,3.068909200934658e-07,2.529569680776238e-05,0.0010451792817992534,1.402594596022766e-09,-0.0006160053205290957,-9.71445146547012e-17,131.99999999998406
baseline,7510102,responsive,plus,134.0,0.5842585753640414,78.99945455011058,0.05842585753640414,0.0010770403352657768,3.068909200934658e-07,2.529569680776238e-05,0.0010344982137317905,1.106016306318125e-09,-0.0006097653853427282,-1.249000902703301e-16,133.99999999998508
baseline,7510102,responsive,plus,136.0,0.5838542517150495,80.1675370090733,0.058385425171504954,0.001117472700164926,3.068909200934658e-07,2.529569680776238e-05,0.0010749305786309376,-1.868350196776447e-10,-0.0006333801673766674,-1.6653345369377348e-16,135.9999999999861
baseline,7510102,responsive,plus,138.0,0.5841775446531107,81.33559399711089,0.05841775446531107,0.0010851434063588203,3.068909200934658e-07,2.529569680776238e-05,0.0010426012848248315,6.9324297691242265e-09,-0.000614499345816831,-1.5265566588595902e-16,137.99999999998712
baseline,7510102,responsive,plus,140.0,0.5840364917722748,82.5039644496255,0.058403649177227485,0.0010992486944424531,3.068909200934658e-07,2.529569680776238e-05,0.001056706572908466,6.500936705622351e-09,-0.0006227383435803667,-1.0408340855860843e-16,139.99999999998815
baseline,7510102,responsive,plus,142.0,0.5836596551538137,83.67147614991173,0.05836596551538137,0.00113693235628857,3.068909200934658e-07,2.529569680776238e-05,0.001094390234754582,5.793676371990131e-09,-0.0006447398769502538,-1.0408340855860843e-16,141.99999999998917
baseline,7510102,responsive,plus,144.0,0.5835799107078474,84.83884171438153,0.058357991070784744,0.001144906800885212,3.068909200934658e-07,2.529569680776238e-05,0.001102364679351224,1.8900817300160355e-09,-0.0006493939205747291,-9.020562075079397e-17,143.9999999999902
baseline,7510102,responsive,plus,146.0,0.5836100491382114,86.00611791736448,0.05836100491382114,0.001141892957848787,3.068909200934658e-07,2.529569680776238e-05,0.0010993508363147976,5.604263719760638e-10,-0.000647635056908416,-1.249000902703301e-16,145.99999999999122
baseline,7510102,responsive,plus,148.0,0.5836517383471327,87.1733035714203,0.05836517383471328,0.0011377240369566312,3.068909200934658e-07,2.529569680776238e-05,0.0010951819154226409,2.5496236788491444e-09,-0.0006452019458821935,-1.3877787807814457e-16,147.99999999999224
baseline,7510102,responsive,plus,150.0,0.5834998354853844,88.34049226654466,0.058349983548538445,0.0011529143231315067,3.068909200934658e-07,2.529569680776238e-05,0.0011103722015975166,-1.4699600148215808e-09,-0.0006540666290901533,-9.71445146547012e-17,149.99999999999326
baseline,7510102,responsive,plus,152.0,0.5833417131391092,89.50739446277161,0.05833417131391093,0.001168726557759059,3.068909200934658e-07,2.529569680776238e-05,0.0011261844362250683,4.188834640261874e-09,-0.000663291815260144,-6.245004513516506e-17,151.9999999999943
baseline,7510102,responsive,plus,154.0,0.583116228956137,90.67381095873216,0.05831162289561371,0.0011912749760562824,3.068909200934658e-07,2.529569680776238e-05,0.001148732854522291,7.270375329548884e-09,-0.000676442706062385,-5.551115123125783e-17,153.9999999999953
baseline,7510102,responsive,plus,156.0,0.5831798819899661,91.84020784409545,0.05831798819899661,0.0011849096726734508,3.068909200934658e-07,2.529569680776238e-05,0.00114236755113946,6.2253909527409945e-09,-0.0006727307917721477,1.3877787807814457e-17,155.99999999999633
baseline,7510102,responsive,plus,158.0,0.5832136575841469,93.0066071394351,0.05832136575841469,0.0011815321132553301,3.068909200934658e-07,2.529569680776238e-05,0.00113898999172134,-8.777472637611083e-10,-0.0006707610100297606,-2.7755575615628914e-17,157.99999999999736
baseline,7510102,responsive,plus,160.0,0.5831850812821001,94.1729491492514,0.05831850812821001,0.0011843897434600963,3.068909200934658e-07,2.529569680776238e-05,0.001141847621926104,4.284636839768652e-09,-0.0006724275781632046,5.551115123125783e-17,159.99999999999838
baseline,7510102,responsive,plus,162.0,0.583135044428262,95.33954648908613,0.05831350444282621,0.001189393428843961,3.068909200934658e-07,2.529569680776238e-05,0.0011468513073099689,3.5435863410260282e-09,-0.000675345527646129,1.1796119636642288e-16,161.9999999999994
baseline,7510102,responsive,plus,164.0,0.5828420224698407,96.50537957172592,0.05828420224698407,0.0012186956246861295,3.068909200934658e-07,2.529569680776238e-05,0.0011761535031521379,-2.982265823181507e-10,-0.0006924283718269739,1.5265566588595902e-16,164.00000000000043
baseline,7510102,responsive,plus,166.0,0.5827991633706268,97.67110097420827,0.05827991633706268,0.0012229815346075246,3.068909200934658e-07,2.529569680776238e-05,0.0011804394130735308,3.2535049376836156e-09,-0.0006949262883885615,1.5265566588595902e-16,166.00000000000145
baseline,7510102,responsive,plus,168.0,0.5822879391546198,98.83630896888401,0.05822879391546199,0.001274103956208266,3.068909200934658e-07,2.529569680776238e-05,0.0012315618346742721,6.424492382528513e-09,-0.0007247073254169727,2.0816681711721685e-16,168.00000000000247
baseline,7510102,responsive,plus,170.0,0.5822321005042578,100.00058479545733,0.05822321005042578,0.0012796878212445123,3.068909200934658e-07,2.529569680776238e-05,0.001237145699710516,1.234358448787276e-10,-0.0007279585867836814,2.3592239273284576e-16,170.0000000000035
baseline,7510102,responsive,plus,172.0,0.5819837634144799,101.16496914994657,0.05819837634144799,0.0013045215302223121,3.068909200934658e-07,2.529569680776238e-05,0.0012619794086883155,-6.4369626295857074e-09,-0.0007424144857596238,2.498001805406602e-16,172.00000000000452
baseline,7510102,responsive,plus,174.0,0.5813608256794841,102.3283642906579,0.05813608256794841,0.0013668153037219141,3.068909200934658e-07,2.529569680776238e-05,0.0013242731821879175,-1.8750806740630566e-09,-0.0007786490479271164,2.706168622523819e-16,174.00000000000554
baseline,7510102,responsive,plus,176.0,0.5817384143465322,103.49126160498491,0.05817384143465322,0.001329056437017173,3.068909200934658e-07,2.529569680776238e-05,0.0012865143154831757,8.652045135892905e-09,-0.0007566903933428105,3.400058012914542e-16,176.00000000000657
baseline,7510102,responsive,plus,178.0,0.5813843695841217,104.65445425945377,0.05813843695841217,0.0013644609132582367,3.068909200934658e-07,2.529569680776238e-05,0.0013219187917242383,1.7993928291826222e-09,-0.0007772802698273566,3.5388358909926865e-16,178.0000000000076
baseline,7510102,responsive,plus,180.0,0.5812836917699951,105.8170149255293,0.05812836917699951,0.0013745286946708476,3.068909200934658e-07,2.529569680776238e-05,0.0013319865731368495,3.096453787820863e-09,-0.0007831330137759544,3.0531133177191805e-16,180.0000000000086
baseline,7510102,responsive,plus,182.0,0.5818867100458736,106.98029805640999,0.058188671004587356,0.0013142268670829828,3.068909200934658e-07,2.529569680776238e-05,0.0012716847455489866,4.098099776195241e-09,-0.0007480623632631633,2.8449465006019636e-16,182.00000000000963
baseline,7510102,responsive,plus,184.0,0.5813343691369034,108.14358147228904,0.05813343691369034,0.0013694609579799524,3.068909200934658e-07,2.529569680776238e-05,0.0013269188364459573,5.229655875016448e-10,-0.0007801870926736135,2.42861286636753e-16,184.00000000001066
baseline,7510102,responsive,plus,186.0,0.5814142460290104,109.3062210276013,0.058141424602901046,0.0013614732687692382,3.068909200934658e-07,2.529569680776238e-05,0.0013189311472352444,4.431454564413073e-09,-0.0007755432553895533,2.3592239273284576e-16,186.00000000001168
baseline,7510102,responsive,plus,188.0,0.5818360683009317,110.46948499560503,0.058183606830093174,0.001319291041577077,3.068909200934658e-07,2.529569680776238e-05,0.0012767489200430835,3.727235881045843e-09,-0.0007510090108693648,2.0122792321330962e-16,188.0000000000127
baseline,7510102,responsive,plus,190.0,0.5812079502239839,111.6326645896022,0.05812079502239839,0.001382102849271748,3.068909200934658e-07,2.529569680776238e-05,0.001339560727737754,-2.5953552917901135e-09,-0.0007875354594854417,9.020562075079397e-17,190.00000000001373
baseline,7510102,responsive,plus,192.0,0.5812910543125729,112.79508833258113,0.058129105431257294,0.001373792440412827,3.068909200934658e-07,2.529569680776238e-05,0.0013312503188788328,5.2389979021683075e-09,-0.0007827050384725566,6.938893903907228e-17,192.00000000001475
baseline,7510102,responsive,plus,194.0,0.5813033982487666,113.95772245930526,0.05813033982487667,0.0013725580467934557,3.068909200934658e-07,2.529569680776238e-05,0.001330015925259461,1.5537977848811835e-09,-0.0007819874888854751,7.632783294297951e-17,194.00000000001577
baseline,7510102,responsive,plus,196.0,0.5802134558772045,115.11939737628339,0.05802134558772046,0.001481552283949729,3.068909200934658e-07,2.529569680776238e-05,0.0014390101624157353,1.9694284258964245e-09,-0.0008452868106152492,1.3877787807814457e-16,196.0000000000168
baseline,7510102,responsive,plus,198.0,0.5801950077826534,116.27953316782322,0.05801950077826535,0.0014833970934048691,3.068909200934658e-07,2.529569680776238e-05,0.0014408549718708758,-5.794375257384132e-09,-0.0008463571768680227,1.6653345369377348e-16,198.00000000001782
baseline,7510102,responsive,plus,200.0,0.5801565812040733,117.44015584720226,0.058015658120407335,0.001487239751262914,3.068909200934658e-07,2.529569680776238e-05,0.0014446976297289183,9.784523469225093e-10,-0.0008485865939437606,1.942890293094024e-16,200.00000000001884
baseline,7510102,responsive,minus,0.0,0.5946035575013605,0.0,0.05946035575013606,0.0,0.0,0.0,,,,,0.0
baseline,7510102,responsive,minus,2.0,0.5946035575013605,1.1892071150027146,0.05946035575013606,6.144852317909876e-08,-3.8607654207187706e-08,3.6537510485496914e-08,,,,,1.9999999999999793
baseline,7510102,responsive,minus,4.0,0.5946035575013605,2.3784142300054203,0.05946035575013606,1.6839193676738574e-06,2.755306364707666e-07,1.0012644465643146e-06,,,,,3.999999999999937
baseline,7510102,responsive,minus,6.0,0.5946035575013605,3.5676213450081864,0.05946035575013606,-3.614968664151874e-06,1.4331431291702498e-06,-2.1494732279606488e-06,,,,,5.999999999999894
baseline,7510102,responsive,minus,8.0,0.5946035575013605,4.75682846001084,0.05946035575013606,-5.555376028754354e-07,7.589771430765418e-07,-3.303246349955124e-07,,,,,7.999999999999852
baseline,7510102,responsive,minus,10.0,0.5946035575013605,5.946035575013428,0.05946035575013606,-1.4807903441131544e-07,8.025179192390054e-07,-8.804832065233663e-08,,,,,10.000000000000163
baseline,7510102,responsive,minus,12.0,0.5946035575013605,7.135242690016017,0.05946035575013606,-8.84936316299107e-06,2.973296635238797e-07,-5.261862818335981e-06,,,,,12.000000000000476
baseline,7510102,responsive,minus,14.0,0.5946035575013605,8.324449805018702,0.05946035575013606,5.020461117636652e-06,2.2304119326304765e-07,2.985184040844013e-06,,,,,14.000000000000789
baseline,7510102,responsive,minus,16.0,0.5946035575013605,9.513656920021646,0.05946035575013606,4.563879390226553e-06,4.914911420149469e-08,2.713698921435847e-06,,,,,16.0000000000011
baseline,7510102,responsive,minus,18.0,0.5946035575013605,10.70286403502459,0.05946035575013606,-9.695819643702444e-06,2.4394498654122153e-07,-5.765168853037064e-06,,,,,18.000000000000703
baseline,7510102,responsive,minus,20.0,0.5946035575013605,11.892071150027533,0.05946035575013606,3.9179676625784616e-05,2.2575020032615152e-07,2.3296375103444405e-05,0.0,0.0,0.0,0.0,20.000000000000306
baseline,7510102,responsive,minus,22.0,0.5943301601565047,13.081084782951558,0.05943301601565048,6.651941111142015e-05,2.2575020032615152e-07,2.3296375103444405e-05,2.7339734485635625e-05,-2.990691971849202e-09,-1.6252566080857123e-05,5.551115123125783e-17,22.00000000000044
baseline,7510102,responsive,minus,24.0,0.5941539806886063,14.269641685353207,0.059415398068860634,8.413735790129242e-05,2.2575020032615152e-07,2.3296375103444405e-05,4.495768127550792e-05,-3.1031140157455894e-09,-2.6721891257849156e-05,8.326672684688674e-17,24.000000000000576
baseline,7510102,responsive,minus,26.0,0.5937821488743287,15.457407968240616,0.059378214887432876,0.00012132053932907954,2.2575020032615152e-07,2.3296375103444405e-05,8.214086270329481e-05,1.7429694354476055e-09,-4.88075135729113e-05,1.1102230246251565e-16,26.00000000000071
baseline,7510102,responsive,minus,28.0,0.5934202695967544,16.64478420204836,0.05934202695967544,0.0001575084670865461,2.2575020032615152e-07,2.3296375103444405e-05,0.00011832879046076134,-5.232395516863164e-09,-7.028871124945338e-05,1.457167719820518e-16,28.000000000000846
baseline,7510102,responsive,minus,30.0,0.5927513447295588,17.831025802856406,0.05927513447295588,0.00022440095380610805,2.2575020032615152e-07,2.3296375103444405e-05,0.00018522127718032303,-2.9608534513059226e-09,-0.00010996169572867476,1.457167719820518e-16,30.00000000000098
baseline,7510102,responsive,minus,32.0,0.5926134949262897,19.01618583855041,0.05926134949262897,0.00023818593413302633,2.2575020032615152e-07,2.3296375103444405e-05,0.00019900625750724133,-2.6860431934228046e-09,-0.00011813181122611108,1.5265566588595902e-16,32.000000000001116
baseline,7510102,responsive,minus,34.0,0.5924118454788931,20.20135061662478,0.05924118454788931,0.00025835087887267756,2.2575020032615152e-07,2.3296375103444405e-05,0.00021917120224689265,-2.6762003446645366e-09,-0.00013007979647829127,1.457167719820518e-16,34.000000000000725
baseline,7510102,responsive,minus,36.0,0.5920350426355284,21.38571059331729,0.05920350426355285,0.00029603116320909905,2.2575020032615152e-07,2.3296375103444405e-05,0.0002568514865833138,-4.999914066106115e-09,-0.00015239494424108824,1.0408340855860843e-16,36.00000000000033
baseline,7510102,responsive,minus,38.0,0.5920099746354717,22.56972733961189,0.05920099746354717,0.0002985379632147515,2.2575020032615152e-07,2.3296375103444405e-05,0.000259358286588966,-2.3218633682375867e-09,-0.00015387902626909714,8.326672684688674e-17,37.99999999999993
baseline,7510102,responsive,minus,40.0,0.5920819770636653,23.753840550702716,0.05920819770636653,0.0002913377203953274,2.2575020032615152e-07,2.3296375103444405e-05,0.00025215804376954267,2.4807220722067314e-09,-0.00014961615148275514,2.0816681711721685e-17,39.99999999999953
baseline,7510102,responsive,minus,42.0,0.5916856949828405,24.93761312863865,0.05916856949828405,0.0003309659284778283,2.2575020032615152e-07,2.3296375103444405e-05,0.00029178625185204317,-3.1102184161468927e-09,-0.00017307144729734186,3.469446951953614e-17,41.99999999999913
baseline,7510102,responsive,minus,44.0,0.5917760495714859,26.121005756908755,0.05917760495714859,0.0003219304696132899,2.2575020032615152e-07,2.3296375103444405e-05,0.00028275079298750516,6.260699181304119e-10,-0.00016772488734199953,4.163336342344337e-17,43.999999999998735
baseline,7510102,responsive,minus,46.0,0.5916957514687512,27.304456822832954,0.05916957514687512,0.000329960279886754,2.2575020032615152e-07,2.3296375103444405e-05,0.0002907806032609694,7.940165136499644e-09,-0.0001724764143551799,2.7755575615628914e-17,45.99999999999834
baseline,7510102,responsive,minus,48.0,0.5910237960232911,28.48717052675986,0.05910237960232912,0.0003971558244327911,2.2575020032615152e-07,2.3296375103444405e-05,0.00035797614780700636,-7.497097387343388e-10,-0.0002122131563746417,6.938893903907228e-17,47.99999999999794
baseline,7510102,responsive,minus,50.0,0.5909798635043274,29.669121166723055,0.059097986350432744,0.0004015490763291515,2.2575020032615152e-07,2.3296375103444405e-05,0.00036236939970336695,-2.6453743084964287e-09,-0.0002148095762840134,5.551115123125783e-17,49.99999999999754
baseline,7510102,responsive,minus,52.0,0.5905584636930502,30.850743383030053,0.05905584636930502,0.00044368905745690695,2.2575020032615152e-07,2.3296375103444405e-05,0.00040450938083112255,-4.289746863284094e-09,-0.00023970457768890396,8.326672684688674e-17,51.999999999997144
baseline,7510102,responsive,minus,54.0,0.590265172529052,32.03158640186637,0.0590265172529052,0.00047301817385672726,2.2575020032615152e-07,2.3296375103444405e-05,0.0004338384972309427,-5.219234461284472e-09,-0.0002570208346261149,8.326672684688674e-17,53.999999999996746
baseline,7510102,responsive,minus,56.0,0.5900942502635143,33.21177199854829,0.059009425026351425,0.0004901104004105513,2.2575020032615152e-07,2.3296375103444405e-05,0.00045093072378476644,-8.245197025136264e-10,-0.00026710831996074047,1.3183898417423734e-16,55.99999999999635
baseline,7510102,responsive,minus,58.0,0.5897285722402573,34.3915863000981,0.05897285722402574,0.0005266782027361965,2.2575020032615152e-07,2.3296375103444405e-05,0.0004874985261104111,-7.160291970453869e-09,-0.00028868008383706525,9.020562075079397e-17,57.99999999999595
baseline,7510102,responsive,minus,60.0,0.5898022426502295,35.57109016450301,0.05898022426502295,0.000519311161738969,2.2575020032615152e-07,2.3296375103444405e-05,0.0004801314851131838,5.340858033608953e-10,-0.0002843352579016793,7.632783294297951e-17,59.99999999999555
baseline,7510102,responsive,minus,62.0,0.5901638643117033,36.751000419077975,0.05901638643117033,0.0004831489955917072,2.2575020032615152e-07,2.3296375103444405e-05,0.0004439693189659222,-2.438783897051877e-09,-0.00026300019269755864,2.0122792321330962e-16,61.999999999995154
baseline,7510102,responsive,minus,64.0,0.590298387723687,37.93148631159938,0.059029838772368705,0.00046969665439335013,2.2575020032615152e-07,2.3296375103444405e-05,0.0004305169777675647,-5.8940874958501865e-09,-0.00025506020220446984,2.1510571102112408e-16,63.999999999994756
baseline,7510102,responsive,minus,66.0,0.5900184399898846,39.111849972613065,0.05900184399898846,0.0004976914277735964,2.2575020032615152e-07,2.3296375103444405e-05,0.0004585117511478112,7.127007317642153e-11,-0.00027158155325883795,2.1510571102112408e-16,65.99999999999436
baseline,7510102,responsive,minus,68.0,0.5897893560554218,40.29150687128634,0.05897893560554219,0.0005205998212199101,2.2575020032615152e-07,2.3296375103444405e-05,0.0004814201445941261,-4.565803679579261e-09,-0.0002850953038502288,2.5673907444456745e-16,67.99999999999396
baseline,7510102,responsive,minus,70.0,0.5896898847023818,41.4710525129396,0.05896898847023818,0.0005305469565239263,2.2575020032615152e-07,2.3296375103444405e-05,0.0004913672798981418,-1.890610862309572e-09,-0.0002909615236482699,2.636779683484747e-16,69.99999999999356
baseline,7510102,responsive,minus,72.0,0.5894120914971491,42.65012139564747,0.058941209149714915,0.0005583262770472665,2.2575020032615152e-07,2.3296375103444405e-05,0.0005191466004214817,-3.3874650029463993e-09,-0.00030733884951150356,3.400058012914542e-16,71.99999999999316
baseline,7510102,responsive,minus,74.0,0.5897669718120241,43.829069165619984,0.058976697181202416,0.0005228382455597507,2.2575020032615152e-07,2.3296375103444405e-05,0.0004836585689339651,-4.074933501740929e-09,-0.0002864154776474441,3.2612801348363973e-16,73.99999999999277
baseline,7510102,responsive,minus,76.0,0.5898917243559565,45.00902173296548,0.058989172435595656,0.0005103629911664881,2.2575020032615152e-07,2.3296375103444405e-05,0.000471183314540703,8.026495301738379e-10,-0.0002790572064814978,3.0531133177191805e-16,75.99999999999237
baseline,7510102,responsive,minus,78.0,0.5893937409782816,46.18834722183901,0.05893937409782816,0.0005601613289339598,2.2575020032615152e-07,2.3296375103444405e-05,0.0005209816523081757,-7.107555599628057e-09,-0.0003084204344450045,2.7755575615628914e-16,77.99999999999197
baseline,7510102,responsive,minus,80.0,0.5894572876989466,47.36714815401334,0.05894572876989466,0.0005538066568674859,2.2575020032615152e-07,2.3296375103444405e-05,0.0005146269802417027,-4.977042528109266e-09,-0.00030467482859375394,3.0531133177191805e-16,79.99999999999157
baseline,7510102,responsive,minus,82.0,0.5892687778878337,48.545969134311285,0.058926877788783374,0.0005726576379787156,2.2575020032615152e-07,2.3296375103444405e-05,0.0005334779613529321,-6.674386404670329e-09,-0.000315784899992632,2.498001805406602e-16,81.99999999999118
baseline,7510102,responsive,minus,84.0,0.5889696627204146,49.72415523677547,0.05889696627204147,0.0006025691547205771,2.2575020032615152e-07,2.3296375103444405e-05,0.0005633894780947943,-1.6672799252326342e-09,-0.0003334063494137389,2.0816681711721685e-16,83.99999999999078
baseline,7510102,responsive,minus,86.0,0.5892968547422182,50.90238478310065,0.058929685474221824,0.0005698499525402795,2.2575020032615152e-07,2.3296375103444405e-05,0.0005306702759144962,-4.684644616670397e-09,-0.0003141303792101348,2.636779683484747e-16,85.99999999999038
baseline,7510102,responsive,minus,88.0,0.5889768915890468,52.08079053986067,0.05889768915890468,0.0006018462678574178,2.2575020032615152e-07,2.3296375103444405e-05,0.0005626665912316352,3.0375655046821493e-09,-0.0003329805883688988,2.5673907444456745e-16,87.99999999998998
baseline,7510102,responsive,minus,90.0,0.5888924552566216,53.258616076518216,0.058889245525662166,0.0006102899010999711,2.2575020032615152e-07,2.3296375103444405e-05,0.0005711102244741883,-4.216762494735349e-09,-0.00033795333675508063,2.983724378680108e-16,89.99999999998958
baseline,7510102,responsive,minus,92.0,0.5889579060766176,54.4364367640784,0.058895790607661765,0.0006037448191003672,2.2575020032615152e-07,2.3296375103444405e-05,0.0005645651424745846,3.722615771195592e-09,-0.00033409877315598857,2.914335439641036e-16,91.99999999998919
baseline,7510102,responsive,minus,94.0,0.5889041447034278,55.61443396268396,0.05889041447034278,0.000609120956419288,2.2575020032615152e-07,2.3296375103444405e-05,0.0005699412797935059,-6.157831383690748e-09,-0.0003372649472198966,2.2898349882893854e-16,93.99999999998879
baseline,7510102,responsive,minus,96.0,0.588719807597366,56.79191251607719,0.0588719807597366,0.0006275546670254418,2.2575020032615152e-07,2.3296375103444405e-05,0.0005883749903996586,-3.776825130419326e-09,-0.00034811893678970626,2.0122792321330962e-16,95.99999999998839
baseline,7510102,responsive,minus,98.0,0.5887179755134968,57.96931473584994,0.058871797551349685,0.0006277378754123862,2.2575020032615152e-07,2.3296375103444405e-05,0.0005885581987866022,-5.2468862310472986e-09,-0.00034822679502817533,2.2898349882893854e-16,97.99999999998799
baseline,7510102,responsive,minus,100.0,0.5883457781373658,59.146553372320874,0.05883457781373658,0.0006649576130254258,2.2575020032615152e-07,2.3296375103444405e-05,0.0006257779363996412,3.47013701107457e-09,-0.0003701317970605661,1.5959455978986625e-16,99.9999999999876
baseline,7510102,responsive,minus,102.0,0.588179926008473,60.322968629971776,0.05881799260084731,0.0006815428259147292,2.2575020032615152e-07,2.3296375103444405e-05,0.0006423631492889441,-4.030070527294427e-09,-0.00037988826169704434,1.942890293094024e-16,101.9999999999872
baseline,7510102,responsive,minus,104.0,0.5881147422510875,61.49934595337775,0.058811474225108754,0.0006880612016532348,2.2575020032615152e-07,2.3296375103444405e-05,0.0006488815250274496,-5.446579826040576e-09,-0.00038372202701053224,1.457167719820518e-16,103.9999999999868
baseline,7510102,responsive,minus,106.0,0.587740311946859,62.67515482375103,0.05877403119468591,0.0007255042320760717,2.2575020032615152e-07,2.3296375103444405e-05,0.0006863245554502872,-1.6357078191919783e-09,-0.00040573581529412817,1.3877787807814457e-16,105.9999999999864
baseline,7510102,responsive,minus,108.0,0.587712343401316,63.850546792114244,0.0587712343401316,0.0007283010866303122,2.2575020032615152e-07,2.3296375103444405e-05,0.000689121410004528,1.4666310388378179e-09,-0.0004073796003503695,7.632783294297951e-17,107.999999999986
baseline,7510102,responsive,minus,110.0,0.5877313650800549,65.02594401035411,0.05877313650800549,0.0007263989187564175,2.2575020032615152e-07,2.3296375103444405e-05,0.0006872192421306329,5.864023155943698e-10,-0.000406261654720453,6.245004513516506e-17,109.9999999999856
baseline,7510102,responsive,minus,112.0,0.5877726367327316,66.20130375287968,0.05877726367327316,0.0007222717534887031,2.2575020032615152e-07,2.3296375103444405e-05,0.0006830920768629182,-1.5166068956240508e-09,-0.0004038359050763038,2.0816681711721685e-17,111.9999999999852
baseline,7510102,responsive,minus,114.0,0.587836359744285,67.37700788870107,0.058783635974428504,0.000715899452333379,2.2575020032615152e-07,2.3296375103444405e-05,0.0006767197757075931,-8.633342457597948e-09,-0.00040009023779306527,4.163336342344337e-17,113.99999999998481
baseline,7510102,responsive,minus,116.0,0.5878523580882609,68.55263218912299,0.058785235808826095,0.0007142996179357962,2.2575020032615152e-07,2.3296375103444405e-05,0.0006751199413100104,-2.8266388674147436e-09,-0.0003991497841672395,4.85722573273506e-17,115.99999999998441
baseline,7510102,responsive,minus,118.0,0.5877772957067098,69.72819493403628,0.058777729570670983,0.0007218058560908658,2.2575020032615152e-07,2.3296375103444405e-05,0.0006826261794650799,-6.42207886869528e-09,-0.00040356206224903893,6.938893903907228e-18,117.99999999998401
baseline,7510102,responsive,minus,120.0,0.5873460729724418,70.90343093074314,0.05873460729724418,0.000764928129517716,2.2575020032615152e-07,2.3296375103444405e-05,0.0007257484528919295,9.273462553416323e-10,-0.00042889905785624405,5.551115123125783e-17,119.99999999998361
baseline,7510102,responsive,minus,122.0,0.5872800069850481,72.07787429474571,0.05872800069850481,0.0007715347282570803,2.2575020032615152e-07,2.3296375103444405e-05,0.0007323550516312939,-3.250253066688913e-09,-0.0004327791994457805,4.85722573273506e-17,121.99999999998322
baseline,7510102,responsive,minus,124.0,0.5869644576573646,73.25226218782704,0.05869644576573646,0.0008030896610254688,2.2575020032615152e-07,2.3296375103444405e-05,0.0007639099843996818,-3.197413778188718e-09,-0.00045130580201348247,8.326672684688674e-17,123.99999999998282
baseline,7510102,responsive,minus,126.0,0.586530919937743,74.42560811031387,0.0586530919937743,0.0008464434329875374,2.2575020032615152e-07,2.3296375103444405e-05,0.0008072637563617503,1.6463340413164218e-09,-0.00047674352751293086,0.0,125.99999999998242
baseline,7510102,responsive,minus,128.0,0.5864433301415226,75.59858400357591,0.05864433301415227,0.000855202412609589,2.2575020032615152e-07,2.3296375103444405e-05,0.0008160227359838015,2.523294073686344e-10,-0.00048188055628974047,1.3877787807814457e-17,127.99999999998202
baseline,7510102,responsive,minus,130.0,0.5861706073597598,76.77141059003004,0.05861706073597599,0.0008824746907858606,2.2575020032615152e-07,2.3296375103444405e-05,0.0008432950141600723,-7.523708323020628e-10,-0.0004978704830382007,0.0,129.99999999998303
baseline,7510102,responsive,minus,132.0,0.5859166109793482,77.94332769863723,0.05859166109793482,0.0009078743288269998,2.2575020032615152e-07,2.3296375103444405e-05,0.0008686946522012132,-4.925924473875298e-09,-0.0005127557785874447,-2.0816681711721685e-17,131.99999999998406
baseline,7510102,responsive,minus,134.0,0.5858945794997766,79.11544323961517,0.058589457949977664,0.0009100774767841374,2.2575020032615152e-07,2.3296375103444405e-05,0.0008708978001583511,-8.464155182297262e-09,-0.0005140466153026844,-4.163336342344337e-17,133.99999999998508
baseline,7510102,responsive,minus,136.0,0.5855876752338433,80.28689140688874,0.058558767523384334,0.0009407679033774893,2.2575020032615152e-07,2.3296375103444405e-05,0.000901588226751703,-6.609035985150058e-09,-0.0005320232603748323,-2.0816681711721685e-17,135.9999999999861
baseline,7510102,responsive,minus,138.0,0.5855998029633717,81.4578774541685,0.058559980296337175,0.0009395551304245934,2.2575020032615152e-07,2.3296375103444405e-05,0.0009003754537988072,-6.668142482624262e-09,-0.0005313130681266973,-7.632783294297951e-17,137.99999999998712
baseline,7510102,responsive,minus,140.0,0.585549618589489,82.62912412213306,0.0585549618589489,0.0009445735678128993,2.2575020032615152e-07,2.3296375103444405e-05,0.0009053938911871126,-3.651108249069779e-09,-0.0005342517381488887,-4.163336342344337e-17,139.99999999998815
baseline,7510102,responsive,minus,142.0,0.584972882231708,83.79967700793432,0.058497288223170796,0.0010022472035909626,2.2575020032615152e-07,2.3296375103444405e-05,0.0009630675269651772,-2.9835849346682153e-09,-0.0005680058823401037,-8.326672684688674e-17,141.99999999998917
baseline,7510102,responsive,minus,144.0,0.584840816033488,84.96939970508956,0.0584840816033488,0.0010154538234129575,2.2575020032615152e-07,2.3296375103444405e-05,0.0009762741467871723,-2.5908126199958303e-09,-0.0005757305247278827,-8.326672684688674e-17,143.9999999999902
baseline,7510102,responsive,minus,146.0,0.5845831214572088,86.13895496036969,0.058458312145720885,0.001041223281040896,2.2575020032615152e-07,2.3296375103444405e-05,0.0010020436044151117,-1.5841067069199966e-09,-0.0005907982350309982,-6.245004513516506e-17,145.99999999999122
baseline,7510102,responsive,minus,148.0,0.584335039146199,87.30788539794095,0.0584335039146199,0.0010660315121418832,2.2575020032615152e-07,2.3296375103444405e-05,0.0010268518355160984,-3.959884753435006e-09,-0.0006052976309641953,-6.245004513516506e-17,147.99999999999224
baseline,7510102,responsive,minus,150.0,0.5843672978461536,88.47656208344458,0.05843672978461536,0.0010628056421463728,2.2575020032615152e-07,2.3296375103444405e-05,0.0010236259655205886,-4.096049555091241e-09,-0.0006034125900629302,-1.1102230246251565e-16,149.99999999999326
baseline,7510102,responsive,minus,152.0,0.5842306335936887,89.64523279735388,0.058423063359368865,0.001076472067392845,2.2575020032615152e-07,2.3296375103444405e-05,0.0010372923907670595,-3.5371920392712752e-09,-0.0006113978681995466,-1.3183898417423734e-16,151.9999999999943
baseline,7510102,responsive,minus,154.0,0.5839868196126844,90.81342633753911,0.05839868196126844,0.0011008534654932825,2.2575020032615152e-07,2.3296375103444405e-05,0.0010616737888674988,2.576995422609585e-09,-0.000625639255596791,-1.1796119636642288e-16,153.9999999999953
baseline,7510102,responsive,minus,156.0,0.5841413019615701,91.98158068598626,0.05841413019615701,0.0010854052306046745,2.2575020032615152e-07,2.3296375103444405e-05,0.0010462255539788912,-9.89691417707661e-09,-0.0006166164967957785,-1.5959455978986625e-16,155.99999999999633
baseline,7510102,responsive,minus,158.0,0.5838993177985695,93.14952492633674,0.058389931779856956,0.001109603646904698,2.2575020032615152e-07,2.3296375103444405e-05,0.0010704239702789158,-1.421340767304713e-09,-0.0006307488633819427,-1.8735013540549517e-16,157.99999999999736
baseline,7510102,responsive,minus,160.0,0.5836406433041366,94.31692287224567,0.058364064330413655,0.0011354710963479594,2.2575020032615152e-07,2.3296375103444405e-05,0.001096291419722178,-1.941797750371066e-09,-0.0006458495038403692,-2.220446049250313e-16,159.99999999999838
baseline,7510102,responsive,minus,162.0,0.5835667468454615,95.48429732795965,0.05835667468454615,0.0011428607422154637,2.2575020032615152e-07,2.3296375103444405e-05,0.0011036810655896834,2.453649283751247e-09,-0.0006501621284739391,-2.220446049250313e-16,161.9999999999994
baseline,7510102,responsive,minus,164.0,0.5833941259845974,96.6511451827322,0.05833941259845974,0.001160122828301912,2.2575020032615152e-07,2.3296375103444405e-05,0.0011209431516761297,5.2374126702225965e-09,-0.0006602342179970744,-1.8735013540549517e-16,164.00000000000043
baseline,7510102,responsive,minus,166.0,0.5833776080306637,97.81788865347868,0.05833776080306637,0.0011617746236952684,2.2575020032615152e-07,2.3296375103444405e-05,0.0011225949470694881,2.0597866468019532e-09,-0.0006611978520847522,-1.942890293094024e-16,166.00000000000145
baseline,7510102,responsive,minus,168.0,0.5829540081007295,98.98429432920014,0.05829540081007295,0.0012041346166887252,2.2575020032615152e-07,2.3296375103444405e-05,0.0011649549400629443,-3.3414615518978508e-09,-0.0006859007516284189,-1.5959455978986625e-16,168.00000000000247
baseline,7510102,responsive,minus,170.0,0.5827886992575264,100.15000468575633,0.058278869925752645,0.0012206655010090378,2.2575020032615152e-07,2.3296375103444405e-05,0.001181485824383257,-4.407864739874867e-09,-0.0006955361305497065,-1.5265566588595902e-16,170.0000000000035
baseline,7510102,responsive,minus,172.0,0.5829931934891442,101.31593469355306,0.05829931934891443,0.0012002160778473365,2.2575020032615152e-07,2.3296375103444405e-05,0.0011610364012215547,-3.1776730691213118e-09,-0.0006836163469301493,-7.632783294297951e-17,172.00000000000452
baseline,7510102,responsive,minus,174.0,0.582339765150087,102.48096091839147,0.05823397651500871,0.001265558911753047,2.2575020032615152e-07,2.3296375103444405e-05,0.0012263792351272658,1.797643256473691e-09,-0.0007216894259107591,-8.326672684688674e-17,174.00000000000554
baseline,7510102,responsive,minus,176.0,0.5824125614870445,103.64575050725006,0.05824125614870445,0.0012582792780573085,2.2575020032615152e-07,2.3296375103444405e-05,0.001219099601431528,2.9241957744119418e-09,-0.0007174499407686698,-7.632783294297951e-17,176.00000000000657
baseline,7510102,responsive,minus,178.0,0.5820598307914875,104.81041183600841,0.05820598307914875,0.0012935523476129641,2.2575020032615152e-07,2.3296375103444405e-05,0.0012543726709871826,-2.119471403938533e-09,-0.0007379871986129341,-1.249000902703301e-16,178.0000000000076
baseline,7510102,responsive,minus,180.0,0.5818409112689438,105.97411086290793,0.058184091126894384,0.0013154442998673365,2.2575020032615152e-07,2.3296375103444405e-05,0.001276264623241555,-1.4462860908892594e-09,-0.0007507272283499393,-1.1796119636642288e-16,180.0000000000086
baseline,7510102,responsive,minus,182.0,0.5818311269621055,107.13798018779012,0.05818311269621056,0.0013164227305512007,2.2575020032615152e-07,2.3296375103444405e-05,0.001277243053925419,-6.4746388805936306e-09,-0.0007512965145639976,-8.326672684688674e-17,182.00000000000963
baseline,7510102,responsive,minus,184.0,0.5813622271120396,108.30110272563432,0.05813622271120396,0.0013633127155578402,2.2575020032615152e-07,2.3296375103444405e-05,0.00132413303893206,-4.139910220191112e-09,-0.0007785675740301541,-4.163336342344337e-17,184.00000000001066
baseline,7510102,responsive,minus,186.0,0.5812982538072526,109.46368170494638,0.05812982538072527,0.001369710046036592,2.2575020032615152e-07,2.3296375103444405e-05,0.0013305303694108115,-3.4649892399762905e-09,-0.0007822865356956303,2.0816681711721685e-17,186.00000000001168
baseline,7510102,responsive,minus,188.0,0.5811097788174941,110.62626418792135,0.05811097788174942,0.0013885575450124264,2.2575020032615152e-07,2.3296375103444405e-05,0.0013493778683866427,-4.803625053284577e-09,-0.0007932407777978406,0.0,188.0000000000127
baseline,7510102,responsive,minus,190.0,0.5809378801997243,111.78821863265097,0.058093788019972434,0.0014057474067893836,2.2575020032615152e-07,2.3296375103444405e-05,0.0013665677301635988,-7.087089137769453e-09,-0.0008032284971162262,-2.7755575615628914e-17,190.00000000001373
baseline,7510102,responsive,minus,192.0,0.5806426557566439,112.94982482511428,0.05806426557566439,0.0014352698510973793,2.2575020032615152e-07,2.3296375103444405e-05,0.001396090174471594,-1.1251223286379286e-09,-0.0008203748454572654,-7.632783294297951e-17,192.00000000001475
baseline,7510102,responsive,minus,194.0,0.5802449862771066,114.11077467015608,0.05802449862771067,0.001475036799051086,2.2575020032615152e-07,2.3296375103444405e-05,0.0014358571224253002,-4.723756719116068e-09,-0.0008434573246777037,-9.020562075079397e-17,194.00000000001577
baseline,7510102,responsive,minus,196.0,0.57976522656144,115.27075104607076,0.05797652265614401,0.0015230127706177764,2.2575020032615152e-07,2.3296375103444405e-05,0.0014838330939919897,-1.8128568368691589e-09,-0.0008712836331717898,-5.551115123125783e-17,196.0000000000168
baseline,7510102,responsive,minus,198.0,0.5794315485279738,116.42989731061174,0.057943154852797385,0.0015563805739644285,2.2575020032615152e-07,2.3296375103444405e-05,0.0015172008973386424,2.197856618924021e-09,-0.0008906235581874027,-2.7755575615628914e-17,198.00000000001782
baseline,7510102,responsive,minus,200.0,0.579340494237597,117.58876396040243,0.05793404942375971,0.0015654860030020546,2.2575020032615152e-07,2.3296375103444405e-05,0.0015263063263762679,-4.415790649803242e-09,-0.0008958991164905242,-8.326672684688674e-17,200.00000000001884
baseline,7510103,responsive,F0,0.0,0.5946035575013605,0.0,0.05946035575013606,0.0,0.0,0.0,,,,,0.0
baseline,7510103,responsive,F0,2.0,0.5946035575013605,1.1892071150027146,0.05946035575013606,8.196369783702563e-09,1.1649895503035051e-07,4.873590631986199e-09,,,,,1.9999999999999793
baseline,7510103,responsive,F0,4.0,0.5946035575013605,2.3784142300054203,0.05946035575013606,-1.5965191939082333e-06,-2.1403363490870014e-07,-9.492959923170412e-07,,,,,3.999999999999937
baseline,7510103,responsive,F0,6.0,0.5946035575013605,3.5676213450081864,0.05946035575013606,5.126865504422112e-06,-1.8322809930072343e-06,3.0484524677603973e-06,,,,,5.999999999999894
baseline,7510103,responsive,F0,8.0,0.5946035575013605,4.75682846001084,0.05946035575013606,4.9139362177511175e-06,6.410758944305705e-07,2.9218439564096e-06,,,,,7.999999999999852
baseline,7510103,responsive,F0,10.0,0.5946035575013605,5.946035575013428,0.05946035575013606,-3.666174381747721e-06,-1.0102892468311837e-06,-2.179920329807535e-06,,,,,10.000000000000163
baseline,7510103,responsive,F0,12.0,0.5946035575013605,7.135242690016017,0.05946035575013606,3.288657005434338e-05,-1.3257428638324843e-06,1.955447154833026e-05,,,,,12.000000000000476
baseline,7510103,responsive,F0,14.0,0.5946035575013605,8.324449805018702,0.05946035575013606,6.406655989317236e-06,1.5654755463824969e-06,3.8094204429354527e-06,,,,,14.000000000000789
baseline,7510103,responsive,F0,16.0,0.5946035575013605,9.513656920021646,0.05946035575013606,2.1221986838616817e-05,1.0295765805020127e-06,1.2618668871488641e-05,,,,,16.0000000000011
baseline,7510103,responsive,F0,18.0,0.5946035575013605,10.70286403502459,0.05946035575013606,6.102474735550403e-05,1.5068047264839213e-06,3.62855318732044e-05,,,,,18.000000000000703
baseline,7510103,responsive,F0,20.0,0.5946035575013605,11.892071150027533,0.05946035575013606,2.379905262428857e-05,1.5870209783961737e-06,1.4151001355564104e-05,0.0,0.0,0.0,0.0,20.000000000000306
baseline,7510103,responsive,F0,22.0,0.5943671822163258,13.081269382006269,0.05943671822163259,4.7436581127793806e-05,1.5870209783961737e-06,1.4151001355564104e-05,2.363752850350516e-05,5.655690082928544e-10,-1.405216487493366e-05,3.469446951953614e-17,22.00000000000044
baseline,7510103,responsive,F0,24.0,0.5938044285597247,14.269234518406106,0.05938044285597248,0.00010371194678788352,1.5870209783961737e-06,1.4151001355564104e-05,7.991289416359484e-05,4.1420185059592995e-09,-4.748456080662378e-05,1.3877787807814457e-17,24.000000000000576
baseline,7510103,responsive,F0,26.0,0.5935934245998469,15.456726427348949,0.05935934245998469,0.0001248123427757358,1.5870209783961737e-06,1.4151001355564104e-05,0.000101013290151447,-9.67194274670291e-09,-6.0011843254981906e-05,8.326672684688674e-17,26.00000000000071
baseline,7510103,responsive,F0,28.0,0.5927305797133309,16.643153766047178,0.059273057971333094,0.00021109683142733288,1.5870209783961737e-06,1.4151001355564104e-05,0.00018729777880304376,3.772740148066944e-09,-0.00011119252329862273,8.326672684688674e-17,28.000000000000846
baseline,7510103,responsive,F0,30.0,0.592316203751771,17.828094719270567,0.0592316203751771,0.0002525344275833951,1.5870209783961737e-06,1.4151001355564104e-05,0.00022873537495910612,1.0608630307551437e-08,-0.00013574526831821102,1.5265566588595902e-16,30.00000000000098
baseline,7510103,responsive,F0,32.0,0.5919386870482831,19.01242029381019,0.05919386870482831,0.00029028609793222315,1.5870209783961737e-06,1.4151001355564104e-05,0.0002664870453079339,1.526737347656848e-09,-0.00015809906844142796,1.8735013540549517e-16,32.000000000001116
baseline,7510103,responsive,F0,34.0,0.5911314096779484,20.19534781926095,0.059113140967794846,0.00037101383496578494,1.5870209783961737e-06,1.4151001355564104e-05,0.00034721478234149615,-3.703462120308032e-09,-0.00020585235427176066,2.8449465006019636e-16,34.000000000000725
baseline,7510103,responsive,F0,36.0,0.5910723596313999,21.37751687024558,0.05910723596314,0.00037691883962057734,1.5870209783961737e-06,1.4151001355564104e-05,0.0003531197869962885,2.6407386277682576e-09,-0.0002093428136521365,2.2898349882893854e-16,36.00000000000033
baseline,7510103,responsive,F0,38.0,0.5907494879003067,22.559456159863757,0.05907494879003067,0.0004092060127299498,1.5870209783961737e-06,1.4151001355564104e-05,0.0003854069601056612,9.283108726165779e-10,-0.00022842165693996025,2.706168622523819e-16,37.99999999999993
baseline,7510103,responsive,F0,40.0,0.5903273682288298,23.74032394473737,0.05903273682288298,0.0004514179798776751,1.5870209783961737e-06,1.4151001355564104e-05,0.0004276189272533865,5.341949743664642e-09,-0.0002533494456648695,3.122502256758253e-16,39.99999999999953
baseline,7510103,responsive,F0,42.0,0.5903189346327979,24.92104474398758,0.0590318934632798,0.00045226133948083344,1.5870209783961737e-06,1.4151001355564104e-05,0.00042846228685654487,1.1743911454420441e-08,-0.0002538473003636105,2.8449465006019636e-16,41.99999999999913
baseline,7510103,responsive,F0,44.0,0.5893249700234303,26.100653537414832,0.058932497002343036,0.0005516578004176071,1.5870209783961737e-06,1.4151001355564104e-05,0.0005278587477933178,9.750418306087028e-09,-0.0003124735150078356,2.983724378680108e-16,43.999999999998735
baseline,7510103,responsive,F0,46.0,0.5889347186525039,27.27882349500582,0.058893471865250395,0.0005906829375102812,1.5870209783961737e-06,1.4151001355564104e-05,0.0005668838848859935,4.333447795046297e-09,-0.0003354643879484899,3.3306690738754696e-16,45.99999999999834
baseline,7510103,responsive,F0,48.0,0.588591624957539,28.456511048451024,0.0588591624957539,0.0006249923070067544,1.5870209783961737e-06,1.4151001355564104e-05,0.0006011932543824659,-2.870070570093475e-10,-0.00035566448115587415,3.122502256758253e-16,47.99999999999794
baseline,7510103,responsive,F0,50.0,0.587787572026048,29.63269972190924,0.0587787572026048,0.0007053976001558199,1.5870209783961737e-06,1.4151001355564104e-05,0.0006815985475315326,7.289622516726268e-10,-0.00040295803824986,2.7755575615628914e-16,49.99999999999754
baseline,7510103,responsive,F0,52.0,0.5876587246494562,30.808029888823008,0.05876587246494563,0.0007182823378149791,1.5870209783961737e-06,1.4151001355564104e-05,0.0006944832851906922,3.058528263988336e-09,-0.0004105306968324139,2.636779683484747e-16,51.999999999997144
baseline,7510103,responsive,F0,54.0,0.5873177518313266,31.983179674340953,0.05873177518313266,0.0007523796196280112,1.5870209783961737e-06,1.4151001355564104e-05,0.0007285805670037256,1.2651011904729614e-08,-0.0004305624488534984,3.3306690738754696e-16,53.999999999996746
baseline,7510103,responsive,F0,56.0,0.587103112106746,33.15747064346852,0.058710311210674604,0.0007738435920860196,1.5870209783961737e-06,1.4151001355564104e-05,0.0007500445394617355,1.2334009924508393e-09,-0.00044316631739236764,2.8449465006019636e-16,55.99999999999635
baseline,7510103,responsive,F0,58.0,0.5868730642438318,34.331585359424494,0.05868730642438318,0.0007968483783774711,1.5870209783961737e-06,1.4151001355564104e-05,0.0007730493257531864,6.9078675557499025e-09,-0.00045666985291645257,3.122502256758253e-16,57.99999999999595
baseline,7510103,responsive,F0,60.0,0.5862530158979995,35.50473019696238,0.05862530158979996,0.0008588532129606972,1.5870209783961737e-06,1.4151001355564104e-05,0.0008350541603364127,-6.857994144793267e-09,-0.0004930395971886846,3.122502256758253e-16,59.99999999999555
baseline,7510103,responsive,F0,62.0,0.5862439843299089,36.6770029281167,0.05862439843299089,0.0008597563697698447,1.5870209783961737e-06,1.4151001355564104e-05,0.0008359573171455602,4.914738588324141e-09,-0.0004935690715133674,3.885780586188048e-16,61.999999999995154
baseline,7510103,responsive,F0,64.0,0.5861679593813127,37.84940548042859,0.05861679593813127,0.0008673588646294399,1.5870209783961737e-06,1.4151001355564104e-05,0.0008435598120051557,5.479205089642392e-09,-0.0004980256994010744,3.7470027081099033e-16,63.999999999994756
baseline,7510103,responsive,F0,66.0,0.5858473576267738,39.02143264362157,0.05858473576267738,0.0008994190400833898,1.5870209783961737e-06,1.4151001355564104e-05,0.0008756199874591061,6.677325331549966e-09,-0.0005168132077500408,4.3021142204224816e-16,65.99999999999436
baseline,7510103,responsive,F0,68.0,0.5864465824855948,40.193785931678036,0.05864465824855948,0.0008394965542012788,1.5870209783961737e-06,1.4151001355564104e-05,0.0008156975015769963,1.1339766514684158e-08,-0.00048168982421201156,4.2327252813834093e-16,67.99999999999396
baseline,7510103,responsive,F0,70.0,0.5862025994884703,41.366463146696816,0.05862025994884704,0.0008638948539137436,1.5870209783961737e-06,1.4151001355564104e-05,0.0008400958012894605,3.2673967698126916e-09,-0.0004959951473116897,4.371503159461554e-16,69.99999999999356
baseline,7510103,responsive,F0,72.0,0.5862067533367533,42.538520491667015,0.058620675333675334,0.0008634794690854517,1.5870209783961737e-06,1.4151001355564104e-05,0.0008396804164611689,-1.0574514042183125e-09,-0.0004957516467828313,4.440892098500626e-16,71.99999999999316
baseline,7510103,responsive,F0,74.0,0.5868101519284642,43.71165435104048,0.05868101519284642,0.0008031396099143359,1.5870209783961737e-06,1.4151001355564104e-05,0.0007793405572900529,3.784840357790031e-09,-0.00046036180934832735,4.163336342344337e-16,73.99999999999277
baseline,7510103,responsive,F0,76.0,0.5866654827888212,44.885157488630064,0.058666548278882125,0.0008176065238786281,1.5870209783961737e-06,1.4151001355564104e-05,0.0007938074712543459,-5.961360294293172e-10,-0.000468850094871652,4.163336342344337e-16,75.99999999999237
baseline,7510103,responsive,F0,78.0,0.5872122775633067,46.05881244203602,0.05872122775633067,0.0007629270464300288,1.5870209783961737e-06,1.4151001355564104e-05,0.0007391279938057462,4.779407730692853e-09,-0.00043675658360938993,3.608224830031759e-16,77.99999999999197
baseline,7510103,responsive,F0,80.0,0.5875943695724587,47.233827130427684,0.05875943695724587,0.0007247178455148237,1.5870209783961737e-06,1.4151001355564104e-05,0.0007009187928905406,2.9427696668360426e-09,-0.0004143123720009301,3.5388358909926865e-16,79.99999999999157
baseline,7510103,responsive,F0,82.0,0.5876431036021371,48.40896500706656,0.05876431036021372,0.0007198444425469454,1.5870209783961737e-06,1.4151001355564104e-05,0.0006960453899226608,-1.5302001332706539e-10,-0.00041144866910608133,3.2612801348363973e-16,81.99999999999118
baseline,7510103,responsive,F0,84.0,0.5882914756337216,49.58486193226186,0.05882914756337217,0.000655007239388498,1.5870209783961737e-06,1.4151001355564104e-05,0.0006312081867642144,2.375101587626105e-09,-0.00037332651449860366,3.2612801348363973e-16,83.99999999999078
baseline,7510103,responsive,F0,86.0,0.5880260232856235,50.761427504403166,0.058802602328562346,0.0006815524741983042,1.5870209783961737e-06,1.4151001355564104e-05,0.0006577534215740217,8.095301540222977e-09,-0.00038893932660846037,3.122502256758253e-16,85.99999999999038
baseline,7510103,responsive,F0,88.0,0.5879973154740562,51.937202652688306,0.05879973154740562,0.0006844232553550888,1.5870209783961737e-06,1.4151001355564104e-05,0.0006606242027308053,1.0268965372484118e-08,-0.0003906273794288505,3.677613769070831e-16,87.99999999998998
baseline,7510103,responsive,F0,90.0,0.588381914250377,53.11369988804466,0.058838191425037704,0.0006459633777229869,1.5870209783961737e-06,1.4151001355564104e-05,0.0006221643250987032,1.3035873491773486e-09,-0.00036800567881678514,3.5388358909926865e-16,89.99999999998958
baseline,7510103,responsive,F0,92.0,0.5879998735017075,54.29015327615506,0.058799987350170745,0.0006841674525899399,1.5870209783961737e-06,1.4151001355564104e-05,0.000660368399965657,-4.7221697108135174e-09,-0.0003904769677624924,3.469446951953614e-16,91.99999999998919
baseline,7510103,responsive,F0,94.0,0.5880131928941644,55.466048645255846,0.05880131928941645,0.0006828355133442194,1.5870209783961737e-06,1.4151001355564104e-05,0.0006590364607199358,6.443082400942046e-09,-0.00038969377878419684,3.2612801348363973e-16,93.99999999998879
baseline,7510103,responsive,F0,96.0,0.5877373192314325,56.64183015982558,0.058773731923143245,0.0007104228796173925,1.5870209783961737e-06,1.4151001355564104e-05,0.0006866238269931095,3.386513292014115e-12,-0.0004059117087961521,2.983724378680108e-16,95.99999999998839
baseline,7510103,responsive,F0,98.0,0.5871774035390585,57.81670432846539,0.05871774035390585,0.0007664144488547972,1.5870209783961737e-06,1.4151001355564104e-05,0.0007426153962305137,6.374457600655248e-09,-0.000438804368320167,3.122502256758253e-16,97.99999999998799
baseline,7510103,responsive,F0,100.0,0.5870838086587459,58.99100081861327,0.05870838086587459,0.000775773936886036,1.5870209783961737e-06,1.4151001355564104e-05,0.0007519748842617533,4.119363461452252e-09,-0.0004442996102007393,2.914335439641036e-16,99.9999999999876
baseline,7510103,responsive,F0,102.0,0.5867203782038749,60.16483707756236,0.05867203782038749,0.0008121169823731182,1.5870209783961737e-06,1.4151001355564104e-05,0.0007883179297488356,5.581856366010385e-09,-0.0004656294196787904,2.706168622523819e-16,101.9999999999872
baseline,7510103,responsive,F0,104.0,0.5866605927967403,61.338101222218015,0.05866605927967404,0.0008180955230865603,1.5870209783961737e-06,1.4151001355564104e-05,0.0007942964704622773,-4.584425172815543e-09,-0.0004691369726325459,2.636779683484747e-16,103.9999999999868
baseline,7510103,responsive,F0,106.0,0.5863245545449682,62.511100081736075,0.05863245545449682,0.0008516993482638908,1.5870209783961737e-06,1.4151001355564104e-05,0.0008279002956396079,-3.0714226717520887e-09,-0.0004888453665459168,3.7470027081099033e-16,105.9999999999864
baseline,7510103,responsive,F0,108.0,0.5862155904589762,63.68374720091727,0.05862155904589762,0.0008625957568631119,1.5870209783961737e-06,1.4151001355564104e-05,0.0008387967042388288,1.4574230711161817e-10,-0.0004952336048053806,3.95516952522712e-16,107.999999999986
baseline,7510103,responsive,F0,110.0,0.5862065201616765,64.85618196358516,0.05862065201616766,0.0008635027865930841,1.5870209783961737e-06,1.4151001355564104e-05,0.0008397037339688007,-1.4168216599941275e-09,-0.0004957653156605797,4.0245584642661925e-16,109.9999999999856
baseline,7510103,responsive,F0,112.0,0.5857319812202285,66.02799654951058,0.05857319812202285,0.0009109566807378622,1.5870209783961737e-06,1.4151001355564104e-05,0.0008871576281135784,-7.496352150138108e-10,-0.000523571838454983,3.7470027081099033e-16,111.9999999999852
baseline,7510103,responsive,F0,114.0,0.5854409404338354,67.19922856009222,0.058544094043383545,0.0009400607593772109,1.5870209783961737e-06,1.4151001355564104e-05,0.0009162617067529285,-3.89013543600214e-11,-0.0005406147928610078,4.163336342344337e-16,113.99999999998481
baseline,7510103,responsive,F0,116.0,0.5850842794088643,68.36971404151433,0.05850842794088643,0.0009757268618743102,1.5870209783961737e-06,1.4151001355564104e-05,0.0009519278092500271,2.6467527336482277e-09,-0.000561488829094188,4.0245584642661925e-16,115.99999999998441
baseline,7510103,responsive,F0,118.0,0.5848234434888168,69.53967872864284,0.05848234434888168,0.0010018104538791063,1.5870209783961737e-06,1.4151001355564104e-05,0.000978011401254821,8.622482866593728e-09,-0.0005767465269578241,4.440892098500626e-16,117.99999999998401
baseline,7510103,responsive,F0,120.0,0.5850017323239856,70.70949553666641,0.05850017323239856,0.000983981570362243,1.5870209783961737e-06,1.4151001355564104e-05,0.0009601825177379556,4.924213897750107e-09,-0.0005663181885604829,4.579669976578771e-16,119.99999999998361
baseline,7510103,responsive,F0,122.0,0.5851629768302024,71.87976726505306,0.05851629768302024,0.000967857119740551,1.5870209783961737e-06,1.4151001355564104e-05,0.000944058067116265,4.881471726836395e-09,-0.0005568840570244898,4.440892098500626e-16,121.99999999998322
baseline,7510103,responsive,F0,124.0,0.5848812498643058,73.04971083551521,0.058488124986430585,0.0009960298163301116,1.5870209783961737e-06,1.4151001355564104e-05,0.0009722307637058251,4.45861197961861e-09,-0.0005733657075220611,3.5388358909926865e-16,123.99999999998282
baseline,7510103,responsive,F0,126.0,0.5846972579504758,74.21924721463111,0.058469725795047583,0.0010144290077131078,1.5870209783961737e-06,1.4151001355564104e-05,0.0009906299550888223,3.1374126907568467e-09,-0.0005841253569234227,3.469446951953614e-16,125.99999999998242
baseline,7510103,responsive,F0,128.0,0.5844602012157191,75.38846804130314,0.05844602012157191,0.0010381346811887751,1.5870209783961737e-06,1.4151001355564104e-05,0.0010143356285644907,-5.50344492200594e-10,-0.0005979831894077497,3.400058012914542e-16,127.99999999998202
baseline,7510103,responsive,F0,130.0,0.584201812742888,76.55695055737736,0.0584201812742888,0.0010639735284718103,1.5870209783961737e-06,1.4151001355564104e-05,0.0010401744758475253,-1.5811782438923672e-09,-0.0006130816290598681,2.706168622523819e-16,129.99999999998303
baseline,7510103,responsive,F0,132.0,0.584420430492438,77.72558491588092,0.0584420430492438,0.0010421117535168065,1.5870209783961737e-06,1.4151001355564104e-05,0.0010183127008925198,1.6692888737956935e-10,-0.0006003075508153599,2.636779683484747e-16,131.99999999998406
baseline,7510103,responsive,F0,134.0,0.5841019327210295,78.89434407142652,0.05841019327210296,0.0010739615306576244,1.5870209783961737e-06,1.4151001355564104e-05,0.0010501624780333357,8.225217396073958e-09,-0.0006189161392415807,2.3592239273284576e-16,133.99999999998508
baseline,7510103,responsive,F0,136.0,0.5837982040938857,80.06212727119758,0.05837982040938857,0.0011043343933719771,1.5870209783961737e-06,1.4151001355564104e-05,0.0010805353407476882,5.728022667295107e-09,-0.0006366523745013793,2.0122792321330962e-16,135.9999999999861
baseline,7510103,responsive,F0,138.0,0.5838768771394767,81.22976713903293,0.05838768771394767,0.0010964670888128462,1.5870209783961737e-06,1.4151001355564104e-05,0.0010726680361885575,5.0400615070334e-09,-0.0006320591467563093,1.734723475976807e-16,137.99999999998712
baseline,7510103,responsive,F0,140.0,0.5836059863657166,82.39732565911207,0.05836059863657166,0.0011235561661888805,1.5870209783961737e-06,1.4151001355564104e-05,0.0010997571135645922,2.6717639767248613e-09,-0.0006478721635686385,2.0122792321330962e-16,139.99999999998815
baseline,7510103,responsive,F0,142.0,0.5834274329989826,83.56418783027009,0.05834274329989826,0.0011414115028623114,1.5870209783961737e-06,1.4151001355564104e-05,0.0011176124502380218,4.493668576133203e-09,-0.0006582910508745703,2.2898349882893854e-16,141.99999999998917
baseline,7510103,responsive,F0,144.0,0.5833890476288989,84.7311168697737,0.05833890476288989,0.0011452500398706753,1.5870209783961737e-06,1.4151001355564104e-05,0.0011214509872463875,2.6595663449313633e-09,-0.0006605304849960081,2.1510571102112408e-16,143.9999999999902
baseline,7510103,responsive,F0,146.0,0.5830710479745098,85.89761616146224,0.058307104797450986,0.00117705000530959,1.5870209783961737e-06,1.4151001355564104e-05,0.0011532509526852998,3.487528960066655e-09,-0.00067907718035903,2.2898349882893854e-16,145.99999999999122
baseline,7510103,responsive,F0,148.0,0.5830373422996558,87.06362789185904,0.05830373422996558,0.0011804205727949974,1.5870209783961737e-06,1.4151001355564104e-05,0.0011566215201707084,4.460973812570046e-10,-0.000681042403871391,2.2898349882893854e-16,147.99999999999224
baseline,7510103,responsive,F0,150.0,0.582965435184896,88.22968161721121,0.058296543518489605,0.0011876112842709704,1.5870209783961737e-06,1.4151001355564104e-05,0.0011638122316466818,2.9343066865195055e-10,-0.0006852345986479297,2.2898349882893854e-16,149.99999999999326
baseline,7510103,responsive,F0,152.0,0.5827248903488617,89.39528991413302,0.05827248903488617,0.0012116657678743197,1.5870209783961737e-06,1.4151001355564104e-05,0.0011878667152500307,-2.7261967960878764e-09,-0.0006992546380590464,1.3877787807814457e-16,151.9999999999943
baseline,7510103,responsive,F0,154.0,0.5826435102382721,90.56059957756435,0.05826435102382722,0.0012198037789332501,1.5870209783961737e-06,1.4151001355564104e-05,0.0011960047263089605,5.4468637378235485e-09,-0.0007039965285249132,1.1796119636642288e-16,153.9999999999953
baseline,7510103,responsive,F0,156.0,0.5827539662514456,91.72609558565345,0.05827539662514457,0.0012087581776159676,1.5870209783961737e-06,1.4151001355564104e-05,0.0011849591249916747,7.198925844331683e-09,-0.0006975602705741359,1.8735013540549517e-16,155.99999999999633
baseline,7510103,responsive,F0,158.0,0.5827144946853313,92.89154525686783,0.05827144946853314,0.0012127053342273217,1.5870209783961737e-06,1.4151001355564104e-05,0.0011889062816030315,-2.5469072684192184e-09,-0.0006998604138446322,1.1102230246251565e-16,157.99999999999736
baseline,7510103,responsive,F0,160.0,0.58281723884123,94.05692920482963,0.058281723884123005,0.001202430918637465,1.5870209783961737e-06,1.4151001355564104e-05,0.0011786318660131753,-1.9342833446067687e-09,-0.0006938728351379188,1.249000902703301e-16,159.99999999999838
baseline,7510103,responsive,F0,162.0,0.5826123006332468,95.2224309934823,0.058261230063324676,0.0012229247394358056,1.5870209783961737e-06,1.4151001355564104e-05,0.001199125686811516,3.970205192382892e-09,-0.000705814887205454,1.3183898417423734e-16,161.9999999999994
baseline,7510103,responsive,F0,164.0,0.5821223942680169,96.38730139726165,0.0582122394268017,0.001271915375958708,1.5870209783961737e-06,1.4151001355564104e-05,0.001248116323334419,2.65629099271969e-09,-0.0007343454342472605,6.245004513516506e-17,164.00000000000043
baseline,7510103,responsive,F0,166.0,0.5822239537193186,97.55165364516711,0.05822239537193186,0.001261759430828606,1.5870209783961737e-06,1.4151001355564104e-05,0.001237960378204316,5.8791476131858644e-09,-0.0007284329154359295,1.1796119636642288e-16,166.00000000000145
baseline,7510103,responsive,F0,168.0,0.5820475537829297,98.7159333149917,0.05820475537829298,0.0012793994244674688,1.5870209783961737e-06,1.4151001355564104e-05,0.001255600371843176,-1.424454110221518e-09,-0.0007387017864290621,9.71445146547012e-17,168.00000000000247
baseline,7510103,responsive,F0,170.0,0.5820330288035223,99.87984796138336,0.058203302880352234,0.001280851922408237,1.5870209783961737e-06,1.4151001355564104e-05,0.0012570528697839441,6.386660367230235e-09,-0.000739547198753597,1.1796119636642288e-16,170.0000000000035
baseline,7510103,responsive,F0,172.0,0.5821359216432702,101.04417360114257,0.058213592164327026,0.001270562638433476,1.5870209783961737e-06,1.4151001355564104e-05,0.0012467635858091834,7.746385505269515e-09,-0.0007335579662907064,1.5265566588595902e-16,172.00000000000452
baseline,7510103,responsive,F0,174.0,0.5818228412817544,102.20820974329374,0.05818228412817545,0.0013018706745850969,1.5870209783961737e-06,1.4151001355564104e-05,0.001278071621960806,6.8497762739649914e-09,-0.000751778597805005,2.0122792321330962e-16,174.00000000000554
baseline,7510103,responsive,F0,176.0,0.5819633072110281,103.37180067259116,0.058196330721102814,0.00128782408165772,1.5870209783961737e-06,1.4151001355564104e-05,0.0012640250290334287,4.136031461765555e-09,-0.0007436049826638133,1.8735013540549517e-16,176.00000000000657
baseline,7510103,responsive,F0,178.0,0.5815323505453971,104.53543350375045,0.05815323505453971,0.0013309197482208942,1.5870209783961737e-06,1.4151001355564104e-05,0.0013071206955966013,9.229653707976126e-10,-0.0007686757931209577,2.5673907444456745e-16,178.0000000000076
baseline,7510103,responsive,F0,180.0,0.5813030664536598,105.69828371452522,0.05813030664536599,0.0013538481573946094,1.5870209783961737e-06,1.4151001355564104e-05,0.0013300491047703164,4.444139223291899e-09,-0.000782006776242284,2.498001805406602e-16,180.0000000000086
baseline,7510103,responsive,F0,182.0,0.5814556921814821,106.86112541284626,0.058145569218148216,0.001338585584612324,1.5870209783961737e-06,1.4151001355564104e-05,0.0013147865319880299,-3.1770753250448536e-09,-0.0007731334311513634,1.8735013540549517e-16,182.00000000000963
baseline,7510103,responsive,F0,184.0,0.5808577413314103,108.02340151932385,0.05808577413314103,0.0013983806696195574,1.5870209783961737e-06,1.4151001355564104e-05,0.0013745816169952628,-1.7911860050734418e-09,-0.0008078837464323106,2.3592239273284576e-16,184.00000000001066
baseline,7510103,responsive,F0,186.0,0.5810426539804808,109.18511314523086,0.05810426539804809,0.0013798894047125187,1.5870209783961737e-06,1.4151001355564104e-05,0.0013560903520882254,3.3478802230479943e-09,-0.000797141242429647,2.5673907444456745e-16,186.00000000001168
baseline,7510103,responsive,F0,188.0,0.5809729879798661,110.34732273591032,0.05809729879798661,0.0013868560047739583,1.5870209783961737e-06,1.4151001355564104e-05,0.0013630569521496667,5.677216863286816e-09,-0.0008011888915510079,2.220446049250313e-16,188.0000000000127
baseline,7510103,responsive,F0,190.0,0.5806257337582403,111.50880190571804,0.05806257337582404,0.0014215814269365203,1.5870209783961737e-06,1.4151001355564104e-05,0.0013977823743122298,2.7327439755531202e-09,-0.0008213573945489369,2.0816681711721685e-16,190.00000000001373
baseline,7510103,responsive,F0,192.0,0.5811883238042734,112.67062120521341,0.058118832380427345,0.0013653224223332868,1.5870209783961737e-06,1.4151001355564104e-05,0.0013415233697089976,1.3325037684364105e-08,-0.0007886761433426384,2.8449465006019636e-16,192.00000000001475
baseline,7510103,responsive,F0,194.0,0.5808778595634196,113.83278850479184,0.05808778595634197,0.0013963688464186416,1.5870209783961737e-06,1.4151001355564104e-05,0.0013725697937943513,4.612200343867556e-09,-0.0008067151431146932,2.636779683484747e-16,194.00000000001577
baseline,7510103,responsive,F0,196.0,0.5806241615711447,114.9941510166889,0.05806241615711447,0.001421738645646111,1.5870209783961737e-06,1.4151001355564104e-05,0.0013979395930218206,-2.1265036675988114e-09,-0.0008214486796539501,2.3592239273284576e-16,196.0000000000168
baseline,7510103,responsive,F0,198.0,0.580937757444332,116.15570364799382,0.0580937757444332,0.001390379058327344,1.5870209783961737e-06,1.4151001355564104e-05,0.0013665800057030537,1.2196996967972495e-08,-0.0008032356284412116,2.0122792321330962e-16,198.00000000001782
baseline,7510103,responsive,F0,200.0,0.5808124702474379,117.3174019561794,0.05808124702474379,0.0014029077780167484,1.5870209783961737e-06,1.4151001355564104e-05,0.0013791087253924585,7.787361588906805e-09,-0.0008105132499171414,1.942890293094024e-16,200.00000000001884
baseline,7510103,responsive,plus,0.0,0.5946035575013605,0.0,0.05946035575013606,0.0,0.0,0.0,,,,,0.0
baseline,7510103,responsive,plus,2.0,0.5946035575013605,1.1892071150027146,0.05946035575013606,1.1073770672457946e-08,1.1563041992086291e-07,6.584503436797723e-09,,,,,1.9999999999999793
baseline,7510103,responsive,plus,4.0,0.5946035575013605,2.3784142300054203,0.05946035575013606,-1.602490385862885e-06,-2.3734079513066132e-07,-9.528464842958e-07,,,,,3.999999999999937
baseline,7510103,responsive,plus,6.0,0.5946035575013605,3.5676213450081864,0.05946035575013606,5.1679215007068614e-06,-1.8469672991213908e-06,3.072864509208061e-06,,,,,5.999999999999894
baseline,7510103,responsive,plus,8.0,0.5946035575013605,4.75682846001084,0.05946035575013606,3.3165179662162938e-06,7.292151527810943e-07,1.9720133812293796e-06,,,,,7.999999999999852
baseline,7510103,responsive,plus,10.0,0.5946035575013605,5.946035575013428,0.05946035575013606,-5.825805824946867e-06,-1.018894104299299e-06,-3.4640448688255716e-06,,,,,10.000000000000163
baseline,7510103,responsive,plus,12.0,0.5946035575013605,7.135242690016017,0.05946035575013606,3.0454512439760442e-05,-1.2024679929540834e-06,1.8108361438650948e-05,,,,,12.000000000000476
baseline,7510103,responsive,plus,14.0,0.5946035575013605,8.324449805018702,0.05946035575013606,-4.6998059048164824e-07,1.599084769930282e-06,-2.79452131057e-07,,,,,14.000000000000789
baseline,7510103,responsive,plus,16.0,0.5946035575013605,9.513656920021646,0.05946035575013606,1.7914380893167706e-05,1.012725930761701e-06,1.0651954609511883e-05,,,,,16.0000000000011
baseline,7510103,responsive,plus,18.0,0.5946035575013605,10.70286403502459,0.05946035575013606,5.2621036342486525e-05,1.5479023570962492e-06,3.128865540865088e-05,,,,,18.000000000000703
baseline,7510103,responsive,plus,20.0,0.5946035575013605,11.892071150027533,0.05946035575013606,1.4249546711304465e-05,1.6204426646675902e-06,8.472831167323432e-06,0.0,0.0,0.0,0.0,20.000000000000306
baseline,7510103,responsive,plus,22.0,0.5943571534537193,13.081250210612763,0.05943571534537194,3.8889951475421766e-05,1.6204426646675902e-06,8.472831167323432e-06,2.4640404764117342e-05,2.40784675531458e-09,-1.4648236583279794e-05,0.0,22.00000000000044
baseline,7510103,responsive,plus,24.0,0.593862888373557,14.269275255277561,0.05938628883735571,8.831645949167083e-05,1.6204426646675902e-06,8.472831167323432e-06,7.40669127803664e-05,-5.857424822952595e-10,-4.401302029449425e-05,2.0816681711721685e-17,24.000000000000576
baseline,7510103,responsive,plus,26.0,0.5935992098146156,15.456829104817697,0.05935992098146156,0.00011468431538585414,1.6204426646675902e-06,8.472831167323432e-06,0.00010043476867454988,-1.6381477840887726e-09,-5.966843503688729e-05,5.551115123125783e-17,26.00000000000071
baseline,7510103,responsive,plus,28.0,0.5927512889094562,16.64326961626803,0.05927512889094562,0.0001994764059017245,1.6204426646675902e-06,8.472831167323432e-06,0.00018522685919042001,1.061541032854052e-08,-0.00010996500447260985,-2.0816681711721685e-17,28.000000000000846
baseline,7510103,responsive,plus,30.0,0.5923107288256708,17.82826167110249,0.059231072882567085,0.00024353241428021698,1.6204426646675902e-06,8.472831167323432e-06,0.0002292828675689128,1.6641801825478808e-09,-0.00013606955556381972,-6.245004513516506e-17,30.00000000000098
baseline,7510103,responsive,plus,32.0,0.5918987118603181,19.012505418227274,0.05918987118603181,0.00028473411081535735,1.6204426646675902e-06,8.472831167323432e-06,0.0002704845641040536,-4.411007004101464e-09,-0.00016046527456849494,-1.8735013540549517e-16,32.000000000001116
baseline,7510103,responsive,plus,34.0,0.5910538606031417,20.195328606750895,0.05910538606031417,0.00036921923653296704,1.6204426646675902e-06,8.472831167323432e-06,0.00035496968982166264,-1.190223697378201e-09,-0.00021043622296978287,-2.220446049250313e-16,34.000000000000725
baseline,7510103,responsive,plus,36.0,0.5910027018812333,21.377309999346,0.059100270188123326,0.0003743351087238339,1.6204426646675902e-06,8.472831167323432e-06,0.00036008556201253,6.5033640972433915e-09,-0.0002134598481177974,-2.0122792321330962e-16,36.00000000000033
baseline,7510103,responsive,plus,38.0,0.5906436264347339,22.559079923381642,0.05906436264347339,0.0004102426533737788,1.6204426646675902e-06,8.472831167323432e-06,0.0003959931066624751,3.990906882744838e-09,-0.0002346748572650166,-1.942890293094024e-16,37.99999999999993
baseline,7510103,responsive,plus,40.0,0.5902156903999382,23.739729716421504,0.059021569039993824,0.00045303625685334104,1.6204426646675902e-06,8.472831167323432e-06,0.000438786710142037,7.265770485265222e-10,-0.00025994146994990155,-1.942890293094024e-16,39.99999999999953
baseline,7510103,responsive,plus,42.0,0.5902410087256348,24.920286953548768,0.05902410087256348,0.00045050442428364425,1.6204426646675902e-06,8.472831167323432e-06,0.00043625487757234017,1.695723172989716e-09,-0.0002584471105909411,-2.3592239273284576e-16,41.99999999999913
baseline,7510103,responsive,plus,44.0,0.5892336366022675,26.09972255167665,0.05892336366022675,0.0005512416366203307,1.6204426646675902e-06,8.472831167323432e-06,0.0005369920899090263,2.495314233019741e-09,-0.0003178556044870391,-2.8449465006019636e-16,43.999999999998735
baseline,7510103,responsive,plus,46.0,0.5889359909821799,27.27777402006306,0.05889359909821799,0.0005810061986291,1.6204426646675902e-06,8.472831167323432e-06,0.0005667566519177959,2.655131198237015e-09,-0.0003353894559555773,-2.706168622523819e-16,45.99999999999834
baseline,7510103,responsive,plus,48.0,0.5887271061400862,28.455585363050172,0.05887271061400862,0.0006018946828384501,1.6204426646675902e-06,8.472831167323432e-06,0.0005876451361271469,-1.0008686657236865e-09,-0.00034768925445967033,-2.8449465006019636e-16,47.99999999999794
baseline,7510103,responsive,plus,50.0,0.5879555195547206,29.632085202378487,0.05879555195547206,0.0006790533413749859,1.6204426646675902e-06,8.472831167323432e-06,0.0006648037946636814,-1.6416488446413524e-09,-0.0003930848809206196,-3.191891195797325e-16,49.99999999999754
baseline,7510103,responsive,plus,52.0,0.5878243446856993,30.80778360738119,0.058782434468569934,0.0006921708282770936,1.6204426646675902e-06,8.472831167323432e-06,0.0006779212815657882,-1.6310359174376288e-09,-0.0004007965194050972,-3.3306690738754696e-16,51.999999999997144
baseline,7510103,responsive,plus,54.0,0.5875169067580731,31.983303943102296,0.058751690675807315,0.0007229146210397304,1.6204426646675902e-06,8.472831167323432e-06,0.0007086650743284255,2.1733239374821522e-09,-0.00041886374333496845,-3.191891195797325e-16,53.999999999996746
baseline,7510103,responsive,plus,56.0,0.5873179014405022,33.15802880488266,0.05873179014405022,0.0007428151527968155,1.6204426646675902e-06,8.472831167323432e-06,0.0007285656060855115,-1.0012767004408119e-09,-0.00043055366203991266,-3.2612801348363973e-16,55.99999999999635
baseline,7510103,responsive,plus,58.0,0.5872101952566047,34.3326299035613,0.058721019525660466,0.0007535857711865603,1.6204426646675902e-06,8.472831167323432e-06,0.0007393362244752568,2.1761313306889463e-09,-0.0004368788589987002,-3.3306690738754696e-16,57.99999999999595
baseline,7510103,responsive,plus,60.0,0.5865839258420023,35.50645191247541,0.05865839258420023,0.0008162127126467687,1.6204426646675902e-06,8.472831167323432e-06,0.0008019631659354657,-3.4123326386747976e-09,-0.00047363442685290774,-3.677613769070831e-16,59.99999999999555
baseline,7510103,responsive,plus,62.0,0.5864273078031175,36.67926366372886,0.05864273078031175,0.000831874516535243,1.6204426646675902e-06,8.472831167323432e-06,0.0008176249698239394,2.495789880319066e-09,-0.00048282016280307496,-3.677613769070831e-16,61.999999999995154
baseline,7510103,responsive,plus,64.0,0.5864013243305078,37.852098054199615,0.05864013243305079,0.0008344728637961352,1.6204426646675902e-06,8.472831167323432e-06,0.000820223317084831,-1.1607785010969707e-09,-0.00048434387083501687,-4.371503159461554e-16,63.999999999994756
baseline,7510103,responsive,plus,66.0,0.5861090212385626,39.024572713566066,0.05861090212385626,0.0008637031729906362,1.6204426646675902e-06,8.472831167323432e-06,0.0008494536262793319,1.8585309125018767e-09,-0.0005014802908023981,-4.649058915617843e-16,65.99999999999436
baseline,7510103,responsive,plus,68.0,0.5867789803415121,40.197470331168724,0.058677898034151216,0.000796707262695717,1.6204426646675902e-06,8.472831167323432e-06,0.0007824577159844128,-4.845440049194849e-09,-0.00046219094113245443,-4.3021142204224816e-16,67.99999999999396
baseline,7510103,responsive,plus,70.0,0.5866262860895444,41.370914845598655,0.058662628608954444,0.0008119766878924572,1.6204426646675902e-06,8.472831167323432e-06,0.0007977271411811528,7.604245566561474e-10,-0.0004711495531030882,-4.579669976578771e-16,69.99999999999356
baseline,7510103,responsive,plus,72.0,0.586647750760928,42.54398007320319,0.05866477507609281,0.0008098302207540705,1.6204426646675902e-06,8.472831167323432e-06,0.0007955806740427662,-1.5882592463434264e-10,-0.00046989035602089044,-4.85722573273506e-16,71.99999999999316
baseline,7510103,responsive,plus,74.0,0.5869099605543934,43.71771022032077,0.058690996055439336,0.0007836092414075868,1.6204426646675902e-06,8.472831167323432e-06,0.0007693596946962815,4.478923842921034e-09,-0.00045450443976571137,-4.371503159461554e-16,73.99999999999277
baseline,7510103,responsive,plus,76.0,0.5867414253941222,44.89123260939359,0.05867414253941223,0.0008004627574346223,1.6204426646675902e-06,8.472831167323432e-06,0.0007862132107233163,1.912138641868566e-09,-0.0004643945159873708,-5.134781488891349e-16,75.99999999999237
baseline,7510103,responsive,plus,78.0,0.5871127437383575,46.064944307111375,0.05871127437383576,0.0007633309230111201,1.6204426646675902e-06,8.472831167323432e-06,0.0007490813762998145,2.7931235935252374e-09,-0.0004426008366645688,-4.787836793695988e-16,77.99999999999197
baseline,7510103,responsive,plus,80.0,0.5873216529609793,47.23963233406414,0.058732165296097934,0.0007424400007488981,1.6204426646675902e-06,8.472831167323432e-06,0.0007281904540375924,-4.234745581976895e-09,-0.00043033332782283634,-5.273559366969494e-16,79.99999999999157
baseline,7510103,responsive,plus,82.0,0.5873732623856515,48.41417790435175,0.058737326238565146,0.0007372790582817071,1.6204426646675902e-06,8.472831167323432e-06,0.0007230295115704013,2.221783673705957e-09,-0.0004273020613855226,-5.065392549852277e-16,81.99999999999118
baseline,7510103,responsive,plus,84.0,0.5879825225927758,49.58949840054082,0.05879825225927759,0.0006763530375692873,1.6204426646675902e-06,8.472831167323432e-06,0.0006621034908579814,-3.56163301629131e-09,-0.0003914971859354799,-4.85722573273506e-16,83.99999999999078
baseline,7510103,responsive,plus,86.0,0.5876751217325401,50.76533797075319,0.05876751217325401,0.0007070931235928251,1.6204426646675902e-06,8.472831167323432e-06,0.0006928435768815189,-2.404584642512475e-09,-0.0004095670944958968,-5.273559366969494e-16,85.99999999999038
baseline,7510103,responsive,plus,88.0,0.5877192549878448,51.9405158660631,0.05877192549878449,0.0007026797980623429,1.6204426646675902e-06,8.472831167323432e-06,0.0006884302513510364,1.8416031477563877e-09,-0.00040697339549031555,-5.342948306008566e-16,87.99999999998998
baseline,7510103,responsive,plus,90.0,0.5875601668323066,53.11589502511194,0.05875601668323067,0.0007185886136160715,1.6204426646675902e-06,8.472831167323432e-06,0.0007043390669047653,2.44776132696245e-09,-0.00041632204726328725,-6.245004513516506e-16,89.99999999998958
baseline,7510103,responsive,plus,92.0,0.5869039400692532,54.29041129186786,0.05869039400692532,0.0007842112899214799,1.6204426646675902e-06,8.472831167323432e-06,0.0007699617432101734,1.0614026046962266e-09,-0.0004548577862230098,-5.620504062164855e-16,91.99999999998919
baseline,7510103,responsive,plus,94.0,0.5868054055924996,55.46392824517288,0.05868054055924996,0.000794064737596829,1.6204426646675902e-06,8.472831167323432e-06,0.0007798151908855232,-2.357698758448379e-10,-0.0004606403280347886,-5.689893001203927e-16,93.99999999998879
baseline,7510103,responsive,plus,96.0,0.5864913187171696,56.637303538978315,0.05864913187171696,0.0008254734251298603,1.6204426646675902e-06,8.472831167323432e-06,0.0008112238784185531,5.877179354296658e-09,-0.00047906618313345653,-5.412337245047638e-16,95.99999999998839
baseline,7510103,responsive,plus,98.0,0.5863221207922231,57.810048078107975,0.05863221207922232,0.000842393217624523,1.6204426646675902e-06,8.472831167323432e-06,0.0008281436709132159,4.703654410409541e-09,-0.0004889880631491726,-5.204170427930421e-16,97.99999999998799
baseline,7510103,responsive,plus,100.0,0.5866860625646747,58.983052606211196,0.05866860625646748,0.0008059990403793974,1.6204426646675902e-06,8.472831167323432e-06,0.0007917494936680908,2.325786674362007e-09,-0.000467642729281615,-4.85722573273506e-16,99.9999999999876
baseline,7510103,responsive,plus,102.0,0.5864145455309411,60.15625331556405,0.058641454553094115,0.0008331507437528027,1.6204426646675902e-06,8.472831167323432e-06,0.0008189011970414963,2.294478135267397e-09,-0.00048356856915067817,-4.440892098500626e-16,101.9999999999872
baseline,7510103,responsive,plus,104.0,0.5863849434540369,61.32892124877098,0.05863849434540369,0.0008361109514432122,1.6204426646675902e-06,8.472831167323432e-06,0.0008218614047319061,-8.223207531576904e-09,-0.0004853044341839863,-4.579669976578771e-16,103.9999999999868
baseline,7510103,responsive,plus,106.0,0.5862171628305879,62.501523308829,0.05862171628305879,0.0008528890137880904,1.6204426646675902e-06,8.472831167323432e-06,0.0008386394670767849,2.785287223083799e-09,-0.00049514142980649,-4.85722573273506e-16,105.9999999999864
baseline,7510103,responsive,plus,108.0,0.5857429436047786,63.67356328573686,0.05857429436047786,0.000900310936369026,1.6204426646675902e-06,8.472831167323432e-06,0.0008860613896577215,4.675922787855669e-09,-0.0005229297305241465,-4.718447854656915e-16,107.999999999986
baseline,7510103,responsive,plus,110.0,0.5859557196038351,64.84519766986844,0.05859557196038351,0.000879033336463401,1.6204426646675902e-06,8.472831167323432e-06,0.0008647837897520969,4.521327784390294e-09,-0.0005104642628412787,-4.510281037539698e-16,109.9999999999856
baseline,7510103,responsive,plus,112.0,0.5855864671620659,66.01673672133282,0.05855864671620659,0.000915958580640308,1.6204426646675902e-06,8.472831167323432e-06,0.0009017090339290044,-3.813603266511478e-09,-0.000532094003496221,-4.579669976578771e-16,111.9999999999852
baseline,7510103,responsive,plus,114.0,0.5854011662192129,67.18756180659447,0.05854011662192129,0.0009344886749256343,1.6204426646675902e-06,8.472831167323432e-06,0.0009202391282143301,-4.427040012355832e-09,-0.0005429432591229633,-4.371503159461554e-16,113.99999999998481
baseline,7510103,responsive,plus,116.0,0.5855660782840548,68.35843093629501,0.05855660782840549,0.0009179974684414277,1.6204426646675902e-06,8.472831167323432e-06,0.0009037479217301236,2.307080859687005e-09,-0.0005332879278152972,-4.440892098500626e-16,115.99999999998441
baseline,7510103,responsive,plus,118.0,0.5854182071270073,69.52960597772537,0.05854182071270073,0.0009327845841461933,1.6204426646675902e-06,8.472831167323432e-06,0.0009185350374348885,-5.04480310303812e-09,-0.0005419456678737063,-4.371503159461554e-16,117.99999999998401
baseline,7510103,responsive,plus,120.0,0.5854001324771011,70.70036737176608,0.05854001324771012,0.000934592049136785,1.6204426646675902e-06,8.472831167323432e-06,0.0009203425024254804,-4.969517686248537e-09,-0.0005430037744533073,-4.579669976578771e-16,119.99999999998361
baseline,7510103,responsive,plus,122.0,0.5854345341158932,71.87124832883137,0.05854345341158932,0.0009311518852575905,1.6204426646675902e-06,8.472831167323432e-06,0.0009169023385462861,-3.6017580584690734e-10,-0.000540989842889042,-4.510281037539698e-16,121.99999999998322
baseline,7510103,responsive,plus,124.0,0.5846504186236159,73.04135721474651,0.058465041862361594,0.0010095634344852815,1.6204426646675902e-06,8.472831167323432e-06,0.0009953138877739772,5.7414057952343e-09,-0.0005868639298252203,-4.85722573273506e-16,123.99999999998282
baseline,7510103,responsive,plus,126.0,0.5847038855527363,74.21067986042046,0.05847038855527364,0.0010042167415732874,1.6204426646675902e-06,8.472831167323432e-06,0.000989967194861983,1.0431020769363641e-09,-0.0005837378406403151,-4.371503159461554e-16,125.99999999998242
baseline,7510103,responsive,plus,128.0,0.5842037245181744,75.37971615005934,0.05842037245181744,0.0010542328450293989,1.6204426646675902e-06,8.472831167323432e-06,0.001039983298318094,8.363580633607981e-09,-0.0006129699426183355,-5.204170427930421e-16,127.99999999998202
baseline,7510103,responsive,plus,130.0,0.5836481883857514,76.54744342598467,0.058364818838575146,0.0011097864582716467,1.6204426646675902e-06,8.472831167323432e-06,0.0010955369115603387,-1.0685564655332769e-09,-0.0006454091393652064,-5.689893001203927e-16,129.99999999998303
baseline,7510103,responsive,plus,132.0,0.5835892482120055,77.71483086211417,0.05835892482120056,0.0011156804756462656,1.6204426646675902e-06,8.472831167323432e-06,0.0011014309289349576,6.577317301914576e-10,-0.0006488489982309949,-5.412337245047638e-16,131.99999999998406
baseline,7510103,responsive,plus,134.0,0.5826226246659574,78.88111031881274,0.05826226246659574,0.0012123428302510345,1.6204426646675902e-06,8.472831167323432e-06,0.0011980932835397248,-5.106668338195064e-09,-0.0007052133910312314,-5.898059818321144e-16,133.99999999998508
baseline,7510103,responsive,plus,136.0,0.5822779239799503,80.04567638324484,0.05822779239799503,0.001246812898851797,1.6204426646675902e-06,8.472831167323432e-06,0.0012325633521404877,3.6406508363562295e-10,-0.000725290491943649,-5.342948306008566e-16,135.9999999999861
baseline,7510103,responsive,plus,138.0,0.5820551397307687,81.21015553931495,0.058205513973076876,0.0012690913237700283,1.6204426646675902e-06,8.472831167323432e-06,0.0012548417770587193,3.751340349467114e-10,-0.0007382602453134511,-4.579669976578771e-16,137.99999999998712
baseline,7510103,responsive,plus,140.0,0.5818064820903971,82.37393832064859,0.05818064820903972,0.0012939570878071974,1.6204426646675902e-06,8.472831167323432e-06,0.0012797075410958863,1.3407481236349383e-09,-0.000752730399543506,-4.510281037539698e-16,139.99999999998815
baseline,7510103,responsive,plus,142.0,0.5820928832010958,83.53781006105517,0.05820928832010958,0.0012653169767373326,1.6204426646675902e-06,8.472831167323432e-06,0.00125106743002602,4.4667659848673935e-09,-0.0007360632959954594,-4.510281037539698e-16,141.99999999998917
baseline,7510103,responsive,plus,144.0,0.5817886548923279,84.7018669002937,0.05817886548923279,0.0012957398076141173,1.6204426646675902e-06,8.472831167323432e-06,0.001281490260902802,8.850837840412851e-10,-0.000753767581592478,-4.649058915617843e-16,143.9999999999902
baseline,7510103,responsive,plus,146.0,0.5815310465363094,85.86504473139955,0.05815310465363094,0.0013215006432160158,1.6204426646675902e-06,8.472831167323432e-06,0.001307251096504698,-1.2698444795677943e-09,-0.0007687516253829275,-4.2327252813834093e-16,145.99999999999122
baseline,7510103,responsive,plus,148.0,0.581277355558076,87.02785826248964,0.05812773555580761,0.0013468697410394005,1.6204426646675902e-06,8.472831167323432e-06,0.0013326201943280856,-2.4367310114126184e-09,-0.000783501325434189,-3.608224830031759e-16,147.99999999999224
baseline,7510103,responsive,plus,150.0,0.5809108841676794,88.19010347009228,0.05809108841676795,0.0013835168800790196,1.6204426646675902e-06,8.472831167323432e-06,0.0013692673333677039,-1.387180925682685e-09,-0.0008047967624399306,-4.0245584642661925e-16,149.99999999999326
baseline,7510103,responsive,plus,152.0,0.5808971021810974,89.35173869388841,0.05808971021810974,0.0013848950787372727,1.6204426646675902e-06,8.472831167323432e-06,0.001370645532025958,-5.4338603061587776e-09,-0.0008055973635438737,-3.608224830031759e-16,151.9999999999943
baseline,7510103,responsive,plus,154.0,0.5807877881738926,90.51338388510001,0.05807877881738927,0.0013958264794577192,1.6204426646675902e-06,8.472831167323432e-06,0.0013815769327464036,3.142695437219345e-09,-0.0008119467850675639,-3.8163916471489756e-16,153.9999999999953
baseline,7510103,responsive,plus,156.0,0.580611532746604,91.67482357572784,0.0580611532746604,0.0014134520221866342,1.6204426646675902e-06,8.472831167323432e-06,0.0013992024754753154,6.618255388168848e-10,-0.0008221819317456476,-3.400058012914542e-16,155.99999999999633
baseline,7510103,responsive,plus,158.0,0.5807970539574789,92.83617331503349,0.0580797053957479,0.001394899901099171,1.6204426646675902e-06,8.472831167323432e-06,0.0013806503543878524,1.2550083194895478e-09,-0.0008114086353793494,-3.0531133177191805e-16,157.99999999999736
baseline,7510103,responsive,plus,160.0,0.5805546369981546,93.99765031750205,0.058055463699815464,0.0014191415970316397,1.6204426646675902e-06,8.472831167323432e-06,0.0014048920503203213,-6.866144597328372e-10,-0.0008254852026607327,-2.706168622523819e-16,159.99999999999838
baseline,7510103,responsive,plus,162.0,0.5802199544433929,95.15837417293581,0.058021995444339294,0.0014526098525078656,1.6204426646675902e-06,8.472831167323432e-06,0.0014383603057965483,-6.124420970365918e-10,-0.0008449097529490378,-2.1510571102112408e-16,161.9999999999994
baseline,7510103,responsive,plus,164.0,0.5804954721800905,96.31912798748475,0.05804954721800905,0.0014250580788380699,1.6204426646675902e-06,8.472831167323432e-06,0.0014108085321267515,3.876597542973315e-09,-0.0008289198685843789,-2.5673907444456745e-16,164.00000000000043
baseline,7510103,responsive,plus,166.0,0.5801267340835715,97.47990161127882,0.058012673408357154,0.0014619318884899091,1.6204426646675902e-06,8.472831167323432e-06,0.001447682341778591,2.6070691994117823e-09,-0.0008503181497401431,-3.122502256758253e-16,166.00000000000145
baseline,7510103,responsive,plus,168.0,0.5799900587333906,98.63983401181751,0.05799900587333907,0.0014755994235080277,1.6204426646675902e-06,8.472831167323432e-06,0.0014613498767967077,2.877959259794949e-10,-0.0008582461181855933,-2.8449465006019636e-16,168.00000000000247
baseline,7510103,responsive,plus,170.0,0.580013546560273,99.7998750925684,0.05800135465602731,0.0014732506408197828,1.6204426646675902e-06,8.472831167323432e-06,0.0014590010941084638,-3.924843783309484e-09,-0.0008568838199923857,-2.8449465006019636e-16,170.0000000000035
baseline,7510103,responsive,plus,172.0,0.5798674111790629,100.95994541364927,0.0579867411179063,0.0014878641789408216,1.6204426646675902e-06,8.472831167323432e-06,0.0014736146322295036,3.4313385466333557e-10,-0.0008653588022882637,-2.5673907444456745e-16,172.00000000000452
baseline,7510103,responsive,plus,174.0,0.5797989219745748,102.11949056120976,0.057979892197457486,0.0014947130993896158,1.6204426646675902e-06,8.472831167323432e-06,0.0014804635526782961,-5.140928238667186e-09,-0.0008693300335197336,-2.7755575615628914e-16,174.00000000000554
baseline,7510103,responsive,plus,176.0,0.5799137704669699,103.27911742900494,0.05799137704669699,0.0014832282501501173,1.6204426646675902e-06,8.472831167323432e-06,0.0014689787034387965,7.721697059537291e-09,-0.0008626704708028163,-2.706168622523819e-16,176.00000000000657
baseline,7510103,responsive,plus,178.0,0.5795233918061005,104.43865192734731,0.05795233918061005,0.0015222661162370456,1.6204426646675902e-06,8.472831167323432e-06,0.0015080165695257274,-2.390908943050718e-09,-0.0008853014471413324,-2.7755575615628914e-16,178.0000000000076
baseline,7510103,responsive,plus,180.0,0.5793690677407535,105.59748714556525,0.057936906774075356,0.0015376985227717724,1.6204426646675902e-06,8.472831167323432e-06,0.0015234489760604544,-1.3285668676310536e-09,-0.0008942436969241949,-2.498001805406602e-16,180.0000000000086
baseline,7510103,responsive,plus,182.0,0.5793977050647691,106.75620114037572,0.05793977050647691,0.0015348347903702496,1.6204426646675902e-06,8.472831167323432e-06,0.0015205852436589319,3.224472300278336e-09,-0.0008925844979476294,-2.1510571102112408e-16,182.00000000000963
baseline,7510103,responsive,plus,184.0,0.5788685721797697,107.91451634887792,0.05788685721797698,0.0015877480788701783,1.6204426646675902e-06,8.472831167323432e-06,0.001573498532158859,1.5818210907792007e-09,-0.0009232283367914228,-2.220446049250313e-16,184.00000000001066
baseline,7510103,responsive,plus,186.0,0.5790121930514178,109.07223751852442,0.057901219305141784,0.0015733859917053605,1.6204426646675902e-06,8.472831167323432e-06,0.001559136444994042,-4.8099131899626e-09,-0.0009149135445530726,-2.2898349882893854e-16,186.00000000001168
baseline,7510103,responsive,plus,188.0,0.5790090443078679,110.23027746625833,0.05790090443078679,0.0015737008660603744,1.6204426646675902e-06,8.472831167323432e-06,0.0015594513193490538,1.137951621821287e-09,-0.0009150958601481622,-2.1510571102112408e-16,188.0000000000127
baseline,7510103,responsive,plus,190.0,0.5792177297817033,111.38834669109065,0.05792177297817033,0.0015528323186767851,1.6204426646675902e-06,8.472831167323432e-06,0.0015385827719654633,-3.396772085828559e-09,-0.0009030106049901752,-2.636779683484747e-16,190.00000000001373
baseline,7510103,responsive,plus,192.0,0.5796619936300467,112.54715685113648,0.05796619936300467,0.001508405933842464,1.6204426646675902e-06,8.472831167323432e-06,0.0014941563871311455,-9.37364963427001e-10,-0.0008772681867056722,-2.42861286636753e-16,192.00000000001475
baseline,7510103,responsive,plus,194.0,0.5795993174127889,113.70650733880734,0.0579599317412789,0.0015146735555682349,1.6204426646675902e-06,8.472831167323432e-06,0.0015004240088569145,-7.065695639685288e-09,-0.0008809010923951435,-2.42861286636753e-16,194.00000000001577
baseline,7510103,responsive,plus,196.0,0.579933077304045,114.86581948946657,0.0579933077304045,0.0014812975664426264,1.6204426646675902e-06,8.472831167323432e-06,0.001467048019731305,-1.960451551097364e-09,-0.0008615508220967162,-2.498001805406602e-16,196.0000000000168
baseline,7510103,responsive,plus,198.0,0.5800710425605166,116.02596202525613,0.058007104256051656,0.001467501040795504,1.6204426646675902e-06,8.472831167323432e-06,0.001453251494084186,-3.153462130311979e-09,-0.000853548808801459,-2.1510571102112408e-16,198.00000000001782
baseline,7510103,responsive,plus,200.0,0.5798445753110552,117.18590801867091,0.057984457531105524,0.0014901477657416678,1.6204426646675902e-06,8.472831167323432e-06,0.0014758982190303503,-7.591635375892025e-10,-0.0008666829537807876,-1.8041124150158794e-16,200.00000000001884
baseline,7510103,responsive,minus,0.0,0.5946035575013605,0.0,0.05946035575013606,0.0,0.0,0.0,,,,,0.0
baseline,7510103,responsive,minus,2.0,0.5946035575013605,1.1892071150027146,0.05946035575013606,5.262348255956e-09,1.173266124812387e-07,3.1290109938025234e-09,,,,,1.9999999999999793
baseline,7510103,responsive,minus,4.0,0.5946035575013605,2.3784142300054203,0.05946035575013606,-1.5897451695341765e-06,-1.9103326740443026e-07,-9.452681333256243e-07,,,,,3.999999999999937
baseline,7510103,responsive,minus,6.0,0.5946035575013605,3.5676213450081864,0.05946035575013606,5.07861373195406e-06,-1.8159371765983538e-06,3.0197617921951502e-06,,,,,5.999999999999894
baseline,7510103,responsive,minus,8.0,0.5946035575013605,4.75682846001084,0.05946035575013606,6.50260856833056e-06,5.484394089967045e-07,3.8664741877682e-06,,,,,7.999999999999852
baseline,7510103,responsive,minus,10.0,0.5946035575013605,5.946035575013428,0.05946035575013606,-1.4648501204363927e-06,-1.0049176181558552e-06,-8.710050928177531e-07,,,,,10.000000000000163
baseline,7510103,responsive,minus,12.0,0.5946035575013605,7.135242690016017,0.05946035575013606,3.5140789605394455e-05,-1.4522044698013097e-06,2.0894838512774436e-05,,,,,12.000000000000476
baseline,7510103,responsive,minus,14.0,0.5946035575013605,8.324449805018702,0.05946035575013606,1.329789728730917e-05,1.512819855251187e-06,7.90697703432184e-06,,,,,14.000000000000789
baseline,7510103,responsive,minus,16.0,0.5946035575013605,9.513656920021646,0.05946035575013606,2.4508746420440023e-05,1.0437574735721228e-06,1.457298781149248e-05,,,,,16.0000000000011
baseline,7510103,responsive,minus,18.0,0.5946035575013605,10.70286403502459,0.05946035575013606,6.8839988761653e-05,1.4606626389620723e-06,4.093250221603272e-05,,,,,18.000000000000703
baseline,7510103,responsive,minus,20.0,0.5946035575013605,11.892071150027533,0.05946035575013606,3.371115757794531e-05,1.547266056546856e-06,2.0044774223335396e-05,0.0,0.0,0.0,0.0,20.000000000000306
baseline,7510103,responsive,minus,22.0,0.594387912637677,13.081296109202007,0.0594387912637677,5.527564394628483e-05,1.547266056546856e-06,2.0044774223335396e-05,2.156448636833953e-05,7.252564104831549e-10,-1.281999517495358e-05,-2.0816681711721685e-17,22.00000000000044
baseline,7510103,responsive,minus,24.0,0.5937620812937697,14.269235526906996,0.05937620812937698,0.00011785877833702806,1.547266056546856e-06,2.0044774223335396e-05,8.414762075908276e-05,2.9143222557426185e-09,-4.9999070548222e-05,6.938893903907228e-18,24.000000000000576
baseline,7510103,responsive,minus,26.0,0.5936021146506729,15.456688688731337,0.0593602114650673,0.00013385544264665978,1.547266056546856e-06,2.0044774223335396e-05,0.0001001442850687146,3.155056049752858e-09,-5.949600377615216e-05,-4.163336342344337e-17,26.00000000000071
baseline,7510103,responsive,minus,28.0,0.5927317133819785,16.643136273274695,0.05927317133819786,0.00022089556951611377,1.547266056546856e-06,2.0044774223335396e-05,0.0001871844119381682,-2.4386206110005304e-09,-0.00011112532722688806,-2.7755575615628914e-17,28.000000000000846
baseline,7510103,responsive,minus,30.0,0.5923346352498282,17.82807021400264,0.05923346352498282,0.00026060338273118364,1.547266056546856e-06,2.0044774223335396e-05,0.00022689222515323806,1.7500238758128006e-09,-0.00013465352383633736,0.0,30.00000000000098
baseline,7510103,responsive,minus,32.0,0.5919911949947828,19.012497098996064,0.05919911949947828,0.0002949474082357374,1.547266056546856e-06,2.0044774223335396e-05,0.000261236250657792,-8.941463680578465e-10,-0.000154990782096142,1.3877787807814457e-17,32.000000000001116
baseline,7510103,responsive,minus,34.0,0.5912457596241818,20.195602224286535,0.059124575962418185,0.0003694909452958629,1.547266056546856e-06,2.0044774223335396e-05,0.0003357797877179173,-1.3929929432165977e-09,-0.0001990921159848967,4.85722573273506e-17,34.000000000000725
baseline,7510103,responsive,minus,36.0,0.5912041492471001,21.378019405083876,0.05912041492471001,0.0003736519830040467,1.547266056546856e-06,2.0044774223335396e-05,0.0003399408254261012,3.346828925110401e-09,-0.0002015522253143165,5.551115123125783e-17,36.00000000000033
baseline,7510103,responsive,minus,38.0,0.5909352818004787,22.560282571827006,0.05909352818004788,0.0004005387276661579,1.547266056546856e-06,2.0044774223335396e-05,0.00036682757008821255,5.913472211904747e-10,-0.00021744416583312567,3.469446951953614e-17,37.99999999999993
baseline,7510103,responsive,minus,40.0,0.5904838614675028,23.74149600202827,0.05904838614675028,0.00044568076096375333,1.547266056546856e-06,2.0044774223335396e-05,0.00041196960338580767,-2.0888450136258285e-09,-0.0002441099969850355,2.7755575615628914e-17,39.99999999999953
baseline,7510103,responsive,minus,42.0,0.5904103045142417,24.92246594004312,0.05904103045142418,0.00045303645628984703,1.547266056546856e-06,2.0044774223335396e-05,0.0004193252987119019,1.6270343961011235e-09,-0.0002484531458337054,2.0816681711721685e-17,41.99999999999913
baseline,7510103,responsive,minus,44.0,0.5894511119650436,26.102281584398114,0.05894511119650436,0.0005489557112096477,1.547266056546856e-06,2.0044774223335396e-05,0.0005152445536317019,5.924029045090151e-10,-0.0003050388598223701,6.938893903907228e-18,43.999999999998735
baseline,7510103,responsive,minus,46.0,0.5890097041149426,27.280662597873704,0.05890097041149426,0.000593096496219842,1.547266056546856e-06,2.0044774223335396e-05,0.0005593853386418962,1.0627177637889673e-08,-0.00033104795258507777,9.71445146547012e-17,45.99999999999834
baseline,7510103,responsive,minus,48.0,0.5886383796376813,28.458433990305206,0.05886383796376814,0.0006302289439459886,1.547266056546856e-06,2.0044774223335396e-05,0.0005965177863680432,5.657762452981885e-09,-0.00035291243053993393,1.249000902703301e-16,47.99999999999794
baseline,7510103,responsive,minus,50.0,0.5878831166171646,29.634795065742782,0.05878831166171646,0.0007057552459976956,1.547266056546856e-06,2.0044774223335396e-05,0.0006720440884197504,2.2191990745046297e-09,-0.00039734158948814824,1.5265566588595902e-16,49.99999999999754
baseline,7510103,responsive,minus,52.0,0.5877582908553257,30.810340433895675,0.058775829085532576,0.0007182378221816175,1.547266056546856e-06,2.0044774223335396e-05,0.000684526664603673,2.0819282131601113e-09,-0.0004046791062050012,1.942890293094024e-16,51.999999999997144
baseline,7510103,responsive,minus,54.0,0.5873958721927457,31.98567238305023,0.058739587219274574,0.0007544796884395757,1.547266056546856e-06,2.0044774223335396e-05,0.0007207685308616308,2.6520429463605666e-09,-0.00042597399620986423,1.457167719820518e-16,53.999999999996746
baseline,7510103,responsive,minus,56.0,0.5871216975005511,33.16007352027551,0.05871216975005511,0.0007818971576590792,1.547266056546856e-06,2.0044774223335396e-05,0.0007481860000811337,-7.2088792713032035e-09,-0.00044207514586725935,1.8735013540549517e-16,55.99999999999635
baseline,7510103,responsive,minus,58.0,0.5869431010581385,34.33426663052552,0.05869431010581386,0.0007997568019002893,1.547266056546856e-06,2.0044774223335396e-05,0.0007660456443223439,-4.207510034826001e-09,-0.0004525593356764779,1.457167719820518e-16,57.99999999999595
baseline,7510103,responsive,minus,60.0,0.5865099182931843,35.507680059627326,0.05865099182931844,0.0008430750783957299,1.547266056546856e-06,2.0044774223335396e-05,0.0008093639208177854,-3.916538315884566e-09,-0.0004779753168497984,1.6653345369377348e-16,59.99999999999555
baseline,7510103,responsive,minus,62.0,0.5865218690096528,36.68053133344504,0.05865218690096528,0.0008418800067488815,1.547266056546856e-06,2.0044774223335396e-05,0.000808168849170937,-2.045459607247224e-09,-0.00047727438833487443,1.5959455978986625e-16,61.999999999995154
baseline,7510103,responsive,minus,64.0,0.586365373469272,37.85352264147268,0.0586365373469272,0.0008575295607868541,1.547266056546856e-06,2.0044774223335396e-05,0.00082381840320891,-1.1980559599944485e-09,-0.00048645196947574854,4.85722573273506e-17,63.999999999994756
baseline,7510103,responsive,minus,66.0,0.5859815417519556,39.02583011388296,0.05859815417519556,0.0008959127325185092,1.547266056546856e-06,2.0044774223335396e-05,0.0008622015749405635,5.3433895363941275e-09,-0.0005089511659637468,6.245004513516506e-17,65.99999999999436
baseline,7510103,responsive,minus,68.0,0.5865228445502845,40.19838336692412,0.05865228445502845,0.0008417824526856242,1.547266056546856e-06,2.0044774223335396e-05,0.0008080712951076786,-5.854970397400905e-10,-0.00047721717069582753,7.632783294297951e-17,67.99999999999396
baseline,7510103,responsive,minus,70.0,0.5862431088684302,41.371114722437845,0.05862431088684302,0.0008697560208710595,1.547266056546856e-06,2.0044774223335396e-05,0.0008360448632931145,2.303793350533212e-09,-0.0004936203948775822,7.632783294297951e-17,69.99999999999356
baseline,7510103,responsive,minus,72.0,0.5863079836887433,42.54339611821029,0.05863079836887433,0.0008632685388397463,1.547266056546856e-06,2.0044774223335396e-05,0.0008295573812618006,1.0152854390543808e-08,-0.0004898169428057056,7.632783294297951e-17,71.99999999999316
baseline,7510103,responsive,minus,74.0,0.5865313008134904,43.71652335636191,0.05865313008134904,0.0008409368263649725,1.547266056546856e-06,2.0044774223335396e-05,0.0008072256687870269,-1.9862995970232333e-09,-0.00047672118796542734,1.3877787807814457e-17,73.99999999999277
baseline,7510103,responsive,minus,76.0,0.5862380165352157,44.889311437021306,0.058623801653521566,0.0008702652541924436,1.547266056546856e-06,2.0044774223335396e-05,0.0008365540966144984,1.5465504155098841e-09,-0.0004939189281064973,6.938893903907228e-18,75.99999999999237
baseline,7510103,responsive,minus,78.0,0.5866243217841302,46.06205157368895,0.058662432178413014,0.0008316347293010191,1.547266056546856e-06,2.0044774223335396e-05,0.000797923571723075,6.181506639890699e-09,-0.0004712647842291563,3.469446951953614e-17,77.99999999999197
baseline,7510103,responsive,minus,80.0,0.5866642474794851,47.235584966324275,0.05866642474794851,0.0008276421597655267,1.547266056546856e-06,2.0044774223335396e-05,0.0007939310021875827,1.3309476298850598e-09,-0.00046892256613016367,3.469446951953614e-17,79.99999999999157
baseline,7510103,responsive,minus,82.0,0.58648498357755,48.408647601642535,0.058648498357755,0.0008455685499589812,1.547266056546856e-06,2.0044774223335396e-05,0.000811857392381036,-8.882911628482759e-10,-0.0004794377315657343,-2.0816681711721685e-17,81.99999999999118
baseline,7510103,responsive,minus,84.0,0.5868658256624664,49.58190828044447,0.05868658256624664,0.0008074843414673709,1.547266056546856e-06,2.0044774223335396e-05,0.0007737731838894253,-4.623323307528793e-09,-0.00045709466313926736,6.938893903907228e-18,83.99999999999078
baseline,7510103,responsive,minus,86.0,0.5866527246510521,50.75557317543356,0.058665272465105216,0.0008287944426088003,1.547266056546856e-06,2.0044774223335396e-05,0.0007950832850308552,8.862076350535375e-10,-0.00046959856263852767,1.3877787807814457e-17,85.99999999999038
baseline,7510103,responsive,minus,88.0,0.586861180913751,51.92900690794286,0.0586861180913751,0.0008079488163389055,1.547266056546856e-06,2.0044774223335396e-05,0.0007742376587609594,-8.900485626295307e-10,-0.000457367246489572,0.0,87.99999999998998
baseline,7510103,responsive,minus,90.0,0.5872535524194888,53.103184272769404,0.05872535524194889,0.0007687116657651722,1.547266056546856e-06,2.0044774223335396e-05,0.0007350005081872269,1.6505319888615588e-09,-0.0004343327881982176,6.245004513516506e-17,89.99999999998958
baseline,7510103,responsive,minus,92.0,0.5868690041990152,54.27738239151864,0.05868690041990153,0.0008071664878125628,1.547266056546856e-06,2.0044774223335396e-05,0.0007734553302346157,2.6526732754827975e-09,-0.000456908125186499,9.020562075079397e-17,91.99999999998919
baseline,7510103,responsive,minus,94.0,0.5868465352074305,55.45108341156696,0.05868465352074305,0.0008094133869710442,1.547266056546856e-06,2.0044774223335396e-05,0.0007757022293930971,2.587792008457157e-09,-0.00045822673541539086,9.020562075079397e-17,93.99999999998879
baseline,7510103,responsive,minus,96.0,0.5868357303127513,56.624659576464396,0.05868357303127513,0.0008104938764389764,1.547266056546856e-06,2.0044774223335396e-05,0.00077678271886103,-2.8536090990183283e-09,-0.00045886081107867835,1.0408340855860843e-16,95.99999999998839
baseline,7510103,responsive,minus,98.0,0.5866120570919776,57.7980566248356,0.058661205709197764,0.0008328611985163178,1.547266056546856e-06,2.0044774223335396e-05,0.0007991500409383715,1.8656518829818225e-09,-0.00047198425337960717,7.632783294297951e-17,97.99999999998799
baseline,7510103,responsive,minus,100.0,0.586774936304449,58.97152333158733,0.0586774936304449,0.000816573277269193,1.547266056546856e-06,2.0044774223335396e-05,0.0007828621196912468,4.639628181646316e-09,-0.00046242823590917845,9.020562075079397e-17,99.9999999999876
baseline,7510103,responsive,minus,102.0,0.5865518379120793,60.144763683122065,0.05865518379120793,0.0008388831165061955,1.547266056546856e-06,2.0044774223335396e-05,0.0008051719589282492,3.864503550499165e-09,-0.00047551660176177804,1.249000902703301e-16,101.9999999999872
baseline,7510103,responsive,minus,104.0,0.586347751040814,61.31770520670906,0.05863477510408141,0.0008592918036327709,1.547266056546856e-06,2.0044774223335396e-05,0.0008255806460548237,-1.8305369997584364e-09,-0.00048748527213266293,1.8041124150158794e-16,103.9999999999868
baseline,7510103,responsive,minus,106.0,0.5858829400086173,62.490063197612024,0.05858829400086173,0.0009057729068524305,1.547266056546856e-06,2.0044774223335396e-05,0.0008720617492744836,-9.05276548168743e-10,-0.0005147285600066338,1.5959455978986625e-16,105.9999999999864
baseline,7510103,responsive,minus,108.0,0.5856342269998706,63.66149642020463,0.05856342269998706,0.0009306442077270965,1.547266056546856e-06,2.0044774223335396e-05,0.0008969330501491503,-1.4244405932561932e-09,-0.0005292971379768918,1.5265566588595902e-16,107.999999999986
baseline,7510103,responsive,minus,110.0,0.5856757899118895,64.83281547846696,0.05856757899118895,0.0009264879165252193,1.547266056546856e-06,2.0044774223335396e-05,0.0008927767589472741,-1.437827329420216e-09,-0.0005268629852179033,1.6653345369377348e-16,109.9999999999856
baseline,7510103,responsive,minus,112.0,0.5855343268433424,66.0040679022641,0.05855343268433424,0.0009406342233799751,1.547266056546856e-06,2.0044774223335396e-05,0.0009069230658020314,-3.453068941894344e-10,-0.0005351471340693838,2.1510571102112408e-16,111.9999999999852
baseline,7510103,responsive,minus,114.0,0.5855144816638038,67.17510860027478,0.05855144816638038,0.0009426187413338449,1.547266056546856e-06,2.0044774223335396e-05,0.0009089075837559011,2.2134918897798173e-10,-0.0005363091177620488,2.220446049250313e-16,113.99999999998481
baseline,7510103,responsive,minus,116.0,0.5856082824977333,68.34630602142587,0.058560828249773336,0.0009332386579408898,1.547266056546856e-06,2.0044774223335396e-05,0.0008995275003629462,6.7868624886724405e-09,-0.0005308165031664355,2.220446049250313e-16,115.99999999998441
baseline,7510103,responsive,minus,118.0,0.5855058654848291,69.51747981499197,0.058550586548482914,0.0009434803592313264,1.547266056546856e-06,2.0044774223335396e-05,0.000909769201653384,-7.864622425524104e-09,-0.0005368136038067482,2.42861286636753e-16,117.99999999998401
baseline,7510103,responsive,minus,120.0,0.5855848191109134,70.68858696605172,0.058558481911091344,0.0009355849966228802,1.547266056546856e-06,2.0044774223335396e-05,0.0009018738390449378,3.326553421612033e-09,-0.0005321905110056285,2.220446049250313e-16,119.99999999998361
baseline,7510103,responsive,minus,122.0,0.5857549121826241,71.85992735838413,0.05857549121826241,0.0009185756894518475,1.547266056546856e-06,2.0044774223335396e-05,0.0008848645318739054,2.9435233972474606e-09,-0.0005222286723600075,2.5673907444456745e-16,121.99999999998322
baseline,7510103,responsive,minus,124.0,0.5854014040682676,73.03117320547918,0.05854014040682676,0.0009539265008874498,1.547266056546856e-06,2.0044774223335396e-05,0.0009202153433095072,4.959078647726045e-09,-0.0005429293354087331,2.0816681711721685e-16,123.99999999998282
baseline,7510103,responsive,minus,126.0,0.5852821292957393,74.20176599601044,0.058528212929573935,0.0009658539781401935,1.547266056546856e-06,2.0044774223335396e-05,0.0009321428205622517,1.5741362657806235e-09,-0.000549910986015964,1.3183898417423734e-16,125.99999999998242
baseline,7510103,responsive,minus,128.0,0.5853255912348865,75.37247766117363,0.05853255912348865,0.0009615077842254667,1.547266056546856e-06,2.0044774223335396e-05,0.0009277966266475256,-1.2501557566935162e-09,-0.0005473671419402165,1.1796119636642288e-16,127.99999999998202
baseline,7510103,responsive,minus,130.0,0.5849072248702241,76.54271576475084,0.05849072248702241,0.0010033444206916768,1.547266056546856e-06,2.0044774223335396e-05,0.0009696332631137344,9.5399088628767e-09,-0.0005718464443943451,9.020562075079397e-17,129.99999999998303
baseline,7510103,responsive,minus,132.0,0.5850824305888833,77.71271249428885,0.05850824305888834,0.0009858238488257359,1.547266056546856e-06,2.0044774223335396e-05,0.0009521126912477926,3.524624203610216e-10,-0.0005615970004739096,7.632783294297951e-17,131.99999999998406
baseline,7510103,responsive,minus,134.0,0.5846190811435216,78.88248809045727,0.05846190811435216,0.0010321587933618875,1.547266056546856e-06,2.0044774223335396e-05,0.0009984476357839456,-7.4080718504010434e-09,-0.0005886960278089146,4.85722573273506e-17,133.99999999998508
baseline,7510103,responsive,minus,136.0,0.5845252832904715,80.05148387680435,0.05845252832904715,0.0010415385786668302,1.547266056546856e-06,2.0044774223335396e-05,0.0010078274210888873,7.347497443799256e-09,-0.0005941791893733922,-2.0816681711721685e-17,135.9999999999861
baseline,7510103,responsive,minus,138.0,0.5848739567090231,81.22102609883659,0.05848739567090232,0.0010066712368117067,1.547266056546856e-06,2.0044774223335396e-05,0.0009729600792337632,2.734054316277934e-09,-0.0005737922678402743,2.0816681711721685e-17,137.99999999998712
baseline,7510103,responsive,minus,140.0,0.5845236948597731,82.39040673974392,0.05845236948597731,0.0010416974217367485,1.547266056546856e-06,2.0044774223335396e-05,0.0010079862641588062,-2.3399939486079546e-09,-0.0005942720370376332,6.245004513516506e-17,139.99999999998815
baseline,7510103,responsive,minus,142.0,0.5842301791072282,83.55917194879368,0.058423017910722824,0.0010710489969912194,1.547266056546856e-06,2.0044774223335396e-05,0.0010373378394132786,4.3636672053537495e-10,-0.0006114244206804897,4.85722573273506e-17,141.99999999998917
baseline,7510103,responsive,minus,144.0,0.5842532097395294,84.72776008686691,0.05842532097395294,0.0010687459337610943,1.547266056546856e-06,2.0044774223335396e-05,0.001035034776183152,-3.472315379671187e-09,-0.0006100788751165626,3.469446951953614e-17,143.9999999999902
baseline,7510103,responsive,minus,146.0,0.5836570100469853,85.89554777624393,0.05836570100469853,0.0011283659030154288,1.547266056546856e-06,2.0044774223335396e-05,0.001094654745437487,-2.007235211376468e-10,-0.0006448942608143528,-3.469446951953614e-17,145.99999999999122
baseline,7510103,responsive,minus,148.0,0.5837116042075463,87.06280291105773,0.05837116042075463,0.0011229064869593584,1.547266056546856e-06,2.0044774223335396e-05,0.001089195329381418,-3.2001234995249206e-11,-0.0006417076853363311,-6.938893903907228e-18,147.99999999999224
baseline,7510103,responsive,minus,150.0,0.5834888820379535,88.2300360652968,0.05834888820379535,0.0011451787039186824,1.547266056546856e-06,2.0044774223335396e-05,0.0011114675463407416,3.6773553646618495e-09,-0.00065470575656865,3.469446951953614e-17,149.99999999999326
baseline,7510103,responsive,minus,152.0,0.5832458640905419,89.39679005719584,0.05832458640905419,0.0011694804986599075,1.547266056546856e-06,2.0044774223335396e-05,0.001135769341081966,-4.258577268601016e-09,-0.0006688826307275422,9.71445146547012e-17,151.9999999999943
baseline,7510103,responsive,minus,154.0,0.5835125041616346,90.56350296211659,0.058351250416163465,0.0011428164915506685,1.547266056546856e-06,2.0044774223335396e-05,0.001109105333972728,5.840631006615027e-09,-0.0006533274040146052,1.3877787807814457e-16,153.9999999999953
baseline,7510103,responsive,minus,156.0,0.583516670360229,91.73056656510103,0.05835166703602291,0.0011423998716912156,1.547266056546856e-06,2.0044774223335396e-05,0.001108688714113275,6.064042906706035e-09,-0.000653084300249275,1.249000902703301e-16,155.99999999999633
baseline,7510103,responsive,minus,158.0,0.5831601958193573,92.89720230425979,0.05831601958193573,0.0011780473257784496,1.547266056546856e-06,2.0044774223335396e-05,0.0011443361682005088,-2.253270930951956e-09,-0.0006738788302601308,1.8735013540549517e-16,157.99999999999736
baseline,7510103,responsive,minus,160.0,0.583343432058836,94.06368493351238,0.0583343432058836,0.0011597237018305321,1.547266056546856e-06,2.0044774223335396e-05,0.0011260125442525907,1.7742670666009985e-09,-0.0006631915433545979,1.3183898417423734e-16,159.99999999999838
baseline,7510103,responsive,minus,162.0,0.5830818249876771,95.23011293887927,0.058308182498767715,0.0011858844089463563,1.547266056546856e-06,2.0044774223335396e-05,0.0011521732513684155,-1.1703676916496875e-10,-0.0006784487981156828,7.632783294297951e-17,161.9999999999994
baseline,7510103,responsive,minus,164.0,0.5828338037584446,96.39585189304884,0.05828338037584447,0.0012106865318695953,1.547266056546856e-06,2.0044774223335396e-05,0.0011769753742916556,8.873519974361699e-10,-0.0006929073894868278,6.938893903907228e-17,164.00000000000043
baseline,7510103,responsive,minus,166.0,0.5828839954473278,97.56166686238872,0.058288399544732784,0.0012056673629813012,1.547266056546856e-06,2.0044774223335396e-05,0.0011719562054033602,2.585139075028664e-09,-0.0006899819222316618,9.020562075079397e-17,166.00000000000145
baseline,7510103,responsive,minus,168.0,0.5826243571411412,98.72731042767366,0.05826243571411413,0.0012316311936000088,1.547266056546856e-06,2.0044774223335396e-05,0.0011979200360220691,-1.0894909974190625e-09,-0.0007051124529572801,1.457167719820518e-16,168.00000000000247
baseline,7510103,responsive,minus,170.0,0.5828711223736939,99.89266115360905,0.05828711223736939,0.0012069546703447579,1.547266056546856e-06,2.0044774223335396e-05,0.0011732435127668193,4.557113741920915e-09,-0.000690732264805205,1.5265566588595902e-16,170.0000000000035
baseline,7510103,responsive,minus,172.0,0.5829739634746012,101.05849828721136,0.05829739634746012,0.0011966705602540091,1.547266056546856e-06,2.0044774223335396e-05,0.0011629594026760707,3.2348687339922577e-09,-0.0006847374251994082,1.3183898417423734e-16,172.00000000000452
baseline,7510103,responsive,minus,174.0,0.5832340475091132,102.22482324122508,0.05832340475091132,0.0011706621568028776,1.547266056546856e-06,2.0044774223335396e-05,0.001136950999224939,-2.433464540985142e-10,-0.0006695718209705631,2.0122792321330962e-16,174.00000000000554
baseline,7510103,responsive,minus,176.0,0.5834164696736497,103.39142447277243,0.05834164696736497,0.0011524199403492481,1.547266056546856e-06,2.0044774223335396e-05,0.0011187087827713104,-1.5945051945465138e-09,-0.0006589306753404557,2.220446049250313e-16,176.00000000000657
baseline,7510103,responsive,minus,178.0,0.5830474129273527,104.55780245028969,0.05830474129273528,0.0011893256149789473,1.547266056546856e-06,2.0044774223335396e-05,0.0011556144574010109,5.2358922753015236e-09,-0.0006804552435997341,2.3592239273284576e-16,178.0000000000076
baseline,7510103,responsive,minus,180.0,0.5832665907742526,105.72411430952674,0.058326659077425264,0.0011674078302888928,1.547266056546856e-06,2.0044774223335396e-05,0.0011336966727109553,-7.249687100641111e-09,-0.0006676737339927144,1.5959455978986625e-16,180.0000000000086
baseline,7510103,responsive,minus,182.0,0.5833961952548662,106.89104193358956,0.05833961952548662,0.001154447382227563,1.547266056546856e-06,2.0044774223335396e-05,0.001120736224649625,-7.51924114639202e-09,-0.0006601134977709915,1.8735013540549517e-16,182.00000000000963
baseline,7510103,responsive,minus,184.0,0.5832915983687766,108.05745620561648,0.05832915983687767,0.0011649070708364894,1.547266056546856e-06,2.0044774223335396e-05,0.0011311959132585543,-4.9352993913842624e-11,-0.0006662150932835731,1.6653345369377348e-16,184.00000000001066
baseline,7510103,responsive,minus,186.0,0.5835122282111225,109.22438041484088,0.058351222821112256,0.0011428440866018763,1.547266056546856e-06,2.0044774223335396e-05,0.0011091329290239375,6.7693125549439515e-09,-0.0006533435060682297,1.3877787807814457e-16,186.00000000001168
baseline,7510103,responsive,minus,188.0,0.5828060910251293,110.39095744129035,0.058280609102512926,0.0012134578052012564,1.547266056546856e-06,2.0044774223335396e-05,0.0011797466476233197,-6.973741445426285e-09,-0.0006945225428641282,1.8735013540549517e-16,188.0000000000127
baseline,7510103,responsive,minus,190.0,0.5830145620582403,111.55642569281686,0.05830145620582404,0.0011926107018900985,1.547266056546856e-06,2.0044774223335396e-05,0.0011588995443121632,-1.2047452480068443e-09,-0.0006823705510655975,1.457167719820518e-16,190.00000000001373
baseline,7510103,responsive,minus,192.0,0.5834943815698079,112.72309061386117,0.0583494381569808,0.0011446287507333422,1.547266056546856e-06,2.0044774223335396e-05,0.0011109175931554064,-1.2790636605419792e-09,-0.0006543848634870536,1.5265566588595902e-16,192.00000000001475
baseline,7510103,responsive,minus,194.0,0.5827729088560124,113.88933503253003,0.05827729088560125,0.0012167760221129234,1.547266056546856e-06,2.0044774223335396e-05,0.0011830648645349852,-1.1025753088311774e-09,-0.0006964563648387788,1.734723475976807e-16,194.00000000001577
baseline,7510103,responsive,minus,196.0,0.5830567236183756,115.0551043843796,0.05830567236183756,0.0011883945458766498,1.547266056546856e-06,2.0044774223335396e-05,0.0011546833882987123,8.744848734032473e-10,-0.0006799123818339477,2.1510571102112408e-16,196.0000000000168
baseline,7510103,responsive,minus,198.0,0.582707315059213,116.22109973952641,0.058270731505921304,0.0012233354017928732,1.547266056546856e-06,2.0044774223335396e-05,0.0011896242442149367,3.4632408052459596e-09,-0.0007002787784878388,1.8041124150158794e-16,198.00000000001782
baseline,7510103,responsive,minus,200.0,0.5818742270488673,117.38556403980364,0.058187422704886735,0.0013066442028274415,1.547266056546856e-06,2.0044774223335396e-05,0.0012729330452495055,-4.796054969835595e-09,-0.000748788724477846,1.8041124150158794e-16,200.00000000001884
baseline,7510104,responsive,F0,0.0,0.5946035575013605,0.0,0.05946035575013606,0.0,0.0,0.0,,,,,0.0
baseline,7510104,responsive,F0,2.0,0.5946035575013605,1.1892071150027146,0.05946035575013606,1.4882061584963126e-08,1.5447228779035177e-07,8.848926761373432e-09,,,,,1.9999999999999793
baseline,7510104,responsive,F0,4.0,0.5946035575013605,2.3784142300054203,0.05946035575013606,-6.290924158071345e-07,-2.996579067243892e-07,-3.740605884360475e-07,,,,,3.999999999999937
baseline,7510104,responsive,F0,6.0,0.5946035575013605,3.5676213450081864,0.05946035575013606,4.415079154436141e-06,-1.0772186778911643e-06,2.625221771877829e-06,,,,,5.999999999999894
baseline,7510104,responsive,F0,8.0,0.5946035575013605,4.75682846001084,0.05946035575013606,1.881964528706683e-06,-9.856682323952316e-07,1.1190228038603735e-06,,,,,7.999999999999852
baseline,7510104,responsive,F0,10.0,0.5946035575013605,5.946035575013428,0.05946035575013606,8.947607194040743e-06,-4.497177429476964e-06,5.3202790687014055e-06,,,,,10.000000000000163
baseline,7510104,responsive,F0,12.0,0.5946035575013605,7.135242690016017,0.05946035575013606,4.1159688722438235e-05,-4.200358587413319e-06,2.4473697340010427e-05,,,,,12.000000000000476
baseline,7510104,responsive,F0,14.0,0.5946035575013605,8.324449805018702,0.05946035575013606,3.5995362735664514e-05,-4.23724562758764e-06,2.140297073617799e-05,,,,,14.000000000000789
baseline,7510104,responsive,F0,16.0,0.5946035575013605,9.513656920021646,0.05946035575013606,0.00010103585647539035,-4.322484429974258e-06,6.0076279695464115e-05,,,,,16.0000000000011
baseline,7510104,responsive,F0,18.0,0.5946035575013605,10.70286403502459,0.05946035575013606,0.0001500789761314314,-4.0171764074052095e-06,8.923749311391118e-05,,,,,18.000000000000703
baseline,7510104,responsive,F0,20.0,0.5946035575013605,11.892071150027533,0.05946035575013606,0.00018311822731854966,-4.024813863711301e-06,0.00010888274940695314,0.0,0.0,0.0,0.0,20.000000000000306
baseline,7510104,responsive,F0,22.0,0.5937912689999975,13.080474216011613,0.05937912689999975,0.00026434707745494514,-4.024813863711301e-06,0.00010888274940695314,8.122885013639528e-05,-3.3921365716338414e-11,-4.826597263231716e-05,9.020562075079397e-17,22.00000000000044
baseline,7510104,responsive,F0,24.0,0.5935866068465784,14.267782877056714,0.05935866068465784,0.0002848132927968743,-4.024813863711301e-06,0.00010888274940695314,0.00010169506547832421,-9.309848253424846e-09,-6.0416538281968246e-05,1.0408340855860843e-16,24.000000000000576
baseline,7510104,responsive,F0,26.0,0.5930527061914844,15.454521788953627,0.05930527061914845,0.00033820335830625584,-4.024813863711301e-06,0.00010888274940695314,0.00015508513098770512,-7.307802973866018e-10,-9.209391361152813e-05,9.71445146547012e-17,26.00000000000071
baseline,7510104,responsive,F0,28.0,0.5923633388703481,16.63971448228749,0.05923633388703481,0.0004071400904199477,-4.024813863711301e-06,0.00010888274940695314,0.00022402186310139822,-6.357585013994083e-10,-0.00013295326778234653,1.5265566588595902e-16,28.000000000000846
baseline,7510104,responsive,F0,30.0,0.5925685055383553,17.824640122653392,0.059256850553835526,0.00038662342361916693,-4.024813863711301e-06,0.00010888274940695314,0.00020350519630061718,-9.935301359398352e-09,-0.00012079784186570103,8.326672684688674e-17,30.00000000000098
baseline,7510104,responsive,F0,32.0,0.5920829373354572,19.00931158397888,0.05920829373354573,0.00043518024390900954,-4.024813863711301e-06,0.00010888274940695314,0.00025206201659045937,-4.68707483936015e-09,-0.00014955929547453423,1.3877787807814457e-16,32.000000000001116
baseline,7510104,responsive,F0,34.0,0.591889979921303,20.1931724898794,0.0591889979921303,0.0004544759853244076,-4.024813863711301e-06,0.00010888274940695314,0.0002713577580058572,-2.0027111358178473e-09,-0.00016098211310166394,1.0408340855860843e-16,34.000000000000725
baseline,7510104,responsive,F0,36.0,0.5919156243254338,21.377050570094347,0.05919156243254338,0.00045191154491129056,-4.024813863711301e-06,0.00010888274940695314,0.0002687933175927397,-9.515448429198159e-09,-0.0001594642136352846,6.245004513516506e-17,36.00000000000033
baseline,7510104,responsive,F0,38.0,0.5910098158183832,22.55998608676773,0.05910098158183832,0.0005424923956163604,-4.024813863711301e-06,0.00010888274940695314,0.00035937416829780997,-8.347364383043399e-09,-0.00021303940997972892,6.938893903907228e-17,37.99999999999993
baseline,7510104,responsive,F0,40.0,0.5914067447760126,23.74216990817683,0.05914067447760126,0.000502799499853374,-4.024813863711301e-06,0.00010888274940695314,0.0003196812725348235,-5.696623145423629e-09,-0.00018957264133570226,2.7755575615628914e-17,39.99999999999953
baseline,7510104,responsive,F0,42.0,0.5911070440064825,24.924946962002945,0.05911070440064826,0.0005327695768063973,-4.024813863711301e-06,0.00010888274940695314,0.0003496513494878469,-3.3183411018988807e-09,-0.00020729265595960042,4.85722573273506e-17,41.99999999999913
baseline,7510104,responsive,F0,44.0,0.5905155037880971,26.10647674754359,0.05905155037880972,0.0005919235986449637,-4.024813863711301e-06,0.00010888274940695314,0.00040880537132641307,-2.814993266264665e-09,-0.00024224151895817572,7.632783294297951e-17,43.999999999998735
baseline,7510104,responsive,F0,46.0,0.5906964021700312,27.287705195258084,0.05906964021700312,0.0005738337604515672,-4.024813863711301e-06,0.00010888274940695314,0.0003907155331330157,-6.160749632666551e-09,-0.00023155755283272433,8.326672684688674e-17,45.99999999999834
baseline,7510104,responsive,F0,48.0,0.5897602187671174,28.468236202784684,0.05897602187671174,0.0006674521007429582,-4.024813863711301e-06,0.00010888274940695314,0.0004843338734244063,-4.920693852383806e-10,-0.0002868137476517811,9.020562075079397e-17,47.99999999999794
baseline,7510104,responsive,F0,50.0,0.589288191378479,29.647134776843924,0.0589288191378479,0.0007146548396068166,-4.024813863711301e-06,0.00010888274940695314,0.0005315366122882639,-8.786684380091003e-09,-0.00031464090475774587,1.0408340855860843e-16,49.99999999999754
baseline,7510104,responsive,F0,52.0,0.5891852352076472,30.825808034047647,0.05891852352076472,0.0007249504566900308,-4.024813863711301e-06,0.00010888274940695314,0.0005418322293714768,1.8611243102206743e-10,-0.00032070746032916014,1.457167719820518e-16,51.999999999997144
baseline,7510104,responsive,F0,54.0,0.5885810768496663,32.00359134032163,0.05885810768496664,0.0007853662924881373,-4.024813863711301e-06,0.00010888274940695314,0.0006022480651695834,-1.3137915477745565e-09,-0.0003562853283880438,1.6653345369377348e-16,53.999999999996746
baseline,7510104,responsive,F0,56.0,0.5883565648129774,33.18044789477114,0.058835656481297745,0.0008078174961570722,-4.024813863711301e-06,0.00010888274940695314,0.0006246992688385194,-5.8370501210269765e-09,-0.00036949716173732133,2.0816681711721685e-16,55.99999999999635
baseline,7510104,responsive,F0,58.0,0.5879882286639467,34.35672151427176,0.05879882286639468,0.0008446511110601471,-4.024813863711301e-06,0.00010888274940695314,0.0006615328837415945,-2.6634325578367424e-09,-0.0003911616772954013,2.1510571102112408e-16,57.99999999999595
baseline,7510104,responsive,F0,60.0,0.5875836050989766,35.53239809527955,0.058758360509897654,0.0008851134675571137,-4.024813863711301e-06,0.00010888274940695314,0.0007019952402385616,2.5646492152198164e-09,-0.0004149448806081875,1.5959455978986625e-16,59.99999999999555
baseline,7510104,responsive,F0,62.0,0.5873094208731453,36.70729366510999,0.05873094208731453,0.0009125318901402253,-4.024813863711301e-06,0.00010888274940695314,0.0007294136628216742,-2.1696062446618924e-09,-0.00043105173734622054,1.5265566588595902e-16,61.999999999995154
baseline,7510104,responsive,F0,64.0,0.5869474495122917,37.881519519103485,0.05869474495122918,0.0009487290262255527,-4.024813863711301e-06,0.00010888274940695314,0.0007656107989070023,-1.0093379326781005e-08,-0.00045230410521447315,1.249000902703301e-16,63.999999999994756
baseline,7510104,responsive,F0,66.0,0.5866161572259737,39.05514236708099,0.05866161572259737,0.0009818582548573598,-4.024813863711301e-06,0.00010888274940695314,0.0007987400275388102,2.1376476699863645e-09,-0.0004717437337352741,1.249000902703301e-16,65.99999999999436
baseline,7510104,responsive,F0,68.0,0.5864829904060302,40.22834617513541,0.05864829904060303,0.0009951749368517216,-4.024813863711301e-06,0.00010888274940695314,0.0008120567095331701,-8.295122450041603e-09,-0.0004795546278837,1.3877787807814457e-16,67.99999999999396
baseline,7510104,responsive,F0,70.0,0.5862248386019403,41.40090759601477,0.05862248386019404,0.001020990117260647,-4.024813863711301e-06,0.00010888274940695314,0.0008378718899420949,-3.748373084144774e-09,-0.0004946914599701369,7.632783294297951e-17,69.99999999999356
baseline,7510104,responsive,F0,72.0,0.5862352824701844,42.57321807430611,0.05862352824701844,0.0010199457304362325,-4.024813863711301e-06,0.00010888274940695314,0.000836827503117678,-5.916277190376462e-10,-0.0004940792090188419,6.245004513516506e-17,71.99999999999316
baseline,7510104,responsive,F0,74.0,0.5863368825494738,43.74597515627563,0.05863368825494738,0.001009785722507357,-4.024813863711301e-06,0.00010888274940695314,0.0008266674951888026,-6.057297052830535e-09,-0.00048812253777191783,1.249000902703301e-16,73.99999999999277
baseline,7510104,responsive,F0,76.0,0.5861622895130002,44.91848635518249,0.058616228951300024,0.0010272450261546982,-4.024813863711301e-06,0.00010888274940695314,0.0008441267988361437,-7.071109447975843e-09,-0.0004983580473075754,1.1102230246251565e-16,75.99999999999237
baseline,7510104,responsive,F0,78.0,0.5869955253336117,46.091633651046486,0.05869955253336117,0.000943921444093563,-4.024813863711301e-06,0.00010888274940695314,0.0007608032167750081,-8.65557484019952e-09,-0.0004494821915795519,1.1796119636642288e-16,77.99999999999197
baseline,7510104,responsive,F0,80.0,0.5868426220848242,47.26552348064175,0.05868426220848243,0.0009592117689722964,-4.024813863711301e-06,0.00010888274940695314,0.0007760935416537412,4.331417502445589e-09,-0.0004584563748940944,1.1102230246251565e-16,79.99999999999157
baseline,7510104,responsive,F0,82.0,0.5869271005240121,48.439151813698516,0.05869271005240121,0.0009507639250535743,-4.024813863711301e-06,0.00010888274940695314,0.0007676456977350192,-7.417017000577175e-10,-0.00045349846318749887,1.734723475976807e-16,81.99999999999118
baseline,7510104,responsive,F0,84.0,0.5876427405270567,49.613842249476605,0.05876427405270567,0.0008791999247491043,-4.024813863711301e-06,0.00010888274940695314,0.0006960816974305483,-9.278141449575728e-09,-0.0004114700049562027,1.5959455978986625e-16,83.99999999999078
baseline,7510104,responsive,F0,86.0,0.5871824651025164,50.78867517516411,0.05871824651025164,0.0009252274672030731,-4.024813863711301e-06,0.00010888274940695314,0.0007421092398845173,2.3707102114745027e-09,-0.00043850716347029403,1.0408340855860843e-16,85.99999999999038
baseline,7510104,responsive,F0,88.0,0.5873088176560523,51.963063462469215,0.058730881765605224,0.0009125922118494436,-4.024813863711301e-06,0.00010888274940695314,0.000729473984530888,-1.4371164341886455e-08,-0.00043108716483619,5.551115123125783e-17,87.99999999998998
baseline,7510104,responsive,F0,90.0,0.5877384572324946,53.138224790980516,0.058773845723249465,0.0008696282542051902,-4.024813863711301e-06,0.00010888274940695314,0.0006865100268866344,-2.7481719677702188e-09,-0.0004058448241620431,4.163336342344337e-17,89.99999999998958
baseline,7510104,responsive,F0,92.0,0.5875055332292517,54.31349191454709,0.05875055332292518,0.0008929206545294661,-4.024813863711301e-06,0.00010888274940695314,0.0007098024272109106,-3.127321346330092e-09,-0.0004195319509143168,2.7755575615628914e-17,91.99999999998919
baseline,7510104,responsive,F0,94.0,0.5876037578918679,55.4885350058984,0.058760375789186796,0.0008830981882677831,-4.024813863711301e-06,0.00010888274940695314,0.0006999799609492265,-9.08284050749053e-09,-0.00041376071523144264,-3.469446951953614e-17,93.99999999998879
baseline,7510104,responsive,F0,96.0,0.5875937571990697,56.66380466663513,0.05875937571990697,0.0008840982575475927,-4.024813863711301e-06,0.00010888274940695314,0.0007009800302290362,-8.886886643244551e-09,-0.00041434835469772446,-4.85722573273506e-17,95.99999999998839
baseline,7510104,responsive,F0,98.0,0.5871951410265353,57.83866755437377,0.058719514102653525,0.0009239598748010402,-4.024813863711301e-06,0.00010888274940695314,0.0007408416474824842,-6.670571317535234e-10,-0.0004377628474050606,-4.85722573273506e-17,97.99999999998799
baseline,7510104,responsive,F0,100.0,0.58736650656443,59.01322005513428,0.058736650656443005,0.0009068233210115291,-4.024813863711301e-06,0.00010888274940695314,0.0007237050936929725,-6.097335497612377e-09,-0.00042769887797855857,-7.632783294297951e-17,99.9999999999876
baseline,7510104,responsive,F0,102.0,0.587324818895392,60.187947561775495,0.0587324818895392,0.000910992087915291,-4.024813863711301e-06,0.00010888274940695314,0.0007278738605967353,-5.796097907184716e-09,-0.0004301473851384373,-1.1796119636642288e-16,101.9999999999872
baseline,7510104,responsive,F0,104.0,0.5873950109148557,61.36248230651236,0.05873950109148557,0.0009039728859688916,-4.024813863711301e-06,0.00010888274940695314,0.0007208546586503367,-8.544866703097398e-09,-0.0004260245872805164,-1.5265566588595902e-16,103.9999999999868
baseline,7510104,responsive,F0,106.0,0.5875149360382323,62.537404273194184,0.058751493603823236,0.0008919803736311967,-4.024813863711301e-06,0.00010888274940695314,0.0007088621463126417,-1.9065163614495617e-09,-0.0004189795262632759,-1.8041124150158794e-16,105.9999999999864
baseline,7510104,responsive,F0,108.0,0.5872429583358885,63.71217155688788,0.058724295833588847,0.0009191781438655575,-4.024813863711301e-06,0.00010888274940695314,0.0007360599165470018,-7.25980905946777e-09,-0.0004349549239093878,-2.0816681711721685e-16,107.999999999986
baseline,7510104,responsive,F0,110.0,0.5873764564062455,64.88673464978767,0.05873764564062455,0.0009058283368298097,-4.024813863711301e-06,0.00010888274940695314,0.0007227101095112539,1.1215527118135782e-09,-0.0004271144526457882,-2.498001805406602e-16,109.9999999999856
baseline,7510104,responsive,F0,112.0,0.5870632331132696,66.06132964232422,0.05870632331132696,0.0009371506661273951,-4.024813863711301e-06,0.00010888274940695314,0.0007540324388088386,-6.922304729428674e-09,-0.00044550754599343226,-2.5673907444456745e-16,111.9999999999852
baseline,7510104,responsive,F0,114.0,0.5869243316812226,67.2351858863048,0.05869243316812226,0.0009510408093321083,-4.024813863711301e-06,0.00010888274940695314,0.0007679225820135522,-1.893655537932304e-09,-0.0004536609736911987,-2.42861286636753e-16,113.99999999998481
baseline,7510104,responsive,F0,116.0,0.5869976869957284,68.40930913719316,0.058699768699572843,0.0009437052778814814,-4.024813863711301e-06,0.00010888274940695314,0.0007605870505629248,-4.1796215932699e-09,-0.0004493553027469302,-2.914335439641036e-16,115.99999999998441
baseline,7510104,responsive,F0,118.0,0.5864832350671457,69.58272010102738,0.058648323506714575,0.0009951504707397588,-4.024813863711301e-06,0.00010888274940695314,0.0008120322434212032,-5.86995121953926e-09,-0.0004795402789224412,-2.7755575615628914e-16,117.99999999998401
baseline,7510104,responsive,F0,120.0,0.5865192649379604,70.75556217378421,0.05865192649379604,0.0009915474836582683,-4.024813863711301e-06,0.00010888274940695314,0.0008084292563397145,-5.309077538706575e-09,-0.00047742712249542255,-3.0531133177191805e-16,119.99999999998361
baseline,7510104,responsive,F0,122.0,0.5864924937515226,71.92880611499629,0.058649249375152264,0.0009942246023020615,-4.024813863711301e-06,0.00010888274940695314,0.0008111063749835061,-1.644962388525073e-09,-0.00047899726831969816,-2.8449465006019636e-16,121.99999999998322
baseline,7510104,responsive,F0,124.0,0.5858357772855658,73.10094411282145,0.05858357772855659,0.0010598962488977267,-4.024813863711301e-06,0.00010888274940695314,0.0008767780215791707,-5.685288184675841e-09,-0.0005174916322745297,-2.983724378680108e-16,123.99999999998282
baseline,7510104,responsive,F0,126.0,0.5859144924845271,74.27267478991739,0.058591449248452714,0.0010520247290016023,-4.024813863711301e-06,0.00010888274940695314,0.0008689065016830473,-6.272729641265684e-09,-0.000512879904493637,-2.983724378680108e-16,125.99999999998242
baseline,7510104,responsive,F0,128.0,0.58559399527783,75.44431646660789,0.058559399527782996,0.0010840744496713108,-4.024813863711301e-06,0.00010888274940695314,0.0009009562223527569,-2.5670853220916e-09,-0.0005316531643911326,-3.0531133177191805e-16,127.99999999998202
baseline,7510104,responsive,F0,130.0,0.5853119654141077,76.61503341493638,0.05853119654141077,0.0011122774360435995,-4.024813863711301e-06,0.00010888274940695314,0.0009291592087250465,-8.305470311498198e-09,-0.0005481646868174088,-2.3592239273284576e-16,129.99999999998303
baseline,7510104,responsive,F0,132.0,0.5854828939105994,77.785810695117,0.058548289391059945,0.0010951845863944364,-4.024813863711301e-06,0.00010888274940695314,0.0009120663590758814,-6.199006002960417e-09,-0.0005381585765671763,-2.2898349882893854e-16,131.99999999998406
baseline,7510104,responsive,F0,134.0,0.5853145968613683,78.95662477332608,0.058531459686136836,0.0011120142913175408,-4.024813863711301e-06,0.00010888274940695314,0.0009288960639989854,-3.4292817197023595e-09,-0.0005480106647143823,-2.3592239273284576e-16,133.99999999998508
baseline,7510104,responsive,F0,136.0,0.5851294092885134,80.12710749015065,0.05851294092885135,0.001130533048603055,-4.024813863711301e-06,0.00010888274940695314,0.0009474148212844987,-7.661177414686193e-09,-0.0005588482489474536,-2.0816681711721685e-16,135.9999999999861
baseline,7510104,responsive,F0,138.0,0.5852220149081775,81.29747026244132,0.05852220149081776,0.001121272486636661,-4.024813863711301e-06,0.00010888274940695314,0.0009381542593181037,-3.313750218669753e-09,-0.0005534291930043289,-1.942890293094024e-16,137.99999999998712
baseline,7510104,responsive,F0,140.0,0.5851375867557468,82.46783442346084,0.05851375867557468,0.0011297153018797349,-4.024813863711301e-06,0.00010888274940695314,0.0009465970745611782,-2.5317556384685247e-10,-0.0005583697579467362,-2.0122792321330962e-16,139.99999999998815
baseline,7510104,responsive,F0,142.0,0.5852169879662126,83.6382128708164,0.05852169879662126,0.0011217751808332277,-4.024813863711301e-06,0.00010888274940695314,0.0009386569535146704,-1.1013941259019333e-08,-0.0005537233794513791,-1.249000902703301e-16,141.99999999998917
baseline,7510104,responsive,F0,144.0,0.5849252578199867,84.80838369131628,0.05849252578199867,0.001150948195455857,-4.024813863711301e-06,0.00010888274940695314,0.0009678299681372988,-6.182423739620191e-10,-0.0005707916678747947,-9.020562075079397e-17,143.9999999999902
baseline,7510104,responsive,F0,146.0,0.5845261150515316,85.97779621032477,0.058452611505153164,0.0011908624723014048,-4.024813863711301e-06,0.00010888274940695314,0.0010077442449828457,-5.146707476866297e-09,-0.0005941305708018693,-4.85722573273506e-17,145.99999999999122
baseline,7510104,responsive,F0,148.0,0.5845383833363732,87.146845098822,0.05845383833363733,0.0011896356438173125,-4.024813863711301e-06,0.00010888274940695314,0.0010065174164987517,-7.2121174032879765e-09,-0.0005934134499886445,2.0816681711721685e-17,147.99999999999224
baseline,7510104,responsive,F0,150.0,0.5841706058869856,88.31561960886386,0.05841706058869856,0.001226413388756072,-4.024813863711301e-06,0.00010888274940695314,0.0010432951614375104,-1.3703565809874974e-08,-0.000614904690545294,1.3877787807814457e-17,149.99999999999326
baseline,7510104,responsive,F0,152.0,0.5840166279070255,89.48371275280486,0.05840166279070255,0.001241811186752081,-4.024813863711301e-06,0.00010888274940695314,0.0010586929594335207,-1.0654985505009762e-09,-0.0006238984460690336,1.3877787807814457e-17,151.9999999999943
baseline,7510104,responsive,F0,154.0,0.5842096180710589,90.65190584068661,0.05842096180710589,0.0012225121703486976,-4.024813863711301e-06,0.00010888274940695314,0.0010393939430301384,-4.904791184312529e-09,-0.0006126256373270612,-2.7755575615628914e-17,153.9999999999953
baseline,7510104,responsive,F0,156.0,0.5836888505122882,91.8198032863746,0.05836888505122883,0.001274588926225819,-4.024813863711301e-06,0.00010888274940695314,0.0010914706989072597,-2.2205508820594133e-09,-0.0006430358190458695,3.469446951953614e-17,155.99999999999633
baseline,7510104,responsive,F0,158.0,0.5838301689924211,92.9871628123062,0.05838301689924212,0.0012604570782125324,-4.024813863711301e-06,0.00010888274940695314,0.0010773388508939735,-3.801651410340057e-09,-0.0006347862183777343,3.469446951953614e-17,157.99999999999736
baseline,7510104,responsive,F0,160.0,0.583925739464398,94.15519906974205,0.0583925739464398,0.0012509000310148312,-4.024813863711301e-06,0.00010888274940695314,0.0010677818036962715,-8.501384263226441e-09,-0.0006292060692114909,1.3877787807814457e-17,159.99999999999838
baseline,7510104,responsive,F0,162.0,0.5829645132418776,95.3220165207076,0.05829645132418776,0.0013470226532668985,-4.024813863711301e-06,0.00010888274940695314,0.0011639044259483357,1.6237227118409692e-09,-0.0006852883446967252,3.469446951953614e-17,161.9999999999994
baseline,7510104,responsive,F0,164.0,0.5831283591089862,96.4879305254548,0.05831283591089863,0.0013306380665560806,-4.024813863711301e-06,0.00010888274940695314,0.0011475198392375161,-8.169110998768048e-09,-0.000675735369806748,9.020562075079397e-17,164.00000000000043
baseline,7510104,responsive,F0,166.0,0.5825654211506087,97.65404811659363,0.05825654211506088,0.0013869318623937227,-4.024813863711301e-06,0.00010888274940695314,0.0012038136350751606,-7.547083263892418e-09,-0.0007085460336443798,-1.3877787807814457e-17,166.00000000000145
baseline,7510104,responsive,F0,168.0,0.5818825005238435,98.81817243596686,0.05818825005238436,0.0014552239250702748,-4.024813863711301e-06,0.00010888274940695314,0.0012721056977517127,-5.088214211079745e-09,-0.0007483073088696487,1.3877787807814457e-17,168.00000000000247
baseline,7510104,responsive,F0,170.0,0.5821978016281562,99.98226921034536,0.05821978016281562,0.0014236938146390066,-4.024813863711301e-06,0.00010888274940695314,0.001240575587320444,-4.8256091067511164e-09,-0.000729955518630792,6.938893903907228e-18,170.0000000000035
baseline,7510104,responsive,F0,172.0,0.5817291230217396,101.14640798759544,0.05817291230217397,0.0014705616752806224,-4.024813863711301e-06,0.00010888274940695314,0.0012874434479620595,4.975785061756e-10,-0.0007572309010815716,-2.7755575615628914e-17,172.00000000000452
baseline,7510104,responsive,F0,174.0,0.5819772770929688,102.30978545553181,0.058197727709296876,0.0014457462681577132,-4.024813863711301e-06,0.00010888274940695314,0.0012626280408391507,-2.50285306369058e-09,-0.0007427919770363819,-2.7755575615628914e-17,174.00000000000554
baseline,7510104,responsive,F0,176.0,0.5823432333215617,103.47435770829033,0.058234323332156175,0.0014091506452984445,-4.024813863711301e-06,0.00010888274940695314,0.0012260324179798807,-1.4761821764963656e-09,-0.0007214874598931442,0.0,176.00000000000657
baseline,7510104,responsive,F0,178.0,0.5819023848327218,104.63855339924373,0.058190238483272184,0.0014532354941824118,-4.024813863711301e-06,0.00010888274940695314,0.0012701172668638492,-5.437235106597882e-10,-0.0007471502559632352,-2.0816681711721685e-17,178.0000000000076
baseline,7510104,responsive,F0,180.0,0.5822449944082271,105.8026308517065,0.05822449944082271,0.0014189745366319346,-4.024813863711301e-06,0.00010888274940695314,0.0012358563093133727,2.0087760066456184e-09,-0.0007272078539918674,2.7755575615628914e-17,180.0000000000086
baseline,7510104,responsive,F0,182.0,0.5821450165885264,106.9670677359427,0.058214501658852634,0.0014289723186019776,-4.024813863711301e-06,0.00010888274940695314,0.0012458540912834166,-6.596874990716373e-09,-0.0007330285127209075,-6.938893903907228e-18,182.00000000000963
baseline,7510104,responsive,F0,184.0,0.5821076592727777,108.13130470755317,0.05821076592727778,0.0014327080501768063,-4.024813863711301e-06,0.00010888274940695314,0.0012495898228582474,3.3037953484083005e-09,-0.0007352031804620691,-2.7755575615628914e-17,184.00000000001066
baseline,7510104,responsive,F0,186.0,0.5822530777599685,109.29561164386136,0.058225307775996854,0.0014181662014577773,-4.024813863711301e-06,0.00010888274940695314,0.0012350479741392144,-5.4514169567365656e-09,-0.0007267372016158888,1.3877787807814457e-17,186.00000000001168
baseline,7510104,responsive,F0,188.0,0.5822067086844488,110.46007815851968,0.05822067086844488,0.0014228031090097806,-4.024813863711301e-06,0.00010888274940695314,0.0012396848816912198,-1.4807791104409773e-09,-0.0007294369478047548,4.163336342344337e-17,188.0000000000127
baseline,7510104,responsive,F0,190.0,0.5822972026570477,111.6245410790412,0.05822972026570477,0.001413753711749901,-4.024813863711301e-06,0.00010888274940695314,0.0012306354844313417,4.155799288030337e-09,-0.0007241679185525443,5.551115123125783e-17,190.00000000001373
baseline,7510104,responsive,F0,192.0,0.5820591111687987,112.78886481044864,0.05820591111687988,0.001437562860574766,-4.024813863711301e-06,0.00010888274940695314,0.0012544446332562029,-1.3079251709458006e-08,-0.0007380290849330826,2.7755575615628914e-17,192.00000000001475
baseline,7510104,responsive,F0,194.0,0.5823863833100762,113.95327965412639,0.05823863833100762,0.0014048356464470041,-4.024813863711301e-06,0.00010888274940695314,0.0012217174191284398,-2.6254207419196263e-09,-0.0007189745564141412,0.0,194.00000000001577
baseline,7510104,responsive,F0,196.0,0.5825756719529854,115.1182028977142,0.05825756719529855,0.0013859067821560122,-4.024813863711301e-06,0.00010888274940695314,0.0012027885548374477,-1.7780520944477018e-09,-0.0007079488520900581,-5.551115123125783e-17,196.0000000000168
baseline,7510104,responsive,F0,198.0,0.5827749448657804,116.2834642436758,0.05827749448657805,0.001365979490876516,-4.024813863711301e-06,0.00010888274940695314,0.0011828612635579518,-5.287835058709334e-09,-0.000696337711498015,-5.551115123125783e-17,198.00000000001782
baseline,7510104,responsive,F0,200.0,0.5827754424014412,117.44913004293815,0.05827754424014413,0.0013659297373104593,-4.024813863711301e-06,0.00010888274940695314,0.0011828115099918972,-1.7714607558616535e-09,-0.0006963087163539099,-3.469446951953614e-17,200.00000000001884
baseline,7510104,responsive,plus,0.0,0.5946035575013605,0.0,0.05946035575013606,0.0,0.0,0.0,,,,,0.0
baseline,7510104,responsive,plus,2.0,0.5946035575013605,1.1892071150027146,0.05946035575013606,1.449454192128896e-08,1.554121253767289e-07,8.618506190751015e-09,,,,,1.9999999999999793
baseline,7510104,responsive,plus,4.0,0.5946035575013605,2.3784142300054203,0.05946035575013606,-6.572608808651692e-07,-2.9793635946746224e-07,-3.908096579689084e-07,,,,,3.999999999999937
baseline,7510104,responsive,plus,6.0,0.5946035575013605,3.5676213450081864,0.05946035575013606,4.857757768639998e-06,-1.1133132709474403e-06,2.88844005071321e-06,,,,,5.999999999999894
baseline,7510104,responsive,plus,8.0,0.5946035575013605,4.75682846001084,0.05946035575013606,1.1322847903816354e-06,-9.005553962908835e-07,6.732605644656038e-07,,,,,7.999999999999852
baseline,7510104,responsive,plus,10.0,0.5946035575013605,5.946035575013428,0.05946035575013606,7.109162561063872e-06,-4.601917081597491e-06,4.227133349664056e-06,,,,,10.000000000000163
baseline,7510104,responsive,plus,12.0,0.5946035575013605,7.135242690016017,0.05946035575013606,4.077490777959846e-05,-4.102643445128468e-06,2.4244905222539105e-05,,,,,12.000000000000476
baseline,7510104,responsive,plus,14.0,0.5946035575013605,8.324449805018702,0.05946035575013606,3.0379988044281975e-05,-4.089226153623614e-06,1.80640489679788e-05,,,,,14.000000000000789
baseline,7510104,responsive,plus,16.0,0.5946035575013605,9.513656920021646,0.05946035575013606,9.745942568520462e-05,-4.29584837440202e-06,5.794972122446206e-05,,,,,16.0000000000011
baseline,7510104,responsive,plus,18.0,0.5946035575013605,10.70286403502459,0.05946035575013606,0.00014576916478582056,-3.9274226812989724e-06,8.667486395565076e-05,,,,,18.000000000000703
baseline,7510104,responsive,plus,20.0,0.5946035575013605,11.892071150027533,0.05946035575013606,0.00017395198087999438,-3.936878797562806e-06,0.00010343246666565277,0.0,0.0,0.0,0.0,20.000000000000306
baseline,7510104,responsive,plus,22.0,0.5937433534700537,13.080414122083614,0.059374335347005376,0.00025997238401071973,-3.936878797562806e-06,0.00010343246666565277,8.602040313072554e-05,1.5089000326984348e-09,-5.1111040170429e-05,4.163336342344337e-17,22.00000000000044
baseline,7510104,responsive,plus,24.0,0.5935649090053409,14.267676758847688,0.05935649090053409,0.0002778168304820173,-3.936878797562806e-06,0.00010343246666565277,0.00010386484960202264,2.9315821992170754e-09,-6.17044695377586e-05,5.551115123125783e-17,24.000000000000576
baseline,7510104,responsive,plus,26.0,0.5929953620668419,15.45434657878077,0.0592995362066842,0.0003347715243319403,-3.936878797562806e-06,0.00010343246666565277,0.00016081954345194618,-7.4211629341736085e-09,-9.549455802443721e-05,8.326672684688674e-17,26.00000000000071
baseline,7510104,responsive,plus,28.0,0.5923143033116874,16.63942298521153,0.05923143033116875,0.00040287739984739646,-3.936878797562806e-06,0.00010343246666565277,0.00022892541896740216,-8.70248317852429e-13,-0.00013585783428320466,9.020562075079397e-17,28.000000000000846
baseline,7510104,responsive,plus,30.0,0.5924974449399784,17.824254951970012,0.059249744493997836,0.00038456323701840277,-3.936878797562806e-06,0.00010343246666565277,0.00021061125613840831,6.470097541066977e-09,-0.00012500841664355236,1.8735013540549517e-16,30.00000000000098
baseline,7510104,responsive,plus,32.0,0.592020808741231,19.008780188990002,0.059202080874123104,0.000432226856893168,-3.936878797562806e-06,0.00010343246666565277,0.0002582748760131737,-3.6752336174394884e-09,-0.00015323763053262662,2.220446049250313e-16,32.000000000001116
baseline,7510104,responsive,plus,34.0,0.5918336578178409,20.192526354262316,0.05918336578178409,0.0004509419492321903,-3.936878797562806e-06,0.00010343246666565277,0.0002769899683521961,2.1030829300272558e-09,-0.00016431560336142848,2.2898349882893854e-16,34.000000000000725
baseline,7510104,responsive,plus,36.0,0.5918413766903572,21.376292571837528,0.05918413766903572,0.00045017006198056446,-3.936878797562806e-06,0.00010343246666565277,0.0002762180811005704,-3.319144792346407e-09,-0.00016385877152682443,2.3592239273284576e-16,36.00000000000033
baseline,7510104,responsive,plus,38.0,0.5909674490336597,22.55911336574451,0.05909674490336597,0.000537562827650304,-3.936878797562806e-06,0.00010343246666565277,0.00036361084677031044,2.8871469659463855e-09,-0.0002155432387961273,2.220446049250313e-16,37.99999999999993
baseline,7510104,responsive,plus,40.0,0.5913457181321741,23.741191282484973,0.05913457181321741,0.0004997359177988206,-3.936878797562806e-06,0.00010343246666565277,0.00032578393691882796,2.511781505010191e-09,-0.00019318161200085684,1.8041124150158794e-16,39.99999999999953
baseline,7510104,responsive,plus,42.0,0.5909882513715268,24.92378103061127,0.059098825137152686,0.000535482593863501,-3.936878797562806e-06,0.00010343246666565277,0.0003615306129835079,3.3516126263233303e-09,-0.00021431386670493768,1.3877787807814457e-16,41.99999999999913
baseline,7510104,responsive,plus,44.0,0.5904163168307521,26.105071823132526,0.05904163168307521,0.0005926760479409691,-3.936878797562806e-06,0.00010343246666565277,0.0004187240670609761,9.665151678994732e-09,-0.0002480981706641343,1.3183898417423734e-16,43.999999999998735
baseline,7510104,responsive,plus,46.0,0.5906388591724158,27.28618044019091,0.05906388591724158,0.0005704218137746077,-3.936878797562806e-06,0.00010343246666565277,0.00039646983289461427,7.962951492634929e-09,-0.00023495643143904912,1.3183898417423734e-16,45.99999999999834
baseline,7510104,responsive,plus,48.0,0.5896470922950444,28.46653862395317,0.05896470922950445,0.0006695985015117286,-3.936878797562806e-06,0.00010343246666565277,0.0004956465206317356,-1.405933230946843e-09,-0.0002934848570636528,1.249000902703301e-16,47.99999999999794
baseline,7510104,responsive,plus,50.0,0.5893069740268412,29.645335368252645,0.058930697402684126,0.0007036103283320586,-3.936878797562806e-06,0.00010343246666565277,0.0005296583474520656,4.622925542374645e-09,-0.0003135340478300809,1.3183898417423734e-16,49.99999999999754
baseline,7510104,responsive,plus,52.0,0.5893614308204822,30.824182589893525,0.05893614308204822,0.000698164648967943,-3.936878797562806e-06,0.00010343246666565277,0.0005242126680879509,1.7185897149829543e-10,-0.00031032472272539066,1.1102230246251565e-16,51.999999999997144
baseline,7510104,responsive,plus,54.0,0.5887224341100773,32.00225265642215,0.05887224341100773,0.0007620643200083957,-3.936878797562806e-06,0.00010343246666565277,0.0005881123391284025,-3.126395614616584e-09,-0.0003479643084389715,7.632783294297951e-17,53.999999999996746
baseline,7510104,responsive,plus,56.0,0.5885013385239702,33.179467710419395,0.05885013385239703,0.0007841738786191041,-3.936878797562806e-06,0.00010343246666565277,0.000610221897739111,6.352124604092069e-09,-0.00036097825743845735,8.326672684688674e-17,55.99999999999635
baseline,7510104,responsive,plus,58.0,0.5879627715063751,34.3559429584105,0.05879627715063752,0.0008380305803785398,-3.936878797562806e-06,0.00010343246666565277,0.0006640785994985461,7.194460305282036e-10,-0.00039265849579079096,6.938893903907228e-18,57.99999999999595
baseline,7510104,responsive,plus,60.0,0.5874539906934603,35.53147175928214,0.05874539906934603,0.0008889086616699853,-3.936878797562806e-06,0.00010343246666565277,0.0007149566807899918,4.326631053430674e-09,-0.000422559970580081,-3.469446951953614e-17,59.99999999999555
baseline,7510104,responsive,plus,62.0,0.5871937878291879,36.70616694390363,0.05871937878291879,0.0009149289480972738,-3.936878797562806e-06,0.00010343246666565277,0.0007409769672172812,2.432186341216891e-09,-0.0004378423064042222,1.3877787807814457e-17,61.999999999995154
baseline,7510104,responsive,plus,64.0,0.5868615727453954,37.8801514629633,0.05868615727453955,0.0009481504564765176,-3.936878797562806e-06,0.00010343246666565277,0.0007741984755965258,6.740048519304764e-10,-0.00045734425140373305,1.3877787807814457e-17,63.999999999994756
baseline,7510104,responsive,plus,66.0,0.5865853974779527,39.053587254241755,0.05865853974779527,0.0009757679832208033,-3.936878797562806e-06,0.00010343246666565277,0.0008018160023408106,9.0343592884512e-09,-0.00047354810294529884,2.7755575615628914e-17,65.99999999999436
baseline,7510104,responsive,plus,68.0,0.5863744777827932,40.22660482422488,0.05863744777827932,0.000996859952736718,-3.936878797562806e-06,0.00010343246666565277,0.0008229079718567261,-9.66537794244715e-10,-0.00048591811991152006,-1.3877787807814457e-17,67.99999999999396
baseline,7510104,responsive,plus,70.0,0.586180887376366,41.39906463216879,0.058618088737636596,0.0010162189933794483,-3.936878797562806e-06,0.00010343246666565277,0.0008422670124994568,3.7225460769452212e-09,-0.0004972678933964948,-6.938893903907228e-18,69.99999999999356
baseline,7510104,responsive,plus,72.0,0.5863973792975783,42.5715857152231,0.05863973792975784,0.0009945698012582469,-3.936878797562806e-06,0.00010343246666565277,0.0008206178203782571,6.48811609993416e-09,-0.00048457520731028797,3.469446951953614e-17,71.99999999999316
baseline,7510104,responsive,plus,74.0,0.5864386781034018,43.74454193139705,0.05864386781034018,0.0009904399206758874,-3.936878797562806e-06,0.00010343246666565277,0.0008164879397958985,-3.2125579141339955e-09,-0.00048215337088042265,2.0816681711721685e-17,73.99999999999277
baseline,7510104,responsive,plus,76.0,0.5863913963716093,44.91727837611607,0.058639139637160935,0.0009951680938550778,-3.936878797562806e-06,0.00010343246666565277,0.0008212161129750903,1.7168437504988532e-09,-0.0004849260427313949,-3.469446951953614e-17,75.99999999999237
baseline,7510104,responsive,plus,78.0,0.5871138330084106,46.090796618919875,0.05871138330084106,0.0009229244301749633,-3.936878797562806e-06,0.00010343246666565277,0.000748972449294976,1.4444606316610376e-08,-0.0004425368841722982,-2.0816681711721685e-17,77.99999999999197
baseline,7510104,responsive,plus,80.0,0.5869043637077274,47.264864666653715,0.05869043637077274,0.0009438713602433009,-3.936878797562806e-06,0.00010343246666565277,0.000769919379363313,1.0574286446463077e-09,-0.00045483292270507084,-6.938893903907228e-18,79.99999999999157
baseline,7510104,responsive,plus,82.0,0.5869742872088731,48.43865346860153,0.05869742872088732,0.0009368790101286536,-3.936878797562806e-06,0.00010343246666565277,0.0007629270292486658,4.273483344974238e-09,-0.0004507288374454507,-7.632783294297951e-17,81.99999999999118
baseline,7510104,responsive,plus,84.0,0.5873486663552582,49.613118456870836,0.05873486663552582,0.0008994410954901436,-3.936878797562806e-06,0.00010343246666565277,0.0007254891146101569,-9.467648887095947e-11,-0.0004287467361986652,-7.632783294297951e-17,83.99999999999078
baseline,7510104,responsive,plus,86.0,0.5870665122433848,50.787557204222644,0.058706651224338484,0.0009276565066774811,-3.936878797562806e-06,0.00010343246666565277,0.0007537045257974946,8.955309271918566e-10,-0.00044531503978307435,-7.632783294297951e-17,85.99999999999038
baseline,7510104,responsive,plus,88.0,0.5877449679861744,51.96213950021223,0.058774496798617445,0.0008598109323985212,-3.936878797562806e-06,0.00010343246666565277,0.0006858589515185344,1.666734250616031e-10,-0.0004054621600102261,-7.632783294297951e-17,87.99999999998998
baseline,7510104,responsive,plus,90.0,0.5883226945754305,53.138297607970216,0.05883226945754306,0.0008020382734728979,-3.936878797562806e-06,0.00010343246666565277,0.0006280862925929114,2.025981660214171e-09,-0.0003714898820389202,-9.020562075079397e-17,89.99999999998958
baseline,7510104,responsive,plus,92.0,0.5880842310048682,54.314575536433885,0.05880842310048682,0.0008258846305291803,-3.936878797562806e-06,0.00010343246666565277,0.0006519326496491925,2.8174435284800126e-09,-0.0003855163918343313,-4.85722573273506e-17,91.99999999998919
baseline,7510104,responsive,plus,94.0,0.5887567594405035,55.49146328408314,0.058875675944050354,0.0007586317869656181,-3.936878797562806e-06,0.00010343246666565277,0.00058467980608563,1.6400298896712684e-09,-0.0003459434403195391,-6.938893903907228e-17,93.99999999998879
baseline,7510104,responsive,plus,96.0,0.5888369631396796,56.66925027928415,0.05888369631396796,0.0007506114170479356,-3.936878797562806e-06,0.00010343246666565277,0.000576659436167949,-9.901083564134439e-10,-0.000341221071685667,-1.457167719820518e-16,95.99999999998839
baseline,7510104,responsive,plus,98.0,0.5887769118319026,57.84664572640384,0.058877691183190264,0.0007566165478256952,-3.936878797562806e-06,0.00010343246666565277,0.0005826645669457086,5.321821761050671e-09,-0.00034475693434808663,-8.326672684688674e-17,97.99999999998799
baseline,7510104,responsive,plus,100.0,0.5891228316596524,59.02467904722134,0.058912283165965244,0.0007220245650507529,-3.936878797562806e-06,0.00010343246666565277,0.0005480725841707669,5.457431673239199e-09,-0.0003243839905293297,-4.85722573273506e-17,99.9999999999876
baseline,7510104,responsive,plus,102.0,0.5888505075433272,60.20268768763006,0.05888505075433272,0.000749256976683306,-3.936878797562806e-06,0.00010343246666565277,0.0005753049958033194,1.0226938740309777e-10,-0.0003404235179619852,-1.3877787807814457e-17,101.9999999999872
baseline,7510104,responsive,plus,104.0,0.5887906384957503,61.380218156186075,0.05887906384957504,0.0007552438814410193,-3.936878797562806e-06,0.00010343246666565277,0.0005812919005610309,-4.067691489195724e-09,-0.0003439487306520182,1.3877787807814457e-17,103.9999999999868
baseline,7510104,responsive,plus,106.0,0.5887449744938564,62.55792460325266,0.05887449744938565,0.0007598102816303085,-3.936878797562806e-06,0.00010343246666565277,0.0005858583007503207,5.2963847751996695e-09,-0.00034663728007510233,-8.326672684688674e-17,105.9999999999864
baseline,7510104,responsive,plus,108.0,0.5882957885568774,63.73485918854438,0.05882957885568774,0.0008047288753282173,-3.936878797562806e-06,0.00010343246666565277,0.0006307768944482301,4.0597233907924135e-10,-0.000373072787975777,-8.326672684688674e-17,107.999999999986
baseline,7510104,responsive,plus,110.0,0.5884441866274857,64.91158757184549,0.05884441866274857,0.0007898890682674729,-3.936878797562806e-06,0.00010343246666565277,0.0006159370873874862,3.6715019913202696e-09,-0.00036434149087952866,-6.938893903907228e-18,109.9999999999856
baseline,7510104,responsive,plus,112.0,0.588064887697198,66.08814951840574,0.058806488769719806,0.0008278189612962544,-3.936878797562806e-06,0.00010343246666565277,0.0006538669804162679,3.6507852019251885e-09,-0.00038665392254777844,1.3877787807814457e-17,111.9999999999852
baseline,7510104,responsive,plus,114.0,0.5882133042276512,67.26420160289685,0.05882133042276512,0.0008129773082509329,-3.936878797562806e-06,0.00010343246666565277,0.0006390253273709457,-3.4341305910068343e-09,-0.00037792496614312207,6.938893903907228e-18,113.99999999998481
baseline,7510104,responsive,plus,116.0,0.5885543051805309,68.44123830600212,0.058855430518053094,0.0007788772129629235,-3.936878797562806e-06,0.00010343246666565277,0.0006049252320829369,-3.839637885416636e-09,-0.00035786102233681047,-2.7755575615628914e-17,115.99999999998441
baseline,7510104,responsive,plus,118.0,0.5882726274320724,69.6181918934495,0.058827262743207244,0.0008070449878087665,-3.936878797562806e-06,0.00010343246666565277,0.0006330930069287798,-1.284347600494229e-09,-0.0003744353203719922,-3.469446951953614e-17,117.99999999998401
baseline,7510104,responsive,plus,120.0,0.5884525087119836,70.79471422195785,0.058845250871198365,0.0007890568598177216,-3.936878797562806e-06,0.00010343246666565277,0.0006151048789377343,7.996859341385942e-09,-0.00036385177919233055,4.163336342344337e-17,119.99999999998361
baseline,7510104,responsive,plus,122.0,0.5880125686869235,71.9713259314455,0.05880125686869236,0.0008330508623236779,-3.936878797562806e-06,0.00010343246666565277,0.0006590988814436917,-3.155158495582455e-09,-0.0003897304829739885,-6.938893903907228e-18,121.99999999998322
baseline,7510104,responsive,plus,124.0,0.5877704260536228,73.14696592381532,0.05877704260536229,0.0008572651256537432,-3.936878797562806e-06,0.00010343246666565277,0.0006833131447737566,2.921792530141687e-09,-0.00040396584250082176,-1.3877787807814457e-17,123.99999999998282
baseline,7510104,responsive,plus,126.0,0.5879180474740248,74.32262518441725,0.058791804747402476,0.000842502983613627,-3.936878797562806e-06,0.00010343246666565277,0.0006685510027336398,8.783696631153859e-09,-0.0003952880023802077,6.245004513516506e-17,125.99999999998242
baseline,7510104,responsive,plus,128.0,0.5878013475360744,75.49841058604876,0.058780134753607445,0.000854172977408648,-3.936878797562806e-06,0.00010343246666565277,0.0006802209965286608,4.731693370452206e-10,-0.00040214832140244086,4.85722573273506e-17,127.99999999998202
baseline,7510104,responsive,plus,130.0,0.5881001518192056,76.67415568609024,0.05881001518192057,0.0008242925490955289,-3.936878797562806e-06,0.00010343246666565277,0.000650340568215542,5.174187883705272e-09,-0.0003845801011750499,5.551115123125783e-17,129.99999999998303
baseline,7510104,responsive,plus,132.0,0.5884085053092871,77.85083015901888,0.05884085053092872,0.0007934572000874001,-3.936878797562806e-06,0.00010343246666565277,0.000619505219207414,2.5330448294447194e-09,-0.00036644107364821807,7.632783294297951e-17,131.99999999998406
baseline,7510104,responsive,plus,134.0,0.5880866411319027,79.02745471606711,0.058808664113190266,0.0008256436178258256,-3.936878797562806e-06,0.00010343246666565277,0.000651691636945839,5.062726904370152e-09,-0.0003853746557735266,4.85722573273506e-17,133.99999999998508
baseline,7510104,responsive,plus,136.0,0.5880248149714927,80.203499364233,0.05880248149714928,0.0008318262338668255,-3.936878797562806e-06,0.00010343246666565277,0.0006578742529868386,5.89602697220748e-09,-0.0003890103785507762,5.551115123125783e-17,135.9999999999861
baseline,7510104,responsive,plus,138.0,0.5877697664991982,81.3793533278278,0.05877697664991983,0.000857331081096283,-3.936878797562806e-06,0.00010343246666565277,0.0006833791002162964,1.4550338711671884e-10,-0.0004040046091375836,6.938893903907228e-17,137.99999999998712
baseline,7510104,responsive,plus,140.0,0.5872302169680276,82.55443587876508,0.05872302169680276,0.0009112860342133766,-3.936878797562806e-06,0.00010343246666565277,0.0007373340533333899,-5.423374305202344e-09,-0.00043570314364784965,9.71445146547012e-17,139.99999999998815
baseline,7510104,responsive,plus,142.0,0.5873199532504891,83.72886501800869,0.058731995325048914,0.0009023124059672001,-3.936878797562806e-06,0.00010343246666565277,0.0007283604250872124,7.384881733907278e-09,-0.0004304331553558506,6.938893903907228e-17,141.99999999998917
baseline,7510104,responsive,plus,144.0,0.5869181025697103,84.9032714948096,0.05869181025697104,0.0009424974740450611,-3.936878797562806e-06,0.00010343246666565277,0.0007685454931650744,9.763625213876637e-09,-0.00045402657346223577,5.551115123125783e-17,143.9999999999902
baseline,7510104,responsive,plus,146.0,0.586449188431394,86.07653261517143,0.05864491884313941,0.0009893888878766209,-3.936878797562806e-06,0.00010343246666565277,0.0008154369069966342,4.181028412375554e-09,-0.0004815369990716495,-1.3877787807814457e-17,145.99999999999122
baseline,7510104,responsive,plus,148.0,0.5864868889460052,87.24939980641464,0.05864868889460052,0.0009856188364155416,-3.936878797562806e-06,0.00010343246666565277,0.0008116668555355547,7.318973233028103e-09,-0.0004793259843854959,2.0816681711721685e-17,147.99999999999224
baseline,7510104,responsive,plus,150.0,0.5858689951142935,88.42189263044968,0.05858689951142935,0.0010474082195866573,-3.936878797562806e-06,0.00010343246666565277,0.0008734562387066706,-4.596690361680089e-09,-0.0005155455578520866,-4.163336342344337e-17,149.99999999999326
baseline,7510104,responsive,plus,152.0,0.5856394159786112,89.59331601203769,0.05856394159786112,0.0010703661331549544,-3.936878797562806e-06,0.00010343246666565277,0.0008964141522749686,8.098756942853669e-10,-0.0005289932522752477,3.469446951953614e-17,151.9999999999943
baseline,7510104,responsive,plus,154.0,0.5854588825962612,90.7645056543668,0.058545888259626123,0.0010884194713900426,-3.936878797562806e-06,0.00010343246666565277,0.0009144674905100585,-4.5245123203585536e-09,-0.0005395643691205494,1.249000902703301e-16,153.9999999999953
baseline,7510104,responsive,plus,156.0,0.5846950365486356,91.9346922375579,0.05846950365486357,0.0011648040761525588,-3.936878797562806e-06,0.00010343246666565277,0.0009908520952725782,1.5156944865868383e-09,-0.0005842552414331674,9.020562075079397e-17,155.99999999999633
baseline,7510104,responsive,plus,158.0,0.5845733996975059,93.10372888109934,0.058457339969750596,0.0011769677612655106,-3.936878797562806e-06,0.00010343246666565277,0.001003015780385529,1.4161607997387193e-09,-0.0005913665479686837,6.938893903907228e-17,157.99999999999736
baseline,7510104,responsive,plus,160.0,0.584247726003508,94.27266060821808,0.05842477260035081,0.0012095351306653536,-3.936878797562806e-06,0.00010343246666565277,0.0010355831497853743,-1.2367941948365768e-09,-0.000610399262650177,1.249000902703301e-16,159.99999999999838
baseline,7510104,responsive,plus,162.0,0.5837035842320142,95.44055926277173,0.05837035842320142,0.0012639493078147332,-3.936878797562806e-06,0.00010343246666565277,0.0010899973269347535,7.198246998463276e-10,-0.0006421758173986818,1.1796119636642288e-16,161.9999999999994
baseline,7510104,responsive,plus,164.0,0.5835151480275023,96.60782632364699,0.05835151480275023,0.0012827929282659444,-3.936878797562806e-06,0.00010343246666565277,0.0011088409473859642,4.7300712513465015e-09,-0.0006531731307857953,1.3183898417423734e-16,164.00000000000043
baseline,7510104,responsive,plus,166.0,0.5830529923288367,97.77452868885466,0.058305299232883676,0.0013290084981324778,-3.936878797562806e-06,0.00010343246666565277,0.0011550565172524965,5.81307141311882e-09,-0.0006801299364831599,1.1796119636642288e-16,166.00000000000145
baseline,7510104,responsive,plus,168.0,0.582780859373268,98.94020113039402,0.0582780859373268,0.0013562217936893453,-3.936878797562806e-06,0.00010343246666565277,0.0011822698128093653,4.040871193211615e-09,-0.0006959930270714516,1.1102230246251565e-16,168.00000000000247
baseline,7510104,responsive,plus,170.0,0.5826070211854308,100.10574488013366,0.05826070211854308,0.0013736056124731679,-3.936878797562806e-06,0.00010343246666565277,0.0011996536315931868,2.7855552309219433e-09,-0.0007061224729356386,2.1510571102112408e-16,170.0000000000035
baseline,7510104,responsive,plus,172.0,0.582198445965188,101.27056518957173,0.058219844596518806,0.001414463134497511,-3.936878797562806e-06,0.00010343246666565277,0.00124051115361753,2.768389406604399e-09,-0.0007299180054496889,2.7755575615628914e-16,172.00000000000452
baseline,7510104,responsive,plus,174.0,0.5826206722827839,102.43527402088384,0.0582620672282784,0.0013722405027378603,-3.936878797562806e-06,0.00010343246666565277,0.0011982885218578788,4.196919367593921e-09,-0.0007053271411015319,2.220446049250313e-16,174.00000000000554
baseline,7510104,responsive,plus,176.0,0.5826468239947206,103.60059746512573,0.058264682399472065,0.0013696253315441792,-3.936878797562806e-06,0.00010343246666565277,0.0011956733506641951,4.3677711447642764e-09,-0.0007038034541069389,2.0122792321330962e-16,176.00000000000657
baseline,7510104,responsive,plus,178.0,0.5826427749450911,104.76578449373496,0.05826427749450911,0.001370030236507115,-3.936878797562806e-06,0.00010343246666565277,0.0011960782556271325,-3.9759064374145225e-09,-0.0007040393698778853,1.8735013540549517e-16,178.0000000000076
baseline,7510104,responsive,plus,180.0,0.5828949047173634,105.93148588118792,0.058289490471736344,0.0013448172592798891,-3.936878797562806e-06,0.00010343246666565277,0.0011708652783999054,7.418691050364856e-09,-0.0006893460323904796,1.942890293094024e-16,180.0000000000086
baseline,7510104,responsive,plus,182.0,0.582509682327205,107.09698663546855,0.0582509682327205,0.0013833394982957546,-3.936878797562806e-06,0.00010343246666565277,0.0012093875174157714,4.395162567227828e-09,-0.0007117930294166241,2.1510571102112408e-16,182.00000000000963
baseline,7510104,responsive,plus,184.0,0.5823868715200126,108.26175925419363,0.058238687152001256,0.0013956205790150067,-3.936878797562806e-06,0.00010343246666565277,0.0012216685981350241,5.32098448635665e-09,-0.0007189461237203099,2.220446049250313e-16,184.00000000001066
baseline,7510104,responsive,plus,186.0,0.582542114672658,109.42678599721695,0.0582542114672658,0.0013800962637504455,-3.936878797562806e-06,0.00010343246666565277,0.0012061442828704633,4.510426698800529e-09,-0.0007099037612990772,2.0816681711721685e-16,186.00000000001168
baseline,7510104,responsive,plus,188.0,0.5823288041257806,110.59155483411018,0.05823288041257806,0.0014014273184381723,-3.936878797562806e-06,0.00010343246666565277,0.0012274753375581904,6.4415606182421925e-09,-0.0007223277239356007,1.942890293094024e-16,188.0000000000127
baseline,7510104,responsive,plus,190.0,0.5823796595159172,111.75618266671601,0.05823796595159172,0.0013963417794245424,-3.936878797562806e-06,0.00010343246666565277,0.0012223897985445594,2.2909355523736963e-09,-0.0007193661387699078,2.220446049250313e-16,190.00000000001373
baseline,7510104,responsive,plus,192.0,0.5822028376973539,112.92089573308523,0.05822028376973539,0.0014140239612809042,-3.936878797562806e-06,0.00010343246666565277,0.0012400719804009192,1.96525426487959e-09,-0.0007296623185211182,2.5673907444456745e-16,192.00000000001475
baseline,7510104,responsive,plus,194.0,0.582093660080302,114.08506686228854,0.0582093660080302,0.0014249417229861348,-3.936878797562806e-06,0.00010343246666565277,0.0012509897421061511,3.2631397584026445e-12,-0.0007360180743795804,2.914335439641036e-16,194.00000000001577
baseline,7510104,responsive,plus,196.0,0.5821645163690093,115.24920395103143,0.05821645163690094,0.001417856094115443,-3.936878797562806e-06,0.00010343246666565277,0.001243904113235457,6.487372056218632e-09,-0.0007318933237055597,3.400058012914542e-16,196.0000000000168
baseline,7510104,responsive,plus,198.0,0.5821666539817586,116.41362538967653,0.05821666539817587,0.0014176423328405372,-3.936878797562806e-06,0.00010343246666565277,0.0012436903519605534,3.0270157769241024e-09,-0.0007317688792478523,3.677613769070831e-16,198.00000000001782
baseline,7510104,responsive,plus,200.0,0.5822307434122549,117.57780027465003,0.05822307434122549,0.0014112333897909378,-3.936878797562806e-06,0.00010343246666565277,0.0012372814089109548,7.3728146365859004e-09,-0.0007280376009443368,3.885780586188048e-16,200.00000000001884
baseline,7510104,responsive,minus,0.0,0.5946035575013605,0.0,0.05946035575013606,0.0,0.0,0.0,,,,,0.0
baseline,7510104,responsive,minus,2.0,0.5946035575013605,1.1892071150027146,0.05946035575013606,1.5385042776733704e-08,1.535957333934995e-07,9.148001167356477e-09,,,,,1.9999999999999793
baseline,7510104,responsive,minus,4.0,0.5946035575013605,2.3784142300054203,0.05946035575013606,-6.018624676267449e-07,-3.0049225868994375e-07,-3.578695643774094e-07,,,,,3.999999999999937
baseline,7510104,responsive,minus,6.0,0.5946035575013605,3.5676213450081864,0.05946035575013606,3.963198405027682e-06,-1.0423195291331334e-06,2.356531870713178e-06,,,,,5.999999999999894
baseline,7510104,responsive,minus,8.0,0.5946035575013605,4.75682846001084,0.05946035575013606,2.684075324760389e-06,-1.0767388250958262e-06,1.5959607367041585e-06,,,,,7.999999999999852
baseline,7510104,responsive,minus,10.0,0.5946035575013605,5.946035575013428,0.05946035575013606,1.0844349640153154e-05,-4.394313363521129e-06,6.448088874823665e-06,,,,,10.000000000000163
baseline,7510104,responsive,minus,12.0,0.5946035575013605,7.135242690016017,0.05946035575013606,4.159494809253079e-05,-4.319752822596635e-06,2.473250410990318e-05,,,,,12.000000000000476
baseline,7510104,responsive,minus,14.0,0.5946035575013605,8.324449805018702,0.05946035575013606,4.176356422226965e-05,-4.405213659456011e-06,2.4832763860497958e-05,,,,,14.000000000000789
baseline,7510104,responsive,minus,16.0,0.5946035575013605,9.513656920021646,0.05946035575013606,0.00010433908849999981,-4.366472105180994e-06,6.204039320854916e-05,,,,,16.0000000000011
baseline,7510104,responsive,minus,18.0,0.5946035575013605,10.70286403502459,0.05946035575013606,0.0001539824728383487,-4.126913255778666e-06,9.155852614253868e-05,,,,,18.000000000000703
baseline,7510104,responsive,minus,20.0,0.5946035575013605,11.892071150027533,0.05946035575013606,0.00019204081321271934,-4.132798295311079e-06,0.00011418815072173717,0.0,0.0,0.0,0.0,20.000000000000306
baseline,7510104,responsive,minus,22.0,0.5938397813423572,13.080537242294373,0.059383978134235724,0.0002684184291131074,-4.132798295311079e-06,0.00011418815072173717,7.637761590038793e-05,7.175009336668481e-09,-4.538523442675774e-05,5.551115123125783e-17,22.00000000000044
baseline,7510104,responsive,minus,24.0,0.593611769617536,14.267895508377055,0.0593611769617536,0.0002912196015951894,-4.132798295311079e-06,0.00011418815072173717,9.917878838246942e-05,5.245807455089846e-09,-5.8922878240556115e-05,1.3877787807814457e-17,24.000000000000576
baseline,7510104,responsive,minus,26.0,0.5931100020039632,15.454708073597986,0.05931100020039633,0.0003413963629524106,-4.132798295311079e-06,0.00011418815072173717,0.00014935554973969026,1.2644085167767827e-08,-8.869580580662256e-05,-4.163336342344337e-17,26.00000000000071
baseline,7510104,responsive,minus,28.0,0.5924189023145328,16.640031351719863,0.05924189023145328,0.0004105063318954355,-4.132798295311079e-06,0.00011418815072173717,0.00021846551868271507,2.0002977052513415e-09,-0.00012966173868589337,-6.245004513516506e-17,28.000000000000846
baseline,7510104,responsive,minus,30.0,0.5926280133396044,17.82503527468747,0.05926280133396044,0.0003895952293882745,-4.132798295311079e-06,0.00011418815072173717,0.00019755441617555407,1.048449271845442e-09,-0.0001172714199213741,-6.245004513516506e-17,30.00000000000098
baseline,7510104,responsive,minus,32.0,0.5921324285181916,19.009832429959783,0.05921324285181916,0.0004391537115295846,-4.132798295311079e-06,0.00011418815072173717,0.00024711289831686443,9.964891911629081e-09,-0.00014662888452112235,-2.7755575615628914e-17,32.000000000001116
baseline,7510104,responsive,minus,34.0,0.5919230540022113,20.193780011675006,0.059192305400221135,0.0004600911631276146,-4.132798295311079e-06,0.00011418815072173717,0.0002680503499148945,4.265157643734696e-09,-0.0001590244366984489,-2.7755575615628914e-17,34.000000000000725
baseline,7510104,responsive,minus,36.0,0.5919620453940085,21.377704660470183,0.05919620453940086,0.00045619202394793366,-4.132798295311079e-06,0.00011418815072173717,0.00026415121073521347,5.085416004968479e-09,-0.00015671637031077282,1.3877787807814457e-17,36.00000000000033
baseline,7510104,responsive,minus,38.0,0.591051684823129,22.56074294059959,0.0591051684823129,0.0005472280810359056,-4.132798295311079e-06,0.00011418815072173717,0.0003551872678231857,6.139560082552009e-09,-0.00021056482305072122,2.7755575615628914e-17,37.99999999999993
baseline,7510104,responsive,minus,40.0,0.5914029273050793,23.742963689508386,0.05914029273050793,0.0005121038328409189,-4.132798295311079e-06,0.00011418815072173717,0.0003200630196281999,6.1250673699664304e-09,-0.00018979840841284318,6.938893903907228e-17,39.99999999999953
baseline,7510104,responsive,minus,42.0,0.5910959719970291,24.92575819819625,0.05910959719970292,0.000542799363645934,-4.132798295311079e-06,0.00011418815072173717,0.00035075855043321415,2.2589767278979878e-09,-0.0002079471241080537,7.632783294297951e-17,41.99999999999913
baseline,7510104,responsive,minus,44.0,0.5904292915265028,26.10718810916915,0.05904292915265029,0.000609467410698532,-4.132798295311079e-06,0.00011418815072173717,0.0004174265974858128,-1.0386205784307379e-09,-0.00024733211503928307,4.163336342344337e-17,43.999999999998735
baseline,7510104,responsive,minus,46.0,0.5905859001219158,27.288217340183703,0.05905859001219159,0.0005938065511572717,-4.132798295311079e-06,0.00011418815072173717,0.0004017657379445527,3.3105593821858292e-09,-0.00023808425852300807,8.326672684688674e-17,45.99999999999834
baseline,7510104,responsive,minus,48.0,0.5896974089728397,28.468543343977977,0.058969740897283976,0.0006826556660648817,-4.132798295311079e-06,0.00011418815072173717,0.0004906148528521638,2.3481047661810805e-09,-0.00029051782219965613,8.326672684688674e-17,47.99999999999794
baseline,7510104,responsive,minus,50.0,0.5891590284092716,29.64724212758419,0.05891590284092716,0.0007364937224216756,-4.132798295311079e-06,0.00011418815072173717,0.0005444529092089566,1.9101689119338516e-09,-0.00032225149185584334,6.245004513516506e-17,49.99999999999754
baseline,7510104,responsive,minus,52.0,0.5889315028258979,30.825489477665325,0.05889315028258979,0.0007592462807590991,-4.132798295311079e-06,0.00011418815072173717,0.0005672054675463803,9.791343513754214e-09,-0.00033565377862515913,1.1102230246251565e-16,51.999999999997144
baseline,7510104,responsive,minus,54.0,0.5883153014599127,32.002813811766956,0.05883153014599128,0.0008208664173575725,-4.132798295311079e-06,0.00011418815072173717,0.000628825604144854,8.852676203208176e-09,-0.00037192483307028554,7.632783294297951e-17,53.999999999996746
baseline,7510104,responsive,minus,56.0,0.5881368599245134,33.1792159322134,0.05881368599245134,0.000838710570897483,-4.132798295311079e-06,0.00011418815072173717,0.0006466697576847633,5.88405965618044e-09,-0.00038242122957035316,4.85722573273506e-17,55.99999999999635
baseline,7510104,responsive,minus,58.0,0.5877431937302496,34.35498335326638,0.05877431937302497,0.0008780771903238411,-4.132798295311079e-06,0.00011418815072173717,0.0006860363771111209,3.6372288514385787e-10,-0.00040556644085199683,3.469446951953614e-17,57.99999999999595
baseline,7510104,responsive,minus,60.0,0.5874149522847896,35.530144755538494,0.05874149522847896,0.0009109013348698423,-4.132798295311079e-06,0.00011418815072173717,0.0007188605216571217,-9.508137888136758e-10,-0.0004248532212766075,2.7755575615628914e-17,59.99999999999555
baseline,7510104,responsive,minus,62.0,0.5872097544149494,36.70471896742833,0.058720975441494946,0.0009314211218538346,-4.132798295311079e-06,0.00011418815072173717,0.0007393803086411144,4.646350387771392e-09,-0.0004369047456604276,6.938893903907228e-18,61.999999999995154
baseline,7510104,responsive,minus,64.0,0.5868387697945238,37.87882440209367,0.05868387697945238,0.0009685195838964225,-4.132798295311079e-06,0.00011418815072173717,0.0007764787706837031,-7.161541082378875e-10,-0.000458682442966183,2.7755575615628914e-17,63.999999999994756
baseline,7510104,responsive,minus,66.0,0.5863642473077482,39.05202559242428,0.058636424730774815,0.0010159718325739402,-4.132798295311079e-06,0.00011418815072173717,0.0008239310193612223,1.4024547634328144e-08,-0.0004865180036245885,-2.0816681711721685e-17,65.99999999999436
baseline,7510104,responsive,minus,68.0,0.5862782615540465,40.224677983682405,0.058627826155404655,0.0010245704079441238,-4.132798295311079e-06,0.00011418815072173717,0.0008325295947314051,1.5970401390230649e-09,-0.0004915595311219371,6.938893903907228e-18,67.99999999999396
baseline,7510104,responsive,minus,70.0,0.585943300541687,41.39676758271728,0.058594330054168704,0.0010580665091801413,-4.132798295311079e-06,0.00011418815072173717,0.0008660256959674236,6.178172251569691e-09,-0.0005111919571793994,6.938893903907228e-17,69.99999999999356
baseline,7510104,responsive,minus,72.0,0.5860895191103616,42.56869291284779,0.05860895191103616,0.0010434446523127417,-4.132798295311079e-06,0.00011418815072173717,0.0008514038391000247,6.030466237483267e-09,-0.0005026233091129408,1.3183898417423734e-16,71.99999999999316
baseline,7510104,responsive,minus,74.0,0.5863575459933511,43.74130207907454,0.058635754599335115,0.0010166419640138423,-4.132798295311079e-06,0.00011418815072173717,0.0008246011508011272,9.982795146079582e-11,-0.0004869109424964456,1.8735013540549517e-16,73.99999999999277
baseline,7510104,responsive,minus,76.0,0.5863032423911583,44.91387887696849,0.05863032423911583,0.001022072324233118,-4.132798295311079e-06,0.00011418815072173717,0.0008300315110204023,5.069599767759669e-09,-0.0004900949277444229,1.734723475976807e-16,75.99999999999237
baseline,7510104,responsive,minus,78.0,0.5869471828289536,46.087147885544184,0.05869471828289537,0.0009576782804535895,-4.132798295311079e-06,0.00011418815072173717,0.0007656374672408734,7.351054986948213e-09,-0.00045231975812142985,1.8041124150158794e-16,77.99999999999197
baseline,7510104,responsive,minus,80.0,0.5866871974330415,47.2609671644816,0.058668719743304155,0.0009836768200448345,-4.132798295311079e-06,0.00011418815072173717,0.0007916360068321173,2.1324515486753626e-09,-0.0004675761480718542,2.1510571102112408e-16,79.99999999999157
baseline,7510104,responsive,minus,82.0,0.5867754461667581,48.434205754122374,0.05867754461667582,0.0009748519466732214,-4.132798295311079e-06,0.00011418815072173717,0.0007828111334605043,2.0089654106936194e-09,-0.00046239831845378346,2.636779683484747e-16,81.99999999999118
baseline,7510104,responsive,minus,84.0,0.5870936430564244,49.60810831664219,0.05870936430564244,0.0009430322577065455,-4.132798295311079e-06,0.00011418815072173717,0.0007509914444938281,5.3495687879490106e-09,-0.0004437222438004769,2.1510571102112408e-16,83.99999999999078
baseline,7510104,responsive,minus,86.0,0.5867482977483682,50.78205114082561,0.05867482977483683,0.000977566788512098,-4.132798295311079e-06,0.00011418815072173717,0.0007855259752993822,6.683427339337911e-09,-0.0004639912841332937,1.5959455978986625e-16,85.99999999999038
baseline,7510104,responsive,minus,88.0,0.5870391842808003,51.95569634957536,0.05870391842808003,0.0009484781352688346,-4.132798295311079e-06,0.00011418815072173717,0.000756437322056119,7.195910950441586e-09,-0.0004469193356103178,9.020562075079397e-17,87.99999999998998
baseline,7510104,responsive,minus,90.0,0.587521608367435,53.13036422412237,0.05875216083674351,0.0009002357266053916,-4.132798295311079e-06,0.00011418815072173717,0.0007081949133926762,-3.757976374529903e-09,-0.0004185875147307977,1.3183898417423734e-16,89.99999999998958
baseline,7510104,responsive,minus,92.0,0.5872137484357964,54.305108208002935,0.05872137484357964,0.0009310217197693299,-4.132798295311079e-06,0.00011418815072173717,0.000738980906556615,1.4144585641640006e-08,-0.00043667021206274595,2.0122792321330962e-16,91.99999999998919
baseline,7510104,responsive,minus,94.0,0.5876678050805539,55.47998089055232,0.058766780508055394,0.0008856160552935769,-4.132798295311079e-06,0.00011418815072173717,0.0006935752420808615,-1.6839203642593503e-09,-0.0004099970732538913,2.0122792321330962e-16,93.99999999998879
baseline,7510104,responsive,minus,96.0,0.5875360990508288,56.65518131768096,0.05875360990508289,0.0008987866582661074,-4.132798295311079e-06,0.00011418815072173717,0.0007067458450533915,6.210986169818966e-10,-0.0004177361452704191,2.220446049250313e-16,95.99999999998839
baseline,7510104,responsive,minus,98.0,0.5874956033545526,57.83008207547399,0.05874956033545527,0.0009028362278937673,-4.132798295311079e-06,0.00011418815072173717,0.0007107954146810514,2.5961307548172385e-09,-0.0004201153316171942,2.636779683484747e-16,97.99999999998799
baseline,7510104,responsive,minus,100.0,0.5878263518591492,59.00553166749339,0.05878263518591493,0.0008697613774340874,-4.132798295311079e-06,0.00011418815072173717,0.0006777205642213701,6.78367631512522e-09,-0.00040067853266186754,2.42861286636753e-16,99.9999999999876
baseline,7510104,responsive,minus,102.0,0.5875248962732016,60.180844080350354,0.058752489627320166,0.0008999069360288491,-4.132798295311079e-06,0.00011418815072173717,0.0007078661228161322,5.503374811421935e-09,-0.00041839434262187086,2.42861286636753e-16,101.9999999999872
baseline,7510104,responsive,minus,104.0,0.587758750371236,61.35600428574547,0.05877587503712361,0.0008765215262254672,-4.132798295311079e-06,0.00011418815072173717,0.0006844807130127525,5.8171269190498975e-09,-0.00040465209776583896,3.0531133177191805e-16,103.9999999999868
baseline,7510104,responsive,minus,106.0,0.5878349320055396,62.53178793388856,0.05878349320055397,0.0008689033627951764,-4.132798295311079e-06,0.00011418815072173717,0.0006768625495824621,2.806411991684854e-09,-0.00040017416536581446,3.7470027081099033e-16,105.9999999999864
baseline,7510104,responsive,minus,108.0,0.5876341433619585,63.707114409396915,0.058763414336195856,0.0008889822271533292,-4.132798295311079e-06,0.00011418815072173717,0.0006969414139406144,3.7532730812195325e-09,-0.0004119752074265466,4.163336342344337e-16,107.999999999986
baseline,7510104,responsive,minus,110.0,0.5880617842786311,64.8828563681071,0.058806178427863114,0.0008462181354860501,-4.132798295311079e-06,0.00011418815072173717,0.0006541773222733344,1.6073534170324422e-10,-0.0003868364232153254,3.885780586188048e-16,109.9999999999856
baseline,7510104,responsive,minus,112.0,0.5877063659578013,66.05877175271043,0.058770636595780135,0.0008817599675689909,-4.132798295311079e-06,0.00011418815072173717,0.000689719154356275,-7.845387089977507e-09,-0.00040773090029743234,3.5388358909926865e-16,111.9999999999852
baseline,7510104,responsive,minus,114.0,0.5878149687538625,67.23412017928001,0.05878149687538626,0.0008708996879628753,-4.132798295311079e-06,0.00011418815072173717,0.0006788588747501595,8.105151994008963e-09,-0.0004013476551084673,3.608224830031759e-16,113.99999999998481
baseline,7510104,responsive,minus,116.0,0.5879196161203487,68.40991150489087,0.05879196161203487,0.0008604349513142545,-4.132798295311079e-06,0.00011418815072173717,0.0006683941381015399,1.0927506399749376e-08,-0.000395195778708779,3.5388358909926865e-16,115.99999999998441
baseline,7510104,responsive,minus,118.0,0.587304736122906,69.58525480602543,0.058730473612290605,0.0009219229510584747,-4.132798295311079e-06,0.00011418815072173717,0.0007298821378457596,5.765405264313017e-09,-0.0004313268760438721,3.0531133177191805e-16,117.99999999998401
baseline,7510104,responsive,minus,120.0,0.5877768078766585,70.76017731416111,0.058777680787665855,0.0008747157756831943,-4.132798295311079e-06,0.00011418815072173717,0.0006826749624704797,1.8200776719101697e-09,-0.0004035907357799705,2.7755575615628914e-16,119.99999999998361
baseline,7510104,responsive,minus,122.0,0.5877883159713724,71.93592490697655,0.05877883159713724,0.0008735649662118324,-4.132798295311079e-06,0.00011418815072173717,0.0006815241529991175,7.437510746166609e-09,-0.00040291431004059464,2.983724378680108e-16,121.99999999998322
baseline,7510104,responsive,minus,124.0,0.5874457077952009,73.11101403564517,0.0587445707795201,0.0009078257838289316,-4.132798295311079e-06,0.00011418815072173717,0.0007157849706162164,2.9052838190768426e-09,-0.00042304654931345567,2.5673907444456745e-16,123.99999999998282
baseline,7510104,responsive,minus,126.0,0.587938399011018,74.28646844691175,0.0587938399011018,0.0008585566622471823,-4.132798295311079e-06,0.00011418815072173717,0.0006665158490344669,2.7698710547419125e-09,-0.00039409147808174005,2.0816681711721685e-16,125.99999999998242
baseline,7510104,responsive,minus,128.0,0.5877297281008909,75.46237373513337,0.058772972810089086,0.0008794237532598051,-4.132798295311079e-06,0.00011418815072173717,0.000687382940047089,4.964212985125727e-09,-0.0004063578649863356,1.1796119636642288e-16,127.99999999998202
baseline,7510104,responsive,minus,130.0,0.5873354258432496,76.63723223144486,0.05873354258432496,0.0009188539790239142,-4.132798295311079e-06,0.00011418815072173717,0.0007268131658111983,-1.2049860553808855e-09,-0.0004295244071401208,1.0408340855860843e-16,129.99999999998303
baseline,7510104,responsive,minus,132.0,0.5876198369893303,77.81228134945141,0.05876198369893303,0.0008904128644158412,-4.132798295311079e-06,0.00011418815072173717,0.0006983720512031252,9.351402430191058e-10,-0.00041281588849533327,1.0408340855860843e-16,131.99999999998406
baseline,7510104,responsive,minus,134.0,0.5872368658819135,78.98721011932608,0.058723686588191354,0.0009287099751575024,-4.132798295311079e-06,0.00011418815072173717,0.0007366691619447871,3.0601438050226193e-09,-0.00043531269712306433,8.326672684688674e-17,133.99999999998508
baseline,7510104,responsive,minus,136.0,0.5872963007263264,80.16164257947523,0.05872963007263265,0.0009227664907162008,-4.132798295311079e-06,0.00011418815072173717,0.000730725677503486,1.2232299700931648e-08,-0.0004318222873223032,7.632783294297951e-17,135.9999999999861
baseline,7510104,responsive,minus,138.0,0.5872202753114699,81.33634206526534,0.05872202753114699,0.0009303690322018745,-4.132798295311079e-06,0.00011418815072173717,0.0007383282189891599,2.845238350479562e-09,-0.00043628694281976424,9.020562075079397e-17,137.99999999998712
baseline,7510104,responsive,minus,140.0,0.5867777645693159,82.51036672477485,0.05867777645693159,0.0009746201064172855,-4.132798295311079e-06,0.00011418815072173717,0.0007825792932045711,1.0183020177079172e-08,-0.00046226228001551226,1.0408340855860843e-16,139.99999999998815
baseline,7510104,responsive,minus,142.0,0.5867389720090407,83.6839014875857,0.058673897200904074,0.0009784993624448106,-4.132798295311079e-06,0.00011418815072173717,0.0007864585492320947,6.104453359467854e-09,-0.0004645384659523952,1.1102230246251565e-16,141.99999999998917
baseline,7510104,responsive,minus,144.0,0.5867498133139221,84.85750173758062,0.058674981331392206,0.0009774152319566047,-4.132798295311079e-06,0.00011418815072173717,0.0007853744187438888,3.683087307360111e-09,-0.0004639023584675703,4.163336342344337e-17,143.9999999999902
baseline,7510104,responsive,minus,146.0,0.5865131681098854,86.03071833068768,0.05865131681098854,0.0010010797523602663,-4.132798295311079e-06,0.00011418815072173717,0.0008090389391475487,-2.919281844038224e-09,-0.0004777847113489539,3.469446951953614e-17,145.99999999999122
baseline,7510104,responsive,minus,148.0,0.5863760641715395,87.2035206906329,0.05863760641715395,0.00101479014619484,-4.132798295311079e-06,0.00011418815072173717,0.0008227493329821203,-1.0840864317351873e-10,-0.00048582509799841717,1.3877787807814457e-17,147.99999999999224
baseline,7510104,responsive,minus,150.0,0.5859670001784808,88.37598601510544,0.058596700017848086,0.0010556965455007607,-4.132798295311079e-06,0.00011418815072173717,0.0008636557322880416,4.31165142478207e-09,-0.0005098032647553007,6.938893903907228e-17,149.99999999999326
baseline,7510104,responsive,minus,152.0,0.5859150653318309,89.54771750944107,0.05859150653318309,0.0010608900301657747,-4.132798295311079e-06,0.00011418815072173717,0.0008688492169530545,5.4867634324828884e-09,-0.0005128463405235061,9.020562075079397e-17,151.9999999999943
baseline,7510104,responsive,minus,154.0,0.5860637098587564,90.71982875427351,0.05860637098587564,0.0010460255774732098,-4.132798295311079e-06,0.00011418815072173717,0.00085398476426049,5.867031888096008e-09,-0.0005041359289932566,7.632783294297951e-17,153.9999999999953
baseline,7510104,responsive,minus,156.0,0.5856158534169618,91.8916465710272,0.05856158534169618,0.0010908112216525794,-4.132798295311079e-06,0.00011418815072173717,0.0008987704084398605,4.173387857520083e-09,-0.0005303731409998652,-2.0816681711721685e-17,155.99999999999633
baseline,7510104,responsive,minus,158.0,0.5858592041206935,93.06301208371876,0.05858592041206935,0.0010664761512794198,-4.132798295311079e-06,0.00011418815072173717,0.000874435338066698,5.0212428659435204e-09,-0.0005161191770170666,-6.938893903907228e-18,157.99999999999736
baseline,7510104,responsive,minus,160.0,0.5860620230309563,94.2350617080305,0.058606202303095635,0.0010461942602531175,-4.132798295311079e-06,0.00011418815072173717,0.0008541534470403969,4.753427013115541e-09,-0.0005042347877068296,-2.7755575615628914e-17,159.99999999999838
baseline,7510104,responsive,minus,162.0,0.5853874096142038,95.40637688990319,0.05853874096142038,0.0011136556019283317,-4.132798295311079e-06,0.00011418815072173717,0.0009216147887156101,5.432265970384265e-09,-0.0005437485629223096,-6.938893903907228e-17,161.9999999999994
baseline,7510104,responsive,minus,164.0,0.585690372129276,96.57746182832304,0.058569037212927604,0.0010833593504210458,-4.132798295311079e-06,0.00011418815072173717,0.000891318537208326,9.16674350315283e-09,-0.0005260089294171974,-1.249000902703301e-16,164.00000000000043
baseline,7510104,responsive,minus,166.0,0.585267181702944,97.74861847856268,0.05852671817029441,0.0011256783930542367,-4.132798295311079e-06,0.00011418815072173717,0.0009336375798415169,1.6303366712211442e-09,-0.0005507858307383408,-1.3183898417423734e-16,166.00000000000145
baseline,7510104,responsive,minus,168.0,0.5849637429166263,98.91881997621131,0.058496374291662635,0.001156022271685959,-4.132798295311079e-06,0.00011418815072173717,0.0009639814584732376,4.0522767641437696e-09,-0.0005685405033122419,-1.8735013540549517e-16,168.00000000000247
baseline,7510104,responsive,minus,170.0,0.5850125974136159,100.08888144983756,0.0585012597413616,0.001151136821987,-4.132798295311079e-06,0.00011418815072173717,0.00095909600877428,9.753878094098667e-09,-0.0005656825730324146,-1.8041124150158794e-16,170.0000000000035
baseline,7510104,responsive,minus,172.0,0.5846492967413212,101.2584177719051,0.058464929674132124,0.0011874668892164068,-4.132798295311079e-06,0.00011418815072173717,0.0009954260760036881,3.3498795126707392e-09,-0.0005869295206576142,-2.42861286636753e-16,172.00000000000452
baseline,7510104,responsive,minus,174.0,0.5846220656734852,102.427709534914,0.05846220656734852,0.0011901899960000593,-4.132798295311079e-06,0.00011418815072173717,0.000998149182787337,1.912479397070399e-09,-0.0005885215460470494,-2.0122792321330962e-16,174.00000000000554
baseline,7510104,responsive,minus,176.0,0.5846074977253015,103.59696012096582,0.05846074977253016,0.001191646790818459,-4.132798295311079e-06,0.00011418815072173717,0.0009996059776057361,4.498223904469967e-09,-0.0005893732098317638,-1.6653345369377348e-16,176.00000000000657
baseline,7510104,responsive,minus,178.0,0.5843891921500447,104.76595825958776,0.05843891921500448,0.0012134773483440627,-4.132798295311079e-06,0.00011418815072173717,0.0010214365351313385,9.790233290729589e-09,-0.0006021331345745888,-2.42861286636753e-16,178.0000000000076
baseline,7510104,responsive,minus,180.0,0.5841379371794059,105.9344848332895,0.05841379371794059,0.0012386028454079525,-4.132798295311079e-06,0.00011418815072173717,0.0010465620321952278,9.099512532362297e-09,-0.0006168130470531122,-2.42861286636753e-16,180.0000000000086
baseline,7510104,responsive,minus,182.0,0.5839734163186397,107.10254783444483,0.05839734163186398,0.001255054931484538,-4.132798295311079e-06,0.00011418815072173717,0.001063014118271815,4.308776446748652e-09,-0.0006264219813205164,-2.5673907444456745e-16,182.00000000000963
baseline,7510104,responsive,minus,184.0,0.5839000086626475,108.2702955611586,0.05839000086626475,0.0012623956970837838,-4.132798295311079e-06,0.00011418815072173717,0.0010703548838710618,3.892537459027068e-09,-0.0006307085238516953,-2.42861286636753e-16,184.00000000001066
baseline,7510104,responsive,minus,186.0,0.5839315496930203,109.43825812323863,0.05839315496930204,0.0012592415940464942,-4.132798295311079e-06,0.00011418815072173717,0.0010672007808337721,-4.81787609807327e-10,-0.0006288667933190724,-2.498001805406602e-16,186.00000000001168
baseline,7510104,responsive,minus,188.0,0.5840190858768098,110.6062305932051,0.05840190858768098,0.0012504879756675591,-4.132798295311079e-06,0.00011418815072173717,0.0010584471624548362,-4.3721326559165163e-10,-0.0006237548962444613,-2.3592239273284576e-16,188.0000000000127
baseline,7510104,responsive,minus,190.0,0.583659213074412,111.773820021854,0.05836592130744121,0.0012864752559072973,-4.132798295311079e-06,0.00011418815072173717,0.001094434442694574,-3.1558720359203818e-09,-0.0006447656793315895,-2.706168622523819e-16,190.00000000001373
baseline,7510104,responsive,minus,192.0,0.5833622943139825,112.94100898963679,0.058336229431398254,0.0013161671319502648,-4.132798295311079e-06,0.00011418815072173717,0.001124126318737543,1.7097784021924411e-09,-0.0006620912083000093,-2.636779683484747e-16,192.00000000001475
baseline,7510104,responsive,minus,194.0,0.5824556201138892,114.10695108164909,0.05824556201138892,0.001406834551959591,-4.132798295311079e-06,0.00011418815072173717,0.0012147937387468673,8.446244981197282e-09,-0.0007149420595509298,-2.706168622523819e-16,194.00000000001577
baseline,7510104,responsive,minus,196.0,0.5820608988160283,115.27119253192606,0.058206089881602835,0.001446306681745608,-4.132798295311079e-06,0.00011418815072173717,0.001254265868532881,6.430458304729214e-09,-0.0007379250331375486,-3.400058012914542e-16,196.0000000000168
baseline,7510104,responsive,minus,198.0,0.5817292501196862,116.43512237021933,0.05817292501196863,0.0014794715513798044,-4.132798295311079e-06,0.00011418815072173717,0.0012874307381670765,2.398242410217577e-09,-0.0007572235074230632,-3.5388358909926865e-16,198.00000000001782
baseline,7510104,responsive,minus,200.0,0.5810540385973118,117.59785600058122,0.058105403859731175,0.0015469927036172628,-4.132798295311079e-06,0.00011418815072173717,0.0013549518904045342,-3.169527640345393e-09,-0.0007964797411513756,-3.469446951953614e-16,200.00000000001884
refined,7510101,responsive,F0,0.0,0.5946035575013605,0.0,0.05946035575013606,0.0,0.0,0.0,,,,,0.0
refined,7510101,responsive,F0,2.0,0.5946035575013605,1.1892071150027101,0.05946035575013606,-6.489240848652902e-08,5.5433231082428265e-08,-3.858525694092169e-08,,,,,1.9999999999999685
refined,7510101,responsive,F0,4.0,0.5946035575013605,2.37841423000542,0.05946035575013606,-5.318983002138384e-07,-6.799036326369093e-07,-3.16268621536078e-07,,,,,3.999999999999926
refined,7510101,responsive,F0,6.0,0.5946035575013605,3.5676213450080083,0.05946035575013606,3.554913591553152e-06,-7.289593000471129e-07,2.11376426814744e-06,,,,,6.000000000000238
refined,7510101,responsive,F0,8.0,0.5946035575013605,4.756828460010823,0.05946035575013606,-3.0155116374729814e-06,-1.2095564245737902e-06,-1.7930339473281846e-06,,,,,8.00000000000055
refined,7510101,responsive,F0,10.0,0.5946035575013605,5.946035575013767,0.05946035575013606,9.227074630312082e-06,-3.845235841851072e-06,5.4864514005140954e-06,,,,,10.000000000000153
refined,7510101,responsive,F0,12.0,0.5946035575013605,7.13524269001671,0.05946035575013606,2.382064692456516e-05,-4.251207047367782e-06,1.4163841403330274e-05,,,,,11.999999999999755
refined,7510101,responsive,F0,14.0,0.5946035575013605,8.324449805019654,0.05946035575013606,4.54209711553038e-05,-5.3269153759007325e-06,2.7007471034110328e-05,,,,,13.999999999999357
refined,7510101,responsive,F0,16.0,0.5946035575013605,9.513656920022598,0.05946035575013606,0.00010708235136521432,-6.062516637184192e-06,6.367154706736701e-05,,,,,15.999999999998959
refined,7510101,responsive,F0,18.0,0.5946035575013605,10.702864035025542,0.05946035575013606,0.00015645750960735044,-5.857682290146489e-06,9.303019181033351e-05,,,,,17.999999999999982
refined,7510101,responsive,F0,20.0,0.5946035575013605,11.892071150028485,0.05946035575013606,0.00014430850053245652,-5.822066367070603e-06,8.580634779428562e-05,0.0,0.0,0.0,0.0,20.000000000001005
refined,7510101,responsive,F0,22.0,0.5937254576829132,13.080469188520384,0.05937254576829132,0.00023211848237714763,-5.822066367070603e-06,8.580634779428562e-05,8.780998184469132e-05,-1.9113494120759356e-09,-5.2173574624451297e-05,-4.85722573273506e-17,22.00000000000114
refined,7510101,responsive,F0,24.0,0.5936871037949737,14.267730568048732,0.059368710379497376,0.00023595387117105002,-5.822066367070603e-06,8.580634779428562e-05,9.164537063859412e-05,-7.161024995205878e-09,-5.44506690404907e-05,-8.326672684688674e-17,24.000000000001275
refined,7510101,responsive,F0,26.0,0.5937057402887398,15.45529520711377,0.05937057402887398,0.00023409022179448347,-5.822066367070603e-06,8.580634779428562e-05,8.978172126202741e-05,-3.0746798995728852e-09,-5.3344227073658795e-05,-4.85722573273506e-17,26.00000000000141
refined,7510101,responsive,F0,28.0,0.5927585952742357,16.64157405124029,0.05927585952742357,0.00032880472324489093,-5.822066367070603e-06,8.580634779428562e-05,0.00018449622271243525,-5.258261048801671e-10,-0.000109531916089433,-4.85722573273506e-17,28.000000000001545
refined,7510101,responsive,F0,30.0,0.5929853548104743,17.827199873232978,0.05929853548104744,0.00030612876962105826,-5.822066367070603e-06,8.580634779428562e-05,0.00016182026908860285,-1.1454521109399707e-08,-9.608797867848018e-05,-1.3877787807814457e-17,30.00000000000168
refined,7510101,responsive,F0,32.0,0.5923987166914956,19.012881883759324,0.05923987166914956,0.00036479258151889495,-5.822066367070603e-06,8.580634779428562e-05,0.00022048408098643976,-7.7467285919397e-09,-0.00013085755277714509,-5.551115123125783e-17,32.00000000000181
refined,7510101,responsive,F0,34.0,0.591941881500427,20.1968407286445,0.05919418815004271,0.0004104761006257709,-5.822066367070603e-06,8.580634779428562e-05,0.00026616760009331563,-7.4227650692648695e-09,-0.00015790997595040504,-3.469446951953614e-17,34.00000000000142
refined,7510101,responsive,F0,36.0,0.5920491801225133,21.381010717468452,0.05920491801225133,0.0003997462384170394,-5.822066367070603e-06,8.580634779428562e-05,0.00025543773788458434,-7.428182347002377e-09,-0.00015155794547668314,-1.457167719820518e-16,36.00000000000102
refined,7510101,responsive,F0,38.0,0.5911406195927474,22.564271424673436,0.05911406195927475,0.0004906022913936162,-5.822066367070603e-06,8.580634779428562e-05,0.0003462937908611612,-5.472955422192172e-09,-0.00020530792303881731,-1.457167719820518e-16,38.000000000000625
refined,7510101,responsive,F0,40.0,0.5912312878051363,23.746477615175905,0.05912312878051364,0.00048153547015466314,-5.822066367070603e-06,8.580634779428562e-05,0.0003372269696222071,-8.838011184009176e-09,-0.00019994774567768867,-2.1510571102112408e-16,40.00000000000023
refined,7510101,responsive,F0,42.0,0.5910644311632727,24.928974591515736,0.05910644311632727,0.0004982211343410321,-5.822066367070603e-06,8.580634779428562e-05,0.00035391263380857513,-9.979488707623219e-09,-0.0002098114403455316,-2.1510571102112408e-16,41.99999999999983
refined,7510101,responsive,F0,44.0,0.5909280688927735,26.1108315619257,0.05909280688927735,0.0005118573613909371,-5.822066367070603e-06,8.580634779428562e-05,0.0003675488608584791,-2.2939305177605007e-09,-0.00021787039939656638,-2.2898349882893854e-16,43.99999999999943
refined,7510101,responsive,F0,46.0,0.5909608861060672,27.292774988581986,0.05909608861060672,0.0005085756400615765,-5.822066367070603e-06,8.580634779428562e-05,0.000364267139529118,-1.2296292900559891e-08,-0.0002159310843002811,-2.1510571102112408e-16,45.999999999999034
refined,7510101,responsive,F0,48.0,0.5901478634532481,28.473852365652704,0.05901478634532481,0.0005898779053434588,-5.822066367070603e-06,8.580634779428562e-05,0.000445569404811,-7.502890614352609e-09,-0.00026394449274201245,-2.498001805406602e-16,47.999999999998636
refined,7510101,responsive,F0,50.0,0.5898976638572567,29.65377168280243,0.05898976638572568,0.0006148978649425038,-5.822066367070603e-06,8.580634779428562e-05,0.00047058936441004466,-2.347698702109824e-09,-0.00027870683845123215,-3.3306690738754696e-16,49.99999999999824
refined,7510101,responsive,F0,52.0,0.5894209675070669,30.833199662172692,0.058942096750706684,0.0006625674999615581,-5.822066367070603e-06,8.580634779428562e-05,0.0005182589994290992,-7.804921847709423e-09,-0.00030681568281535135,-2.706168622523819e-16,51.99999999999784
refined,7510101,responsive,F0,54.0,0.5888838533246669,32.011507355396205,0.058888385332466694,0.0007162789182016187,-5.822066367070603e-06,8.580634779428562e-05,0.00057197041766916,-4.560994554259068e-09,-0.00033845989433829715,-2.0122792321330962e-16,53.99999999999744
refined,7510101,responsive,F0,56.0,0.5889170686916213,33.189259123721094,0.05889170686916213,0.0007129573815061838,-5.822066367070603e-06,8.580634779428562e-05,0.000568648880973725,-6.754107828577105e-10,-0.00033650383984709653,-2.0122792321330962e-16,55.999999999997044
refined,7510101,responsive,F0,58.0,0.5885523597074094,34.36681620026945,0.058855235970740945,0.0007494282799273322,-5.822066367070603e-06,8.580634779428562e-05,0.0006051197793948738,-1.2951746869438452e-08,-0.0003579755238056932,-2.3592239273284576e-16,57.999999999996646
refined,7510101,responsive,F0,60.0,0.5879391175743878,35.54307574793644,0.05879391175743878,0.0008107524932294863,-5.822066367070603e-06,8.580634779428562e-05,0.0006664439926970277,-8.952445756937877e-09,-0.0003940492309561991,-2.498001805406602e-16,59.99999999999625
refined,7510101,responsive,F0,62.0,0.5880454787138049,36.71917334200581,0.058804547871380494,0.0008001163792877943,-5.822066367070603e-06,8.580634779428562e-05,0.0006558078787553376,-1.3252623970450017e-08,-0.00038779527787628776,-2.220446049250313e-16,61.99999999999585
refined,7510101,responsive,F0,64.0,0.587517028304694,37.894782344858385,0.0587517028304694,0.0008529614201988895,-5.822066367070603e-06,8.580634779428562e-05,0.0007086529196664332,-2.6221070592580276e-09,-0.00041885660226476107,-2.2898349882893854e-16,63.99999999999545
refined,7510101,responsive,F0,66.0,0.5874105504372442,39.06962804807656,0.05874105504372443,0.0008636092069438672,-5.822066367070603e-06,8.580634779428562e-05,0.0007193007064114123,-1.25681091089902e-08,-0.00042511179141437386,-2.1510571102112408e-16,65.99999999999505
refined,7510101,responsive,F0,68.0,0.5875347141627779,40.244609834276424,0.05875347141627779,0.0008511928343905179,-5.822066367070603e-06,8.580634779428562e-05,0.0007068843338580642,-9.179261239999903e-09,-0.0004178175123468325,-2.0122792321330962e-16,67.99999999999466
refined,7510101,responsive,F0,70.0,0.5869849412324805,41.41928453523386,0.058698494123248054,0.0009061701274202887,-5.822066367070603e-06,8.580634779428562e-05,0.0007618616268878353,-2.9904201337416225e-09,-0.00045010346797875675,-1.6653345369377348e-16,69.99999999999426
refined,7510101,responsive,F0,72.0,0.5871276631560672,42.59325247920464,0.05871276631560673,0.0008918979350615664,-5.822066367070603e-06,8.580634779428562e-05,0.0007475894345291133,-1.7095633242369956e-09,-0.000441724887508467,-2.1510571102112408e-16,71.99999999999386
refined,7510101,responsive,F0,74.0,0.5871093686430003,43.767478122815035,0.05871093686430003,0.0008937273863683073,-5.822066367070603e-06,8.580634779428562e-05,0.0007494188858358548,-1.2876390259597414e-08,-0.0004427989922445655,-1.6653345369377348e-16,73.99999999999346
refined,7510101,responsive,F0,76.0,0.5868198560960093,44.9412859371906,0.05868198560960093,0.0009226786410674184,-5.822066367070603e-06,8.580634779428562e-05,0.0007783701405349654,-1.1259473603475456e-08,-0.0004597923542366336,-1.5959455978986625e-16,75.99999999999307
refined,7510101,responsive,F0,78.0,0.5873018079166227,46.11552278689208,0.05873018079166227,0.0008744834590060843,-5.822066367070603e-06,8.580634779428562e-05,0.0007301749584736308,-7.62365690021305e-09,-0.00043149885055700915,-1.5265566588595902e-16,77.99999999999267
refined,7510101,responsive,F0,80.0,0.5872444478844768,47.2900400444314,0.05872444478844768,0.0008802194622206585,-5.822066367070603e-06,8.580634779428562e-05,0.0007359109616882045,-6.396149915266491e-09,-0.0004348674511064875,-1.6653345369377348e-16,79.99999999999227
refined,7510101,responsive,F0,82.0,0.5874621106202211,48.464625229078166,0.058746211062022116,0.0008584531886462763,-5.822066367070603e-06,8.580634779428562e-05,0.0007141446881138226,-2.346114608142713e-09,-0.0004220829589454411,-1.1796119636642288e-16,81.99999999999187
refined,7510101,responsive,F0,84.0,0.5880236305540771,49.64036694740193,0.058802363055407716,0.0008023011952606833,-5.822066367070603e-06,8.580634779428562e-05,0.0006579926947282292,-9.007491585943939e-09,-0.0003890800251637981,-1.1102230246251565e-16,83.99999999999147
refined,7510101,responsive,F0,86.0,0.5875243681295904,50.81592277257914,0.058752436812959045,0.0008522274377093074,-5.822066367070603e-06,8.580634779428562e-05,0.0007079189371768538,-1.878900729446187e-09,-0.00041842537235996236,-1.5959455978986625e-16,85.99999999999108
refined,7510101,responsive,F0,88.0,0.5876612575844089,51.99095785466564,0.058766125758440896,0.0008385384922274194,-5.822066367070603e-06,8.580634779428562e-05,0.0006942299916949665,-8.613432217474681e-09,-0.0004103818463792354,-1.942890293094024e-16,87.99999999999068
refined,7510101,responsive,F0,90.0,0.5873641552030207,53.166137737507455,0.058736415520302065,0.0008682487303662187,-5.822066367070603e-06,8.580634779428562e-05,0.0007239402298337655,-5.9656352635606424e-09,-0.00042783698879578225,-2.2898349882893854e-16,89.99999999999028
refined,7510101,responsive,F0,92.0,0.5864942930736047,54.33965139838099,0.058649429307360466,0.0009552349433077498,-5.822066367070603e-06,8.580634779428562e-05,0.000810926442775299,-7.1906435528124035e-09,-0.00047889173926832576,-2.914335439641036e-16,91.99999999998988
refined,7510101,responsive,F0,94.0,0.5866940854299993,55.51296000281933,0.058669408542999936,0.0009352557076682333,-5.822066367070603e-06,8.580634779428562e-05,0.0007909472071357817,-1.0340064554581474e-08,-0.0004671720357365197,-3.400058012914542e-16,93.99999999998948
refined,7510101,responsive,F0,96.0,0.5862619273731421,56.686181604825656,0.05862619273731421,0.000978471513353956,-5.822066367070603e-06,8.580634779428562e-05,0.0008341630128215042,-8.466556927766433e-09,-0.0004925171553001213,-3.400058012914542e-16,95.99999999998909
refined,7510101,responsive,F0,98.0,0.5860298075736322,57.85828059027146,0.05860298075736322,0.0010016834933049292,-5.822066367070603e-06,8.580634779428562e-05,0.0008573749927724783,-4.0518531863042995e-09,-0.0005061227614242686,-3.608224830031759e-16,97.99999999998869
refined,7510101,responsive,F0,100.0,0.5861336182816289,59.03043966309112,0.058613361828162895,0.0009913024225052113,-5.822066367070603e-06,8.580634779428562e-05,0.0008469939219727589,-1.1506571834241086e-08,-0.0005000386056679719,-4.0245584642661925e-16,99.99999999998829
refined,7510101,responsive,F0,102.0,0.5852917076212408,60.202133724465135,0.05852917076212409,0.0010754934885440503,-5.822066367070603e-06,8.580634779428562e-05,0.0009311849880115986,-1.029952606534934e-08,-0.0005493503791542814,-3.677613769070831e-16,101.99999999998789
refined,7510101,responsive,F0,104.0,0.5853106200741318,61.372586800874906,0.05853106200741319,0.001073602243254965,-5.822066367070603e-06,8.580634779428562e-05,0.000929293742722511,-1.1329078564159545e-08,-0.0005482434310854524,-3.5388358909926865e-16,103.9999999999875
refined,7510101,responsive,F0,106.0,0.585152078576034,62.543047984812965,0.058515207857603405,0.0010894563930647244,-5.822066367070603e-06,8.580634779428562e-05,0.0009451478925322698,-1.2647916575181384e-08,-0.000557521776571035,-3.8163916471489756e-16,105.9999999999871
refined,7510101,responsive,F0,108.0,0.5847086360895288,63.712788898626954,0.058470863608952886,0.0011338006417153043,-5.822066367070603e-06,8.580634779428562e-05,0.0009894921411828486,-4.774177220223663e-09,-0.0005834600737798339,-3.191891195797325e-16,107.9999999999867
refined,7510101,responsive,F0,110.0,0.5847968215769909,64.8822891190823,0.058479682157699095,0.0011249820929691162,-5.822066367070603e-06,8.580634779428562e-05,0.0009806735924366597,-6.347161518593936e-09,-0.000578303403336141,-3.0531133177191805e-16,109.9999999999863
refined,7510101,responsive,F0,112.0,0.58425923372788,66.05159872655308,0.058425923372788006,0.0011787408778801873,-5.822066367070603e-06,8.580634779428562e-05,0.00103443237734773,-1.2306448554655347e-08,-0.0006097269198492086,-3.191891195797325e-16,111.9999999999859
refined,7510101,responsive,F0,114.0,0.5838649086039318,67.21949731008048,0.058386490860393186,0.0012181733902750208,-5.822066367070603e-06,8.580634779428562e-05,0.0010738648897425634,-5.960459764642323e-09,-0.0006327579547098054,-3.0531133177191805e-16,113.9999999999855
refined,7510101,responsive,F0,116.0,0.5840566664073308,68.38739356589493,0.05840566664073309,0.001198997609935111,-5.822066367070603e-06,8.580634779428562e-05,0.0010546891094026524,-7.773852422898742e-09,-0.000621560050921479,-3.191891195797325e-16,115.9999999999851
refined,7510101,responsive,F0,118.0,0.5834533605052082,69.55490172050645,0.05834533605052083,0.0012593282001473517,-5.822066367070603e-06,8.580634779428562e-05,0.0011150196996148924,-9.460606908984204e-09,-0.0006567783354226621,-3.3306690738754696e-16,117.99999999998471
refined,7510101,responsive,F0,120.0,0.5834496078710484,70.72164498163123,0.05834496078710484,0.0012597034635633139,-5.822066367070603e-06,8.580634779428562e-05,0.0011153949630308554,-1.757641943100907e-08,-0.000656997283419683,-3.608224830031759e-16,119.99999999998431
refined,7510101,responsive,F0,122.0,0.5834160782929605,71.88866565070894,0.05834160782929605,0.0012630564213721336,-5.822066367070603e-06,8.580634779428562e-05,0.001118747920839675,-1.3905826851123848e-08,-0.0006589535091267966,-3.3306690738754696e-16,121.99999999998391
refined,7510101,responsive,F0,124.0,0.5828495789135327,73.05494828510272,0.058284957891353274,0.0013197063593148688,-5.822066367070603e-06,8.580634779428562e-05,0.0011753978587824123,-1.1567922730826297e-08,-0.0006919879476795683,-3.677613769070831e-16,123.99999999998352
refined,7510101,responsive,F0,126.0,0.5833016697211747,74.22076239336852,0.05833016697211747,0.0012744972785506826,-5.822066367070603e-06,8.580634779428562e-05,0.0011301887780182246,-3.681464827431924e-09,-0.0006656276346881686,-3.608224830031759e-16,125.99999999998312
refined,7510101,responsive,F0,128.0,0.5832424021742821,75.38745771704497,0.058324240217428214,0.001280424033239891,-5.822066367070603e-06,8.580634779428562e-05,0.0011361155327074353,-1.3030923146084561e-08,-0.000669084544962336,-4.0939474033052647e-16,127.99999999998273
refined,7510101,responsive,F0,130.0,0.5830350868206311,76.55376164303522,0.05830350868206311,0.0013011555686050214,-5.822066367070603e-06,8.580634779428562e-05,0.0011568470680725638,-1.1708083808015246e-08,-0.000681173906466645,-3.8163916471489756e-16,129.99999999998374
refined,7510101,responsive,F0,132.0,0.5836065325049685,77.72033319743993,0.05836065325049685,0.001244011000171218,-5.822066367070603e-06,8.580634779428562e-05,0.0010997024996387595,-4.513615398105131e-09,-0.0006478402905400436,-4.440892098500626e-16,131.99999999998477
refined,7510101,responsive,F0,134.0,0.5834431428877258,78.88751862893753,0.058344314288772584,0.0012603499618954763,-5.822066367070603e-06,8.580634779428562e-05,0.0011160414613630176,-7.320245715147777e-09,-0.0006573744805283242,-4.579669976578771e-16,133.9999999999858
refined,7510101,responsive,F0,136.0,0.5831437930906566,80.05397849782602,0.058314379309065655,0.0012902849416024016,-5.822066367070603e-06,8.580634779428562e-05,0.001145976441069944,-3.859310704346086e-09,-0.0006748353586557669,-4.579669976578771e-16,135.9999999999868
refined,7510101,responsive,F0,138.0,0.583227876446943,81.22052246188782,0.0583227876446943,0.0012818766059737175,-5.822066367070603e-06,8.580634779428562e-05,0.0011375681054412604,-6.763420490329963e-09,-0.0006699317364231572,-4.996003610813204e-16,137.99999999998784
refined,7510101,responsive,F0,140.0,0.5823844353231337,82.38602449610005,0.05823844353231337,0.0013662207183546202,-5.822066367070603e-06,8.580634779428562e-05,0.0012219122178221626,-1.7740743596394992e-09,-0.0007190880043314238,-5.273559366969494e-16,139.99999999998886
refined,7510101,responsive,F0,142.0,0.5824564924390624,83.55084620539932,0.05824564924390624,0.0013590150067617753,-5.822066367070603e-06,8.580634779428562e-05,0.0012147065062293177,-3.9279386132573535e-09,-0.0007148912504429117,-4.996003610813204e-16,141.99999999998988
refined,7510101,responsive,F0,144.0,0.5821336558044837,84.71562538332839,0.05821336558044838,0.00139129867021966,-5.822066367070603e-06,8.580634779428562e-05,0.001246990169687202,-4.908651318746848e-09,-0.0007336898686490304,-4.718447854656915e-16,143.9999999999909
refined,7510101,responsive,F0,146.0,0.5820768361621018,85.87973702175336,0.05820768361621019,0.0013969806344578894,-5.822066367070603e-06,8.580634779428562e-05,0.0012526721339254302,-6.318318312992233e-09,-0.0007369973698395683,-4.371503159461554e-16,145.99999999999193
refined,7510101,responsive,F0,148.0,0.5824362480684865,87.04436951979456,0.05824362480684865,0.0013610394438193904,-5.822066367070603e-06,8.580634779428562e-05,0.0012167309432869332,-1.0395205224389414e-08,-0.0007160703764589119,-4.718447854656915e-16,147.99999999999295
refined,7510101,responsive,F0,150.0,0.5819643716156305,88.20877903751432,0.05819643716156306,0.001408227089104939,-5.822066367070603e-06,8.580634779428562e-05,0.0012639185885724813,-1.2473945043556256e-08,-0.0007435430381649011,-5.204170427930421e-16,149.99999999999397
refined,7510101,responsive,F0,152.0,0.5818695134593873,89.37244547093039,0.05818695134593874,0.0014177129047293192,-5.822066367070603e-06,8.580634779428562e-05,0.0012734044041968616,-1.0178398734961291e-08,-0.0007490629949904806,-4.579669976578771e-16,151.999999999995
refined,7510101,responsive,F0,154.0,0.5818453374866464,90.53629485857272,0.05818453374866464,0.0014201305020034324,-5.822066367070603e-06,8.580634779428562e-05,0.0012758220014709757,-8.675071466734963e-09,-0.0007504696919162154,-4.371503159461554e-16,153.99999999999602
refined,7510101,responsive,F0,156.0,0.5813564727347583,91.69940829043864,0.05813564727347584,0.0014690169771921738,-5.822066367070603e-06,8.580634779428562e-05,0.0013247084766597151,-1.3984233104835653e-08,-0.0007789021101336953,-5.065392549852277e-16,155.99999999999704
refined,7510101,responsive,F0,158.0,0.5816942159646362,92.86223557539344,0.05816942159646363,0.001435242654204345,-5.822066367070603e-06,8.580634779428562e-05,0.001290934153671885,-5.769654615184194e-09,-0.0007592614853280458,-5.412337245047638e-16,157.99999999999807
refined,7510101,responsive,F0,160.0,0.5814495524274551,94.02554886716949,0.05814495524274551,0.0014597090079225099,-5.822066367070603e-06,8.580634779428562e-05,0.001315400507390051,-7.177509253608605e-09,-0.0007734904287592971,-4.996003610813204e-16,159.9999999999991
refined,7510101,responsive,F0,162.0,0.5808519698784881,95.18771512889124,0.05808519698784881,0.0015194672628192512,-5.822066367070603e-06,8.580634779428562e-05,0.0013751587622867914,-1.3241491236826164e-08,-0.0008082189840776868,-4.579669976578771e-16,162.0000000000001
refined,7510101,responsive,F0,164.0,0.5811011050390811,96.34968888936359,0.058110110503908116,0.0014945537467599464,-5.822066367070603e-06,8.580634779428562e-05,0.0013502452462274843,-5.853419221546474e-09,-0.0007937448157816288,-4.579669976578771e-16,164.00000000000114
refined,7510101,responsive,F0,166.0,0.580429051616485,97.51123958308202,0.0580429051616485,0.001561759089019587,-5.822066367070603e-06,8.580634779428562e-05,0.0014174505884871247,-1.08087143402269e-08,-0.0008327753316430785,-4.3021142204224816e-16,166.00000000000216
refined,7510101,responsive,F0,168.0,0.5799436166186797,98.6714644119316,0.057994361661867964,0.0016103025888002055,-5.822066367070603e-06,8.580634779428562e-05,0.0014659940882677425,-5.193766222655327e-09,-0.0008609396068259868,-3.469446951953614e-16,168.00000000000318
refined,7510101,responsive,F0,170.0,0.5797598616548605,99.83134398455034,0.05797598616548605,0.0016286780851821247,-5.822066367070603e-06,8.580634779428562e-05,0.001484369584649664,-2.1614063316910404e-10,-0.0008715946703605412,-3.469446951953614e-16,170.0000000000042
refined,7510101,responsive,F0,172.0,0.5790812660791607,100.99011044458621,0.05790812660791607,0.0016965376427521125,-5.822066367070603e-06,8.580634779428562e-05,0.0015522291422196523,-6.790880469065286e-09,-0.0009109138934715044,-3.3306690738754696e-16,172.00000000000523
refined,7510101,responsive,F0,174.0,0.5791289894218236,102.14808699218955,0.05791289894218236,0.0016917653084858135,-5.822066367070603e-06,8.580634779428562e-05,0.001547456807953352,-1.835214546996866e-08,-0.0009081502102265548,-3.469446951953614e-16,174.00000000000625
refined,7510101,responsive,F0,176.0,0.5792125131097072,103.30659083574639,0.05792125131097072,0.001683412939697423,-5.822066367070603e-06,8.580634779428562e-05,0.0015391044391649632,-9.807999301614245e-09,-0.00090331276252055,-3.7470027081099033e-16,176.00000000000728
refined,7510101,responsive,F0,178.0,0.5793464925710826,104.4650680797881,0.05793464925710826,0.001670014993559839,-5.822066367070603e-06,8.580634779428562e-05,0.0015257064930273795,-1.2647001612631215e-08,-0.000895551606942914,-4.163336342344337e-16,178.0000000000083
refined,7510101,responsive,F0,180.0,0.579778466132962,105.62412021573914,0.057977846613296205,0.00162681763737191,-5.822066367070603e-06,8.580634779428562e-05,0.0014825091368394514,-1.677500918728647e-08,-0.0008705160400891768,-4.0245584642661925e-16,180.00000000000932
refined,7510101,responsive,F0,182.0,0.5798465493805174,106.78381034799891,0.05798465493805174,0.0016200093126163633,-5.822066367070603e-06,8.580634779428562e-05,0.0014757008120839037,-1.050971643046239e-08,-0.000866568488239048,-4.163336342344337e-16,182.00000000001035
refined,7510101,responsive,F0,184.0,0.57962595852018,107.94322885091728,0.057962595852018,0.00164206839865019,-5.822066367070603e-06,8.580634779428562e-05,0.0014977598981177286,-7.818131669834472e-09,-0.0008793569401418164,-3.2612801348363973e-16,184.00000000001137
refined,7510101,responsive,F0,186.0,0.579915512432853,109.1027268856499,0.057991551243285304,0.001613113007382896,-5.822066367070603e-06,8.580634779428562e-05,0.0014688045068504344,-8.399069162390305e-09,-0.0008625694516507625,-3.191891195797325e-16,186.0000000000124
refined,7510101,responsive,F0,188.0,0.5797958956411854,110.26253095107069,0.05797958956411854,0.0016250746865496208,-5.822066367070603e-06,8.580634779428562e-05,0.001480766186017159,-6.668454510805333e-09,-0.0008695054995454705,-3.5388358909926865e-16,188.00000000001342
refined,7510101,responsive,F0,190.0,0.5797323704357745,111.42186227668772,0.05797323704357745,0.0016314272070906608,-5.822066367070603e-06,8.580634779428562e-05,0.0014871187065581969,-8.138175133787229e-09,-0.0008731884631095858,-4.0939474033052647e-16,190.00000000001444
refined,7510101,responsive,F0,192.0,0.5800197727585558,112.58169156728475,0.058001977275855585,0.001602686974812514,-5.822066367070603e-06,8.580634779428562e-05,0.00145837847428005,9.699617498082347e-10,-0.000856522690119349,-4.2327252813834093e-16,192.00000000001546
refined,7510101,responsive,F0,194.0,0.5797032254996022,113.74164489576613,0.05797032254996022,0.001634341700707943,-5.822066367070603e-06,8.580634779428562e-05,0.0014900332001754786,-9.216250845822671e-09,-0.0008748780469315584,-3.608224830031759e-16,194.00000000001648
refined,7510101,responsive,F0,196.0,0.5798913207113569,114.90111343126446,0.057989132071135686,0.001615532179532486,-5.822066367070603e-06,8.580634779428562e-05,0.001471223679000021,-6.016424081156657e-09,-0.0008639723378455998,-3.469446951953614e-16,196.0000000000175
refined,7510101,responsive,F0,198.0,0.5800644819338489,116.06121488345221,0.05800644819338489,0.0015982160572833514,-5.822066367070603e-06,8.580634779428562e-05,0.0014539075567508869,-8.008528867842202e-09,-0.0008539293696044649,-2.8449465006019636e-16,198.00000000001853
refined,7510101,responsive,F0,200.0,0.5796208918451906,117.22071701299078,0.05796208918451907,0.0016425750661491635,-5.822066367070603e-06,8.580634779428562e-05,0.0014982665656166983,-5.466043340174309e-09,-0.0008796506164929774,-2.914335439641036e-16,200.00000000001955
refined,7510101,responsive,plus,0.0,0.5946035575013605,0.0,0.05946035575013606,0.0,0.0,0.0,,,,,0.0
refined,7510101,responsive,plus,2.0,0.5946035575013605,1.1892071150027101,0.05946035575013606,-6.258768108458696e-08,5.540462314865653e-08,-3.721485782865606e-08,,,,,1.9999999999999685
refined,7510101,responsive,plus,4.0,0.5946035575013605,2.37841423000542,0.05946035575013606,-5.16940221950685e-07,-6.841928572736159e-07,-3.073744949874203e-07,,,,,3.999999999999926
refined,7510101,responsive,plus,6.0,0.5946035575013605,3.5676213450080083,0.05946035575013606,3.287649125264747e-06,-7.5702106648111e-07,1.9548478656986525e-06,,,,,6.000000000000238
refined,7510101,responsive,plus,8.0,0.5946035575013605,4.756828460010823,0.05946035575013606,-2.8121280776018354e-06,-1.2975919580783367e-06,-1.6721013590915168e-06,,,,,8.00000000000055
refined,7510101,responsive,plus,10.0,0.5946035575013605,5.946035575013767,0.05946035575013606,8.987617006872254e-06,-3.7498015400067404e-06,5.344069045745964e-06,,,,,10.000000000000153
refined,7510101,responsive,plus,12.0,0.5946035575013605,7.13524269001671,0.05946035575013606,2.083576402787938e-05,-4.187488757718493e-06,1.2389019414235942e-05,,,,,11.999999999999755
refined,7510101,responsive,plus,14.0,0.5946035575013605,8.324449805019654,0.05946035575013606,4.606166919864863e-05,-5.2635521652357825e-06,2.738843236996718e-05,,,,,13.999999999999357
refined,7510101,responsive,plus,16.0,0.5946035575013605,9.513656920022598,0.05946035575013606,0.00010253081697197986,-5.85913596995394e-06,6.0965188525059973e-05,,,,,15.999999999998959
refined,7510101,responsive,plus,18.0,0.5946035575013605,10.702864035025542,0.05946035575013606,0.00015072856776334373,-5.717712614053826e-06,8.962374260916851e-05,,,,,17.999999999999982
refined,7510101,responsive,plus,20.0,0.5946035575013605,11.892071150028485,0.05946035575013606,0.0001444560933954857,-5.681204503672818e-06,8.589410703570357e-05,0.0,0.0,0.0,0.0,20.000000000001005
refined,7510101,responsive,plus,22.0,0.5938140398753086,13.080556613851122,0.059381403987530855,0.00022340785600071626,-5.681204503672818e-06,8.589410703570357e-05,7.895176260523071e-05,4.288732174950738e-09,-4.691383201196192e-05,2.7755575615628914e-17,22.00000000000114
refined,7510101,responsive,plus,24.0,0.5937359605164138,14.267982315748034,0.05937359605164138,0.00023121579189022462,-5.681204503672818e-06,8.589410703570357e-05,8.675969849473894e-05,1.337041588556076e-10,-5.154998914626632e-05,6.245004513516506e-17,24.000000000001275
refined,7510101,responsive,plus,26.0,0.5937885284398733,15.455648147059863,0.05937885284398733,0.00022595899954426998,-5.681204503672818e-06,8.589410703570357e-05,8.150290614878424e-05,2.703004209347881e-10,-4.8428704324178506e-05,5.551115123125783e-17,26.00000000000141
refined,7510101,responsive,plus,28.0,0.5929076042205119,16.642173478676163,0.05929076042205119,0.0003140514214804186,-5.681204503672818e-06,8.589410703570357e-05,0.00016959532808493252,-1.0844034004087177e-10,-0.0001006981725383306,6.938893903907228e-17,28.000000000001545
refined,7510101,responsive,plus,30.0,0.5931442262585706,17.82809716613094,0.05931442262585706,0.00029038921767454744,-5.681204503672818e-06,8.589410703570357e-05,0.00014593312427906133,-2.7270041502713838e-09,-8.66658724697697e-05,6.245004513516506e-17,30.00000000000168
refined,7510101,responsive,plus,32.0,0.5925810007534541,19.014098968543735,0.05925810007534541,0.00034671176818618554,-5.681204503672818e-06,8.589410703570357e-05,0.000202255674790699,1.67159436292863e-09,-0.00012005740696542991,5.551115123125783e-17,32.00000000000181
refined,7510101,responsive,plus,34.0,0.5921635812907331,20.198483453820263,0.05921635812907332,0.00038845371445833427,-5.681204503672818e-06,8.589410703570357e-05,0.00024399762106284755,8.030648923629258e-10,-0.00014478417931035326,1.1102230246251565e-16,34.00000000000142
refined,7510101,responsive,plus,36.0,0.5922702740938265,21.383119684421924,0.05922702740938265,0.00037778443414900574,-5.681204503672818e-06,8.589410703570357e-05,0.00023332834075351843,3.2613730049924072e-09,-0.00013846565090487248,1.1102230246251565e-16,36.00000000000102
refined,7510101,responsive,plus,38.0,0.5913718548177505,22.566799607500805,0.059137185481775045,0.0004676263617565957,-5.681204503672818e-06,8.589410703570357e-05,0.0003231702683611087,-3.048839736230491e-09,-0.00019163599613436152,9.71445146547012e-17,38.000000000000625
refined,7510101,responsive,plus,40.0,0.591479807094129,23.749515331486506,0.0591479807094129,0.00045683113411874995,-5.681204503672818e-06,8.589410703570357e-05,0.00031237504072326253,1.7009321173766523e-09,-0.00018525141965828468,1.0408340855860843e-16,40.00000000000023
refined,7510101,responsive,plus,42.0,0.5911595751805584,24.932360280048584,0.05911595751805584,0.000488854325475783,-5.681204503672818e-06,8.589410703570357e-05,0.00034439823208029535,-2.4425542699546554e-09,-0.0002041873632807785,7.632783294297951e-17,41.99999999999983
refined,7510101,responsive,plus,44.0,0.5910159171856397,26.11437716882594,0.05910159171856398,0.0005032201249675895,-5.681204503672818e-06,8.589410703570357e-05,0.00035876403157210156,-5.216026499610393e-10,-0.0002126788113245362,2.7755575615628914e-17,43.99999999999943
refined,7510101,responsive,plus,46.0,0.5911029220243984,27.296532496818557,0.059110292202439844,0.0004945196410917214,-5.681204503672818e-06,8.589410703570357e-05,0.000350063547696234,-5.010557108109381e-09,-0.0002075363083745875,2.0816681711721685e-17,45.999999999999034
refined,7510101,responsive,plus,48.0,0.5902235553075867,28.477804453276473,0.05902235553075868,0.000582456312772836,-5.681204503672818e-06,8.589410703570357e-05,0.0004380002193773483,1.684658745837453e-09,-0.00025947726766728865,-2.7755575615628914e-17,47.999999999998636
refined,7510101,responsive,plus,50.0,0.590050011819153,29.65797605463092,0.059005001181915304,0.0005998106616162206,-5.681204503672818e-06,8.589410703570357e-05,0.0004553545682207315,-4.534753073048847e-09,-0.000269718707274557,-2.0816681711721685e-17,49.99999999999824
refined,7510101,responsive,plus,52.0,0.5895655957835336,30.83771384574824,0.058956559578353364,0.0006482522651781843,-5.681204503672818e-06,8.589410703570357e-05,0.0005037961717826948,-2.4534536069431567e-09,-0.0002982899430840416,0.0,51.99999999999784
refined,7510101,responsive,plus,54.0,0.5890406076440776,32.01628998944572,0.05890406076440777,0.0007007510791237394,-5.681204503672818e-06,8.589410703570357e-05,0.0005562949857282503,-1.0866985228341619e-08,-0.0003292276569784765,-4.163336342344337e-17,53.99999999999744
refined,7510101,responsive,plus,56.0,0.5889377298228005,33.19419606962447,0.058893772982280046,0.0007110388612514095,-5.681204503672818e-06,8.589410703570357e-05,0.0005665827678559201,-4.912276835300489e-09,-0.0003352870492219946,-9.020562075079397e-17,55.999999999997044
refined,7510101,responsive,plus,58.0,0.588387260075072,34.37156872250899,0.05883872600750721,0.0007660858360243097,-5.681204503672818e-06,8.589410703570357e-05,0.0006216297426288196,-2.413430927328264e-09,-0.0003676911387311618,-2.7755575615628914e-17,57.999999999996646
refined,7510101,responsive,plus,60.0,0.5876686585134557,35.54738124311162,0.05876686585134557,0.0008379459921859764,-5.681204503672818e-06,8.589410703570357e-05,0.0006934898987904854,-4.938446235280836e-09,-0.000409946919713456,0.0,59.99999999999625
refined,7510101,responsive,plus,62.0,0.5878257263764619,36.723022258150486,0.0587825726376462,0.000822239205885318,-5.681204503672818e-06,8.589410703570357e-05,0.000677783112489826,2.3629947720760214e-09,-0.0004007153001629321,-3.469446951953614e-17,61.99999999999585
refined,7510101,responsive,plus,64.0,0.5873211638368757,37.89821262039693,0.058732116383687576,0.00087269545984387,-5.681204503672818e-06,8.589410703570357e-05,0.0007282393664483778,-1.0018499085884258e-09,-0.0004303620551285754,-1.0408340855860843e-16,63.99999999999545
refined,7510101,responsive,plus,66.0,0.5874805984033612,39.072864679774796,0.05874805984033612,0.0008567520031954381,-5.681204503672818e-06,8.589410703570357e-05,0.0007122959097999458,-1.2114294012377513e-09,-0.0004209968546451219,6.938893903907228e-18,65.99999999999505
refined,7510101,responsive,plus,68.0,0.5877536277491123,40.248215788298246,0.05877536277491124,0.0008294490686203259,-5.681204503672818e-06,8.589410703570357e-05,0.000684992975224834,-1.5196009173212843e-09,-0.0004049531830515804,1.3877787807814457e-17,67.99999999999466
refined,7510101,responsive,plus,70.0,0.5872078216273688,41.423264797907976,0.058720782162736886,0.0008840296807946821,-5.681204503672818e-06,8.589410703570357e-05,0.0007395735873991901,-1.0604395694890911e-09,-0.00043701824064569517,2.0816681711721685e-17,69.99999999999426
refined,7510101,responsive,plus,72.0,0.5874992114177828,42.597936629493134,0.05874992114177829,0.0008548907017532519,-5.681204503672818e-06,8.589410703570357e-05,0.0007104346083577598,-8.13184208858786e-09,-0.00041990335883785104,-6.938893903907228e-18,71.99999999999386
refined,7510101,responsive,plus,74.0,0.5875019303768441,43.77292269032111,0.05875019303768441,0.0008546188058471434,-5.681204503672818e-06,8.589410703570357e-05,0.0007101627124516518,3.1998992344739463e-10,-0.000419743619837782,6.938893903907228e-18,73.99999999999346
refined,7510101,responsive,plus,76.0,0.5873742075265692,44.94763525562903,0.05873742075265692,0.0008673910908746331,-5.681204503672818e-06,8.589410703570357e-05,0.0007229349974791409,1.5282402843208587e-09,-0.00042724654629042874,6.938893903907228e-18,75.99999999999307
refined,7510101,responsive,plus,78.0,0.5879795783018532,46.12318978145575,0.05879795783018532,0.0008068540133462431,-5.681204503672818e-06,8.589410703570357e-05,0.0006623979199507505,-2.698673617906877e-09,-0.0003916703046624309,1.3877787807814457e-17,77.99999999999267
refined,7510101,responsive,plus,80.0,0.587864857396416,47.29901282435665,0.05878648573964161,0.0008183261038898687,-5.681204503672818e-06,8.589410703570357e-05,0.0006738700104943764,1.6736893815316733e-09,-0.00039841500157825754,-6.938893903907228e-17,79.99999999999227
refined,7510101,responsive,plus,82.0,0.588111080734167,48.474866346673274,0.058811108073416704,0.0007937037701147727,-5.681204503672818e-06,8.589410703570357e-05,0.0006492476767192806,-1.0567523245352817e-09,-0.00038393736554819327,-6.938893903907228e-17,81.99999999999187
refined,7510101,responsive,plus,84.0,0.5884748747070652,49.65171143300501,0.05884748747070652,0.0007573243728250255,-5.681204503672818e-06,8.589410703570357e-05,0.000612868279429533,-1.35703331904935e-09,-0.00036253562158888517,-6.938893903907228e-18,83.99999999999147
refined,7510101,responsive,plus,86.0,0.5881867043004142,50.82823202937357,0.05881867043004142,0.0007861414134901101,-5.681204503672818e-06,8.589410703570357e-05,0.000641685320094618,-1.5576603895617325e-10,-0.00037948957387454185,-1.3877787807814457e-17,85.99999999999108
refined,7510101,responsive,plus,88.0,0.5887566145873506,52.00506799237183,0.05887566145873507,0.0007291503847964626,-5.681204503672818e-06,8.589410703570357e-05,0.00058469429140097,-1.995500015228302e-09,-0.00034595196864577876,-2.0816681711721685e-17,87.99999999999068
refined,7510101,responsive,plus,90.0,0.5887999748434223,53.18279654252738,0.058879997484342236,0.0007248143591892305,-5.681204503672818e-06,8.589410703570357e-05,0.0005803582657937375,9.72922215014549e-10,-0.0003433990108829485,-8.326672684688674e-17,89.99999999999028
refined,7510101,responsive,plus,92.0,0.5884493565678856,54.35982555117595,0.05884493565678856,0.000759876186742871,-5.681204503672818e-06,8.589410703570357e-05,0.0006154200933473765,-3.5242719853556537e-09,-0.00036403726740575834,-1.1796119636642288e-16,91.99999999998988
refined,7510101,responsive,plus,94.0,0.5886507666879418,55.53704903053997,0.05886507666879419,0.0007397351747372144,-5.681204503672818e-06,8.589410703570357e-05,0.0005952790813417202,-1.5654514629037664e-09,-0.0003521832735485994,-1.457167719820518e-16,93.99999999998948
refined,7510101,responsive,plus,96.0,0.5880053281085492,56.71373776546011,0.05880053281085493,0.0008042790326763797,-5.681204503672818e-06,8.589410703570357e-05,0.0006598229392808857,-3.5056926528387322e-09,-0.00039015623546155564,-2.42861286636753e-16,95.99999999998909
refined,7510101,responsive,plus,98.0,0.5878164723142674,57.88934465964008,0.058781647231426745,0.0008231646121045642,-5.681204503672818e-06,8.589410703570357e-05,0.000678708518709071,-3.0592693378572733e-09,-0.0004012592734641898,-2.42861286636753e-16,97.99999999998869
refined,7510101,responsive,plus,100.0,0.5878211656867258,59.06521666778865,0.05878211656867259,0.000822695274858653,-5.681204503672818e-06,8.589410703570357e-05,0.0006782391814631594,-3.2445740261177747e-09,-0.0004009833881986266,-3.0531133177191805e-16,99.99999999998829
refined,7510101,responsive,plus,102.0,0.5870623060894283,60.24011012839788,0.05870623060894283,0.0008985812345883869,-5.681204503672818e-06,8.589410703570357e-05,0.0007541251411928933,-3.568058015712694e-09,-0.00044556196811180657,-3.3306690738754696e-16,101.99999999998789
refined,7510101,responsive,plus,104.0,0.5871258639636912,61.41409368453124,0.058712586396369115,0.0008922254471620455,-5.681204503672818e-06,8.589410703570357e-05,0.0007477693537665529,-2.0765637542830007e-09,-0.0004418305229081515,-3.885780586188048e-16,103.9999999999875
refined,7510101,responsive,plus,106.0,0.5867741263206274,62.588100796106204,0.05867741263206274,0.0009273992114684619,-5.681204503672818e-06,8.589410703570357e-05,0.0007829431180729697,2.0806608380663505e-09,-0.0004624757636969082,-3.469446951953614e-16,105.9999999999871
refined,7510101,responsive,plus,108.0,0.5867097315579831,63.76146571648688,0.05867097315579831,0.0009338386877329331,-5.681204503672818e-06,8.589410703570357e-05,0.0007893825943374412,-2.6946609110733988e-09,-0.0004662540744216591,-3.0531133177191805e-16,107.9999999999867
refined,7510101,responsive,plus,110.0,0.5867483907908099,64.93499464800762,0.05867483907908099,0.0009299727644502721,-5.681204503672818e-06,8.589410703570357e-05,0.000785516671054781,1.288495865559014e-09,-0.0004639858248834394,-2.8449465006019636e-16,109.9999999999863
refined,7510101,responsive,plus,112.0,0.5860783220304441,66.1080023598941,0.058607832203044406,0.0009969796404868513,-5.681204503672818e-06,8.589410703570357e-05,0.0008525235470913609,1.37197378458076e-09,-0.0005032795519626446,-2.914335439641036e-16,111.9999999999859
refined,7510101,responsive,plus,114.0,0.5856671350469898,67.27953840103105,0.058566713504698976,0.0010380983388322852,-5.681204503672818e-06,8.589410703570357e-05,0.000893642245436794,-4.054237306982955e-09,-0.0005273698759562413,-2.8449465006019636e-16,113.9999999999855
refined,7510101,responsive,plus,116.0,0.5855898796669862,68.45090833321343,0.05855898796669862,0.0010458238768326228,-5.681204503672818e-06,8.589410703570357e-05,0.0009013677834371324,-2.1851644105286283e-09,-0.0005318941712439199,-3.0531133177191805e-16,115.9999999999851
refined,7510101,responsive,plus,118.0,0.5850440792562724,69.6216088419703,0.05850440792562724,0.0011004039179040267,-5.681204503672818e-06,8.589410703570357e-05,0.000955947824508538,9.871436446040605e-10,-0.000563840796022709,-2.7755575615628914e-16,117.99999999998471
refined,7510101,responsive,plus,120.0,0.58504430079082,70.79155836614332,0.05850443007908201,0.0011003817644492707,-5.681204503672818e-06,8.589410703570357e-05,0.0009559256710537812,-1.1550507217350514e-09,-0.0005638278352727115,-2.706168622523819e-16,119.99999999998431
refined,7510101,responsive,plus,122.0,0.5852654324433917,71.96192947636514,0.05852654324433917,0.0010782685991921237,-5.681204503672818e-06,8.589410703570357e-05,0.0009338125057966342,-4.1391425842363105e-09,-0.0005508882090061763,-2.5673907444456745e-16,121.99999999998391
refined,7510101,responsive,plus,124.0,0.584605752131977,73.13174903267023,0.0584605752131977,0.0011442366303335437,-5.681204503672818e-06,8.589410703570357e-05,0.0009997805369380544,-4.2405248479315816e-09,-0.0005894752583739601,-2.983724378680108e-16,123.99999999998352
refined,7510101,responsive,plus,126.0,0.5849689612533945,74.30114290820707,0.058496896125339454,0.0011079157181918917,-5.681204503672818e-06,8.589410703570357e-05,0.0009634596247964011,1.1378948894247287e-09,-0.0005682352481699189,-2.0122792321330962e-16,125.99999999998312
refined,7510101,responsive,plus,128.0,0.5847645400345672,75.47114363220763,0.058476454003456725,0.0011283578400746227,-5.681204503672818e-06,8.589410703570357e-05,0.0009839017466791327,6.968509880245222e-09,-0.0005801911655717376,-2.0122792321330962e-16,127.99999999998273
refined,7510101,responsive,plus,130.0,0.5845941895875632,76.64048434111427,0.058459418958756316,0.0011453928847750265,-5.681204503672818e-06,8.589410703570357e-05,0.0010009367913795374,-1.1614165185136471e-10,-0.0005901512046867022,-2.0122792321330962e-16,129.99999999998374
refined,7510101,responsive,plus,132.0,0.5850803745335798,77.8101977660137,0.058508037453357975,0.0010967743901733034,-5.681204503672818e-06,8.589410703570357e-05,0.0009523182967778121,6.790621676078246e-10,-0.0005617172964459925,-2.706168622523819e-16,131.99999999998477
refined,7510101,responsive,plus,134.0,0.5847968241441166,78.98014329440682,0.05847968241441166,0.0011251294291196093,-5.681204503672818e-06,8.589410703570357e-05,0.0009806733357241165,-6.384647616153316e-09,-0.0005783032532114436,-2.7755575615628914e-16,133.9999999999858
refined,7510101,responsive,plus,136.0,0.584965104512062,80.14965100603546,0.0584965104512062,0.0011083013923250033,-5.681204503672818e-06,8.589410703570357e-05,0.0009638452989295093,1.1349845230324007e-09,-0.0005684608548233092,-3.469446951953614e-16,135.9999999999868
refined,7510101,responsive,plus,138.0,0.5850361128009957,81.31988719476867,0.058503611280099566,0.0011012005634316627,-5.681204503672818e-06,8.589410703570357e-05,0.0009567444700361674,-3.2695334217791583e-09,-0.0005643068655987217,-3.2612801348363973e-16,137.99999999998784
refined,7510101,responsive,plus,140.0,0.5843504032995819,82.48899232547521,0.05843504032995819,0.0011697715135730092,-5.681204503672818e-06,8.589410703570357e-05,0.0010253154201775123,-7.169063953593735e-10,-0.0006043998378444868,-3.5388358909926865e-16,139.99999999998886
refined,7510101,responsive,plus,142.0,0.5851530926094174,83.65858118010823,0.05851530926094174,0.0010895025825894851,-5.681204503672818e-06,8.589410703570357e-05,0.0009450464891939884,-1.0805430994409448e-09,-0.0005574624401454183,-3.2612801348363973e-16,141.99999999998988
refined,7510101,responsive,plus,144.0,0.5844621698882567,84.82856023453805,0.058446216988825676,0.001158594854705591,-5.681204503672818e-06,8.589410703570357e-05,0.0010141387613100939,-6.966342197545217e-09,-0.0005978681281392124,-2.8449465006019636e-16,143.9999999999909
refined,7510101,responsive,plus,146.0,0.5842861601952674,85.99697568157868,0.058428616019526744,0.0011761958240045678,-5.681204503672818e-06,8.589410703570357e-05,0.001031739730609072,-3.8999773133152615e-09,-0.0006081536798772033,-2.42861286636753e-16,145.99999999999193
refined,7510101,responsive,plus,148.0,0.5847697088779772,87.16618704727183,0.05847697088779773,0.0011278409557335261,-5.681204503672818e-06,8.589410703570357e-05,0.00098338486233803,2.801964910092991e-09,-0.0005798889086019755,-2.983724378680108e-16,147.99999999999295
refined,7510101,responsive,plus,150.0,0.5839649388001891,88.33503622738887,0.05839649388001891,0.001208317963512328,-5.681204503672818e-06,8.589410703570357e-05,0.001063861870116832,1.5509794004664457e-09,-0.000626917042268256,-3.122502256758253e-16,149.99999999999397
refined,7510101,responsive,plus,152.0,0.5844302516169873,89.50308899839192,0.05844302516169873,0.0011617866818325385,-5.681204503672818e-06,8.589410703570357e-05,0.0010173305884370449,-5.136311292952556e-09,-0.0005997335794089322,-2.7755575615628914e-16,151.999999999995
refined,7510101,responsive,plus,154.0,0.5844883957173793,90.67233696106551,0.05844883957173793,0.0011559722717933204,-5.681204503672818e-06,8.589410703570357e-05,0.0010115161783978272,2.09604875123226e-09,-0.0005963352932499,-2.983724378680108e-16,153.99999999999602
refined,7510101,responsive,plus,156.0,0.5835723825340922,91.84034553548415,0.058357238253409216,0.0012475735901220527,-5.681204503672818e-06,8.589410703570357e-05,0.0011031174967265597,-1.246058117798654e-09,-0.0006498332468378477,-2.8449465006019636e-16,155.99999999999704
refined,7510101,responsive,plus,158.0,0.5840044148267081,93.00775317210162,0.05840044148267081,0.0012043703608604656,-5.681204503672818e-06,8.589410703570357e-05,0.0010599142674649737,-6.487529707888129e-09,-0.0006246117028094016,-2.706168622523819e-16,157.99999999999807
refined,7510101,responsive,plus,160.0,0.5835571458542083,94.17559428299192,0.058355714585420826,0.0012490972581104503,-5.681204503672818e-06,8.589410703570357e-05,0.0011046411647149578,-5.9871072266570735e-09,-0.0006507224057882045,-2.706168622523819e-16,159.9999999999991
refined,7510101,responsive,plus,162.0,0.5828387513171042,95.34186789528991,0.05828387513171042,0.0013209367118208848,-5.681204503672818e-06,8.589410703570357e-05,0.0011764806184253892,-8.027408654465162e-09,-0.000692619027819627,-2.498001805406602e-16,162.0000000000001
refined,7510101,responsive,plus,164.0,0.5829971488975847,96.50764581617757,0.05829971488975847,0.0013050969537729078,-5.681204503672818e-06,8.589410703570357e-05,0.0011606408603774122,3.584739394213443e-09,-0.0006833857485280606,-1.734723475976807e-16,164.00000000000114
refined,7510101,responsive,plus,166.0,0.5825693852394401,97.67322950220394,0.058256938523944014,0.00134787331958738,-5.681204503672818e-06,8.589410703570357e-05,0.0012034172261918843,1.3051625058491112e-09,-0.0007083150987507274,-1.5959455978986625e-16,166.00000000000216
refined,7510101,responsive,plus,168.0,0.5824222563335955,98.83815233921436,0.058242225633359554,0.0013625862101718155,-5.681204503672818e-06,8.589410703570357e-05,0.001218130116776321,2.6816740494872704e-10,-0.0007168852960278659,-1.8041124150158794e-16,168.00000000000318
refined,7510101,responsive,plus,170.0,0.5822022738993219,100.00281541456754,0.05822022738993219,0.0013845844535991243,-5.681204503672818e-06,8.589410703570357e-05,0.0012401283602036285,-1.4538984183243286e-09,-0.0007296951429866354,-2.3592239273284576e-16,170.0000000000042
refined,7510101,responsive,plus,172.0,0.5819793752255895,101.16691445909605,0.05819793752255896,0.0014068743209723733,-5.681204503672818e-06,8.589410703570357e-05,0.0012624182275768742,-5.93966487105746e-10,-0.0007426698702653091,-2.220446049250313e-16,172.00000000000523
refined,7510101,responsive,plus,174.0,0.5820862998729095,102.3309685141396,0.05820862998729095,0.0013961818562404076,-5.681204503672818e-06,8.589410703570357e-05,0.0012517257628449068,5.7056971647373445e-09,-0.0007364465046769547,-2.0122792321330962e-16,174.00000000000625
refined,7510101,responsive,plus,176.0,0.5818368806175581,103.49492580845676,0.05818368806175581,0.00142112378177561,-5.681204503672818e-06,8.589410703570357e-05,0.001276667688380109,-1.6012503267770484e-09,-0.0007509617473251615,-1.3183898417423734e-16,176.00000000000728
refined,7510101,responsive,plus,178.0,0.5819206381195078,104.65853286801273,0.05819206381195078,0.0014127480315806059,-5.681204503672818e-06,8.589410703570357e-05,0.0012682919381851044,-8.949450347461863e-10,-0.0007460880761929328,-1.734723475976807e-16,178.0000000000083
refined,7510101,responsive,plus,180.0,0.5822785131835271,105.82290264489396,0.05822785131835271,0.0013769605251786321,-5.681204503672818e-06,8.589410703570357e-05,0.0012325044317831309,4.231335171134276e-09,-0.0007252561839027442,-2.1510571102112408e-16,180.00000000000932
refined,7510101,responsive,plus,182.0,0.5822083575667255,106.98743502845427,0.05822083575667255,0.001383976086858793,-5.681204503672818e-06,8.589410703570357e-05,0.0012395199934632922,-1.0597607902340656e-08,-0.0007293409486364838,-2.1510571102112408e-16,182.00000000001035
refined,7510101,responsive,plus,184.0,0.5820841314256994,108.15155732023233,0.058208413142569936,0.0013963987009613925,-5.681204503672818e-06,8.589410703570357e-05,0.0012519426075658932,-5.533216912434469e-09,-0.0007365727267831454,-2.2898349882893854e-16,184.00000000001137
refined,7510101,responsive,plus,186.0,0.582370321252664,109.31611517265307,0.0582370321252664,0.001367779718264953,-5.681204503672818e-06,8.589410703570357e-05,0.0012233236248694553,2.1468092303855713e-09,-0.0007199099758671348,-2.0122792321330962e-16,186.0000000000124
refined,7510101,responsive,plus,188.0,0.5817884073168509,110.480243821231,0.05817884073168509,0.001425971111846275,-5.681204503672818e-06,8.589410703570357e-05,0.0012815150184507787,4.15236753315007e-09,-0.00075378198524979,-1.8735013540549517e-16,188.00000000001342
refined,7510101,responsive,plus,190.0,0.5819472858391856,111.64386441235447,0.05819472858391857,0.0014100832596127386,-5.681204503672818e-06,8.589410703570357e-05,0.0012656271662172412,-1.884282119224423e-09,-0.0007445373548839451,-2.498001805406602e-16,190.00000000001444
refined,7510101,responsive,plus,192.0,0.5820454197015248,112.80804967633287,0.058204541970152485,0.0014002698733788146,-5.681204503672818e-06,8.589410703570357e-05,0.0012558137799833162,-2.2443278069328443e-09,-0.0007388259998874804,-2.5673907444456745e-16,192.00000000001546
refined,7510101,responsive,plus,194.0,0.58138070555093,113.9713640062743,0.058138070555093006,0.0014667412884382702,-5.681204503672818e-06,8.589410703570357e-05,0.0013222851950427706,1.3944965460144232e-09,-0.0007774932903188286,-2.7755575615628914e-16,194.00000000001648
refined,7510101,responsive,plus,196.0,0.5817772853270357,115.13450294496597,0.058177728532703574,0.0014270833108277164,-5.681204503672818e-06,8.589410703570357e-05,0.0012826272174322167,-1.0545412293394563e-08,-0.0007544290435389303,-2.636779683484747e-16,196.0000000000175
refined,7510101,responsive,plus,198.0,0.5813821792333786,116.29773614905685,0.05813821792333787,0.0014665939201934787,-5.681204503672818e-06,8.589410703570357e-05,0.0013221378267979785,7.22953114040692e-10,-0.0007774076131560649,-2.0816681711721685e-16,198.00000000001853
refined,7510101,responsive,plus,200.0,0.5811156203110703,117.46014628244572,0.05811156203110703,0.0014932498124243076,-5.681204503672818e-06,8.589410703570357e-05,0.0013487937190288075,-1.3031050100087427e-08,-0.0007929013211876862,-2.1510571102112408e-16,200.00000000001955
refined,7510101,responsive,minus,0.0,0.5946035575013605,0.0,0.05946035575013606,0.0,0.0,0.0,,,,,0.0
refined,7510101,responsive,minus,2.0,0.5946035575013605,1.1892071150027101,0.05946035575013606,-6.721418623846173e-08,5.5436283306119595e-08,-3.996579425194835e-08,,,,,1.9999999999999685
refined,7510101,responsive,minus,4.0,0.5946035575013605,2.37841423000542,0.05946035575013606,-5.462025296331775e-07,-6.756085433722696e-07,-3.247739672361296e-07,,,,,3.999999999999926
refined,7510101,responsive,minus,6.0,0.5946035575013605,3.5676213450080083,0.05946035575013606,3.826116326869738e-06,-7.005825219854762e-07,2.2750223793707825e-06,,,,,6.000000000000238
refined,7510101,responsive,minus,8.0,0.5946035575013605,4.756828460010823,0.05946035575013606,-3.1886769932127327e-06,-1.1255535764858672e-06,-1.8959986838870325e-06,,,,,8.00000000000055
refined,7510101,responsive,minus,10.0,0.5946035575013605,5.946035575013767,0.05946035575013606,9.491799493058179e-06,-3.9483592212637165e-06,5.643857745662026e-06,,,,,10.000000000000153
refined,7510101,responsive,minus,12.0,0.5946035575013605,7.13524269001671,0.05946035575013606,2.6669850920812058e-05,-4.326502888594189e-06,1.5857988235545802e-05,,,,,11.999999999999755
refined,7510101,responsive,minus,14.0,0.5946035575013605,8.324449805019654,0.05946035575013606,4.4634849188948957e-05,-5.402748033298142e-06,2.654004011628572e-05,,,,,13.999999999999357
refined,7510101,responsive,minus,16.0,0.5946035575013605,9.513656920022598,0.05946035575013606,0.00011131001600993227,-6.274215566338975e-06,6.618533150503897e-05,,,,,15.999999999998959
refined,7510101,responsive,minus,18.0,0.5946035575013605,10.702864035025542,0.05946035575013606,0.00016213724905460994,-6.007900127398763e-06,9.640738509135477e-05,,,,,17.999999999999982
refined,7510101,responsive,minus,20.0,0.5946035575013605,11.892071150028485,0.05946035575013606,0.00014424947639833728,-5.972559924604832e-06,8.577125183415907e-05,0.0,0.0,0.0,0.0,20.000000000001005
refined,7510101,responsive,minus,22.0,0.5936413681297361,13.08038822516159,0.05936413681297361,0.00024046841356074503,-5.972559924604832e-06,8.577125183415907e-05,9.621893716240786e-05,-7.884723124407245e-09,-5.7165831916446835e-05,-4.163336342344337e-17,22.00000000000114
refined,7510101,responsive,minus,24.0,0.5936353132417514,14.267486064632202,0.05936353132417515,0.00024107390235918375,-5.972559924604832e-06,8.577125183415907e-05,9.682442596084648e-05,-9.973144809993784e-09,-5.752527328206983e-05,-6.245004513516506e-17,24.000000000001275
refined,7510101,responsive,minus,26.0,0.5936390449787642,15.454953753582133,0.05936390449787642,0.0002407007286579166,-5.972559924604832e-06,8.577125183415907e-05,9.645125225957947e-05,-8.163188958132395e-09,-5.7303743498725995e-05,-5.551115123125783e-17,26.00000000000141
refined,7510101,responsive,minus,28.0,0.5926289446813566,16.641035481319523,0.059262894468135666,0.0003417107583987075,-5.972559924604832e-06,8.577125183415907e-05,0.00019746128200037047,-7.817679698041147e-09,-0.00011721622595676356,-2.0816681711721685e-17,28.000000000001545
refined,7510101,responsive,minus,30.0,0.5928625262054047,17.82642508584122,0.05928625262054047,0.0003183526059938813,-5.972559924604832e-06,8.577125183415907e-05,0.00017410312959554455,-3.437855500276754e-09,-0.00010337078073097833,-4.163336342344337e-17,30.00000000000168
refined,7510101,responsive,minus,32.0,0.5922784994136625,19.01186718741946,0.059227849941366255,0.00037675528516807865,-5.972559924604832e-06,8.577125183415907e-05,0.00023250580876974222,-5.493362237318777e-09,-0.0001379784862786948,-6.245004513516506e-17,32.00000000000181
refined,7510101,responsive,minus,34.0,0.5917788193562764,20.19553779927024,0.05917788193562764,0.00042672329090668725,-5.972559924604832e-06,8.577125183415907e-05,0.00028247381450835073,-1.6045505424333584e-08,-0.0001675609777282705,-6.938893903907228e-17,34.00000000000142
refined,7510101,responsive,minus,36.0,0.5918813579814614,21.379341412550986,0.05918813579814614,0.0004164694283880536,-5.972559924604832e-06,8.577125183415907e-05,0.0002722199519897173,-5.3558703028144805e-09,-0.00016149243336474606,-1.942890293094024e-16,36.00000000000102
refined,7510101,responsive,minus,38.0,0.5910184792070042,22.562329332819132,0.05910184792070043,0.0005027573058337745,-5.972559924604832e-06,8.577125183415907e-05,0.00035850782943543807,-2.8294768750214416e-09,-0.00021252739145568092,-1.8735013540549517e-16,38.000000000000625
refined,7510101,responsive,minus,40.0,0.5911142993675742,23.744266448321905,0.05911142993675743,0.0004931752897767898,-5.972559924604832e-06,8.577125183415907e-05,0.00034892581337845425,-2.9007693191918094e-09,-0.00020686378382277562,-1.734723475976807e-16,40.00000000000023
refined,7510101,responsive,minus,42.0,0.5909721502539539,24.926550108950906,0.059097215025395396,0.0005073902011388518,-5.972559924604832e-06,8.577125183415907e-05,0.0003631407247405165,-5.166886529739401e-09,-0.0002152654108745905,-1.457167719820518e-16,41.99999999999983
refined,7510101,responsive,minus,44.0,0.5908236140564291,26.108241786513563,0.059082361405642915,0.0005222438208913627,-5.972559924604832e-06,8.577125183415907e-05,0.0003779943444930273,-1.9750598378998063e-10,-0.00022404238332867157,-1.1796119636642288e-16,43.99999999999943
refined,7510101,responsive,minus,46.0,0.5907864488636781,27.28986196767865,0.05907864488636782,0.0005259603401665035,-5.972559924604832e-06,8.577125183415907e-05,0.00038171086376816783,-3.3718854652864394e-09,-0.00022623812161591886,-6.938893903907228e-17,45.999999999999034
refined,7510101,responsive,minus,48.0,0.5899469252788412,28.4705958144545,0.05899469252788412,0.0006099126986501528,-5.972559924604832e-06,8.577125183415907e-05,0.00046566322225181694,-1.0262980271180666e-08,-0.0002758007973657564,-1.1796119636642288e-16,47.999999999998636
refined,7510101,responsive,minus,50.0,0.5894767523475455,29.649899058461486,0.05894767523475455,0.0006569299917798044,-5.972559924604832e-06,8.577125183415907e-05,0.000512680515381469,-9.674310991192314e-09,-0.00030352745175321605,-4.163336342344337e-17,49.99999999999824
refined,7510101,responsive,minus,52.0,0.5889436222933074,30.82850607490866,0.05889436222933075,0.0007102429972035848,-5.972559924604832e-06,8.577125183415907e-05,0.0005659935208052495,-4.420338955979375e-09,-0.0003349400176655866,-6.245004513516506e-17,51.99999999999784
refined,7510101,responsive,minus,54.0,0.5884022647938433,32.00586097051434,0.05884022647938433,0.0007643787471500789,-5.972559924604832e-06,8.577125183415907e-05,0.0006201292707517443,-8.80118311563649e-09,-0.0003668082689374831,2.0816681711721685e-17,53.99999999999744
refined,7510101,responsive,minus,56.0,0.5884085060413375,33.18265066921335,0.05884085060413376,0.0007637546224006212,-5.972559924604832e-06,8.577125183415907e-05,0.0006195051460022875,-3.099207529499992e-09,-0.00036644103057375046,-1.3877787807814457e-17,55.999999999997044
refined,7510101,responsive,minus,58.0,0.5880578239488027,34.35918274650027,0.058805782394880275,0.0007988228316540992,-5.972559924604832e-06,8.577125183415907e-05,0.0006545733552557665,-9.546356122269728e-09,-0.00038706931429363656,-1.3877787807814457e-17,57.999999999996646
refined,7510101,responsive,minus,60.0,0.5875481890537361,35.53460297709036,0.05875481890537361,0.000849786321160712,-5.972559924604832e-06,8.577125183415907e-05,0.0007055368447623785,-8.123781536362173e-09,-0.0004170258066474482,-6.938893903907228e-17,59.99999999999625
refined,7510101,responsive,minus,62.0,0.5877949851846265,36.71005885253151,0.05877949851846265,0.0008251067080716624,-5.972559924604832e-06,8.577125183415907e-05,0.0006808572316733301,-1.0956425350316934e-08,-0.0004025222992539261,-7.632783294297951e-17,61.99999999999585
refined,7510101,responsive,minus,64.0,0.5871471312698908,37.88511061692478,0.05871471312698908,0.0008898920995452093,-5.972559924604832e-06,8.577125183415907e-05,0.000745642623146877,-7.741563556873388e-09,-0.0004405818417405685,-9.71445146547012e-17,63.99999999999545
refined,7510101,responsive,minus,66.0,0.5871696290373531,39.05924383582507,0.05871696290373532,0.000887642322798999,-5.972559924604832e-06,8.577125183415907e-05,0.000743392846400667,-3.3658815457027202e-09,-0.0004392608664705415,-6.938893903907228e-17,65.99999999999505
refined,7510101,responsive,minus,68.0,0.5873547807909192,40.23373705081176,0.05873547807909192,0.0008691271474424498,-5.972559924604832e-06,8.577125183415907e-05,0.0007248776710441189,-1.2349893052654437e-08,-0.0004283876037662511,-1.3877787807814457e-17,67.99999999999466
refined,7510101,responsive,minus,70.0,0.5867359106850404,41.40788195540531,0.05867359106850405,0.0009310141580303161,-5.972559924604832e-06,8.577125183415907e-05,0.0007867646816319846,-1.2225861850678754e-08,-0.0004647180852935008,-2.7755575615628914e-17,69.99999999999426
refined,7510101,responsive,minus,72.0,0.5869115426494821,42.58149353658242,0.05869115426494821,0.0009134509615861523,-5.972559924604832e-06,8.577125183415907e-05,0.0007692014851878212,-7.50720577369357e-09,-0.0004544115849039465,-2.0816681711721685e-17,71.99999999999386
refined,7510101,responsive,minus,74.0,0.5867619740029824,43.75531582369872,0.05867619740029824,0.0009284078262361182,-5.972559924604832e-06,8.577125183415907e-05,0.0007841583498377877,-6.586885453740976e-09,-0.00046318882286985885,-2.7755575615628914e-17,73.99999999999346
refined,7510101,responsive,minus,76.0,0.586387466016971,44.9282238277686,0.05863874660169711,0.000965858624837235,-5.972559924604832e-06,8.577125183415907e-05,0.0008216091484389042,-2.1336198641197512e-09,-0.0004851565145734711,-4.85722573273506e-17,75.99999999999307
refined,7510101,responsive,minus,78.0,0.5869471058922712,46.10167487939808,0.05869471058922712,0.0009098946373071757,-5.972559924604832e-06,8.577125183415907e-05,0.0007656451609088448,-1.2352494055400953e-08,-0.00045232427389803667,-9.020562075079397e-17,77.99999999999267
refined,7510101,responsive,minus,80.0,0.586865954773906,47.275531848907505,0.0586865954773906,0.0009180097491437275,-5.972559924604832e-06,8.577125183415907e-05,0.0007737602727453971,-8.181349986369213e-09,-0.00045708708602927584,-6.245004513516506e-17,79.99999999999227
refined,7510101,responsive,minus,82.0,0.5869436700686479,48.449163689852,0.05869436700686479,0.0009102382196695724,-5.972559924604832e-06,8.577125183415907e-05,0.0007659887432712414,-9.698160358118102e-09,-0.00045252593798100066,-2.7755575615628914e-17,81.99999999999187
refined,7510101,responsive,minus,84.0,0.5873870231376412,49.62367873624446,0.05873870231376413,0.0008659029127702255,-5.972559924604832e-06,8.577125183415907e-05,0.0007216534363718936,-9.214121493572591e-09,-0.00042649378213869063,-3.469446951953614e-17,83.99999999999147
refined,7510101,responsive,minus,86.0,0.5866663812393819,50.79774362292867,0.058666638123938186,0.0009379671025961924,-5.972559924604832e-06,8.577125183415907e-05,0.000793717626197861,-7.81458162069093e-09,-0.000468797385838101,-6.938893903907228e-18,85.99999999999108
refined,7510101,responsive,minus,88.0,0.5869016743142217,51.97107978741629,0.05869016743142218,0.0009144377951122659,-5.972559924604832e-06,8.577125183415907e-05,0.0007701883187139344,-3.5878570670000443e-09,-0.00045499076402184466,5.551115123125783e-17,87.99999999999068
refined,7510101,responsive,minus,90.0,0.5870621118831323,53.145397205014525,0.05870621118831323,0.0008983940382211949,-5.972559924604832e-06,8.577125183415907e-05,0.0007541445618228632,-7.512462485426141e-09,-0.00044557336922952315,3.469446951953614e-17,89.99999999999028
refined,7510101,responsive,minus,92.0,0.58639284381012,54.31861567868897,0.058639284381012007,0.000965320845522337,-5.972559924604832e-06,8.577125183415907e-05,0.0008210713691240056,-1.04176050286231e-08,-0.0004848411660776965,-4.163336342344337e-17,91.99999999998988
refined,7510101,responsive,minus,94.0,0.5869905391017002,55.491983540619245,0.05869905391017002,0.0009055513163643232,-5.972559924604832e-06,8.577125183415907e-05,0.000761301839965992,-5.363229776955691e-09,-0.00044977487991845755,-4.85722573273506e-17,93.99999999998948
refined,7510101,responsive,minus,96.0,0.586509546056386,56.66569805898293,0.05865095460563861,0.0009536506208957664,-5.972559924604832e-06,8.577125183415907e-05,0.0008094011444974357,-3.772851753236495e-09,-0.0004779971489002853,-1.3877787807814457e-17,95.99999999998909
refined,7510101,responsive,minus,98.0,0.5862111256191492,57.838161142464884,0.05862111256191493,0.0009834926646194704,-5.972559924604832e-06,8.577125183415907e-05,0.000839243188221139,-7.014207270561457e-09,-0.0004954953396801888,6.938893903907228e-18,97.99999999998869
refined,7510101,responsive,minus,100.0,0.5867414658874961,59.0112781481687,0.05867414658874961,0.0009304586377847516,-5.972559924604832e-06,8.577125183415907e-05,0.0007862091613864196,-1.3573693780077889e-08,-0.00046439214007330115,-2.7755575615628914e-17,99.99999999998829
refined,7510101,responsive,minus,102.0,0.5861240112775127,60.184318328405325,0.05861240112775127,0.0009922040987830852,-5.972559924604832e-06,8.577125183415907e-05,0.0008479546223847532,-1.0407133266276958e-08,-0.000500601699861599,-3.469446951953614e-17,101.99999999998789
refined,7510101,responsive,minus,104.0,0.5862083617899722,61.35635258681275,0.05862083617899722,0.000983769047537104,-5.972559924604832e-06,8.577125183415907e-05,0.0008395195711387724,3.042115365170517e-09,-0.000495657358039539,-6.245004513516506e-17,103.9999999999875
refined,7510101,responsive,minus,106.0,0.5861390491001792,62.52894195924973,0.05861390491001793,0.0009907003165164079,-5.972559924604832e-06,8.577125183415907e-05,0.0008464508401180754,-2.380519614764154e-09,-0.0004997202856605668,-4.85722573273506e-17,105.9999999999871
refined,7510101,responsive,minus,108.0,0.5857038786000344,63.70058918852184,0.05857038786000344,0.0010342173665308756,-5.972559924604832e-06,8.577125183415907e-05,0.0008899678901325435,-2.613942645668388e-09,-0.0005252178593074981,-7.632783294297951e-17,107.9999999999867
refined,7510101,responsive,minus,110.0,0.5861125775074209,64.87245296607013,0.05861125775074209,0.0009933474757922237,-5.972559924604832e-06,8.577125183415907e-05,0.0008490979993938922,-5.929368801504964e-09,-0.0005012718540440622,-6.938893903907228e-17,109.9999999999863
refined,7510101,responsive,minus,112.0,0.5855305061298895,66.04431262806808,0.05855305061298896,0.0010515546135453687,-5.972559924604832e-06,8.577125183415907e-05,0.0009073051371470351,-4.413103049660805e-09,-0.000535370849227456,-6.245004513516506e-17,111.9999999999859
refined,7510101,responsive,minus,114.0,0.5851129641173306,67.21473663066402,0.05851129641173307,0.001093308814801343,-5.972559924604832e-06,8.577125183415907e-05,0.0009490593384030109,-2.553034061936188e-09,-0.0005598104907552533,2.0816681711721685e-17,113.9999999999855
refined,7510101,responsive,minus,116.0,0.5853628296597971,68.38528972293479,0.058536282965979715,0.0010683222605547156,-5.972559924604832e-06,8.577125183415907e-05,0.0009240727841563838,-3.5065325920680124e-09,-0.0005451874122974557,4.163336342344337e-17,115.9999999999851
refined,7510101,responsive,minus,118.0,0.5846442700394471,69.55540075256593,0.05846442700394471,0.0011401782225897014,-5.972559924604832e-06,8.577125183415907e-05,0.0009959287461913688,-9.32397084540959e-09,-0.0005872234051657911,2.0816681711721685e-17,117.99999999998471
refined,7510101,responsive,minus,120.0,0.5846777558858697,70.72451510523753,0.05846777558858697,0.001136829637947351,-5.972559924604832e-06,8.577125183415907e-05,0.0009925801615490182,-4.5720826291617556e-09,-0.0005852656182768583,-6.938893903907228e-17,119.99999999998431
refined,7510101,responsive,minus,122.0,0.5846669203195944,71.89392295811027,0.05846669203195945,0.0011379131945748761,-5.972559924604832e-06,8.577125183415907e-05,0.0009936637181765465,-3.4480852340035284e-09,-0.0005858991438637377,-6.245004513516506e-17,121.99999999998391
refined,7510101,responsive,minus,124.0,0.5840294514264005,73.06261260108782,0.05840294514264006,0.0012016600838942332,-5.972559924604832e-06,8.577125183415907e-05,0.0010574106074959047,-1.2471168014949185e-08,-0.0006231495229925693,-9.71445146547012e-17,123.99999999998352
refined,7510101,responsive,minus,126.0,0.5846574155503442,74.23119345473235,0.05846574155503443,0.0011388636714998108,-5.972559924604832e-06,8.577125183415907e-05,0.0009946141951014831,-3.7370191108276885e-09,-0.000586454851763292,-1.457167719820518e-16,125.99999999998312
refined,7510101,responsive,minus,128.0,0.5848116845336612,75.40075947677558,0.058481168453366116,0.001123436773168109,-5.972559924604832e-06,8.577125183415907e-05,0.000979187296769784,-7.790094069815012e-09,-0.0005774342113087673,-1.5959455978986625e-16,127.99999999998273
refined,7510101,responsive,minus,130.0,0.5848742517707097,76.57028117986228,0.05848742517707097,0.001117180049463253,-5.972559924604832e-06,8.577125183415907e-05,0.0009729305730649258,-1.2011746292062142e-08,-0.0005737750104463125,-1.5959455978986625e-16,129.99999999998374
refined,7510101,responsive,minus,132.0,0.5857224093376129,77.74092569689942,0.058572240933761295,0.0010323642927729342,-5.972559924604832e-06,8.577125183415907e-05,0.0008881148163746088,-2.889594508115323e-09,-0.0005241324896507783,-1.5265566588595902e-16,131.99999999998477
refined,7510101,responsive,minus,134.0,0.5856994822251906,78.91249672147448,0.05856994822251907,0.0010346570040151277,-5.972559924604832e-06,8.577125183415907e-05,0.0008904075276168023,-5.6515371549270554e-09,-0.0005254753557208669,-1.8735013540549517e-16,133.9999999999858
refined,7510101,responsive,minus,136.0,0.5859778869188736,80.08407791559385,0.058597788691887365,0.0010068165346467216,-5.972559924604832e-06,8.577125183415907e-05,0.0008625670582483941,-1.1380916487002679e-08,-0.000509165331768275,-2.983724378680108e-16,135.9999999999868
refined,7510101,responsive,minus,138.0,0.585840278645335,81.2561567506799,0.05858402786453351,0.0010205773620006182,-5.972559924604832e-06,8.577125183415907e-05,0.0008763278856022892,-8.667474377110906e-09,-0.0005172279255014935,-2.5673907444456745e-16,137.99999999998784
refined,7510101,responsive,minus,140.0,0.5851110102440946,82.42696645109827,0.05851110102440946,0.0010935042021247242,-5.972559924604832e-06,8.577125183415907e-05,0.000949254725726395,-4.254979979467777e-09,-0.0005599248142204374,-2.0122792321330962e-16,139.99999999998886
refined,7510101,responsive,minus,142.0,0.5854633041447107,83.59749791470753,0.05854633041447107,0.0010582748120631228,-5.972559924604832e-06,8.577125183415907e-05,0.0009140253356647927,-5.418922838229534e-09,-0.0005393055046615872,-1.942890293094024e-16,141.99999999998988
refined,7510101,responsive,minus,144.0,0.5848168934459642,84.76786517249788,0.058481689344596424,0.0011229158819377493,-5.972559924604832e-06,8.577125183415907e-05,0.00097866640553942,-4.930841512873485e-09,-0.0005771295866742743,-2.1510571102112408e-16,143.9999999999909
refined,7510101,responsive,minus,146.0,0.5847760129781638,85.93727894129215,0.05847760129781639,0.0011270039287177714,-5.972559924604832e-06,8.577125183415907e-05,0.000982754452319442,-9.724056948545723e-09,-0.0005795202619318061,-2.2898349882893854e-16,145.99999999999193
refined,7510101,responsive,minus,148.0,0.5851458791130174,87.10746174110159,0.05851458791130174,0.0010900173152324486,-5.972559924604832e-06,8.577125183415907e-05,0.0009457678388341174,-1.1520855547342279e-08,-0.0005578845375163906,-1.942890293094024e-16,147.99999999999295
refined,7510101,responsive,minus,150.0,0.5844119076983151,88.27706070695336,0.05844119076983151,0.001163414456702653,-5.972559924604832e-06,8.577125183415907e-05,0.0010191649803043216,-7.1373520149631275e-09,-0.0006008056366844927,-2.2898349882893854e-16,149.99999999999397
refined,7510101,responsive,minus,152.0,0.5845481842327538,89.4457689870438,0.058454818423275386,0.0011497868032587784,-5.972559924604832e-06,8.577125183415907e-05,0.0010055373268604466,-1.1049273662688819e-08,-0.0005928405451732129,-2.220446049250313e-16,151.999999999995
refined,7510101,responsive,minus,154.0,0.5847629447991299,90.61528709354829,0.058476294479912996,0.0011283107466211468,-5.972559924604832e-06,8.577125183415907e-05,0.0009840612702228166,-4.038439277431749e-09,-0.0005802844491561744,-2.42861286636753e-16,153.99999999999602
refined,7510101,responsive,minus,156.0,0.5839236645400686,91.78377410665966,0.05839236645400686,0.0012122387725272197,-5.972559924604832e-06,8.577125183415907e-05,0.001067989296128891,1.1668132848807744e-09,-0.0006293272291685581,-3.0531133177191805e-16,155.99999999999704
refined,7510101,responsive,minus,158.0,0.5840546237173689,92.95161673800521,0.058405462371736896,0.0011991428547971604,-5.972559924604832e-06,8.577125183415907e-05,0.001054893378398833,-6.4038822578105226e-09,-0.0006216793553818177,-3.2612801348363973e-16,157.99999999999807
refined,7510101,responsive,minus,160.0,0.583763016240492,94.1196948314711,0.05837630162404921,0.0012283036024848617,-5.972559924604832e-06,8.577125183415907e-05,0.001084054126086531,-1.0945801681705447e-08,-0.0006387065731538397,-3.191891195797325e-16,159.9999999999991
refined,7510101,responsive,minus,162.0,0.5830380217432588,95.28630908577189,0.05830380217432589,0.0013008030522082114,-5.972559924604832e-06,8.577125183415907e-05,0.001156553575809883,-4.008979065384111e-09,-0.0006810027897490474,-2.8449465006019636e-16,162.0000000000001
refined,7510101,responsive,minus,164.0,0.5834055637132441,96.45279232484104,0.05834055637132442,0.001264048855209717,-5.972559924604832e-06,8.577125183415907e-05,0.0011197993788113888,-8.525912753576392e-09,-0.0006595669410852795,-2.498001805406602e-16,164.00000000000114
refined,7510101,responsive,minus,166.0,0.5830951274167995,97.61939485922724,0.05830951274167995,0.0012950924848541233,-5.972559924604832e-06,8.577125183415907e-05,0.0011508430084557941,-4.67356806033159e-09,-0.0006776731488030083,-3.122502256758253e-16,166.00000000000216
refined,7510101,responsive,minus,168.0,0.5831402536947399,98.78535219858615,0.05831402536947399,0.001290579857060112,-5.972559924604832e-06,8.577125183415907e-05,0.0011463303806617834,-1.3298950746198912e-08,-0.0006750417557054057,-2.8449465006019636e-16,168.00000000000318
refined,7510101,responsive,minus,170.0,0.5834860636343646,99.95197142955864,0.058348606363436466,0.001255998863097634,-5.972559924604832e-06,8.577125183415907e-05,0.0011117493866993056,5.188582619108928e-10,-0.0006548702068873979,-2.8449465006019636e-16,170.0000000000042
refined,7510101,responsive,minus,172.0,0.5829435411515803,101.11849317952165,0.058294354115158036,0.0013102511113759943,-5.972559924604832e-06,8.577125183415907e-05,0.0011660016349776645,4.673186837500509e-10,-0.0006865109211464764,-3.5388358909926865e-16,172.00000000000523
refined,7510101,responsive,minus,174.0,0.5833450463118145,102.28460655540776,0.05833450463118146,0.0012701005953525426,-5.972559924604832e-06,8.577125183415907e-05,0.0011258511189542165,-8.766382203484469e-09,-0.0006630973768370352,-3.8163916471489756e-16,174.00000000000625
refined,7510101,responsive,minus,176.0,0.5832504835998551,103.45139968018675,0.05832504835998551,0.0012795568665484678,-5.972559924604832e-06,8.577125183415907e-05,0.0011353073901501423,-7.225034182045675e-09,-0.0006686131986904445,-4.0245584642661925e-16,176.00000000000728
refined,7510101,responsive,minus,178.0,0.5828895956384857,104.61748635404572,0.05828895956384858,0.0013156456626853765,-5.972559924604832e-06,8.577125183415907e-05,0.001171396186287053,-6.464137058959096e-09,-0.0006896554944838158,-4.2327252813834093e-16,178.0000000000083
refined,7510101,responsive,minus,180.0,0.5834261379502202,105.78371817765205,0.05834261379502203,0.0012619914315119267,-5.972559924604832e-06,8.577125183415907e-05,0.0011177419551136021,-3.677390780776335e-09,-0.0006583666074882165,-4.2327252813834093e-16,180.00000000000932
refined,7510101,responsive,minus,182.0,0.5829714089320431,106.95023196678747,0.05829714089320431,0.0013074643333295835,-5.972559924604832e-06,8.577125183415907e-05,0.0011632148569312576,-2.3360152978657567e-09,-0.0006848863480531167,-4.85722573273506e-16,182.00000000001035
refined,7510101,responsive,minus,184.0,0.5825902191488371,108.11568716239039,0.05825902191488371,0.0013455833116501241,-5.972559924604832e-06,8.577125183415907e-05,0.0012013338352517937,-5.1238275011744605e-09,-0.0007071013572691846,-5.551115123125783e-16,184.00000000001137
refined,7510101,responsive,minus,186.0,0.5828103061185099,109.28123765909413,0.058281030611851,0.0013235746146828076,-5.972559924604832e-06,8.577125183415907e-05,0.0011793251382844789,-5.7096902483788625e-09,-0.0006942768837661234,-5.828670879282072e-16,186.0000000000124
refined,7510101,responsive,minus,188.0,0.5820414779275063,110.44617150814189,0.058204147792750634,0.0014004574337831443,-5.972559924604832e-06,8.577125183415907e-05,0.0012562079573848154,-4.226295396980717e-09,-0.000739055428261897,-6.106226635438361e-16,188.00000000001342
refined,7510101,responsive,minus,190.0,0.5819822963598029,111.60994604330277,0.0581982296359803,0.0014063755905534855,-5.972559924604832e-06,8.577125183415907e-05,0.0012621261141551575,-5.568771083153123e-09,-0.00074249986585221,-5.967448757360216e-16,190.00000000001444
refined,7510101,responsive,minus,192.0,0.582054654509036,112.7741406242254,0.058205465450903604,0.0013991397756302152,-5.972559924604832e-06,8.577125183415907e-05,0.0012548902992318874,-5.825330662290185e-09,-0.0007382884878820231,-5.689893001203927e-16,192.00000000001546
refined,7510101,responsive,minus,194.0,0.5817587663442685,113.93786689876237,0.05817587663442685,0.0014287285921069635,-5.972559924604832e-06,8.577125183415907e-05,0.001284479115708639,-1.1023840146284769e-08,-0.0007555064187434284,-5.620504062164855e-16,194.00000000001648
refined,7510101,responsive,minus,196.0,0.582572109891707,115.10212394570114,0.05825721098917071,0.001347394237363119,-5.972559924604832e-06,8.577125183415907e-05,0.0012031447609647948,-3.3614966921113876e-09,-0.0007081563684799286,-5.551115123125783e-16,196.0000000000175
refined,7510101,responsive,minus,198.0,0.5823926570016903,116.26708335517085,0.05823926570016903,0.001365339526364805,-5.972559924604832e-06,8.577125183415907e-05,0.0012210900499664804,-5.600814395601006e-09,-0.0007186091831892644,-5.412337245047638e-16,198.00000000001853
refined,7510101,responsive,minus,200.0,0.5823501614549939,117.43157957978072,0.05823501614549939,0.0013695890810344077,-5.972559924604832e-06,8.577125183415907e-05,0.001225339604636083,-6.845627870122328e-09,-0.0007210840023308164,-5.828670879282072e-16,200.00000000001955
refined,7510102,responsive,F0,0.0,0.5946035575013605,0.0,0.05946035575013606,0.0,0.0,0.0,,,,,0.0
refined,7510102,responsive,F0,2.0,0.5946035575013605,1.1892071150027101,0.05946035575013606,5.649954834184472e-08,-3.9399961096569425e-08,3.3594832441281054e-08,,,,,1.9999999999999685
refined,7510102,responsive,F0,4.0,0.5946035575013605,2.37841423000542,0.05946035575013606,1.6471954517573849e-06,2.9469150173721697e-07,9.794282755150003e-07,,,,,3.999999999999926
refined,7510102,responsive,F0,6.0,0.5946035575013605,3.5676213450080083,0.05946035575013606,-4.373193863560783e-06,1.4474687412813178e-06,-2.6003166289163584e-06,,,,,6.000000000000238
refined,7510102,responsive,F0,8.0,0.5946035575013605,4.756828460010823,0.05946035575013606,-5.733660308608022e-07,6.751891140994831e-07,-3.409254817002673e-07,,,,,8.00000000000055
refined,7510102,responsive,F0,10.0,0.5946035575013605,5.946035575013767,0.05946035575013606,-3.314181845742163e-07,9.613146796498231e-07,-1.970624315684716e-07,,,,,10.000000000000153
refined,7510102,responsive,F0,12.0,0.5946035575013605,7.13524269001671,0.05946035575013606,-1.033448966122933e-05,3.127172040110516e-07,-6.144924317527997e-06,,,,,11.999999999999755
refined,7510102,responsive,F0,14.0,0.5946035575013605,8.324449805019654,0.05946035575013606,9.232950189017541e-06,2.7066991092874645e-07,5.489945028622679e-06,,,,,13.999999999999357
refined,7510102,responsive,F0,16.0,0.5946035575013605,9.513656920022598,0.05946035575013606,4.893977403423159e-06,1.7671017353471958e-07,2.9099763744066666e-06,,,,,15.999999999998959
refined,7510102,responsive,F0,18.0,0.5946035575013605,10.702864035025542,0.05946035575013606,-7.622677987389535e-06,2.8256798534954336e-07,-4.5324714489891405e-06,,,,,17.999999999999982
refined,7510102,responsive,F0,20.0,0.5946035575013605,11.892071150028485,0.05946035575013606,4.081708411225599e-05,2.701907692672144e-07,2.4269983419979735e-05,0.0,0.0,0.0,0.0,20.000000000001005
refined,7510102,responsive,F0,22.0,0.5943903207712407,13.081144709815614,0.059439032077124074,6.214075712416173e-05,2.701907692672144e-07,2.4269983419979735e-05,2.132367301190578e-05,7.607720287072794e-09,-1.2676858336765906e-05,-7.632783294297951e-17,22.00000000000114
refined,7510102,responsive,F0,24.0,0.5942255552616762,14.269844592640329,0.05942255552616762,7.861730808062656e-05,2.701907692672144e-07,2.4269983419979735e-05,3.7800223968370675e-05,4.856598873059781e-09,-2.2469003361322293e-05,-6.938893903907228e-17,24.000000000001275
refined,7510102,responsive,F0,26.0,0.593884962674458,15.457784582852451,0.05938849626744581,0.00011267656680245195,2.701907692672144e-07,2.4269983419979735e-05,7.185948269019614e-05,6.805068925030966e-09,-4.2702085121564676e-05,-5.551115123125783e-17,26.00000000000141
refined,7510102,responsive,F0,28.0,0.5935377605944945,16.64539707285882,0.05935377605944945,0.0001473967747987821,2.701907692672144e-07,2.4269983419979735e-05,0.0001065796906865263,5.125249447068825e-09,-6.331586708731643e-05,-8.326672684688674e-17,28.000000000001545
refined,7510102,responsive,F0,30.0,0.5928303358827297,17.831843658403635,0.05928303358827297,0.00021813924597523267,2.701907692672144e-07,2.4269983419979735e-05,0.00017732216186297698,2.6300031041870398e-09,-0.00010527917252218383,-1.1102230246251565e-16,30.00000000000168
refined,7510102,responsive,F0,32.0,0.5927155699469798,19.017169270399187,0.05927155699469799,0.0002296158395501575,2.701907692672144e-07,2.4269983419979735e-05,0.00018879875543790175,6.231000077017157e-09,-0.00011208218678503135,-1.6653345369377348e-16,32.00000000000181
refined,7510102,responsive,F0,34.0,0.5925021269895926,20.202516139677066,0.05925021269895926,0.0002509601352889548,2.701907692672144e-07,2.4269983419979735e-05,0.0002101430511766994,2.698681139667869e-09,-0.00012473100530412118,-9.71445146547012e-17,34.00000000000142
refined,7510102,responsive,F0,36.0,0.5921045498721228,21.387043692491062,0.05921045498721228,0.00029071784703593495,2.701907692672144e-07,2.4269983419979735e-05,0.00024990076292367926,-2.2035595570457644e-10,-0.00014827963070023278,-9.71445146547012e-17,36.00000000000102
refined,7510102,responsive,F0,38.0,0.5920002260521785,22.57111896220238,0.05920002260521785,0.0003011502290303801,2.701907692672144e-07,2.4269983419979735e-05,0.00026033314491812466,8.137004153807581e-09,-0.00015445614737216382,-7.632783294297951e-17,38.000000000000625
refined,7510102,responsive,F0,40.0,0.5919858554018745,23.755128281754693,0.05919858554018746,0.00030258729406069197,2.701907692672144e-07,2.4269983419979735e-05,0.00026177020994843606,1.0275761380684756e-08,-0.00015530687986922698,-1.5959455978986625e-16,40.00000000000023
refined,7510102,responsive,F0,42.0,0.5915939988102848,24.938734305361333,0.05915939988102849,0.0003417729532196624,2.701907692672144e-07,2.4269983419979735e-05,0.0003009558691074065,1.752288369960553e-09,-0.00017849655824652214,-1.5959455978986625e-16,41.99999999999983
refined,7510102,responsive,F0,44.0,0.5916396798370359,26.121919027403056,0.059163967983703596,0.0003372048505445143,2.701907692672144e-07,2.4269983419979735e-05,0.00029638776643225843,8.171058690775723e-09,-0.00017579399178016888,-2.0122792321330962e-16,43.99999999999943
refined,7510102,responsive,F0,46.0,0.591539759961548,27.305079642498264,0.0591539759961548,0.00034719683809327493,2.701907692672144e-07,2.4269983419979735e-05,0.00030637975398101897,7.320596878690466e-09,-0.00018170514889539677,-2.3592239273284576e-16,45.999999999999034
refined,7510102,responsive,F0,48.0,0.5910407994164084,28.487643368204125,0.059104079941640845,0.000397092892607223,2.701907692672144e-07,2.4269983419979735e-05,0.00035627580849496713,4.8619296089125186e-09,-0.00021120820092433018,-2.42861286636753e-16,47.999999999998636
refined,7510102,responsive,F0,50.0,0.5909881102025474,29.66962441162374,0.059098811020254736,0.00040236181399327177,2.701907692672144e-07,2.4269983419979735e-05,0.0003615447298810165,8.020842073852563e-09,-0.0002143222096247753,-3.0531133177191805e-16,49.99999999999824
refined,7510102,responsive,F0,52.0,0.5904571423522533,30.85110328649053,0.05904571423522533,0.00045545859902270324,2.701907692672144e-07,2.4269983419979735e-05,0.0004146415149104478,2.6180631551575573e-09,-0.00024568768192423027,-2.7755575615628914e-16,51.99999999999784
refined,7510102,responsive,F0,54.0,0.5902181250739417,32.031766102009904,0.05902181250739417,0.0004793603268538626,2.701907692672144e-07,2.4269983419979735e-05,0.00043854324274160753,1.0851061910122084e-08,-0.00025979777137373483,-2.8449465006019636e-16,53.99999999999744
refined,7510102,responsive,F0,56.0,0.5899648580893583,33.211859920496295,0.05899648580893583,0.0005046870253122247,2.701907692672144e-07,2.4269983419979735e-05,0.0004638699411999689,3.5170823198260592e-09,-0.00027474284064385457,-2.5673907444456745e-16,55.999999999997044
refined,7510102,responsive,F0,58.0,0.5895906804148845,34.39135672388022,0.05895906804148845,0.0005421047927596533,2.701907692672144e-07,2.4269983419979735e-05,0.0005012877086473978,6.393189894149387e-09,-0.00029681100805936667,-2.0816681711721685e-16,57.999999999996646
refined,7510102,responsive,F0,60.0,0.5896401949395421,35.57061168820719,0.05896401949395422,0.0005371533402939168,2.701907692672144e-07,2.4269983419979735e-05,0.0004963362561816615,9.96930565877463e-09,-0.00029389155524662397,-1.8041124150158794e-16,59.99999999999625
refined,7510102,responsive,F0,62.0,0.5897985385702993,36.75004107605517,0.05897985385702993,0.0005213189772182452,2.701907692672144e-07,2.4269983419979735e-05,0.0004805018931059887,3.833965839250553e-09,-0.00028455372468064524,-1.3877787807814457e-16,61.99999999999585
refined,7510102,responsive,F0,64.0,0.5899425159120462,37.9298106387284,0.058994251591204624,0.000506921243043639,2.701907692672144e-07,2.4269983419979735e-05,0.00046610415893138277,-4.890914062638529e-10,-0.0002760609256319442,-4.85722573273506e-17,63.99999999999545
refined,7510102,responsive,F0,66.0,0.5897034667227646,39.10949662561691,0.058970346672276464,0.0005308261619718564,2.701907692672144e-07,2.4269983419979735e-05,0.0004900090778596009,6.699740207061211e-09,-0.0002901605964213509,6.938893903907228e-18,65.99999999999505
refined,7510102,responsive,F0,68.0,0.5893969055782351,40.28841515294153,0.05893969055782351,0.0005614822764248224,2.701907692672144e-07,2.4269983419979735e-05,0.0005206651923125664,-2.7765914567545735e-10,-0.00030823391440373826,2.0816681711721685e-17,67.99999999999466
refined,7510102,responsive,F0,70.0,0.5892924319575114,41.46720384685913,0.05892924319575114,0.0005719296384972326,2.701907692672144e-07,2.4269983419979735e-05,0.000531112554384975,1.354717754642465e-09,-0.0003143910115437805,5.551115123125783e-17,69.99999999999426
refined,7510102,responsive,F0,72.0,0.5887379659183061,42.645305389155766,0.05887379659183061,0.0006273762424177893,2.701907692672144e-07,2.4269983419979735e-05,0.0005865591583055309,5.970897026807975e-09,-0.0003470499039824604,8.326672684688674e-17,71.99999999999386
refined,7510102,responsive,F0,74.0,0.5892048588203167,43.82298501740407,0.05892048588203167,0.0005806869522168049,2.701907692672144e-07,2.4269983419979735e-05,0.0005398698681045462,1.6503829136649273e-09,-0.00031955124679022145,1.5959455978986625e-16,73.99999999999346
refined,7510102,responsive,F0,76.0,0.5894660428900206,45.001940988377775,0.058946604289002065,0.0005545685452463995,2.701907692672144e-07,2.4269983419979735e-05,0.0005137514611341398,5.827114069045791e-09,-0.00030415874364270526,1.457167719820518e-16,75.99999999999307
refined,7510102,responsive,F0,78.0,0.5890765835163964,46.18041244364634,0.058907658351639636,0.0005935144826088472,2.701907692672144e-07,2.4269983419979735e-05,0.0005526973984965876,5.689776011452707e-09,-0.00032710846729619436,1.6653345369377348e-16,77.99999999999267
refined,7510102,responsive,F0,80.0,0.5894898195713427,47.35895624251982,0.05894898195713427,0.0005521908771142593,2.701907692672144e-07,2.4269983419979735e-05,0.0005113737930019986,2.0284288970717768e-09,-0.0003027571607509792,2.1510571102112408e-16,79.99999999999227
refined,7510102,responsive,F0,82.0,0.589362472653531,48.53782465279261,0.05893624726535311,0.0005649255688953835,2.701907692672144e-07,2.4269983419979735e-05,0.0005241084847831231,4.6075404602774483e-10,-0.0003102633210494768,1.8041124150158794e-16,81.99999999999187
refined,7510102,responsive,F0,84.0,0.5891896074379119,49.71614363317035,0.058918960743791195,0.0005822120904572976,2.701907692672144e-07,2.4269983419979735e-05,0.0005413950063450362,1.1105687758306004e-08,-0.00032044985402164897,1.734723475976807e-16,83.99999999999147
refined,7510102,responsive,F0,86.0,0.5898294303813232,50.89528507422152,0.05898294303813232,0.0005182297961161387,2.701907692672144e-07,2.4269983419979735e-05,0.00047741271200387706,5.4827461459794335e-09,-0.0002827316824658803,1.3877787807814457e-16,85.99999999999108
refined,7510102,responsive,F0,88.0,0.5894556277312966,52.07472430876471,0.058945562773129664,0.0005556100611188325,2.701907692672144e-07,2.4269983419979735e-05,0.0005147929770065724,3.5761261729660987e-09,-0.0003047726764588386,1.8041124150158794e-16,87.99999999999068
refined,7510102,responsive,F0,90.0,0.5896227186545491,53.253685887332665,0.058962271865454906,0.0005389009687936198,2.701907692672144e-07,2.4269983419979735e-05,0.0004980838846813591,5.3943014499679975e-09,-0.00029492201198461424,2.0816681711721685e-16,89.99999999999028
refined,7510102,responsive,F0,92.0,0.589709230555685,54.43308052051104,0.0589709230555685,0.0005302497786800623,2.701907692672144e-07,2.4269983419979735e-05,0.0004894326945678013,2.237973528718129e-09,-0.0002898206995347839,2.498001805406602e-16,91.99999999998988
refined,7510102,responsive,F0,94.0,0.5895615339117047,55.61235551722987,0.058956153391170475,0.0005450194430781073,2.701907692672144e-07,2.4269983419979735e-05,0.0005042023589658463,6.047483569471268e-09,-0.0002985294162475803,2.636779683484747e-16,93.99999999998948
refined,7510102,responsive,F0,96.0,0.589643186661742,56.791596861215666,0.0589643186661742,0.0005368541680743337,2.701907692672144e-07,2.4269983419979735e-05,0.0004960370839620734,5.885331444410724e-09,-0.0002937151508329919,2.1510571102112408e-16,95.99999999998909
refined,7510102,responsive,F0,98.0,0.5895402377070552,57.970752155281964,0.05895402377070553,0.0005471490635430161,2.701907692672144e-07,2.4269983419979735e-05,0.0005063319794307552,4.912067197437864e-09,-0.0002997849358791285,2.2898349882893854e-16,97.99999999998869
refined,7510102,responsive,F0,100.0,0.5893256688191271,59.1496372013618,0.058932566881912715,0.0005686059523358108,2.701907692672144e-07,2.4269983419979735e-05,0.0005277888682235501,5.631648480886042e-09,-0.0003124323332081118,2.0816681711721685e-16,99.99999999998829
refined,7510102,responsive,F0,102.0,0.5893502951035056,60.328360077829345,0.05893502951035056,0.0005661433238980277,2.701907692672144e-07,2.4269983419979735e-05,0.0005253262397857672,1.4512251123033337e-09,-0.0003109810127342322,2.706168622523819e-16,101.99999999998789
refined,7510102,responsive,F0,104.0,0.5891463898644872,61.50696228379175,0.05891463898644873,0.0005865338477998756,2.701907692672144e-07,2.4269983419979735e-05,0.0005457167636876139,8.125687539495274e-09,-0.00032299609514576874,2.8449465006019636e-16,103.9999999999875
refined,7510102,responsive,F0,106.0,0.5889466423690141,62.68495160732695,0.05889466423690141,0.000606508597347231,2.701907692672144e-07,2.4269983419979735e-05,0.0005656915132349684,7.538172863696957e-10,-0.00033476215177691976,3.191891195797325e-16,105.9999999999871
refined,7510102,responsive,F0,108.0,0.5885577840469719,63.86241250694912,0.0588557784046972,0.0006453944295514173,2.701907692672144e-07,2.4269983419979735e-05,0.0006045773454391546,3.917739604952786e-09,-0.00035765627154958277,2.914335439641036e-16,107.9999999999867
refined,7510102,responsive,F0,110.0,0.5883285674908372,65.03924564395605,0.05883285674908372,0.0006683160851648023,2.701907692672144e-07,2.4269983419979735e-05,0.00062749900105254,9.994536143143051e-09,-0.0003711443633726587,2.0122792321330962e-16,109.9999999999863
refined,7510102,responsive,F0,112.0,0.5885030639310604,66.21594867309403,0.058850306393106046,0.0006508664411424478,2.701907692672144e-07,2.4269983419979735e-05,0.0006100493570301851,9.034939185692537e-10,-0.00036087671685139724,1.734723475976807e-16,111.9999999999859
refined,7510102,responsive,F0,114.0,0.588241542285487,67.39285613874547,0.0588241542285487,0.0006770186056998345,2.701907692672144e-07,2.4269983419979735e-05,0.0006362015215875717,3.6031153338722532e-09,-0.0003762639261432714,2.1510571102112408e-16,113.9999999999855
refined,7510102,responsive,F0,116.0,0.588085080207976,68.56906048920811,0.05880850802079761,0.0006926648134508839,2.701907692672144e-07,2.4269983419979735e-05,0.0006518477293386219,4.2810041067653515e-09,-0.00038546645150260364,1.734723475976807e-16,115.9999999999851
refined,7510102,responsive,F0,118.0,0.58805031113955,69.74529829096542,0.058805031113955,0.0006961417202934757,2.701907692672144e-07,2.4269983419979735e-05,0.0006553246361812149,3.797338998801081e-09,-0.00038751110809761083,1.5959455978986625e-16,117.99999999998471
refined,7510102,responsive,F0,120.0,0.5875099477530699,70.9208739879526,0.05875099477530699,0.0007501780589414856,2.701907692672144e-07,2.4269983419979735e-05,0.0007093609748292244,7.030478060832124e-09,-0.00041927259422294,1.5959455978986625e-16,119.99999999998431
refined,7510102,responsive,F0,122.0,0.5876571650476565,72.09596297862242,0.058765716504765655,0.000735456329482801,2.701907692672144e-07,2.4269983419979735e-05,0.0006946392453705398,7.381624395064179e-09,-0.0004106223480712552,1.3877787807814457e-16,121.99999999998391
refined,7510102,responsive,F0,124.0,0.5874268103412184,73.27113493546454,0.05874268103412184,0.0007584918001266789,2.701907692672144e-07,2.4269983419979735e-05,0.0007176747160144173,2.8944610319658892e-09,-0.00042415665428079813,2.0122792321330962e-16,123.99999999998352
refined,7510102,responsive,F0,126.0,0.586897529635183,74.4452326003956,0.05868975296351831,0.0008114198707302389,2.701907692672144e-07,2.4269983419979735e-05,0.0007706027866179774,4.524404989547648e-09,-0.00045523401506965613,2.2898349882893854e-16,125.99999999998312
refined,7510102,responsive,F0,128.0,0.5870921473993709,75.6191490058485,0.058709214739937086,0.0007919580943114865,2.701907692672144e-07,2.4269983419979735e-05,0.0007511410101992261,7.2304620069019165e-09,-0.0004438100527634596,2.5673907444456745e-16,127.99999999998273
refined,7510102,responsive,F0,130.0,0.5866892689117046,76.79310798532156,0.05866892689117047,0.0008322459430781413,2.701907692672144e-07,2.4269983419979735e-05,0.0007914288589658809,4.467501979465993e-09,-0.00046745461685616246,2.914335439641036e-16,129.99999999998374
refined,7510102,responsive,F0,132.0,0.5862725281377774,77.96591753858392,0.058627252813777744,0.0008739200204708712,2.701907692672144e-07,2.4269983419979735e-05,0.0008331029363586103,1.913552011290065e-09,-0.0004918956672106366,2.983724378680108e-16,131.99999999998477
refined,7510102,responsive,F0,134.0,0.5861600016828635,79.13844019855537,0.05861600016828635,0.0008851726659622284,2.701907692672144e-07,2.4269983419979735e-05,0.0008443555818499673,4.551897442306441e-09,-0.0004984921510209628,2.636779683484747e-16,133.9999999999858
refined,7510102,responsive,F0,136.0,0.5854969204239786,80.31021279305018,0.05854969204239786,0.0009514807918506804,2.701907692672144e-07,2.4269983419979735e-05,0.00091066370773842,3.09816958199427e-09,-0.0005373373383655497,2.2898349882893854e-16,135.9999999999868
refined,7510102,responsive,F0,138.0,0.5856402643340206,81.48124612619871,0.05856402643340207,0.000937146400846396,2.701907692672144e-07,2.4269983419979735e-05,0.0008963293167341365,2.3575031649070155e-09,-0.0005289435692026057,1.457167719820518e-16,137.99999999998784
refined,7510102,responsive,F0,140.0,0.5858539141310245,82.65278563102112,0.058585391413102456,0.0009157814211459867,2.701907692672144e-07,2.4269983419979735e-05,0.0008749643370337269,5.161846589052388e-09,-0.0005164290945315966,1.249000902703301e-16,139.99999999998886
refined,7510102,responsive,F0,142.0,0.5850847791151789,83.82368318511938,0.05850847791151789,0.0009926949227305546,2.701907692672144e-07,2.4269983419979735e-05,0.0009518778386182933,4.607185716265505e-09,-0.0005614595920508045,1.3183898417423734e-16,141.99999999998988
refined,7510102,responsive,F0,144.0,0.5850349866782996,84.9938142250349,0.05850349866782996,0.000997674166418479,2.701907692672144e-07,2.4269983419979735e-05,0.0009568570823062168,7.343561148065447e-09,-0.0005643727477797796,1.1796119636642288e-16,143.9999999999909
refined,7510102,responsive,F0,146.0,0.5846699640938,86.16362347777395,0.05846699640938,0.0010341764248683952,2.701907692672144e-07,2.4269983419979735e-05,0.0009933593407561343,9.459158900604336e-09,-0.0005857211839914202,8.326672684688674e-17,145.99999999999193
refined,7510102,responsive,F0,148.0,0.5842090518181177,87.33243823262937,0.05842090518181177,0.0010802676524366455,2.701907692672144e-07,2.4269983419979735e-05,0.001039450568324383,4.2515302944856614e-09,-0.0006126587183524837,9.71445146547012e-17,147.99999999999295
refined,7510102,responsive,F0,150.0,0.584379881391805,88.50111538584282,0.058437988139180504,0.001063184695067896,2.701907692672144e-07,2.4269983419979735e-05,0.0010223676109556326,7.161859078008703e-09,-0.0006026772408886834,7.632783294297951e-17,149.99999999999397
refined,7510102,responsive,F0,152.0,0.5839357373572662,89.66939485048111,0.05839357373572663,0.00110759909852177,2.701907692672144e-07,2.4269983419979735e-05,0.0010667820144095055,-5.533550007097432e-10,-0.0006286222615149752,7.632783294297951e-17,151.999999999995
refined,7510102,responsive,F0,154.0,0.5839454200970176,90.83719045058253,0.058394542009701754,0.001106630824546613,2.701907692672144e-07,2.4269983419979735e-05,0.00106581374043435,1.8430693637938589e-09,-0.0006280568470495747,4.85722573273506e-17,153.99999999999602
refined,7510102,responsive,F0,156.0,0.584260296080796,92.00545590884757,0.058426029608079605,0.0010751432261687512,2.701907692672144e-07,2.4269983419979735e-05,0.0010343261420564904,1.3041971114180484e-09,-0.0006096648508427151,4.163336342344337e-17,155.99999999999704
refined,7510102,responsive,F0,158.0,0.583680001538302,93.17340204123808,0.05836800015383021,0.0011331726804180507,2.701907692672144e-07,2.4269983419979735e-05,0.0010923555963057885,7.745502322853426e-09,-0.0006435523198760722,-6.245004513516506e-17,157.99999999999807
refined,7510102,responsive,F0,160.0,0.5841433324352763,94.34109663272122,0.058414333243527634,0.001086839590720618,2.701907692672144e-07,2.4269983419979735e-05,0.0010460225066083564,1.3293534606440005e-09,-0.000616497888234202,-6.938893903907228e-17,159.9999999999991
refined,7510102,responsive,F0,162.0,0.5840534439091565,95.50945276687867,0.05840534439091565,0.0010958284433326387,2.701907692672144e-07,2.4269983419979735e-05,0.0010550113592203778,1.838495050643374e-09,-0.0006217482625563778,-2.7755575615628914e-17,162.0000000000001
refined,7510102,responsive,F0,164.0,0.583646084883517,96.67693989416256,0.0583646084883517,0.0011365643458965814,2.701907692672144e-07,2.4269983419979735e-05,0.0010957472617843203,5.907016820128064e-09,-0.0006455319096708122,-4.163336342344337e-17,164.00000000000114
refined,7510102,responsive,F0,166.0,0.5839233255961542,97.84454911964265,0.05839233255961542,0.0011088402746328608,2.701907692672144e-07,2.4269983419979735e-05,0.0010680231905206008,5.793950264010306e-09,-0.0006293470209000722,-3.469446951953614e-17,166.00000000000216
refined,7510102,responsive,F0,168.0,0.5831864554315404,99.01190768133155,0.05831864554315404,0.0011825272910943308,2.701907692672144e-07,2.4269983419979735e-05,0.0011417102069820704,3.098955175806495e-09,-0.000672347439723487,4.85722573273506e-17,168.00000000000318
refined,7510102,responsive,F0,170.0,0.5829791481066174,100.17778495453435,0.05829791481066175,0.001203258023586594,2.701907692672144e-07,2.4269983419979735e-05,0.0011624409394743345,4.853927343395625e-09,-0.0006844351733078131,2.7755575615628914e-17,170.0000000000042
refined,7510102,responsive,F0,172.0,0.583019098058683,101.34385424298482,0.05830190980586831,0.0011992630283800254,2.701907692672144e-07,2.4269983419979735e-05,0.0011584459442677644,1.4671508757890805e-08,-0.0006821060946056723,1.3877787807814457e-17,172.00000000000523
refined,7510102,responsive,F0,174.0,0.5823544644207745,102.50911295601816,0.058235446442077454,0.001265726392170806,2.701907692672144e-07,2.4269983419979735e-05,0.0012249093080585454,7.937143026159887e-09,-0.0007208334181233317,-5.551115123125783e-17,174.00000000000625
refined,7510102,responsive,F0,176.0,0.5825275626396733,103.67393352560059,0.05825275626396734,0.0012484165702810414,2.701907692672144e-07,2.4269983419979735e-05,0.0012075994861687786,3.474603493813788e-09,-0.0007107514679177591,5.551115123125783e-17,176.00000000000728
refined,7510102,responsive,F0,178.0,0.5823510279209131,104.83894233333649,0.05823510279209131,0.0012660700421570292,2.701907692672144e-07,2.4269983419979735e-05,0.0012252529580447675,2.3126138781748296e-09,-0.0007210335436364824,2.0816681711721685e-17,178.0000000000083
refined,7510102,responsive,F0,180.0,0.5823382667496999,106.00343754853563,0.05823382667497,0.0012673461592784332,2.701907692672144e-07,2.4269983419979735e-05,0.0012265290751661709,1.0478484219200723e-08,-0.0007217766836114525,1.1102230246251565e-16,180.00000000000932
refined,7510102,responsive,F0,182.0,0.5827730661230316,107.16863182409261,0.05827730661230316,0.001223866221945198,2.701907692672144e-07,2.4269983419979735e-05,0.0011830491378329352,5.111460088524922e-09,-0.0006964471997417225,4.163336342344337e-17,182.00000000001035
refined,7510102,responsive,F0,184.0,0.5822857983380362,108.3337611678634,0.058228579833803626,0.0012725930004447974,2.701907692672144e-07,2.4269983419979735e-05,0.0012317759163325346,9.751237289856718e-09,-0.0007248319823554769,1.0408340855860843e-16,184.00000000001137
refined,7510102,responsive,F0,186.0,0.5821748404819919,109.49804627459197,0.05821748404819919,0.0012836887860492626,2.701907692672144e-07,2.4269983419979735e-05,0.0012428717019370011,2.906121204793166e-09,-0.0007312922851520527,1.3183898417423734e-16,186.0000000000124
refined,7510102,responsive,F0,188.0,0.5822785858176512,110.66262694274768,0.05822785858176513,0.001273314252483269,2.701907692672144e-07,2.4269983419979735e-05,0.0012324971683710065,1.67666483474882e-09,-0.0007252519545734928,7.632783294297951e-17,188.00000000001342
refined,7510102,responsive,F0,190.0,0.5819034137085477,111.82675666495307,0.05819034137085478,0.0013108314633935797,2.701907692672144e-07,2.4269983419979735e-05,0.001270014379281317,4.5453319441612905e-09,-0.0007470903853806256,3.469446951953614e-17,190.00000000001444
refined,7510102,responsive,F0,192.0,0.5823050919099785,112.9909067741363,0.058230509190997856,0.0012706636432504696,2.701907692672144e-07,2.4269983419979735e-05,0.001229846559138205,2.428581169500177e-09,-0.0007237085264492592,6.938893903907228e-18,192.00000000001546
refined,7510102,responsive,F0,194.0,0.5825788568372571,114.15588689884852,0.05825788568372571,0.0012432871505225842,2.701907692672144e-07,2.4269983419979735e-05,0.0012024700664103212,8.601425655063721e-09,-0.0007077633079734247,-2.7755575615628914e-17,194.00000000001648
refined,7510102,responsive,F0,196.0,0.5823410779218542,115.32068547242456,0.05823410779218542,0.0012670650420628646,2.701907692672144e-07,2.4269983419979735e-05,0.0012262479579506001,9.114438592749963e-09,-0.0007216129779043338,-3.469446951953614e-17,196.0000000000175
refined,7510102,responsive,F0,198.0,0.582470089567037,116.48550024475091,0.058247008956703705,0.0012541638775445314,2.701907692672144e-07,2.4269983419979735e-05,0.0012133467934322681,3.0640599779641065e-09,-0.0007140992676520803,-8.326672684688674e-17,198.00000000001853
refined,7510102,responsive,F0,200.0,0.582279090120593,117.65046832785707,0.058227909012059306,0.0012732638221888916,2.701907692672144e-07,2.4269983419979735e-05,0.0012324467380766281,6.0375144883551e-09,-0.0007252225900804023,-1.249000902703301e-16,200.00000000001955
refined,7510102,responsive,plus,0.0,0.5946035575013605,0.0,0.05946035575013606,0.0,0.0,0.0,,,,,0.0
refined,7510102,responsive,plus,2.0,0.5946035575013605,1.1892071150027101,0.05946035575013606,5.154253234414899e-08,-4.019553117379728e-08,3.064737309445994e-08,,,,,1.9999999999999685
refined,7510102,responsive,plus,4.0,0.5946035575013605,2.37841423000542,0.05946035575013606,1.6093106575496405e-06,3.138324003108525e-07,9.569018421038693e-07,,,,,3.999999999999926
refined,7510102,responsive,plus,6.0,0.5946035575013605,3.5676213450080083,0.05946035575013606,-5.134294247502325e-06,1.460094802188493e-06,-3.052869624823654e-06,,,,,6.000000000000238
refined,7510102,responsive,plus,8.0,0.5946035575013605,4.756828460010823,0.05946035575013606,-5.923423019799305e-07,5.867542677415857e-07,-3.522088400158017e-07,,,,,8.00000000000055
refined,7510102,responsive,plus,10.0,0.5946035575013605,5.946035575013767,0.05946035575013606,-5.356874729835242e-07,1.1114326802086179e-06,-3.1852167714490644e-07,,,,,10.000000000000153
refined,7510102,responsive,plus,12.0,0.5946035575013605,7.13524269001671,0.05946035575013606,-1.1856695862105235e-05,3.180618980013745e-07,-7.05003353981942e-06,,,,,11.999999999999755
refined,7510102,responsive,plus,14.0,0.5946035575013605,8.324449805019654,0.05946035575013606,1.3306285832428074e-05,3.117358591710411e-07,7.911964893091668e-06,,,,,13.999999999999357
refined,7510102,responsive,plus,16.0,0.5946035575013605,9.513656920022598,0.05946035575013606,4.905274178454302e-06,2.942984681236871e-07,2.9166934770284695e-06,,,,,15.999999999998959
refined,7510102,responsive,plus,18.0,0.5946035575013605,10.702864035025542,0.05946035575013606,-5.6564553663571295e-06,3.126654908570491e-07,-3.363348483683612e-06,,,,,17.999999999999982
refined,7510102,responsive,plus,20.0,0.5946035575013605,11.892071150028485,0.05946035575013606,4.2544598124715776e-05,3.0698854062793636e-07,2.529716939742167e-05,0.0,0.0,0.0,0.0,20.000000000001005
refined,7510102,responsive,plus,22.0,0.594446314486017,13.08120238649026,0.0594446314486017,5.8268899659113935e-05,3.0698854062793636e-07,2.529716939742167e-05,1.5724301534398098e-05,6.396086993376571e-10,-9.348489363254081e-06,4.163336342344337e-17,22.00000000000114
refined,7510102,responsive,plus,24.0,0.5942834760812203,14.27002159247269,0.05942834760812204,7.455274013883439e-05,3.0698854062793636e-07,2.529716939742167e-05,3.2008142014118634e-05,4.063700431711226e-09,-1.902703250476756e-05,9.71445146547012e-17,24.000000000001275
refined,7510102,responsive,plus,26.0,0.5939915292896002,15.45812707970884,0.059399152928960024,0.00010374741930087135,3.0698854062793636e-07,2.529716939742167e-05,6.12028211761555e-05,2.7669959934417676e-09,-3.637268627378759e-05,1.249000902703301e-16,26.00000000000141
refined,7510102,responsive,plus,28.0,0.5936447840078667,16.645964135663917,0.05936447840078667,0.00013842194747424477,3.0698854062793636e-07,2.529716939742167e-05,9.587734934952914e-05,3.948756516214402e-09,-5.6963050676352156e-05,1.457167719820518e-16,28.000000000001545
refined,7510102,responsive,plus,30.0,0.5929272257398965,17.832608198786144,0.059292722573989654,0.00021017777427126213,3.0698854062793636e-07,2.529716939742167e-05,0.00016763317614654672,-5.093725441440711e-11,-9.953477848317904e-05,1.457167719820518e-16,30.00000000000168
refined,7510102,responsive,plus,32.0,0.5928374508116072,19.01815277518989,0.05928374508116072,0.0002191552671002256,3.0698854062793636e-07,2.529716939742167e-05,0.00017661066897551014,8.314937460784932e-09,-0.00010485737542344567,1.734723475976807e-16,32.00000000000181
refined,7510102,responsive,plus,34.0,0.592618426849524,20.203740364521497,0.0592618426849524,0.0002410576633085407,3.0698854062793636e-07,2.529716939742167e-05,0.0001985130651838253,5.389765439511862e-09,-0.00011783953758345497,1.734723475976807e-16,34.00000000000142
refined,7510102,responsive,plus,36.0,0.5921828590922286,21.3884726958482,0.05921828590922286,0.00028461443903804744,3.0698854062793636e-07,2.529716939742167e-05,0.00024206984091333175,-3.8515721167975414e-10,-0.00014364259953137531,1.3183898417423734e-16,36.00000000000102
refined,7510102,responsive,plus,38.0,0.5920136258521743,22.57267446333965,0.05920136258521743,0.0003015377630435007,3.0698854062793636e-07,2.529716939742167e-05,0.00025899316491878566,3.279677779355339e-09,-0.00015366286993177825,1.5959455978986625e-16,38.000000000000625
refined,7510102,responsive,plus,40.0,0.591955088931096,23.756672789310663,0.05919550889310961,0.00030739145515131986,3.0698854062793636e-07,2.529716939742167e-05,0.00026484685702660534,6.794764584316937e-09,-0.00015712816409259311,1.5959455978986625e-16,40.00000000000023
refined,7510102,responsive,plus,42.0,0.5915351873809186,24.940196590323133,0.05915351873809187,0.0003493816101690989,3.0698854062793636e-07,2.529716939742167e-05,0.00030683701204438433,5.284890580714574e-10,-0.0001819756341747622,1.942890293094024e-16,41.99999999999983
refined,7510102,responsive,plus,44.0,0.5915649256904019,26.123252744185706,0.059156492569040195,0.00034640777922077473,3.0698854062793636e-07,2.529716939742167e-05,0.0003038631810960605,-6.19817883129592e-09,-0.00018021646430915056,2.0122792321330962e-16,43.99999999999943
refined,7510102,responsive,plus,46.0,0.5914172822088718,27.306210062203316,0.05914172822088719,0.00036117212737371877,3.0698854062793636e-07,2.529716939742167e-05,0.0003186275292490049,2.8101934668178785e-10,-0.0001889494448972691,1.3877787807814457e-16,45.999999999999034
refined,7510102,responsive,plus,48.0,0.5909920550207087,28.488606775826657,0.05909920550207087,0.00040369484619000507,3.0698854062793636e-07,2.529716939742167e-05,0.0003611502480652908,7.904724041996047e-09,-0.00021408907478366948,1.0408340855860843e-16,47.999999999998636
refined,7510102,responsive,plus,50.0,0.590901363243713,29.67049218311804,0.0590901363243713,0.0004127640238895962,3.0698854062793636e-07,2.529716939742167e-05,0.0003702194257648817,4.744919263055536e-09,-0.00021944847549976512,1.249000902703301e-16,49.99999999999824
refined,7510102,responsive,plus,52.0,0.5903337443589399,30.8517791534469,0.059033374435893994,0.00046952591236693503,3.0698854062793636e-07,2.529716939742167e-05,0.00042698131424222143,1.795770337986724e-09,-0.00025297304322137795,1.5959455978986625e-16,51.99999999999784
refined,7510102,responsive,plus,54.0,0.5900987205978718,32.03222772370675,0.05900987205978719,0.0004930282884737649,3.0698854062793636e-07,2.529716939742167e-05,0.0004504836903490509,3.4437294404998653e-09,-0.0002668445271014272,1.8041124150158794e-16,53.99999999999744
refined,7510102,responsive,plus,56.0,0.5897667977491605,33.211980893411095,0.05897667977491605,0.0005262205733448599,3.0698854062793636e-07,2.529716939742167e-05,0.0004836759752201453,1.2552782424624098e-09,-0.000286425743298728,1.3877787807814457e-16,55.999999999997044
refined,7510102,responsive,plus,58.0,0.5895386081265835,34.391198684327286,0.05895386081265836,0.0005490395356025578,3.0698854062793636e-07,2.529716939742167e-05,0.0005064949374778439,1.927981579941118e-09,-0.000299881006072214,1.457167719820518e-16,57.999999999996646
refined,7510102,responsive,plus,60.0,0.5895488033885218,35.57034730521873,0.05895488033885218,0.0005480200094087194,3.0698854062793636e-07,2.529716939742167e-05,0.0005054754112840062,-9.406958267899057e-10,-0.00029927995082179235,1.249000902703301e-16,59.99999999999625
refined,7510102,responsive,plus,62.0,0.5896109175246909,36.74945512972292,0.05896109175246909,0.0005418085957917782,3.0698854062793636e-07,2.529716939742167e-05,0.0004992639976670645,6.721661033326498e-09,-0.0002956178264483002,9.71445146547012e-17,61.99999999999585
refined,7510102,responsive,plus,64.0,0.5898913221013641,37.92896330029271,0.058989132210136415,0.0005137681381244386,3.0698854062793636e-07,2.529716939742167e-05,0.00047122353999972543,4.802053782393401e-09,-0.00027908093513892215,8.326672684688674e-17,63.99999999999545
refined,7510102,responsive,plus,66.0,0.5896237206057506,39.108591544971326,0.05896237206057507,0.0005405282876857731,3.0698854062793636e-07,2.529716939742167e-05,0.0004979836895610596,1.377350927755927e-09,-0.0002948629346152705,7.632783294297951e-17,65.99999999999505
refined,7510102,responsive,plus,68.0,0.5894065580500798,40.287501101636906,0.058940655805007985,0.0005622445432529342,3.0698854062793636e-07,2.529716939742167e-05,0.0005196999451282212,6.456668311116687e-09,-0.0003076649960415817,1.5265566588595902e-16,67.99999999999466
refined,7510102,responsive,plus,70.0,0.5894726155276478,41.46653218564063,0.058947261552764786,0.0005556387954961734,3.0698854062793636e-07,2.529716939742167e-05,0.0005130941973714596,2.012939842588324e-09,-0.00030377130681338155,1.8735013540549517e-16,69.99999999999426
refined,7510102,responsive,plus,72.0,0.588903576783399,42.64494870256821,0.0588903576783399,0.0006125426699210112,3.0698854062793636e-07,2.529716939742167e-05,0.0005699980717962963,2.977071728027525e-09,-0.00033729839224965266,1.3877787807814457e-16,71.99999999999386
refined,7510102,responsive,plus,74.0,0.5893129570826491,43.82290488874317,0.05893129570826491,0.0005716046399960175,3.0698854062793636e-07,2.529716939742167e-05,0.000529060041871302,1.2342196792358706e-08,-0.00031318146038888245,1.5265566588595902e-16,73.99999999999346
refined,7510102,responsive,plus,76.0,0.5894353057398847,45.00191997625305,0.05894353057398847,0.0005593697742724675,3.0698854062793636e-07,2.529716939742167e-05,0.000516825176147752,-2.3891755518423707e-09,-0.00030597054703012175,1.6653345369377348e-16,75.99999999999307
refined,7510102,responsive,plus,78.0,0.5887515949555708,46.17997992397656,0.05887515949555709,0.0006277408527038176,3.0698854062793636e-07,2.529716939742167e-05,0.0005851962545791021,3.811267634823423e-09,-0.00034624750152725467,1.3877787807814457e-16,77.99999999999267
refined,7510102,responsive,plus,80.0,0.5889463852175006,47.35766768870433,0.05889463852175007,0.0006082618265107614,3.0698854062793636e-07,2.529716939742167e-05,0.0005657172283860463,1.4310996582223012e-08,-0.0003347772966256525,6.245004513516506e-17,79.99999999999227
refined,7510102,responsive,plus,82.0,0.5883122650548281,48.535030937522464,0.058831226505482816,0.0006716738427779962,3.0698854062793636e-07,2.529716939742167e-05,0.0006291292446532805,3.7264602237296884e-09,-0.00037210346896656907,4.163336342344337e-17,81.99999999999187
refined,7510102,responsive,plus,84.0,0.587785282808648,49.71094465276339,0.05877852828086479,0.0007243720673960375,3.0698854062793636e-07,2.529716939742167e-05,0.0006818274692713212,-1.4579516760537814e-09,-0.00040309259534157885,5.551115123125783e-17,83.99999999999147
refined,7510102,responsive,plus,86.0,0.5879870972926216,50.88677301785084,0.058798709729262155,0.000704190618998694,3.0698854062793636e-07,2.529716939742167e-05,0.0006616460208739779,-8.282745322940599e-10,-0.0003912282005335485,7.632783294297951e-17,85.99999999999108
refined,7510102,responsive,plus,88.0,0.5873496733410708,52.062068872067634,0.05873496733410709,0.0007679330141537705,3.0698854062793636e-07,2.529716939742167e-05,0.0007253884160290534,2.0956957558215805e-09,-0.0004286875909705577,8.326672684688674e-17,87.99999999999068
refined,7510102,responsive,plus,90.0,0.5874570575714283,53.23675151236482,0.05874570575714283,0.0007571945911179867,3.0698854062793636e-07,2.529716939742167e-05,0.0007146499929932714,3.0491286162614983e-09,-0.00042237980513966725,4.163336342344337e-17,89.99999999999028
refined,7510102,responsive,plus,92.0,0.5871780354296144,54.411560644400126,0.058717803542961446,0.0007850968052994173,3.0698854062793636e-07,2.529716939742167e-05,0.0007425522071747014,4.849868118217415e-09,-0.00043876726511461045,9.020562075079397e-17,91.99999999998988
refined,7510102,responsive,plus,94.0,0.5868526894313852,55.58544637106106,0.058685268943138524,0.0008176314051222609,3.0698854062793636e-07,2.529716939742167e-05,0.0007750868069975443,-2.9482946917180897e-09,-0.00045786557502119213,1.3877787807814457e-17,93.99999999998948
refined,7510102,responsive,plus,96.0,0.5868992887949135,56.759140388143365,0.05868992887949136,0.0008129714687694846,3.0698854062793636e-07,2.529716939742167e-05,0.0007704268706447666,-2.5084134491759613e-09,-0.0004551307702649193,6.938893903907228e-17,95.99999999998909
refined,7510102,responsive,plus,98.0,0.5868876684154171,57.93290511314186,0.058688766841541715,0.0008141335067191325,3.0698854062793636e-07,2.529716939742167e-05,0.0007715889085944153,2.6217026050101566e-09,-0.00045581276275945964,7.632783294297951e-17,97.99999999998869
refined,7510102,responsive,plus,100.0,0.5871587547369169,59.106940263521906,0.0587158754736917,0.0007870248745691436,3.0698854062793636e-07,2.529716939742167e-05,0.0007444802764444257,3.096870593299883e-09,-0.00043989936645333697,6.938893903907228e-17,99.99999999998829
refined,7510102,responsive,plus,102.0,0.5871529699489417,60.281516400880065,0.058715296994894174,0.0007876033533666335,3.0698854062793636e-07,2.529716939742167e-05,0.0007450587552419157,4.014904353422111e-09,-0.0004402390236705432,3.469446951953614e-17,101.99999999998789
refined,7510102,responsive,plus,104.0,0.5866052857985644,61.45532361294339,0.058660528579856444,0.0008423717684043871,3.0698854062793636e-07,2.529716939742167e-05,0.0007998271702796691,5.0948385510452e-09,-0.00047238146332291564,5.551115123125783e-17,103.9999999999875
refined,7510102,responsive,plus,106.0,0.5864475522476805,62.628239862681305,0.05864475522476806,0.0008581451234927688,3.0698854062793636e-07,2.529716939742167e-05,0.0008156005253680497,-1.9497114756017453e-09,-0.0004816329527988876,4.85722573273506e-17,105.9999999999871
refined,7510102,responsive,plus,108.0,0.5860472743276013,63.800783472412824,0.058604727432760136,0.0008981729155007324,3.0698854062793636e-07,2.529716939742167e-05,0.0008556283173760129,1.8720460459586974e-09,-0.0005050991423231482,9.020562075079397e-17,107.9999999999867
refined,7510102,responsive,plus,110.0,0.5856098180159693,64.97230364941409,0.05856098180159694,0.0009419185466640022,3.0698854062793636e-07,2.529716939742167e-05,0.0008993739485392837,1.0303627950847272e-09,-0.0005307265818288477,1.6653345369377348e-16,109.9999999999863
refined,7510102,responsive,plus,112.0,0.5855039763677095,66.14343109449457,0.05855039763677095,0.0009525027114899745,3.0698854062793636e-07,2.529716939742167e-05,0.000909958113365256,4.231320932523985e-09,-0.0005369242125437199,1.5265566588595902e-16,111.9999999999859
refined,7510102,responsive,plus,114.0,0.5850372662534293,67.31401816890488,0.058503726625342936,0.0009991737229180521,3.0698854062793636e-07,2.529716939742167e-05,0.0009566291247933342,4.4391284814704335e-09,-0.0005642393843993884,2.1510571102112408e-16,113.9999999999855
refined,7510102,responsive,plus,116.0,0.5847702187647981,68.48363146544072,0.05847702187647981,0.0010258784717812103,3.0698854062793636e-07,2.529716939742167e-05,0.0009833338736564914,9.829452196630228e-09,-0.0005798590919521979,2.42861286636753e-16,115.9999999999851
refined,7510102,responsive,plus,118.0,0.5845599477226613,69.65302788615315,0.05845599477226614,0.0010469055759948654,3.0698854062793636e-07,2.529716939742167e-05,0.0010043609778701476,-1.355766249266921e-09,-0.000592152905587659,2.2898349882893854e-16,117.99999999998471
refined,7510102,responsive,plus,120.0,0.5843948928422594,70.82200953332485,0.058439489284225946,0.0010634110640350396,3.0698854062793636e-07,2.529716939742167e-05,0.0010208664659103212,2.9237911258750415e-09,-0.0006017999906578926,2.0816681711721685e-16,119.99999999998431
refined,7510102,responsive,plus,122.0,0.5843507076844431,71.9906177442982,0.058435070768444314,0.0010678295798166237,3.0698854062793636e-07,2.529716939742167e-05,0.0010252849816919055,4.36734209907641e-09,-0.000604382051098213,1.5959455978986625e-16,121.99999999998391
refined,7510102,responsive,plus,124.0,0.5841933347078018,73.15929464710008,0.05841933347078018,0.0010835668774807617,3.0698854062793636e-07,2.529716939742167e-05,0.0010410222793560435,1.0895212704253865e-08,-0.0006135769138125996,1.6653345369377348e-16,123.99999999998352
refined,7510102,responsive,plus,126.0,0.584121707606414,74.32744370528901,0.05841217076064141,0.0010907295876195617,3.0698854062793636e-07,2.529716939742167e-05,0.0010481849894948452,5.806802011454337e-09,-0.0006177610648120321,2.0122792321330962e-16,125.99999999998312
refined,7510102,responsive,plus,128.0,0.5841522532710575,75.49564590289272,0.05841522532710575,0.0010876750211551637,3.0698854062793636e-07,2.529716939742167e-05,0.0010451304230304475,-1.8051940497976204e-09,-0.0006159767795810012,1.457167719820518e-16,127.99999999998273
refined,7510102,responsive,plus,130.0,0.5838613615124537,76.66379439619432,0.058386136151245376,0.001116764197015554,3.0698854062793636e-07,2.529716939742167e-05,0.0010742195988908384,2.916283742271375e-09,-0.0006329650563048801,1.5959455978986625e-16,129.99999999998374
refined,7510102,responsive,plus,132.0,0.5841086896431499,77.83178161007011,0.05841086896431499,0.0010920313839459111,3.0698854062793636e-07,2.529716939742167e-05,0.0010494867858211964,3.993096214793823e-09,-0.0006185214638318101,1.249000902703301e-16,131.99999999998477
refined,7510102,responsive,plus,134.0,0.5840478521347542,78.99988237267205,0.05840478521347542,0.0010981151347854848,3.0698854062793636e-07,2.529716939742167e-05,0.0010555705366607708,8.625896663616572e-10,-0.0006220748505027067,1.3183898417423734e-16,133.9999999999858
refined,7510102,responsive,plus,136.0,0.583754504351934,80.16766853186923,0.058375450435193404,0.0011274499130674955,3.0698854062793636e-07,2.529716939742167e-05,0.0010849053149427808,7.016373593238256e-11,-0.0006392034621050778,1.249000902703301e-16,135.9999999999868
refined,7510102,responsive,plus,138.0,0.5840731682702424,81.33550133766265,0.058407316827024235,0.0010955835212366793,3.0698854062793636e-07,2.529716939742167e-05,0.001053038923111964,2.5007612924898837e-09,-0.0006205962350017483,1.3877787807814457e-16,137.99999999998784
refined,7510102,responsive,plus,140.0,0.5839775965064887,82.5036571499612,0.058397759650648876,0.0011051406976120997,3.0698854062793636e-07,2.529716939742167e-05,0.0010625960994873815,1.7433209043016262e-09,-0.0006261778685889181,2.0122792321330962e-16,139.99999999998886
refined,7510102,responsive,plus,142.0,0.5837381246372648,83.67125822315361,0.058373812463726485,0.001129087884534426,3.0698854062793636e-07,2.529716939742167e-05,0.001086543286409709,2.407817362160003e-09,-0.0006401596219121411,1.3877787807814457e-16,141.99999999998988
refined,7510102,responsive,plus,144.0,0.5837107464734237,84.83890220634876,0.05837107464734237,0.0011318257009185146,3.0698854062793636e-07,2.529716939742167e-05,0.0010892811027938003,7.084866027184944e-11,-0.0006417577522356138,1.1102230246251565e-16,143.9999999999909
refined,7510102,responsive,plus,146.0,0.5834305722589765,86.00601502008267,0.05834305722589766,0.0011598431223631743,3.0698854062793636e-07,2.529716939742167e-05,0.0011172985242384609,-4.25727675334997e-10,-0.0006581078973418447,6.245004513516506e-17,145.99999999999193
refined,7510102,responsive,plus,148.0,0.5832518835165981,87.17256634443531,0.058325188351659805,0.0011777119966010481,3.0698854062793636e-07,2.529716939742167e-05,0.0011351673984763356,7.117422484714808e-10,-0.0006685315483807262,8.326672684688674e-17,147.99999999999295
refined,7510102,responsive,plus,150.0,0.582821642913268,88.33869236312499,0.0582821642913268,0.0012207360569340992,3.0698854062793636e-07,2.529716939742167e-05,0.0011781914588093836,-3.449523472420779e-09,-0.0006936161572576455,1.249000902703301e-16,149.99999999999397
refined,7510102,responsive,plus,152.0,0.5825325133714837,89.50413247191446,0.05825325133714838,0.0012496490111124868,3.0698854062793636e-07,2.529716939742167e-05,0.0012071044129877719,3.0113337101678184e-09,-0.000710463072918794,9.020562075079397e-17,151.999999999995
refined,7510102,responsive,plus,154.0,0.5822874633913553,90.66887191146364,0.05822874633913554,0.001274154009125338,3.0698854062793636e-07,2.529716939742167e-05,0.0012316094110006242,-1.3234925932970043e-09,-0.0007247350285267372,1.0408340855860843e-16,153.99999999999602
refined,7510102,responsive,plus,156.0,0.582134081264288,91.83328835160707,0.058213408126428806,0.0012894922218320926,3.0698854062793636e-07,2.529716939742167e-05,0.00124694762370738,3.4439872897973345e-09,-0.0007336651011928541,1.3183898417423734e-16,155.99999999999704
refined,7510102,responsive,plus,158.0,0.581913099450355,92.99732138969533,0.058191309945035505,0.0013115904032253605,3.0698854062793636e-07,2.529716939742167e-05,0.0012690458051006484,6.051535023088306e-09,-0.0007465267640677509,9.71445146547012e-17,157.99999999999807
refined,7510102,responsive,plus,160.0,0.5816845588701361,94.16089321148961,0.058168455887013616,0.0013344444612472758,3.0698854062793636e-07,2.529716939742167e-05,0.001291899863122565,8.463887313236995e-09,-0.0007598232282664437,1.249000902703301e-16,159.9999999999991
refined,7510102,responsive,plus,162.0,0.5815734431235787,95.3242535837424,0.058157344312357875,0.0013455560359030793,3.0698854062793636e-07,2.529716939742167e-05,0.0013030114377783712,-4.681743603907051e-10,-0.000766286042332965,1.8735013540549517e-16,162.0000000000001
refined,7510102,responsive,plus,164.0,0.5813500218048839,96.48695700687854,0.0581350021804884,0.0013678981677725808,3.0698854062793636e-07,2.529716939742167e-05,0.0013253535696478743,4.161727740203958e-09,-0.0007792771370367345,2.1510571102112408e-16,164.00000000000114
refined,7510102,responsive,plus,166.0,0.5814512455450718,97.64989161810689,0.058145124554507176,0.0013577757937537252,3.0698854062793636e-07,2.529716939742167e-05,0.0013152311956290182,4.2780067266434685e-09,-0.0007733919823679249,1.3877787807814457e-16,166.00000000000216
refined,7510102,responsive,plus,168.0,0.581241018201749,98.8126104367867,0.058124101820174905,0.0013787985280859923,3.0698854062793636e-07,2.529716939742167e-05,0.001336253929961288,6.951525466369901e-10,-0.0007856134676533927,1.3877787807814457e-16,168.00000000000318
refined,7510102,responsive,plus,170.0,0.5814142014436798,99.97515137967159,0.05814142014436798,0.0013614802038929277,3.0698854062793636e-07,2.529716939742167e-05,0.0013189356057682225,2.4607691717637437e-09,-0.0007755458476440928,1.457167719820518e-16,170.0000000000042
refined,7510102,responsive,plus,172.0,0.5813696814657349,101.13809692079367,0.058136968146573494,0.001365932201687427,3.0698854062793636e-07,2.529716939742167e-05,0.0013233876035627199,-9.1169774230071e-09,-0.0007781342032851836,1.5959455978986625e-16,172.00000000000523
refined,7510102,responsive,plus,174.0,0.5811519037432193,102.30041910846897,0.05811519037432194,0.0013877099739389262,3.0698854062793636e-07,2.529716939742167e-05,0.0013451653758142198,6.200119168076057e-09,-0.0007907927684452816,1.0408340855860843e-16,174.00000000000625
refined,7510102,responsive,plus,176.0,0.5817659587987242,103.46324349648063,0.058176595879872416,0.0013263044683884963,3.0698854062793636e-07,2.529716939742167e-05,0.0012837598702637879,4.753130000700878e-09,-0.0007550879888137477,1.457167719820518e-16,176.00000000000728
refined,7510102,responsive,plus,178.0,0.5813391150054242,104.62654845343855,0.05813391150054242,0.0013689888477185063,3.0698854062793636e-07,2.529716939742167e-05,0.0013264442495937966,2.4902065964838016e-09,-0.0007799111978991947,1.6653345369377348e-16,178.0000000000083
refined,7510102,responsive,plus,180.0,0.5811873789540353,105.78896616555362,0.05811873789540353,0.0013841624528574117,3.0698854062793636e-07,2.529716939742167e-05,0.0013416178547327041,8.791304351163376e-10,-0.0007887310568906181,1.8041124150158794e-16,180.00000000000932
refined,7510102,responsive,plus,182.0,0.5814623843139953,106.95165777785645,0.05814623843139954,0.0013566619168613977,3.0698854062793636e-07,2.529716939742167e-05,0.0013141173187366903,3.9615775937473785e-09,-0.0007727443110578658,1.734723475976807e-16,182.00000000001035
refined,7510102,responsive,plus,184.0,0.5808407704030889,108.11413829284349,0.05808407704030889,0.0014188233079519995,3.0698854062793636e-07,2.529716939742167e-05,0.0013762787098272893,2.9398151135673345e-09,-0.0008088695015409965,1.249000902703301e-16,184.00000000001137
refined,7510102,responsive,plus,186.0,0.5807365217067278,109.2755996845249,0.05807365217067279,0.0014292481775881,3.0698854062793636e-07,2.529716939742167e-05,0.0013867035794633891,1.422677606277567e-08,-0.0008149241474622454,1.249000902703301e-16,186.0000000000124
refined,7510102,responsive,plus,188.0,0.5805231775135422,110.43702501956544,0.05805231775135423,0.0014505825969067234,3.0698854062793636e-07,2.529716939742167e-05,0.001408037998782012,7.309958305334874e-09,-0.0008273115481427021,1.8041124150158794e-16,188.00000000001342
refined,7510102,responsive,plus,190.0,0.5799907672054074,111.59744398651561,0.05799907672054075,0.0015038236277202125,3.0698854062793636e-07,2.529716939742167e-05,0.0014612790295954995,4.614549020676151e-10,-0.0008582050274878288,1.942890293094024e-16,190.00000000001444
refined,7510102,responsive,plus,192.0,0.5801863642141729,112.75739090895797,0.058018636421417295,0.0014842639268436905,3.0698854062793636e-07,2.529716939742167e-05,0.0014417193287189806,3.267145942675853e-09,-0.0008468586686606432,2.220446049250313e-16,192.00000000001546
refined,7510102,responsive,plus,194.0,0.5800568523825212,113.9179060129725,0.05800568523825213,0.0014972151100088441,3.0698854062793636e-07,2.529716939742167e-05,0.001454670511884136,3.434035805716107e-09,-0.0008543719298677865,2.0816681711721685e-16,194.00000000001648
refined,7510102,responsive,plus,196.0,0.5793755627500538,115.07725006147798,0.057937556275005374,0.0015653440732555628,3.0698854062793636e-07,2.529716939742167e-05,0.0015227994751308537,-1.6737810581979318e-09,-0.0008938673940666157,1.734723475976807e-16,196.0000000000175
refined,7510102,responsive,plus,198.0,0.5794711454738349,116.2359963702502,0.0579471145473835,0.0015557858008774354,3.0698854062793636e-07,2.529716939742167e-05,0.0015132412027527237,2.8554940634251125e-09,-0.0008883291078257659,1.6653345369377348e-16,198.00000000001853
refined,7510102,responsive,plus,200.0,0.5790718504478769,117.39466958935667,0.057907185044787694,0.0015957153034731502,3.0698854062793636e-07,2.529716939742167e-05,0.0015531707053484413,7.718991418270704e-09,-0.0009114591306072714,7.632783294297951e-17,200.00000000001955
refined,7510102,responsive,minus,0.0,0.5946035575013605,0.0,0.05946035575013606,0.0,0.0,0.0,,,,,0.0
refined,7510102,responsive,minus,2.0,0.5946035575013605,1.1892071150027101,0.05946035575013606,6.144811502311016e-08,-3.8607748436769114e-08,3.653726779449407e-08,,,,,1.9999999999999685
refined,7510102,responsive,minus,4.0,0.5946035575013605,2.37841423000542,0.05946035575013606,1.6839208942685237e-06,2.7552907550726533e-07,1.0012653542829344e-06,,,,,3.999999999999926
refined,7510102,responsive,minus,6.0,0.5946035575013605,3.5676213450080083,0.05946035575013606,-3.614973467825653e-06,1.4331476173844703e-06,-2.1494760842421676e-06,,,,,6.000000000000238
refined,7510102,responsive,minus,8.0,0.5946035575013605,4.756828460010823,0.05946035575013606,-5.555294433187867e-07,7.589933184816335e-07,-3.303197832941021e-07,,,,,8.00000000000055
refined,7510102,responsive,minus,10.0,0.5946035575013605,5.946035575013767,0.05946035575013606,-1.481591082020355e-07,8.025619522979445e-07,-8.809593281315948e-08,,,,,10.000000000000153
refined,7510102,responsive,minus,12.0,0.5946035575013605,7.13524269001671,0.05946035575013606,-8.84963869770037e-06,2.974090645769731e-07,-5.262026652254338e-06,,,,,11.999999999999755
refined,7510102,responsive,minus,14.0,0.5946035575013605,8.324449805019654,0.05946035575013606,5.020166689068117e-06,2.2314689933225332e-07,2.9850089725697306e-06,,,,,13.999999999999357
refined,7510102,responsive,minus,16.0,0.5946035575013605,9.513656920022598,0.05946035575013606,4.564094963164322e-06,4.9241016167077437e-08,2.7138271018715475e-06,,,,,15.999999999998959
refined,7510102,responsive,minus,18.0,0.5946035575013605,10.702864035025542,0.05946035575013606,-9.69459008010338e-06,2.440458607567121e-07,-5.764437750146874e-06,,,,,17.999999999999982
refined,7510102,responsive,minus,20.0,0.5946035575013605,11.892071150028485,0.05946035575013606,3.918227616571606e-05,2.2585210345061113e-07,2.3297920799135522e-05,0.0,0.0,0.0,0.0,20.000000000001005
refined,7510102,responsive,minus,22.0,0.5943301582066516,13.08108477973443,0.059433015820665167,6.652220563658974e-05,2.2585210345061113e-07,2.3297920799135522e-05,2.7339929470873637e-05,-3.0032328568463384e-09,-1.6252681966508892e-05,-1.3877787807814457e-17,22.00000000000114
refined,7510102,responsive,minus,24.0,0.5941539744720108,14.269641685496307,0.05941539744720108,8.414057910061386e-05,2.2585210345061113e-07,2.3297920799135522e-05,4.4958302934898025e-05,-3.1099370301213014e-09,-2.6722260619345406e-05,-7.632783294297951e-17,24.000000000001275
refined,7510102,responsive,minus,26.0,0.59378214839296,15.457407952660288,0.059378214839296,0.0001213231870056444,2.2585210345061113e-07,2.3297920799135522e-05,8.214091083992873e-05,1.7527041762388507e-09,-4.880754215573144e-05,-1.3183898417423734e-16,26.00000000000141
refined,7510102,responsive,minus,28.0,0.5934202686721576,16.64478418910001,0.05934202686721576,0.00015751115908582767,2.2585210345061113e-07,2.3297920799135522e-05,0.00011832888292011209,-5.255740204157533e-09,-7.028876611690424e-05,-1.8735013540549517e-16,28.000000000001545
refined,7510102,responsive,minus,30.0,0.5927513417384114,17.831025791236222,0.05927513417384114,0.00022440385246049033,2.2585210345061113e-07,2.3297920799135522e-05,0.00018522157629477452,-2.9556147251863507e-09,-0.00010996187302933849,-1.3877787807814457e-16,30.00000000000168
refined,7510102,responsive,minus,32.0,0.592613509177019,19.01618582886356,0.05926135091770191,0.0002381871085997124,2.2585210345061113e-07,2.3297920799135522e-05,0.00019900483243399646,-2.6733740499107483e-09,-0.0001181309667086447,-1.457167719820518e-16,32.00000000000181
refined,7510102,responsive,minus,34.0,0.5924118664694377,20.201350650447633,0.05924118664694377,0.00025835137935781543,2.2585210345061113e-07,2.3297920799135522e-05,0.0002191691031920996,-2.6392231733396443e-09,-0.00013007855297354418,-1.8735013540549517e-16,34.00000000000142
refined,7510102,responsive,minus,36.0,0.5920350497955457,21.385710661370606,0.05920350497955457,0.00029603304674699686,2.2585210345061113e-07,2.3297920799135522e-05,0.00025685077058128035,-5.015951293207976e-09,-0.0001523945203429737,-2.0122792321330962e-16,36.00000000000102
refined,7510102,responsive,minus,38.0,0.5920099527767594,22.56972738497944,0.059200995277675944,0.0002985427486256205,2.2585210345061113e-07,2.3297920799135522e-05,0.0002593604724599042,-2.410847438349961e-09,-0.00015388032032664228,-2.0816681711721685e-16,38.000000000000625
refined,7510102,responsive,minus,40.0,0.5920819156937254,23.753840524712697,0.05920819156937254,0.0002913464569291083,2.2585210345061113e-07,2.3297920799135522e-05,0.00025216418076339165,2.4271290532951184e-09,-0.00014961978508610044,-1.249000902703301e-16,40.00000000000023
refined,7510102,responsive,minus,42.0,0.5916856700512321,24.9376130472631,0.05916856700512321,0.00033097102117853614,2.2585210345061113e-07,2.3297920799135522e-05,0.00029178874501281925,-3.2175225816999387e-09,-0.0001730729224649133,-2.7755575615628914e-17,41.99999999999983
refined,7510102,responsive,minus,44.0,0.5917759254054087,26.12100553845065,0.05917759254054088,0.00032194548576091274,2.2585210345061113e-07,2.3297920799135522e-05,0.0002827632095951957,5.882623832498268e-10,-0.00016773223519229302,1.3877787807814457e-17,43.99999999999943
refined,7510102,responsive,minus,46.0,0.5916956038247397,27.30445630145017,0.05916956038247398,0.000329977643827893,2.2585210345061113e-07,2.3297920799135522e-05,0.00029079536766217566,8.07867236995996e-09,-0.0001724851503875184,9.71445146547012e-17,45.999999999999034
refined,7510102,responsive,minus,48.0,0.5910234683675561,28.48716953802484,0.059102346836755616,0.00039719118954629145,2.2585210345061113e-07,2.3297920799135522e-05,0.0003580089133805743,-8.146147645327062e-10,-0.0002122325216029064,1.3183898417423734e-16,47.999999999998636
refined,7510102,responsive,minus,50.0,0.5909793176685887,29.66911923052738,0.059097931766858874,0.0004016062594430857,2.2585210345061113e-07,2.3297920799135522e-05,0.0003624239832773691,-2.766908507867427e-09,-0.00021484183406215301,1.8735013540549517e-16,49.99999999999824
refined,7510102,responsive,minus,52.0,0.5905577953194534,30.85074022485706,0.059055779531945345,0.00044375849435664594,2.2585210345061113e-07,2.3297920799135522e-05,0.0004045762181909294,-4.652020269002577e-09,-0.0002397440490350157,2.1510571102112408e-16,51.99999999999784
refined,7510102,responsive,minus,54.0,0.5902642767659838,32.03158159719952,0.05902642767659838,0.0004731103497036006,2.2585210345061113e-07,2.3297920799135522e-05,0.0004339280735378845,-5.376190687078619e-09,-0.00025707370836019344,2.0816681711721685e-16,53.99999999999744
refined,7510102,responsive,minus,56.0,0.590093458793248,33.21176544734537,0.05900934587932481,0.0004901921469771304,2.2585210345061113e-07,2.3297920799135522e-05,0.0004510098708114146,-6.323657708584562e-10,-0.00026715502413474784,1.6653345369377348e-16,55.999999999997044
refined,7510102,responsive,minus,58.0,0.5897277538266094,34.39157828101438,0.058972775382660936,0.0005267626436410163,2.2585210345061113e-07,2.3297920799135522e-05,0.00048758036747530083,-6.407935099206341e-09,-0.0002887283479947912,1.8041124150158794e-16,57.999999999996646
refined,7510102,responsive,minus,60.0,0.5898015189940241,35.57108064503815,0.058980151899402415,0.0005193861268995069,2.2585210345061113e-07,2.3297920799135522e-05,0.0004802038507337912,-2.7399971180841476e-10,-0.000284377939280777,1.5265566588595902e-16,59.99999999999625
refined,7510102,responsive,minus,62.0,0.5901627274820689,36.75098864337696,0.059016272748206894,0.00048326527809506366,2.2585210345061113e-07,2.3297920799135522e-05,0.00044408300192934943,-2.6479611836549566e-09,-0.0002630672842099495,1.8735013540549517e-16,61.99999999999585
refined,7510102,responsive,minus,64.0,0.5902970249180702,37.93147179138905,0.05902970249180702,0.00046983553449488004,2.2585210345061113e-07,2.3297920799135522e-05,0.0004306532583291655,-6.709465316667718e-09,-0.0002551406483074503,1.3183898417423734e-16,63.99999999999545
refined,7510102,responsive,minus,66.0,0.5900186393445186,39.111834221925825,0.059001863934451865,0.000497674091850043,2.2585210345061113e-07,2.3297920799135522e-05,0.0004584918156843281,-2.178202257452355e-09,-0.0002715697909658303,1.3877787807814457e-16,65.99999999999505
refined,7510102,responsive,minus,68.0,0.58978806136317,40.291489620013216,0.058978806136317,0.0005207318899848298,2.2585210345061113e-07,2.3297920799135522e-05,0.00048154961381911414,-3.436082529617579e-09,-0.00028517166333737187,5.551115123125783e-17,67.99999999999466
refined,7510102,responsive,minus,70.0,0.5896906233599009,41.47103428655661,0.05896906233599009,0.0005304756903116684,2.2585210345061113e-07,2.3297920799135522e-05,0.0004912934141459534,-2.7023450421825856e-09,-0.00029091796573426157,-1.3877787807814457e-17,69.99999999999426
refined,7510102,responsive,minus,72.0,0.5894109825113963,42.65010153431644,0.058941098251139634,0.0005584397751620801,2.2585210345061113e-07,2.3297920799135522e-05,0.000519257498996366,8.861947287108762e-11,-0.0003074042144112117,-5.551115123125783e-17,71.99999999999386
refined,7510102,responsive,minus,74.0,0.5897628959469318,43.82904441340446,0.058976289594693185,0.0005232484316085385,2.2585210345061113e-07,2.3297920799135522e-05,0.0004840661554428225,-3.8453766004753476e-09,-0.00028665585787811254,-4.85722573273506e-17,73.99999999999346
refined,7510102,responsive,minus,76.0,0.589888155773941,45.00898858871471,0.058988815577394105,0.000510722448907652,2.2585210345061113e-07,2.3297920799135522e-05,0.00047154017274193605,-3.491978400882445e-09,-0.0002792677135446224,-1.3877787807814457e-17,75.99999999999307
refined,7510102,responsive,minus,78.0,0.5893917590675749,46.18830823595568,0.05893917590675749,0.0005603621195442636,2.2585210345061113e-07,2.3297920799135522e-05,0.0005211798433785461,-2.790491615556334e-09,-0.00030853724682517597,-2.0816681711721685e-17,77.99999999999267
refined,7510102,responsive,minus,80.0,0.5894524713952737,47.36710063795501,0.058945247139527375,0.0005542908867743838,2.2585210345061113e-07,2.3297920799135522e-05,0.0005151086106086659,-5.1939685330459895e-09,-0.0003049587279638881,-1.3877787807814457e-17,79.99999999999227
refined,7510102,responsive,minus,82.0,0.5892639775017452,48.545914492889864,0.05892639775017452,0.000573140276127323,2.2585210345061113e-07,2.3297920799135522e-05,0.0005339579999616047,-1.06097400309757e-09,-0.0003160677706048262,6.938893903907228e-17,81.99999999999187
refined,7510102,responsive,minus,84.0,0.5889624307847887,49.7240910271851,0.05889624307847887,0.0006032949478229409,2.2585210345061113e-07,2.3297920799135522e-05,0.0005641126716572216,-8.981205501523704e-10,-0.00033383228586733593,3.469446951953614e-17,83.99999999999147
refined,7510102,responsive,minus,86.0,0.5892761699648448,50.90228889050018,0.05892761699648448,0.000571921029817294,2.2585210345061113e-07,2.3297920799135522e-05,0.0005327387536515744,-6.43479775019884e-09,-0.0003153493052418556,0.0,85.99999999999108
refined,7510102,responsive,minus,88.0,0.5889482163937874,52.08064435048744,0.05889482163937874,0.0006047163869231011,2.2585210345061113e-07,2.3297920799135522e-05,0.0005655341107573816,-1.6340570285766631e-09,-0.0003346694499925182,6.245004513516506e-17,87.99999999999068
refined,7510102,responsive,minus,90.0,0.5888557142742801,53.25839971374815,0.058885571427428014,0.000613966598873763,2.2585210345061113e-07,2.3297920799135522e-05,0.0005747843227080444,-7.02079477887807e-10,-0.0003401169179900569,0.0,89.99999999999028
refined,7510102,responsive,minus,92.0,0.588914242016003,54.43613868578887,0.0588914242016003,0.0006081138247015165,2.2585210345061113e-07,2.3297920799135522e-05,0.0005689315485357983,-1.9719218480318546e-09,-0.0003366703071995235,4.163336342344337e-17,91.99999999998988
refined,7510102,responsive,minus,94.0,0.5888447724887232,55.61402629729248,0.05888447724887233,0.0006150607774294536,2.2585210345061113e-07,2.3297920799135522e-05,0.0005758785012637362,-5.1040665582924305e-09,-0.00034076122529887523,6.938893903907228e-18,93.99999999998948
refined,7510102,responsive,minus,96.0,0.5886686628880559,56.79138657020452,0.058866866288805594,0.0006326717374961826,2.2585210345061113e-07,2.3297920799135522e-05,0.0005934894613304661,-5.574208761238708e-09,-0.00035112979634310815,6.938893903907228e-18,95.99999999998909
refined,7510102,responsive,minus,98.0,0.5886933763683709,57.968706746660445,0.0588693376368371,0.000630200389464719,2.2585210345061113e-07,2.3297920799135522e-05,0.0005910181132990028,-2.6462639579616365e-09,-0.0003496749606640634,4.163336342344337e-17,97.99999999998869
refined,7510102,responsive,minus,100.0,0.5882913813002959,59.14586489779055,0.058829138130029594,0.0006703998962721739,2.2585210345061113e-07,2.3297920799135522e-05,0.0006312176201064578,-1.381446623760496e-10,-0.00037333206405317995,-6.938893903907228e-18,99.99999999998829
refined,7510102,responsive,minus,102.0,0.5880823959396775,60.32212676750691,0.05880823959396775,0.0006912984323339688,2.2585210345061113e-07,2.3297920799135522e-05,0.0006521161561682518,5.895062160643505e-09,-0.0003856243089561083,-5.551115123125783e-17,101.99999999998789
refined,7510102,responsive,minus,104.0,0.5880637228267671,61.49837817480872,0.05880637228267672,0.0006931657436250354,2.2585210345061113e-07,2.3297920799135522e-05,0.0006539834674593191,-2.9094108511262817e-09,-0.00038672242441984556,-2.0816681711721685e-17,103.9999999999875
refined,7510102,responsive,minus,106.0,0.587696691400281,62.67408609811237,0.05876966914002811,0.0007298688862736263,2.2585210345061113e-07,2.3297920799135522e-05,0.0006906866101079092,-1.803351634688255e-09,-0.00040829947552182763,-3.469446951953614e-17,105.9999999999871
refined,7510102,responsive,minus,108.0,0.5876316957894422,63.849364807487696,0.05876316957894422,0.0007363684473574091,2.2585210345061113e-07,2.3297920799135522e-05,0.0006971861711916929,-6.170725042053959e-10,-0.00041211903484491066,-1.3877787807814457e-16,107.9999999999867
refined,7510102,responsive,minus,110.0,0.5875167439265192,65.02445527268185,0.05875167439265192,0.0007478636336497041,2.2585210345061113e-07,2.3297920799135522e-05,0.000708681357483988,-4.343730958256131e-09,-0.0004188733099627327,-1.457167719820518e-16,109.9999999999863
refined,7510102,responsive,minus,112.0,0.5875164552828791,66.19938668767743,0.05875164552828792,0.0007478924980137364,2.2585210345061113e-07,2.3297920799135522e-05,0.0007087102218480203,-5.138176245589321e-09,-0.00041889026825572134,-1.1796119636642288e-16,111.9999999999859
refined,7510102,responsive,minus,114.0,0.5876260119831354,67.37463227277291,0.05876260119831354,0.0007369368279881043,2.2585210345061113e-07,2.3297920799135522e-05,0.0006977545518223875,2.4507482432323258e-09,-0.00041245303170349065,-1.3183898417423734e-16,113.9999999999855
refined,7510102,responsive,minus,116.0,0.5876178911809945,68.54983317249469,0.05876178911809945,0.0007377489082021692,2.2585210345061113e-07,2.3297920799135522e-05,0.0006985666320364521,-8.441567028727448e-09,-0.0004129302278637337,-1.5265566588595902e-16,115.9999999999851
refined,7510102,responsive,minus,118.0,0.587552768450091,69.72498783144903,0.0587552768450091,0.0007442611812925462,2.2585210345061113e-07,2.3297920799135522e-05,0.0007050789051268282,-4.471178122189556e-09,-0.0004167567439953765,-1.3183898417423734e-16,117.99999999998471
refined,7510102,responsive,minus,120.0,0.5870749613840013,70.89976855841789,0.05870749613840013,0.0007920418879014678,2.2585210345061113e-07,2.3297920799135522e-05,0.0007528596117357494,-8.41037869903083e-09,-0.00044481901546235963,-1.8041124150158794e-16,119.99999999998431
refined,7510102,responsive,minus,122.0,0.5870399682804927,72.0736877711636,0.05870399682804927,0.0007955411982523623,2.2585210345061113e-07,2.3297920799135522e-05,0.000756358922086645,-2.3359874312678386e-09,-0.00044687331172559713,-1.457167719820518e-16,121.99999999998391
refined,7510102,responsive,minus,124.0,0.586828750113512,73.24768665429059,0.05868287501135121,0.0008166630149504322,2.2585210345061113e-07,2.3297920799135522e-05,0.0007774807387847137,7.937886958853113e-09,-0.0004592704316743468,-1.3877787807814457e-16,123.99999999998352
refined,7510102,responsive,minus,126.0,0.586380543756941,74.4207605955339,0.0586380543756941,0.0008614836506075291,2.2585210345061113e-07,2.3297920799135522e-05,0.0008223013744418118,-4.296488997912462e-09,-0.00048556242482939924,-1.457167719820518e-16,125.99999999998312
refined,7510102,responsive,minus,128.0,0.5864526837882442,75.59358275422579,0.058645268378824424,0.0008542696474772357,2.2585210345061113e-07,2.3297920799135522e-05,0.0008150873713115169,-1.0070856648614068e-09,-0.0004813320135419706,-1.1796119636642288e-16,127.99999999998273
refined,7510102,responsive,minus,130.0,0.5862177404072102,76.76636238429151,0.058621774040721025,0.0008777639855806491,2.2585210345061113e-07,2.3297920799135522e-05,0.0008385817094149306,6.16587891855147e-11,-0.0004951075712569218,-1.0408340855860843e-16,129.99999999998374
refined,7510102,responsive,minus,132.0,0.5858735329334986,77.9382157022287,0.05858735329334987,0.0009121847329518221,2.2585210345061113e-07,2.3297920799135522e-05,0.0008730024567861025,-6.844899369529145e-09,-0.0005152797000647219,-9.020562075079397e-17,131.99999999998477
refined,7510102,responsive,minus,134.0,0.5860582812254447,79.11038919361876,0.05860582812254447,0.0008937099037572676,2.2585210345061113e-07,2.3297920799135522e-05,0.0008545276275915474,-6.250813450181525e-09,-0.0005044540800175669,-3.469446951953614e-17,133.9999999999858
refined,7510102,responsive,minus,136.0,0.5858780355915797,80.282338558558,0.05858780355915798,0.0009117344671437747,2.2585210345061113e-07,2.3297920799135522e-05,0.0008725521909780545,-1.6095678678773595e-09,-0.0005150159002312686,-2.7755575615628914e-17,135.9999999999868
refined,7510102,responsive,minus,138.0,0.5860093002367047,81.45398849291844,0.05860093002367048,0.0008986080026312438,2.2585210345061113e-07,2.3297920799135522e-05,0.0008594257264655235,-2.8677061281179306e-09,-0.0005073245314680709,-5.551115123125783e-17,137.99999999998784
refined,7510102,responsive,minus,140.0,0.5861596251710444,82.62635881200114,0.05861596251710444,0.0008835755091973239,2.2585210345061113e-07,2.3297920799135522e-05,0.0008443932330316035,-5.671879632629384e-09,-0.000498514220630724,-6.938893903907228e-18,139.99999999998886
refined,7510102,responsive,minus,142.0,0.5857038289303498,83.79819846827442,0.058570382893034977,0.0009291551332667441,2.2585210345061113e-07,2.3297920799135522e-05,0.0008899728571010243,-5.741576381002034e-10,-0.0005252207684800676,-5.551115123125783e-17,141.99999999998988
refined,7510102,responsive,minus,144.0,0.5855173617170519,84.96931481662409,0.05855173617170519,0.0009478018545965734,2.2585210345061113e-07,2.3297920799135522e-05,0.0009086195784308532,2.746902927341921e-09,-0.0005361404860588399,-1.3877787807814457e-17,143.9999999999909
refined,7510102,responsive,minus,146.0,0.585452483419989,86.14057112766417,0.05854524834199891,0.0009542896843027527,2.2585210345061113e-07,2.3297920799135522e-05,0.0009151074081370324,2.068784005215818e-09,-0.0005399390125320584,-1.1796119636642288e-16,145.99999999999193
refined,7510102,responsive,minus,148.0,0.5851464930816669,87.31115143915234,0.05851464930816669,0.0009848887181350284,2.2585210345061113e-07,2.3297920799135522e-05,0.0009457064419693073,-8.942746820839176e-10,-0.0005578486113750267,-6.245004513516506e-17,147.99999999999295
refined,7510102,responsive,minus,150.0,0.5851941391979812,88.4814075513441,0.058519413919798126,0.000980124106503572,2.2585210345061113e-07,2.3297920799135522e-05,0.0009409418303378503,4.14622314259816e-09,-0.0005550605020803769,-8.326672684688674e-17,149.99999999999397
refined,7510102,responsive,minus,152.0,0.5848444558565072,89.65142731572537,0.05848444558565073,0.0010150924406509985,2.2585210345061113e-07,2.3297920799135522e-05,0.0009759101644852796,-6.402914032310747e-09,-0.0005755176523589839,-4.163336342344337e-17,151.999999999995
refined,7510102,responsive,minus,154.0,0.5846828005512632,90.82090755785312,0.058468280055126325,0.0010312579711754374,2.2585210345061113e-07,2.3297920799135522e-05,0.0009920756950097176,-2.0432275593673666e-09,-0.0005849706666402749,-1.3877787807814457e-17,153.99999999999602
refined,7510102,responsive,minus,156.0,0.5849119278504258,91.99051227612732,0.05849119278504258,0.0010083452412592093,2.2585210345061113e-07,2.3297920799135522e-05,0.0009691629650934891,-3.0298830111519237e-10,-0.0005715713625786059,6.938893903907228e-18,155.99999999999704
refined,7510102,responsive,minus,158.0,0.5846990859425785,93.1601680090086,0.05846990859425785,0.0010296294320439065,2.2585210345061113e-07,2.3297920799135522e-05,0.0009904471558781888,-1.1792218590489512e-09,-0.0005840184745593488,-1.3877787807814457e-17,157.99999999999807
refined,7510102,responsive,minus,160.0,0.5842002170378664,94.32896337766205,0.05842002170378664,0.0010795163225151203,2.2585210345061113e-07,2.3297920799135522e-05,0.001040334046349404,2.7297991367358776e-09,-0.0006131748503091783,-6.938893903907228e-18,159.9999999999991
refined,7510102,responsive,minus,162.0,0.5840268661698406,95.49732169179637,0.05840268661698406,0.0010968514093177336,2.2585210345061113e-07,2.3297920799135522e-05,0.0010576691331520153,-6.220550491375931e-09,-0.0006233005092554436,2.0816681711721685e-17,162.0000000000001
refined,7510102,responsive,minus,164.0,0.5837250335454652,96.66509931166485,0.05837250335454652,0.0011270346717552496,2.2585210345061113e-07,2.3297920799135522e-05,0.0010878523955895312,7.050322270441001e-10,-0.0006409237902809638,0.0,164.00000000000114
refined,7510102,responsive,minus,166.0,0.5836815042717878,97.83247239616364,0.05836815042717878,0.0011313875991229476,2.2585210345061113e-07,2.3297920799135522e-05,0.0010922053229572293,-1.2874340482582625e-11,-0.000643464608214836,-4.85722573273506e-17,166.00000000000216
refined,7510102,responsive,minus,168.0,0.5833678871781268,98.99950824631571,0.058336788717812685,0.001162749308489055,2.2585210345061113e-07,2.3297920799135522e-05,0.0011235670323233382,-2.0520973809112775e-10,-0.0006617649401301044,-3.469446951953614e-17,168.00000000000318
refined,7510102,responsive,minus,170.0,0.5832331693854925,100.16601953463116,0.05832331693854926,0.0011762210877524298,2.2585210345061113e-07,2.3297920799135522e-05,0.0011370388115867142,-1.7644775363034881e-09,-0.0006696230360913533,-8.326672684688674e-17,170.0000000000042
refined,7510102,responsive,minus,172.0,0.5833813409396066,101.3327443751554,0.058338134093960665,0.0011614039323410178,2.2585210345061113e-07,2.3297920799135522e-05,0.0011222216561753051,1.993270382083523e-09,-0.0006609800818390098,-8.326672684688674e-17,172.00000000000523
refined,7510102,responsive,minus,174.0,0.582844274061592,102.49883115429297,0.0582844274061592,0.0012151106201425254,2.2585210345061113e-07,2.3297920799135522e-05,0.0011759283439768103,-9.049697380358879e-10,-0.0006922971393444784,-4.163336342344337e-17,174.00000000000625
refined,7510102,responsive,minus,176.0,0.5827918428506684,103.66457628612748,0.05827918428506684,0.0012203537412348916,2.2585210345061113e-07,2.3297920799135522e-05,0.001181171465069176,-3.097147871500283e-09,-0.0006953529249997779,-3.469446951953614e-17,176.00000000000728
refined,7510102,responsive,minus,178.0,0.5821701421512334,104.82969004429896,0.05821701421512335,0.0012825238111783903,2.2585210345061113e-07,2.3297920799135522e-05,0.0012433415350126742,3.394327319217183e-10,-0.0007315658090443211,-3.469446951953614e-17,178.0000000000083
refined,7510102,responsive,minus,180.0,0.5819903706616493,105.99358045995379,0.05819903706616493,0.0013005009601368002,2.2585210345061113e-07,2.3297920799135522e-05,0.0012613186839710853,4.562655253614878e-10,-0.000742029952519492,-4.163336342344337e-17,180.00000000000932
refined,7510102,responsive,minus,182.0,0.5821959774936686,107.15791737936661,0.05821959774936686,0.0012799402769349134,2.2585210345061113e-07,2.3297920799135522e-05,0.0012407580007691985,-5.350068832399302e-09,-0.0007300617191732771,0.0,182.00000000001035
refined,7510102,responsive,minus,184.0,0.5817580860669537,108.32185207217968,0.05817580860669537,0.0013237294196063408,2.2585210345061113e-07,2.3297920799135522e-05,0.0012845471434406253,-9.237333647993395e-09,-0.0007555459944494358,-6.245004513516506e-17,184.00000000001137
refined,7510102,responsive,minus,186.0,0.5821148302470003,109.48559310032341,0.05821148302470003,0.0012880550016017417,2.2585210345061113e-07,2.3297920799135522e-05,0.0012488727254360294,-6.5322854347904524e-09,-0.0007347857499889927,0.0,186.0000000000124
refined,7510102,responsive,minus,188.0,0.5816914091917673,110.6496803677,0.058169140919176736,0.001330397107125005,2.2585210345061113e-07,2.3297920799135522e-05,0.0012912148309592913,-1.6777861600036914e-09,-0.0007594247532884818,-2.7755575615628914e-17,188.00000000001342
refined,7510102,responsive,minus,190.0,0.5810219349844772,111.81220516062382,0.05810219349844772,0.0013973445278539155,2.2585210345061113e-07,2.3297920799135522e-05,0.0013581622516882026,-3.02419425612932e-09,-0.0007983450830083873,-1.3877787807814457e-16,190.00000000001444
refined,7510102,responsive,minus,192.0,0.5809479168217132,112.97411363180476,0.058094791682171326,0.0014047463441302758,2.2585210345061113e-07,2.3297920799135522e-05,0.0013655640679645605,-6.629202381480681e-09,-0.0008026454266892753,-1.734723475976807e-16,192.00000000001546
refined,7510102,responsive,minus,194.0,0.580455461145338,114.13560891481706,0.058045546114533796,0.0014539919117677865,2.2585210345061113e-07,2.3297920799135522e-05,0.0014148096356020724,-6.207896613430464e-09,-0.000831242410991341,-1.8735013540549517e-16,194.00000000001648
refined,7510102,responsive,minus,196.0,0.5802574405899483,115.29625408750714,0.05802574405899484,0.001473793967306816,2.2585210345061113e-07,2.3297920799135522e-05,0.0014346116911410991,-7.500136151028514e-09,-0.0008427346616638118,-1.1796119636642288e-16,196.0000000000175
refined,7510102,responsive,minus,198.0,0.5805663109804358,116.45701628166312,0.058056631098043585,0.0014429069282580144,2.2585210345061113e-07,2.3297920799135522e-05,0.0014037246520923002,-3.5456433067349025e-09,-0.0008248074573920794,-1.734723475976807e-16,198.00000000001853
refined,7510102,responsive,minus,200.0,0.5803908977718415,117.61812979254519,0.05803908977718415,0.0014604482491174674,2.2585210345061113e-07,2.3297920799135522e-05,0.0014212659729517525,-4.830925465215685e-09,-0.0008349898188434804,-1.5265566588595902e-16,200.00000000001955
refined,7510103,responsive,F0,0.0,0.5946035575013605,0.0,0.05946035575013606,0.0,0.0,0.0,,,,,0.0
refined,7510103,responsive,F0,2.0,0.5946035575013605,1.1892071150027101,0.05946035575013606,8.197091411127321e-09,1.1649930555147648e-07,4.874019714220124e-09,,,,,1.9999999999999685
refined,7510103,responsive,F0,4.0,0.5946035575013605,2.37841423000542,0.05946035575013606,-1.59652553877186e-06,-2.1403170796261352e-07,-9.492997649955275e-07,,,,,3.999999999999926
refined,7510103,responsive,F0,6.0,0.5946035575013605,3.5676213450080083,0.05946035575013606,5.126863037163781e-06,-1.8322899829407342e-06,3.048451000719809e-06,,,,,6.000000000000238
refined,7510103,responsive,F0,8.0,0.5946035575013605,4.756828460010823,0.05946035575013606,4.9139904584719725e-06,6.410706960896842e-07,2.9218762081351894e-06,,,,,8.00000000000055
refined,7510103,responsive,F0,10.0,0.5946035575013605,5.946035575013767,0.05946035575013606,-3.666119699216466e-06,-1.0103187892897953e-06,-2.179887815379906e-06,,,,,10.000000000000153
refined,7510103,responsive,F0,12.0,0.5946035575013605,7.13524269001671,0.05946035575013606,3.288670481454501e-05,-1.3257392552199464e-06,1.9554551677225606e-05,,,,,11.999999999999755
refined,7510103,responsive,F0,14.0,0.5946035575013605,8.324449805019654,0.05946035575013606,6.407171764681329e-06,1.5655059101285177e-06,3.80972712480182e-06,,,,,13.999999999999357
refined,7510103,responsive,F0,16.0,0.5946035575013605,9.513656920022598,0.05946035575013606,2.1222833313833716e-05,1.0296128531690013e-06,1.2619172188663942e-05,,,,,15.999999999998959
refined,7510103,responsive,F0,18.0,0.5946035575013605,10.702864035025542,0.05946035575013606,6.1025787467926735e-05,1.5068455207686022e-06,3.628615032775116e-05,,,,,17.999999999999982
refined,7510103,responsive,F0,20.0,0.5946035575013605,11.892071150028485,0.05946035575013606,2.380014782623533e-05,1.5870629540467123e-06,1.4151652566537755e-05,0.0,0.0,0.0,0.0,20.000000000001005
refined,7510103,responsive,F0,22.0,0.5943671683190394,13.081269374234573,0.05943671683190394,4.7439066058306975e-05,1.5870629540467123e-06,1.4151652566537755e-05,2.363891823207184e-05,5.576375750049323e-10,-1.4052990884021177e-05,-4.163336342344337e-17,22.00000000000114
refined,7510103,responsive,F0,24.0,0.5938044115899807,14.269234476367567,0.059380441158998064,0.00010371473896417277,1.5870629540467123e-06,1.4151652566537755e-05,7.991459113793784e-05,4.140601722602e-09,-4.74855684775323e-05,-5.551115123125783e-17,24.000000000001275
refined,7510103,responsive,F0,26.0,0.5935934097795307,15.456726356551126,0.05935934097795307,0.0001248149200091602,1.5870629540467123e-06,1.4151652566537755e-05,0.00010101477218292499,-9.656899613297298e-09,-6.001272297919899e-05,-6.245004513516506e-17,26.00000000000141
refined,7510103,responsive,F0,28.0,0.5927305663368234,16.64315367814077,0.05927305663368235,0.0002110992642799146,1.5870629540467123e-06,1.4151652566537755e-05,0.00018729911645367958,3.790948499560187e-09,-0.00011119331616511394,-2.7755575615628914e-17,28.000000000001545
refined,7510103,responsive,F0,30.0,0.5923161708015223,17.828094584482308,0.05923161708015223,0.0002525388178100799,1.5870629540467123e-06,1.4151652566537755e-05,0.00022873866998384483,1.0609345929557534e-08,-0.00013574722001478273,2.0816681711721685e-17,30.00000000000168
refined,7510103,responsive,F0,32.0,0.5919386833837104,19.012420130264008,0.05919386833837104,0.00029028755959125725,1.5870629540467123e-06,1.4151652566537755e-05,0.0002664874117650224,1.5354018334523545e-09,-0.00015809928536165974,6.938893903907228e-18,32.00000000000181
refined,7510103,responsive,F0,34.0,0.591131392079671,20.195347626754046,0.059113139207967104,0.0003710166899951483,1.5870629540467123e-06,1.4151652566537755e-05,0.0003472165421689133,-3.7151817733338532e-09,-0.00020585339456119858,-4.163336342344337e-17,34.00000000000142
refined,7510103,responsive,F0,36.0,0.5910723320018779,21.377516626423855,0.05910723320018779,0.00037692269777443065,1.5870629540467123e-06,1.4151652566537755e-05,0.00035312254994819504,2.641916435619507e-09,-0.0002093444467567776,-6.938893903907228e-17,36.00000000000102
refined,7510103,responsive,F0,38.0,0.590749483466624,22.559455845546875,0.0590749483466624,0.00040920755129979924,1.5870629540467123e-06,1.4151652566537755e-05,0.00038540740347356374,8.72230343507141e-10,-0.00022842191885953655,-9.020562075079397e-17,38.000000000000625
refined,7510103,responsive,F0,40.0,0.590327332717272,23.740323588288604,0.05903273327172721,0.0004514226262349923,1.5870629540467123e-06,1.4151652566537755e-05,0.0004276224784087562,5.351804610587152e-09,-0.0002533515420092454,-9.020562075079397e-17,40.00000000000023
refined,7510103,responsive,F0,42.0,0.5903189418353348,24.921044343528358,0.05903189418353349,0.0004522617144287181,1.5870629540467123e-06,1.4151652566537755e-05,0.00042846156660248237,1.1782083253475406e-08,-0.0002538468751842153,-8.326672684688674e-17,41.99999999999983
refined,7510103,responsive,F0,44.0,0.5893249670399913,26.100653111058815,0.05893249670399913,0.0005516591939631133,1.5870629540467123e-06,1.4151652566537755e-05,0.0005278590461368782,9.76606803759772e-09,-0.00031247369082934573,-4.85722573273506e-17,43.99999999999943
refined,7510103,responsive,F0,46.0,0.5889346126550851,27.278822994283793,0.058893461265508505,0.0005906946324537555,1.5870629540467123e-06,1.4151652566537755e-05,0.0005668944846275197,4.24318952196856e-09,-0.0003354706305039347,-3.469446951953614e-17,45.999999999999034
refined,7510103,responsive,F0,48.0,0.5885915481179245,28.456510444417347,0.05885915481179245,0.0006250010861698472,1.5870629540467123e-06,1.4151652566537755e-05,0.0006012009383436129,-3.416470994999088e-10,-0.0003556690038709377,6.938893903907228e-18,47.999999999998636
refined,7510103,responsive,F0,50.0,0.5877874942221643,29.632698852801823,0.058778749422216434,0.0007054064757458083,1.5870629540467123e-06,1.4151652566537755e-05,0.0006816063279195749,1.0558609264688101e-09,-0.00040296261146514564,-4.85722573273506e-17,49.99999999999824
refined,7510103,responsive,F0,52.0,0.5876585881162871,30.808028792801455,0.05876585881162871,0.0007182970863335082,1.5870629540467123e-06,1.4151652566537755e-05,0.0006944969385072751,3.1447726922539943e-09,-0.0004105387203222899,-6.938893903907228e-17,51.99999999999784
refined,7510103,responsive,F0,54.0,0.587317666739026,31.983178347041207,0.058731766673902605,0.0007523892240596744,1.5870629540467123e-06,1.4151652566537755e-05,0.0007285890762334421,1.235539423549703e-08,-0.000430567446475006,-6.938893903907228e-18,53.99999999999744
refined,7510103,responsive,F0,56.0,0.5871036076316039,33.157469726161985,0.05871036076316039,0.0007737951348018705,1.5870629540467123e-06,1.4151652566537755e-05,0.0007499949869756388,1.439111441126073e-09,-0.00044313722496147276,-2.7755575615628914e-17,55.999999999997044
refined,7510103,responsive,F0,58.0,0.5868734140656451,34.331585535939105,0.058687341406564515,0.0007968144913977677,1.5870629540467123e-06,1.4151652566537755e-05,0.0007730143435715375,7.025931836324162e-09,-0.00045664932281037907,-6.938893903907228e-18,57.999999999996646
refined,7510103,responsive,F0,60.0,0.5862535329683765,35.5047313767469,0.05862535329683765,0.0008588026011246806,1.5870629540467123e-06,1.4151652566537755e-05,0.0008350024532984505,-6.1148216490281015e-09,-0.0004930092837685252,4.163336342344337e-17,59.99999999999625
refined,7510103,responsive,F0,62.0,0.5862446614651556,36.67700534470553,0.058624466146515564,0.000859689751446752,1.5870629540467123e-06,1.4151652566537755e-05,0.0008358896036205207,4.207825921032082e-09,-0.0004935293748439401,2.7755575615628914e-17,61.99999999999585
refined,7510103,responsive,F0,64.0,0.5861694912167331,37.84940991976942,0.05861694912167332,0.0008672067762890051,1.5870629540467123e-06,1.4151652566537755e-05,0.0008434066284627734,5.101776529015112e-09,-0.0004979359079994965,3.469446951953614e-17,63.99999999999545
refined,7510103,responsive,F0,66.0,0.5858486981470227,39.02143984662615,0.058584869814702276,0.0008992860832601102,1.5870629540467123e-06,1.4151652566537755e-05,0.0008754859354338794,6.749961228846857e-09,-0.0005167346736356174,9.71445146547012e-17,65.99999999999505
refined,7510103,responsive,F0,68.0,0.5864481804550755,40.19379599267439,0.05864481804550755,0.0008393378524548321,1.5870629540467123e-06,1.4151652566537755e-05,0.0008155377046286009,1.134358579291117e-08,-0.0004815961117102495,9.71445146547012e-17,67.99999999999466
refined,7510103,responsive,F0,70.0,0.5862044688664497,41.36647684390594,0.05862044688664497,0.000863709011317398,1.5870629540467123e-06,1.4151652566537755e-05,0.0008399088634911673,5.153097809573737e-09,-0.0004958855637138652,8.326672684688674e-17,69.99999999999426
refined,7510103,responsive,F0,72.0,0.5862086262038839,42.53853795670594,0.058620862620388396,0.0008632932775740251,1.5870629540467123e-06,1.4151652566537755e-05,0.0008394931297477946,-1.2427231743661338e-09,-0.0004956418578714421,1.3183898417423734e-16,71.99999999999386
refined,7510103,responsive,F0,74.0,0.5868138450835254,43.71167704429852,0.058681384508352544,0.0008027713896098408,1.5870629540467123e-06,1.4151652566537755e-05,0.0007789712417836102,1.6519854095786712e-09,-0.0004601450905780992,9.71445146547012e-17,73.99999999999346
refined,7510103,responsive,F0,76.0,0.5866684739841626,44.88518675261937,0.05866684739841626,0.0008173084995461816,1.5870629540467123e-06,1.4151652566537755e-05,0.0007935083517199522,1.456491677265248e-09,-0.00046867461131838706,1.5265566588595902e-16,75.99999999999307
refined,7510103,responsive,F0,78.0,0.5872167650388002,46.0588496677432,0.058721676503880015,0.0007624793940823704,1.5870629540467123e-06,1.4151652566537755e-05,0.000738679246256141,5.159776383933945e-09,-0.0004364930725320182,9.71445146547012e-17,77.99999999999267
refined,7510103,responsive,F0,80.0,0.5876015456539302,47.233877817076646,0.05876015456539302,0.0007240013325694343,1.5870629540467123e-06,1.4151652566537755e-05,0.000700201184743205,2.5573919371080223e-09,-0.0004138907069192975,1.6653345369377348e-16,79.99999999999227
refined,7510103,responsive,F0,82.0,0.5876567361154551,48.40903803450529,0.05876567361154551,0.0007184822864169988,1.5870629540467123e-06,1.4151652566537755e-05,0.000694682138590769,1.9387572103291006e-10,-0.0004106475545702058,2.220446049250313e-16,81.99999999999187
refined,7510103,responsive,F0,84.0,0.5883037050644593,49.58496001372353,0.05883037050644593,0.0006537853915165442,1.5870629540467123e-06,1.4151652566537755e-05,0.0006299852436903146,1.7863158174868943e-09,-0.00037260706003517524,1.8735013540549517e-16,83.99999999999147
refined,7510103,responsive,F0,86.0,0.5880426095642678,50.76155321015763,0.05880426095642678,0.0006798949415357756,1.5870629540467123e-06,1.4151652566537755e-05,0.0006560947937095461,7.671554280719306e-09,-0.0003879639965059939,2.706168622523819e-16,85.99999999999108
refined,7510103,responsive,F0,88.0,0.5880084034399607,51.93736040880357,0.058800840343996075,0.0006833155539664989,1.5870629540467123e-06,1.4151652566537755e-05,0.0006595154061402693,6.6176931712291776e-09,-0.0003899754038631069,2.8449465006019636e-16,87.99999999999068
refined,7510103,responsive,F0,90.0,0.5883878937880205,53.11387517369391,0.058838789378802055,0.0006453665191604571,1.5870629540467123e-06,1.4151652566537755e-05,0.0006215663713342273,9.532993561212066e-10,-0.00036765385184854213,2.220446049250313e-16,89.99999999999028
refined,7510103,responsive,F0,92.0,0.5880028292006689,54.29034468288704,0.05880028292006689,0.0006838729778956031,1.5870629540467123e-06,1.4151652566537755e-05,0.0006600728300693743,-2.7954725756451637e-09,-0.0003903031722641351,2.0816681711721685e-16,91.99999999998988
refined,7510103,responsive,F0,94.0,0.5880253282332502,55.46625982445195,0.058802532823325024,0.0006816230746374898,1.5870629540467123e-06,1.4151652566537755e-05,0.0006578229268112617,4.813069692799488e-09,-0.0003889801974726048,2.2898349882893854e-16,93.99999999998948
refined,7510103,responsive,F0,96.0,0.5877607236314351,56.64206305457363,0.058776072363143514,0.0007080835348189548,1.5870629540467123e-06,1.4151652566537755e-05,0.0006842833869927259,-1.9468371359465664e-11,-0.0004045361174762757,1.8041124150158794e-16,95.99999999998909
refined,7510103,responsive,F0,98.0,0.5872004594751742,57.817003257083904,0.05872004594751742,0.0007641099504451179,1.5870629540467123e-06,1.4151652566537755e-05,0.0007403098026188892,-4.678939180546848e-10,-0.0004374505492709055,2.498001805406602e-16,97.99999999998869
refined,7510103,responsive,F0,100.0,0.5871002226117754,58.991344777523736,0.058710022261177545,0.0007741336367850102,1.5870629540467123e-06,1.4151652566537755e-05,0.0007503334889587815,-1.905965163473411e-09,-0.0004433359601238758,2.706168622523819e-16,99.99999999998829
refined,7510103,responsive,F0,102.0,0.5867374988764604,60.16521634240558,0.058673749887646044,0.0008104060103165094,1.5870629540467123e-06,1.4151652566537755e-05,0.0007866058624902807,4.753581916983052e-09,-0.0004646249002734672,2.706168622523819e-16,101.99999999998789
refined,7510103,responsive,F0,104.0,0.5866892815755339,61.33852042832661,0.05866892815755339,0.0008152277404092021,1.5870629540467123e-06,1.4151652566537755e-05,0.0007914275925829738,5.055541957288412e-09,-0.00046745387388288234,3.0531133177191805e-16,103.9999999999875
refined,7510103,responsive,F0,106.0,0.5863750663258507,62.511588076182,0.058637506632585074,0.0008466492653774413,1.5870629540467123e-06,1.4151652566537755e-05,0.0008228491175512123,-1.5600019331873938e-09,-0.00048588360923139395,2.2898349882893854e-16,105.9999999999871
refined,7510103,responsive,F0,108.0,0.5863064361706253,63.684399370021964,0.058630643617062536,0.0008535122809000275,1.5870629540467123e-06,1.4151652566537755e-05,0.0008297121330737995,2.941813570522811e-09,-0.00048990767490871,2.7755575615628914e-16,107.9999999999867
refined,7510103,responsive,F0,110.0,0.5863144701426375,64.85704450935658,0.05863144701426375,0.0008527088836987731,1.5870629540467123e-06,1.4151652566537755e-05,0.000828908735872545,5.2600502564725815e-09,-0.0004894366347316,2.42861286636753e-16,109.9999999999863
refined,7510103,responsive,F0,112.0,0.5858071211424652,66.02904337559252,0.05858071211424653,0.000903443783715981,1.5870629540467123e-06,1.4151652566537755e-05,0.0008796436358897537,6.24218149392064e-10,-0.0005191703706025376,2.2898349882893854e-16,111.9999999999859
refined,7510103,responsive,F0,114.0,0.5854926669865071,67.20040411477318,0.05854926669865072,0.0009348891993117536,1.5870629540467123e-06,1.4151652566537755e-05,0.000911089051485526,7.51215584182674e-09,-0.0005375863749150361,1.942890293094024e-16,113.9999999999855
refined,7510103,responsive,F0,116.0,0.5851326432532258,68.37097963094071,0.058513264325322584,0.0009708915726399194,1.5870629540467123e-06,1.4151652566537755e-05,0.0009470914248136917,5.285115928232997e-09,-0.000558659019638346,2.1510571102112408e-16,115.9999999999851
refined,7510103,responsive,F0,118.0,0.5848783465829307,69.54101904485657,0.058487834658293075,0.0009963212396694046,1.5870629540467123e-06,1.4151652566537755e-05,0.0009725210918431757,2.2041564962105298e-09,-0.0005735355145845451,1.942890293094024e-16,117.99999999998471
refined,7510103,responsive,F0,120.0,0.5850374888902651,70.71094150189688,0.05850374888902651,0.000980407008935993,1.5870629540467123e-06,1.4151652566537755e-05,0.0009566068611097638,3.3065246651808877e-09,-0.0005642263593123344,2.220446049250313e-16,119.99999999998431
refined,7510103,responsive,F0,122.0,0.5853732509494795,71.8814705862897,0.058537325094947947,0.0009468308030145567,1.5870629540467123e-06,1.4151652566537755e-05,0.0009230306551883276,-1.4114460988867705e-09,-0.0005445773833055757,2.1510571102112408e-16,121.99999999998391
refined,7510103,responsive,F0,124.0,0.5850291725666393,73.05177711693085,0.05850291725666394,0.0009812386412985728,1.5870629540467123e-06,1.4151652566537755e-05,0.0009574384934723436,4.506914091928493e-09,-0.0005647128919633523,2.2898349882893854e-16,123.99999999998352
refined,7510103,responsive,F0,126.0,0.5848076013496776,74.22157288319946,0.058480760134967766,0.0010033957629947603,1.5870629540467123e-06,1.4151652566537755e-05,0.0009795956151685318,1.0358209845406918e-09,-0.0005776729998455132,2.42861286636753e-16,125.99999999998312
refined,7510103,responsive,F0,128.0,0.5847071508349436,75.39114629105885,0.05847071508349437,0.0010134408144681264,1.5870629540467123e-06,1.4151652566537755e-05,0.0009896406666418981,-1.5241627682183179e-09,-0.0005835469177878083,2.1510571102112408e-16,127.99999999998273
refined,7510103,responsive,F0,130.0,0.5844819235376544,76.56021034144783,0.058448192353765444,0.0010359635441971053,1.5870629540467123e-06,1.4151652566537755e-05,0.0010121633963708783,7.131389201386895e-09,-0.0005967135825498647,2.636779683484747e-16,129.99999999998374
refined,7510103,responsive,F0,132.0,0.5845708341876975,77.72919553570908,0.058457083418769755,0.001027072479192804,1.5870629540467123e-06,1.4151652566537755e-05,0.0010032723313665747,5.392075841381683e-09,-0.0005915165205186597,2.706168622523819e-16,131.99999999998477
refined,7510103,responsive,F0,134.0,0.5842643974302785,78.89823813780497,0.05842643974302785,0.0010577161549347063,1.5870629540467123e-06,1.4151652566537755e-05,0.0010339160071084774,2.0703876946193134e-09,-0.0006094252244353664,2.706168622523819e-16,133.9999999999858
refined,7510103,responsive,F0,136.0,0.5839028218666168,80.06623949286598,0.05839028218666169,0.0010938737113008834,1.5870629540467123e-06,1.4151652566537755e-05,0.001070073563474655,6.438133359765175e-10,-0.0006305442604737817,2.8449465006019636e-16,135.9999999999868
refined,7510103,responsive,F0,138.0,0.5842578422050355,81.23429642483636,0.058425784220503554,0.001058371677458988,1.5870629540467123e-06,1.4151652566537755e-05,0.0010345715296327612,1.555500533934051e-09,-0.00060980822075948,2.5673907444456745e-16,137.99999999998784
refined,7510103,responsive,F0,140.0,0.5842293174997418,82.40278552136387,0.05842293174997419,0.0010612241479883299,1.5870629540467123e-06,1.4151652566537755e-05,0.0010374240001621007,2.699227341640409e-09,-0.0006114747583529784,2.3592239273284576e-16,139.99999999998886
refined,7510103,responsive,F0,142.0,0.5841521084348807,83.5711101347093,0.05841521084348807,0.0010689450544744703,1.5870629540467123e-06,1.4151652566537755e-05,0.0010451449066482404,1.145110201106192e-09,-0.0006159852402178555,2.5673907444456745e-16,141.99999999998988
refined,7510103,responsive,F0,144.0,0.5841491911218408,84.73952543655975,0.058414919112184084,0.0010692367857785023,1.5870629540467123e-06,1.4151652566537755e-05,0.0010454366379522725,9.361552866238299e-09,-0.0006161556552486437,2.983724378680108e-16,143.9999999999909
refined,7510103,responsive,F0,146.0,0.5838219473769032,85.90759075046458,0.058382194737690324,0.001101961160272284,1.5870629540467123e-06,1.4151652566537755e-05,0.0010781610124460542,5.7098096806207366e-09,-0.0006352662177157124,3.191891195797325e-16,145.99999999999193
refined,7510103,responsive,F0,148.0,0.5837136190639151,87.07502619428016,0.05837136190639151,0.0011127939915711053,1.5870629540467123e-06,1.4151652566537755e-05,0.001088993843744874,-5.895946869616253e-09,-0.0006415900756290213,3.2612801348363973e-16,147.99999999999295
refined,7510103,responsive,F0,150.0,0.5836243531388942,88.24236763908559,0.05836243531388942,0.0011217205840732532,1.5870629540467123e-06,1.4151652566537755e-05,0.001097920436247022,-2.153491079903702e-09,-0.0006468002508240554,3.8163916471489756e-16,149.99999999999397
refined,7510103,responsive,F0,152.0,0.5833490365149891,89.40934760112927,0.05833490365149892,0.001149252246463731,1.5870629540467123e-06,1.4151652566537755e-05,0.0011254520986375,3.929521763534893e-09,-0.0006628646095153817,3.608224830031759e-16,151.999999999995
refined,7510103,responsive,F0,154.0,0.5829953194441277,90.57559205715852,0.05829953194441278,0.001184623953549786,1.5870629540467123e-06,1.4151652566537755e-05,0.0011608238057235548,2.807479609900909e-09,-0.000683492404975658,2.7755575615628914e-16,153.99999999999602
refined,7510103,responsive,F0,156.0,0.5829770978270259,91.74171337802795,0.05829770978270259,0.0011864461152599215,1.5870629540467123e-06,1.4151652566537755e-05,0.0011626459674336901,-5.396469660023939e-10,-0.0006845547001226027,2.2898349882893854e-16,155.99999999999704
refined,7510103,responsive,F0,158.0,0.5827670650773551,92.90747805354768,0.05827670650773552,0.001207449390227123,1.5870629540467123e-06,1.4151652566537755e-05,0.0011836492424008908,9.560255559426523e-09,-0.0006967969227199729,3.5388358909926865e-16,157.99999999999807
refined,7510103,responsive,F0,160.0,0.5826078008285617,94.07261649969304,0.05826078008285617,0.0012233758151063855,1.5870629540467123e-06,1.4151652566537755e-05,0.0011995756672801552,1.878848715497483e-09,-0.0007060770503490368,2.706168622523819e-16,159.9999999999991
refined,7510103,responsive,F0,162.0,0.5824288370119874,95.2376873259606,0.05824288370119875,0.0012412721967637816,1.5870629540467123e-06,1.4151652566537755e-05,0.001217472048937551,6.646998534920456e-09,-0.0007165020205068748,2.42861286636753e-16,162.0000000000001
refined,7510103,responsive,F0,164.0,0.5819509715276727,96.40213759013635,0.05819509715276728,0.0012890587451952484,1.5870629540467123e-06,1.4151652566537755e-05,0.0012652585973690178,-2.1838164609988553e-09,-0.0007443228665635765,2.42861286636753e-16,164.00000000000114
refined,7510103,responsive,F0,166.0,0.5818555516598742,97.56597384918975,0.05818555516598743,0.0012986007319750934,1.5870629540467123e-06,1.4151652566537755e-05,0.0012748005841488623,7.173843213914566e-09,-0.0007498753797928574,2.3592239273284576e-16,166.00000000000216
refined,7510103,responsive,F0,168.0,0.5817660605332391,98.72966126278429,0.058176606053323913,0.001307549844638558,1.5870629540467123e-06,1.4151652566537755e-05,0.0012837496968123277,6.906098054537679e-09,-0.0007550820702454664,1.8735013540549517e-16,168.00000000000318
refined,7510103,responsive,F0,170.0,0.5818145799324973,99.89311456448834,0.05818145799324973,0.0013026979047127663,1.5870629540467123e-06,1.4151652566537755e-05,0.0012788977568865352,2.012646160842735e-09,-0.0007522592585622739,2.0816681711721685e-16,170.0000000000042
refined,7510103,responsive,F0,172.0,0.5817950533450192,101.0566826951374,0.05817950533450193,0.001304650563460593,1.5870629540467123e-06,1.4151652566537755e-05,0.0012808504156343612,3.877653753647792e-11,-0.0007533953248269956,2.3592239273284576e-16,172.00000000000523
refined,7510103,responsive,F0,174.0,0.5816762798997146,102.22002477637047,0.05816762798997146,0.0013165279079910624,1.5870629540467123e-06,1.4151652566537755e-05,0.0012927277601648304,-3.5504596485047557e-09,-0.0007603047997651324,2.2898349882893854e-16,174.00000000000625
refined,7510103,responsive,F0,176.0,0.5816997495409778,103.38319760950438,0.05816997495409778,0.001314180943864782,1.5870629540467123e-06,1.4151652566537755e-05,0.0012903807960385476,-1.4101447787240318e-10,-0.0007589395988618734,2.706168622523819e-16,176.00000000000728
refined,7510103,responsive,F0,178.0,0.58139512723274,104.54649254397881,0.058139512723274,0.0013446431746884787,1.5870629540467123e-06,1.4151652566537755e-05,0.0013208430268622446,-9.542835688325368e-10,-0.0007766548311649926,1.8735013540549517e-16,178.0000000000083
refined,7510103,responsive,F0,180.0,0.5811961184809078,105.70909957035589,0.05811961184809078,0.0013645440498717227,1.5870629540467123e-06,1.4151652566537755e-05,0.0013407439020454877,2.5095812927755645e-09,-0.0007882231228000178,2.0816681711721685e-16,180.00000000000932
refined,7510103,responsive,F0,182.0,0.5810880459928399,106.8713617187383,0.05810880459928399,0.0013753512986785642,1.5870629540467123e-06,1.4151652566537755e-05,0.0013515511508523283,-2.520135683470315e-09,-0.0007945036698748485,2.636779683484747e-16,182.00000000001035
refined,7510103,responsive,F0,184.0,0.5806165527287517,108.03309482408221,0.05806165527287517,0.0014225006250874082,1.5870629540467123e-06,1.4151652566537755e-05,0.0013987004772611712,9.790708355161826e-09,-0.0008218904645327235,2.8449465006019636e-16,184.00000000001137
refined,7510103,responsive,F0,186.0,0.580591135171513,109.19431145789027,0.0580591135171513,0.0014250423808113359,1.5870629540467123e-06,1.4151652566537755e-05,0.0014012422329850993,3.4458176867424584e-09,-0.0008233662176763828,3.469446951953614e-16,186.0000000000124
refined,7510103,responsive,F0,188.0,0.5801758883194861,110.3551782146801,0.058017588831948616,0.001466567066014061,1.5870629540467123e-06,1.4151652566537755e-05,0.0014427669181878262,6.687823711493124e-09,-0.0008474664602984468,3.885780586188048e-16,188.00000000001342
refined,7510103,responsive,F0,190.0,0.5800578413552179,111.51530591911104,0.05800578413552179,0.001478371762440915,1.5870629540467123e-06,1.4151652566537755e-05,0.0014545716146146805,2.5000337910974224e-09,-0.0008543145637799308,4.163336342344337e-16,190.00000000001444
refined,7510103,responsive,F0,192.0,0.5801288008118011,112.67552407633265,0.05801288008118011,0.0014712758167826337,1.5870629540467123e-06,1.4151652566537755e-05,0.0014474756689563985,4.357951804978555e-09,-0.0008501982530967692,4.510281037539698e-16,192.00000000001546
refined,7510103,responsive,F0,194.0,0.5797893897999075,113.83546506163714,0.05797893897999075,0.001505216917971964,1.5870629540467123e-06,1.4151652566537755e-05,0.0014814167701457308,4.892741489737062e-10,-0.0008698827034362352,4.2327252813834093e-16,194.00000000001648
refined,7510103,responsive,F0,196.0,0.5795681766342997,114.99473454730608,0.05795681766342998,0.0015273382345326945,1.5870629540467123e-06,1.4151652566537755e-05,0.001503538086706461,2.7799355317714713e-09,-0.0008827059613033435,3.8163916471489756e-16,196.0000000000175
refined,7510103,responsive,F0,198.0,0.5793591682881263,116.15375913514032,0.057935916828812634,0.0015482390691500232,1.5870629540467123e-06,1.4151652566537755e-05,0.0015244389213237902,3.549226718080334e-09,-0.0008948172356882146,3.677613769070831e-16,198.00000000001853
refined,7510103,responsive,F0,200.0,0.5792448528493447,117.31226422485726,0.05792448528493447,0.0015596706130282074,1.5870629540467123e-06,1.4151652566537755e-05,0.0015358704652019745,1.0095816960209447e-09,-0.0009014395520407399,3.885780586188048e-16,200.00000000001955
refined,7510103,responsive,plus,0.0,0.5946035575013605,0.0,0.05946035575013606,0.0,0.0,0.0,,,,,0.0
refined,7510103,responsive,plus,2.0,0.5946035575013605,1.1892071150027101,0.05946035575013606,1.1074528027752422e-08,1.1563076229673447e-07,6.584953762950211e-09,,,,,1.9999999999999685
refined,7510103,responsive,plus,4.0,0.5946035575013605,2.37841423000542,0.05946035575013606,-1.6024967716614878e-06,-2.373386751971882e-07,-9.528502813143667e-07,,,,,3.999999999999926
refined,7510103,responsive,plus,6.0,0.5946035575013605,3.5676213450080083,0.05946035575013606,5.167920443827627e-06,-1.846975295979701e-06,3.072863880783918e-06,,,,,6.000000000000238
refined,7510103,responsive,plus,8.0,0.5946035575013605,4.756828460010823,0.05946035575013606,3.316581536004352e-06,7.292128573275874e-07,1.9720511800515056e-06,,,,,8.00000000000055
refined,7510103,responsive,plus,10.0,0.5946035575013605,5.946035575013767,0.05946035575013606,-5.8257342169293396e-06,-1.0189192090752498e-06,-3.464002290443601e-06,,,,,10.000000000000153
refined,7510103,responsive,plus,12.0,0.5946035575013605,7.13524269001671,0.05946035575013606,3.0454655103152975e-05,-1.2024573355078452e-06,1.8108446266811753e-05,,,,,11.999999999999755
refined,7510103,responsive,plus,14.0,0.5946035575013605,8.324449805019654,0.05946035575013606,-4.6948637587987626e-07,1.5991217971706026e-06,-2.7915826929661965e-07,,,,,13.999999999999357
refined,7510103,responsive,plus,16.0,0.5946035575013605,9.513656920022598,0.05946035575013606,1.7915196330417588e-05,1.0127696086138102e-06,1.0652439471401596e-05,,,,,15.999999999998959
refined,7510103,responsive,plus,18.0,0.5946035575013605,10.702864035025542,0.05946035575013606,5.262204230516234e-05,1.547952760842684e-06,3.128925355763669e-05,,,,,17.999999999999982
refined,7510103,responsive,plus,20.0,0.5946035575013605,11.892071150028485,0.05946035575013606,1.4250786331229247e-05,1.6204942546717667e-06,8.47356824974074e-06,0.0,0.0,0.0,0.0,20.000000000001005
refined,7510103,responsive,plus,22.0,0.5943571371399958,13.081250199849125,0.05943571371399959,3.889282246766147e-05,1.6204942546717667e-06,8.47356824974074e-06,2.4642036136432292e-05,2.3842814389496425e-09,-1.4649206201092918e-05,-3.469446951953614e-17,22.00000000000114
refined,7510103,responsive,plus,24.0,0.5938628657139392,14.269275201003156,0.05938628657139393,8.831996507332625e-05,1.6204942546717667e-06,8.47356824974074e-06,7.406917874209706e-05,-5.890241627781734e-10,-4.401436596507616e-05,-2.7755575615628914e-17,24.000000000001275
refined,7510103,responsive,plus,26.0,0.5935991900379356,15.456829013220197,0.05935991900379356,0.00011468753267371042,1.6204942546717667e-06,8.47356824974074e-06,0.00010043674634248114,-1.6581217510136526e-09,-5.9669608979028704e-05,-1.3877787807814457e-17,26.00000000000141
refined,7510103,responsive,plus,28.0,0.5927512688361076,16.64326949205197,0.059275126883610765,0.00019947965285651008,1.6204942546717667e-06,8.47356824974074e-06,0.000185228866525281,1.0580474218979674e-08,-0.00010996619432291146,-1.3877787807814457e-17,28.000000000001545
refined,7510103,responsive,plus,30.0,0.5923106940713546,17.828261488939905,0.05923106940713547,0.00024353712933179714,1.6204942546717667e-06,8.47356824974074e-06,0.0002292863430005681,1.6499786537060857e-09,-0.00013607161409919313,-2.0816681711721685e-17,30.00000000000168
refined,7510103,responsive,plus,32.0,0.5918987170389554,19.012505213933853,0.05918987170389554,0.00028473483257171543,1.6204942546717667e-06,8.47356824974074e-06,0.0002704840462404868,-4.424528021740315e-09,-0.00016046496804562188,-3.469446951953614e-17,32.00000000000181
refined,7510103,responsive,plus,34.0,0.5910538455411615,20.195328394369024,0.05910538455411615,0.00036922198235108696,1.6204942546717667e-06,8.47356824974074e-06,0.0003549711960198577,-1.1922399456576471e-09,-0.00021043711321392863,-4.85722573273506e-17,34.00000000000142
refined,7510103,responsive,plus,36.0,0.5910026578481501,21.37730971939363,0.05910026578481501,0.0003743407516521953,1.6204942546717667e-06,8.47356824974074e-06,0.0003600899653209657,6.451315259781154e-09,-0.00021346245048481025,-8.326672684688674e-17,36.00000000000102
refined,7510103,responsive,plus,38.0,0.5906436189593525,22.559079571356662,0.05906436189593525,0.0004102446405319748,1.6204942546717667e-06,8.47356824974074e-06,0.0003959938542007454,3.979680668342311e-09,-0.00023467529879364624,-6.245004513516506e-17,38.000000000000625
refined,7510103,responsive,plus,40.0,0.5902157671781716,23.739729441021836,0.059021576717817166,0.00045302981865007186,1.6204942546717667e-06,8.47356824974074e-06,0.00043877903231884273,7.342650654162952e-10,-0.00025993693837780135,-4.85722573273506e-17,40.00000000000023
refined,7510103,responsive,plus,42.0,0.5902410956038934,24.92028686159976,0.059024109560389344,0.0004504969760778628,1.6204942546717667e-06,8.47356824974074e-06,0.0004362461897466337,1.7043574607189527e-09,-0.0002584419826794637,-7.632783294297951e-17,41.99999999999983
refined,7510103,responsive,plus,44.0,0.5892336431526181,26.099722497020416,0.05892336431526181,0.0005512422212053268,1.6204942546717667e-06,8.47356824974074e-06,0.0005369914348740982,2.4662530351271528e-09,-0.0003178552185183446,-1.5265566588595902e-16,43.99999999999943
refined,7510103,responsive,plus,46.0,0.5889359793145249,27.277773972196822,0.0588935979314525,0.0005810086050146174,1.6204942546717667e-06,8.47356824974074e-06,0.0005667578186833884,2.6892430782243792e-09,-0.00033539014310576126,-1.734723475976807e-16,45.999999999999034
refined,7510103,responsive,plus,48.0,0.5887271630945348,28.455585290296362,0.058872716309453475,0.0006018902270135887,1.6204942546717667e-06,8.47356824974074e-06,0.0005876394406823601,-9.117316623896699e-10,-0.0003476859013967423,-2.220446049250313e-16,47.999999999998636
refined,7510103,responsive,plus,50.0,0.5879556575349909,29.632085318607633,0.05879556575349909,0.0006790407829679407,1.6204942546717667e-06,8.47356824974074e-06,0.0006647899966367129,-1.6019581494663981e-09,-0.00039307676829351476,-2.5673907444456745e-16,49.99999999999824
refined,7510103,responsive,plus,52.0,0.5878244385568929,30.80778385525369,0.058782443855689294,0.0006921626807776911,1.6204942546717667e-06,8.47356824974074e-06,0.0006779118944464638,-1.4490394717459054e-09,-0.0004007910014273697,-2.983724378680108e-16,51.99999999999784
refined,7510103,responsive,plus,54.0,0.5875170944024016,31.983304382855582,0.05875170944024016,0.0007228970962268222,1.6204942546717667e-06,8.47356824974074e-06,0.000708646309895595,2.0681936441224735e-09,-0.00041885271891166365,-2.983724378680108e-16,53.99999999999744
refined,7510103,responsive,plus,56.0,0.5873181992105094,33.158029738639236,0.05873181992105095,0.0007427866154160751,1.6204942546717667e-06,8.47356824974074e-06,0.0007285358290848479,-5.193307450745976e-10,-0.00043053617346990383,-2.636779683484747e-16,55.999999999997044
refined,7510103,responsive,plus,58.0,0.5872102595683949,34.332631321597624,0.05872102595683949,0.0007535805796275303,1.6204942546717667e-06,8.47356824974074e-06,0.0007393297932963035,2.2506781993669733e-09,-0.00043687508254460286,-2.636779683484747e-16,57.999999999996646
refined,7510103,responsive,plus,60.0,0.5865842118690321,35.50645386868585,0.05865842118690322,0.0008161853495638191,1.6204942546717667e-06,8.47356824974074e-06,0.0008019345632325926,-2.9318834582348074e-09,-0.0004736176489630074,-2.498001805406602e-16,59.99999999999625
refined,7510103,responsive,plus,62.0,0.5864279565549338,36.67926649550857,0.05864279565549339,0.0008318108809736981,1.6204942546717667e-06,8.47356824974074e-06,0.0008175600946424708,2.5629509625701985e-09,-0.00048278211820391645,-1.942890293094024e-16,61.99999999999585
refined,7510103,responsive,plus,64.0,0.5864021619297743,37.852101799661526,0.05864021619297744,0.0008343903434896901,1.6204942546717667e-06,8.47356824974074e-06,0.0008201395571584645,-1.859421172589748e-09,-0.0004842947538680198,-1.5265566588595902e-16,63.99999999999545
refined,7510103,responsive,plus,66.0,0.5861102555594757,39.02457887940649,0.05861102555594758,0.0008635809805195098,1.6204942546717667e-06,8.47356824974074e-06,0.0008493301941882834,-7.652150302295269e-10,-0.0005014079460639899,-1.942890293094024e-16,65.99999999999505
refined,7510103,responsive,plus,68.0,0.5867793193640838,40.19747768203631,0.05867793193640838,0.0007966746000586737,1.6204942546717667e-06,8.47356824974074e-06,0.0007824238137274476,-4.290829941355767e-09,-0.00046217104799481726,-2.2898349882893854e-16,67.99999999999466
refined,7510103,responsive,plus,70.0,0.5866266638230604,41.37092301330968,0.05866266638230604,0.0008119401541610193,1.6204942546717667e-06,8.47356824974074e-06,0.000797689367829793,1.6671575231441693e-09,-0.0004711273942549915,-2.220446049250313e-16,69.99999999999426
refined,7510103,responsive,plus,72.0,0.5866482919060715,42.54398982349629,0.05866482919060716,0.0008097773458598997,1.6204942546717667e-06,8.47356824974074e-06,0.0007955265595286741,-2.2745691163894577e-09,-0.00046985860984812347,-2.2898349882893854e-16,71.99999999999386
refined,7510103,responsive,plus,74.0,0.5869111664105717,43.717720810026776,0.05869111664105718,0.0007834898954098227,1.6204942546717667e-06,8.47356824974074e-06,0.0007692391090785963,2.6227781890764135e-09,-0.00045443366679279174,-2.7755575615628914e-16,73.99999999999346
refined,7510103,responsive,plus,76.0,0.5867404746351353,44.89124421499528,0.05867404746351353,0.0008005590729533709,1.6204942546717667e-06,8.47356824974074e-06,0.0007863082866221448,3.7204727354467337e-09,-0.0004644503009104961,-3.8163916471489756e-16,75.99999999999307
refined,7510103,responsive,plus,78.0,0.5871084469516713,46.06494914154781,0.05871084469516714,0.0007637618412997971,1.6204942546717667e-06,8.47356824974074e-06,0.0007495110549685712,9.135919520897318e-10,-0.0004428531055635128,-3.469446951953614e-16,77.99999999999267
refined,7510103,responsive,plus,80.0,0.5873219994864455,47.239628920327405,0.05873219994864455,0.000742406587822425,1.6204942546717667e-06,8.47356824974074e-06,0.0007281558014911993,-2.2154497958393193e-09,-0.0004303129756258739,-3.0531133177191805e-16,79.99999999999227
refined,7510103,responsive,plus,82.0,0.5873735957942283,48.41417652607847,0.05873735957942283,0.0007372469570441582,1.6204942546717667e-06,8.47356824974074e-06,0.0007229961707129328,1.567818902481477e-09,-0.0004272824778516135,-2.914335439641036e-16,81.99999999999187
refined,7510103,responsive,plus,84.0,0.5879827999854897,49.58949820827155,0.058798279998548975,0.0006763265379180106,1.6204942546717667e-06,8.47356824974074e-06,0.0006620757515867843,-5.549439047181082e-09,-0.00039148087572486723,-2.983724378680108e-16,83.99999999999147
refined,7510103,responsive,plus,86.0,0.5876734170670126,50.76533444033774,0.05876734170670127,0.0007072648297657101,1.6204942546717667e-06,8.47356824974074e-06,0.0006930140434344828,-7.114310529576784e-10,-0.00040966727330273706,-3.0531133177191805e-16,85.99999999999108
refined,7510103,responsive,plus,88.0,0.5877195547212586,51.940508666243836,0.05877195547212586,0.0007026510643410803,1.6204942546717667e-06,8.47356824974074e-06,0.0006884002780098533,1.6766877330987029e-09,-0.0004069557795759633,-3.469446951953614e-16,87.99999999999068
refined,7510103,responsive,plus,90.0,0.5875624741006411,53.11589368882106,0.05875624741006412,0.000718359126402795,1.6204942546717667e-06,8.47356824974074e-06,0.0007041083400715674,2.0939302791678216e-09,-0.0004161864811003564,-3.677613769070831e-16,89.99999999999028
refined,7510103,responsive,plus,92.0,0.5869038048956503,54.290418028622824,0.058690380489565035,0.0007842260469019738,1.6204942546717667e-06,8.47356824974074e-06,0.0007699752605707465,-3.102883783245858e-10,-0.00045486571961410663,-2.7755575615628914e-16,91.99999999998988
refined,7510103,responsive,plus,94.0,0.5868025829422259,55.46392464481282,0.05868025829422259,0.0007943482422443429,1.6204942546717667e-06,8.47356824974074e-06,0.0007800974559131157,8.876871737673042e-09,-0.00046080596228029527,-3.5388358909926865e-16,93.99999999998948
refined,7510103,responsive,plus,96.0,0.5864977680555848,56.63730706105829,0.05864977680555849,0.000824829730908487,1.6204942546717667e-06,8.47356824974074e-06,0.0008105789445772596,1.5140320386297645e-09,-0.00047868793295455583,-3.0531133177191805e-16,95.99999999998909
refined,7510103,responsive,plus,98.0,0.5863475723620948,57.81010110088733,0.05863475723620948,0.0008398493002575397,1.6204942546717667e-06,8.47356824974074e-06,0.000825598513926312,3.0415072960199296e-09,-0.0004874957489175921,-2.636779683484747e-16,97.99999999998869
refined,7510103,responsive,plus,100.0,0.5866989491079274,58.98314484049012,0.05866989491079274,0.0008047116256742853,1.6204942546717667e-06,8.47356824974074e-06,0.0007904608393430575,1.383123865439373e-09,-0.0004668866854463695,-2.5673907444456745e-16,99.99999999998829
refined,7510103,responsive,plus,102.0,0.5864326330928188,60.15635731440826,0.05864326330928188,0.0008313432271851715,1.6204942546717667e-06,8.47356824974074e-06,0.0008170924408539429,-1.715751513087227e-09,-0.0004825078718548592,-2.3592239273284576e-16,101.99999999998789
refined,7510103,responsive,plus,104.0,0.5864335500200814,61.32910584436551,0.05864335500200814,0.0008312515344589432,1.6204942546717667e-06,8.47356824974074e-06,0.0008170007481277155,3.686895122534395e-09,-0.0004824541002059271,-2.0122792321330962e-16,103.9999999999875
refined,7510103,responsive,plus,106.0,0.586273282855129,62.50179900105092,0.058627328285512904,0.0008472782509541476,1.6204942546717667e-06,8.47356824974074e-06,0.0008330274646229213,1.1247965059357767e-09,-0.0004918514201771827,-2.2898349882893854e-16,105.9999999999871
refined,7510103,responsive,plus,108.0,0.585848095076146,63.67400699221385,0.0585848095076146,0.0008897970288524413,1.6204942546717667e-06,8.47356824974074e-06,0.0008755462425212149,8.217337255089774e-09,-0.0005167700044462382,-2.42861286636753e-16,107.9999999999867
refined,7510103,responsive,plus,110.0,0.5860394861202276,64.84583146066664,0.05860394861202277,0.0008706579244442815,1.6204942546717667e-06,8.47356824974074e-06,0.0008564071381130563,-5.735198510548045e-09,-0.0005055555650606627,-2.2898349882893854e-16,109.9999999999863
refined,7510103,responsive,plus,112.0,0.5856768708905825,66.01755082258185,0.058567687089058254,0.0009069194474087489,1.6204942546717667e-06,8.47356824974074e-06,0.0008926686610775227,-3.0020109176298604e-09,-0.0005267996748544862,-2.7755575615628914e-16,111.9999999999859
refined,7510103,responsive,plus,114.0,0.5855439461064291,67.18863245269884,0.058554394610642914,0.0009202119258240586,1.6204942546717667e-06,8.47356824974074e-06,0.0009059611394928322,-3.4039858431977876e-09,-0.0005345838885692511,-3.122502256758253e-16,113.9999999999855
refined,7510103,responsive,plus,116.0,0.5856237841267808,68.35976888780617,0.058562378412678084,0.0009122281237889061,1.6204942546717667e-06,8.47356824974074e-06,0.0008979773374576803,-3.230696182798809e-09,-0.0005299087029151696,-2.914335439641036e-16,115.9999999999851
refined,7510103,responsive,plus,118.0,0.5854140461864966,69.53098094619637,0.058541404618649664,0.0009332019178173175,1.6204942546717667e-06,8.47356824974074e-06,0.0009189511314860903,2.99127370095853e-09,-0.0005421892560414053,-3.0531133177191805e-16,117.99999999998471
refined,7510103,responsive,plus,120.0,0.5854279064630308,70.70172134889599,0.05854279064630308,0.0009318158901638547,1.6204942546717667e-06,8.47356824974074e-06,0.0009175651038326275,-2.292580736362737e-09,-0.0005413778463793338,-3.5388358909926865e-16,119.99999999998431
refined,7510103,responsive,plus,122.0,0.585490463253488,71.8727173195015,0.058549046325348804,0.0009255602111181598,1.6204942546717667e-06,8.47356824974074e-06,0.0009113094247869333,7.200140900165408e-09,-0.0005377154016244882,-3.191891195797325e-16,121.99999999998391
refined,7510103,responsive,plus,124.0,0.584654696654088,73.04293780037435,0.058465469665408804,0.0010091368710581489,1.6204942546717667e-06,8.47356824974074e-06,0.0009948860847269227,-1.202429628088808e-09,-0.000586613813679502,-3.3306690738754696e-16,123.99999999998352
refined,7510103,responsive,plus,126.0,0.5847230230108428,74.2121633290383,0.05847230230108428,0.0010023042353827388,1.6204942546717667e-06,8.47356824974074e-06,0.000988053449051512,1.175465697000888e-09,-0.0005826188477167579,-2.636779683484747e-16,125.99999999998312
refined,7510103,responsive,plus,128.0,0.5843128753573745,75.38126248809861,0.05843128753573745,0.0010433190007295642,1.6204942546717667e-06,8.47356824974074e-06,0.0010290682143983382,4.346546650380034e-09,-0.0006065927142435527,-2.636779683484747e-16,127.99999999998273
refined,7510103,responsive,plus,130.0,0.5838073956151083,76.54924935915467,0.05838073956151084,0.0010938669749561325,1.6204942546717667e-06,8.47356824974074e-06,0.0010796161886249052,4.293816774358916e-09,-0.0006361157709189047,-3.122502256758253e-16,129.99999999998374
refined,7510103,responsive,plus,132.0,0.5838109729103894,77.7170902656126,0.05838109729103894,0.0010935092454280463,1.6204942546717667e-06,8.47356824974074e-06,0.0010792584590968188,5.986470319463422e-09,-0.0006359069251349152,-2.983724378680108e-16,131.99999999998477
refined,7510103,responsive,plus,134.0,0.5828486546086903,78.88385409669233,0.058284865460869036,0.0011897410755979062,1.6204942546717667e-06,8.47356824974074e-06,0.0011754902892666778,-1.694124146522924e-09,-0.0006920418207056675,-3.469446951953614e-16,133.9999999999858
refined,7510103,responsive,plus,136.0,0.5824068819543591,80.04885039952411,0.058240688195435916,0.0012339183410310162,1.6204942546717667e-06,8.47356824974074e-06,0.0012196675546997879,3.099230871939085e-10,-0.000717780722273749,-3.5388358909926865e-16,135.9999999999868
refined,7510103,responsive,plus,138.0,0.5820582080160928,81.2135137338559,0.058205820801609284,0.0012687857348576668,1.6204942546717667e-06,8.47356824974074e-06,0.0012545349485264408,-1.7797188167634204e-09,-0.0007380816537184282,-3.3306690738754696e-16,137.99999999998784
refined,7510103,responsive,plus,140.0,0.5816467988655631,82.37709284292889,0.05816467988655632,0.0013099266499106276,1.6204942546717667e-06,8.47356824974074e-06,0.001295675863579398,1.3130274922890095e-09,-0.0007620195981358421,-3.400058012914542e-16,139.99999999998886
refined,7510103,responsive,plus,142.0,0.581722316123707,83.54043094805512,0.0581722316123707,0.0013023749240961904,1.6204942546717667e-06,8.47356824974074e-06,0.0012881241377649592,-1.0842682862666209e-09,-0.0007576268758471838,-3.95516952522712e-16,141.99999999998988
refined,7510103,responsive,plus,144.0,0.5812540456868123,84.70358119925089,0.058125404568681226,0.0013492019677856476,1.6204942546717667e-06,8.47356824974074e-06,0.0013349511814544173,4.032643247109391e-09,-0.0007848562482993468,-4.163336342344337e-16,143.9999999999909
refined,7510103,responsive,plus,146.0,0.5808176081110957,85.86556220349316,0.05808176081110957,0.001392845725357309,1.6204942546717667e-06,8.47356824974074e-06,0.0013785949390260788,7.227702603085362e-10,-0.0008102148350689689,-4.0939474033052647e-16,145.99999999999193
refined,7510103,responsive,plus,148.0,0.5806594093570147,87.02693016329482,0.05806594093570147,0.0014086656007654184,1.6204942546717667e-06,8.47356824974074e-06,0.0013944148144341896,-4.320372448685106e-09,-0.0008194020459218292,-3.95516952522712e-16,147.99999999999295
refined,7510103,responsive,plus,150.0,0.580608647727199,88.18824570229572,0.058060864772719906,0.0014137417637469323,1.6204942546717667e-06,8.47356824974074e-06,0.001399490977415705,-1.3493906825257085e-09,-0.0008223494388833533,-4.440892098500626e-16,149.99999999999397
refined,7510103,responsive,plus,152.0,0.5806386836283282,89.34952128398062,0.058063868362832824,0.001410738173633964,1.6204942546717667e-06,8.47356824974074e-06,0.0013964873873027377,3.7496231397593505e-09,-0.0008206054833817984,-4.926614671774132e-16,151.999999999995
refined,7510103,responsive,plus,154.0,0.5804072833520758,90.51054260012276,0.058040728335207584,0.0014338782012592464,1.6204942546717667e-06,8.47356824974074e-06,0.0014196274149280187,-5.861830881803698e-09,-0.0008340388012568478,-4.579669976578771e-16,153.99999999999602
refined,7510103,responsive,plus,156.0,0.580006025578805,91.67093483620775,0.058000602557880504,0.0014740039785863448,1.6204942546717667e-06,8.47356824974074e-06,0.0014597531922551147,-2.7376431399606105e-09,-0.000857320044277618,-4.371503159461554e-16,155.99999999999704
refined,7510103,responsive,plus,158.0,0.579786245847537,92.83069903751108,0.0579786245847537,0.0014959819517131317,1.6204942546717667e-06,8.47356824974074e-06,0.0014817311653819016,-5.335334507527989e-09,-0.0008700649859646539,-4.510281037539698e-16,157.99999999999807
refined,7510103,responsive,plus,160.0,0.5793765185514212,93.98979623572097,0.057937651855142124,0.0015369546813246637,1.6204942546717667e-06,8.47356824974074e-06,0.0015227038949934353,-1.0963273899822212e-09,-0.0008938120172254198,-4.996003610813204e-16,159.9999999999991
refined,7510103,responsive,plus,162.0,0.5793870876661692,95.14843875214919,0.05793870876661693,0.0015358977698498313,1.6204942546717667e-06,8.47356824974074e-06,0.0015216469835186033,-1.6923326628948132e-10,-0.0008931996619494231,-5.273559366969494e-16,162.0000000000001
refined,7510103,responsive,plus,164.0,0.5798711323391006,96.30771099726302,0.057987113233910065,0.0014874933025567478,1.6204942546717667e-06,8.47356824974074e-06,0.001473242516225517,-2.4533684250815924e-09,-0.0008651430236521485,-4.718447854656915e-16,164.00000000000114
refined,7510103,responsive,plus,166.0,0.5796774637230739,97.46732940014543,0.057967746372307394,0.001506860164159467,1.6204942546717667e-06,8.47356824974074e-06,0.0014926093778282361,-3.1926145060978683e-09,-0.000876371432242902,-4.3021142204224816e-16,166.00000000000216
refined,7510103,responsive,plus,168.0,0.5799992473513943,98.62678148890551,0.05799992473513944,0.0014746818013274036,1.6204942546717667e-06,8.47356824974074e-06,0.0014604310149961722,1.4021941663333592e-09,-0.000857713183254491,-4.510281037539698e-16,168.00000000000318
refined,7510103,responsive,plus,170.0,0.5802959918768275,99.78711586044061,0.058029599187682745,0.0014450073487840694,1.6204942546717667e-06,8.47356824974074e-06,0.0014307565624528385,-9.273879997273582e-10,-0.0008404976202481401,-4.718447854656915e-16,170.0000000000042
refined,7510103,responsive,plus,172.0,0.5803331708115631,100.94779610377743,0.05803331708115631,0.0014412894553104706,1.6204942546717667e-06,8.47356824974074e-06,0.0014270386689792392,4.105486006711345e-09,-0.0008383400724535431,-5.065392549852277e-16,172.00000000000523
refined,7510103,responsive,plus,174.0,0.5805996670851337,102.10850278347841,0.05805996670851337,0.0014146398279533707,1.6204942546717667e-06,8.47356824974074e-06,0.0014003890416221406,-4.464285746630381e-09,-0.0008228708586952849,-5.48172618408671e-16,174.00000000000625
refined,7510103,responsive,plus,176.0,0.5806822012933328,103.26989173487658,0.058068220129333284,0.001406386407133468,1.6204942546717667e-06,8.47356824974074e-06,0.0013921356208022367,-2.4957735045294527e-09,-0.0008180785847201541,-5.342948306008566e-16,176.00000000000728
refined,7510103,responsive,plus,178.0,0.5803548305799557,104.43105765633962,0.05803548305799558,0.0014391234784711855,1.6204942546717667e-06,8.47356824974074e-06,0.0014248726921399551,-7.3255600196997506e-09,-0.0008370830607892302,-5.204170427930421e-16,178.0000000000083
refined,7510103,responsive,plus,180.0,0.5801898258500571,105.59150599054355,0.058018982585005714,0.0014556239514610751,1.6204942546717667e-06,8.47356824974074e-06,0.0014413731651298455,1.656208503675316e-09,-0.000846657828667708,-4.996003610813204e-16,180.00000000000932
refined,7510103,responsive,plus,182.0,0.5800769988284836,106.7520528097678,0.05800769988284837,0.0014669066536184274,1.6204942546717667e-06,8.47356824974074e-06,0.0014526558672871995,-7.189768780335726e-09,-0.0008532033011706582,-4.926614671774132e-16,182.00000000001035
refined,7510103,responsive,plus,184.0,0.5791692268521897,107.91120352070648,0.05791692268521898,0.0015576838512477958,1.6204942546717667e-06,8.47356824974074e-06,0.0015434330649165692,-1.3551347821660897e-09,-0.0009058198630355237,-5.065392549852277e-16,184.00000000001137
refined,7510103,responsive,plus,186.0,0.5792865860982473,109.0695153493474,0.05792865860982474,0.001545947926642019,1.6204942546717667e-06,8.47356824974074e-06,0.0015316971403107921,-6.036867394865197e-10,-0.0008990220879955789,-5.273559366969494e-16,186.0000000000124
refined,7510103,responsive,plus,188.0,0.5790863862274024,110.22800781162437,0.05790863862274025,0.0015659679137264887,1.6204942546717667e-06,8.47356824974074e-06,0.0015517171273952603,3.893330796644889e-09,-0.0009106173939680724,-5.48172618408671e-16,188.00000000001342
refined,7510103,responsive,plus,190.0,0.5785651089298275,111.38539909794927,0.05785651089298275,0.001618095643484017,1.6204942546717667e-06,8.47356824974074e-06,0.0016038448571527885,-1.2118588355036763e-09,-0.0009407902661145301,-5.204170427930421e-16,190.00000000001444
refined,7510103,responsive,plus,192.0,0.5789556784413592,112.54297437288504,0.05789556784413592,0.0015790386923308591,1.6204942546717667e-06,8.47356824974074e-06,0.0015647879059996334,-2.1689130214053165e-09,-0.0009181856496889608,-4.996003610813204e-16,192.00000000001546
refined,7510103,responsive,plus,194.0,0.5785245532987474,113.70053219950896,0.05785245532987474,0.001622151206592108,1.6204942546717667e-06,8.47356824974074e-06,0.0016079004202608816,2.225958167789699e-09,-0.0009431365911879257,-4.3021142204224816e-16,194.00000000001648
refined,7510103,responsive,plus,196.0,0.5785586109847308,114.85756439415573,0.057855861098473085,0.0016187454379938142,1.6204942546717667e-06,8.47356824974074e-06,0.0016044946516625888,-3.05729966343371e-09,-0.0009411662124346326,-3.8163916471489756e-16,196.0000000000175
refined,7510103,responsive,plus,198.0,0.5786221797819913,116.014874525557,0.05786221797819913,0.0016123885582678406,1.6204942546717667e-06,8.47356824974074e-06,0.0015981377719366157,7.049436645534257e-09,-0.0009374881828805338,-3.0531133177191805e-16,198.00000000001853
refined,7510103,responsive,plus,200.0,0.5783455982589052,117.17172468397767,0.05783455982589052,0.0016400467105763985,1.6204942546717667e-06,8.47356824974074e-06,0.0016257959242451754,3.821917227142535e-09,-0.0009534879783911383,-3.608224830031759e-16,200.00000000001955
refined,7510103,responsive,minus,0.0,0.5946035575013605,0.0,0.05946035575013606,0.0,0.0,0.0,,,,,0.0
refined,7510103,responsive,minus,2.0,0.5946035575013605,1.1892071150027101,0.05946035575013606,5.26303425518558e-09,1.1732697176072446e-07,3.129418891384866e-09,,,,,1.9999999999999685
refined,7510103,responsive,minus,4.0,0.5946035575013605,2.37841423000542,0.05946035575013606,-1.5897514678150486e-06,-1.9103153534575924e-07,-9.452718783058363e-07,,,,,3.999999999999926
refined,7510103,responsive,minus,6.0,0.5946035575013605,3.5676213450080083,0.05946035575013606,5.078609896771759e-06,-1.8159471058661474e-06,3.0197595117821105e-06,,,,,6.000000000000238
refined,7510103,responsive,minus,8.0,0.5946035575013605,4.756828460010823,0.05946035575013606,6.502653086477827e-06,5.48431370480131e-07,3.866500658416881e-06,,,,,8.00000000000055
refined,7510103,responsive,minus,10.0,0.5946035575013605,5.946035575013767,0.05946035575013606,-1.4648149450398807e-06,-1.0049514282138416e-06,-8.70984177401923e-07,,,,,10.000000000000153
refined,7510103,responsive,minus,12.0,0.5946035575013605,7.13524269001671,0.05946035575013606,3.514091324614051e-05,-1.4522077240649612e-06,2.089491203000178e-05,,,,,11.999999999999755
refined,7510103,responsive,minus,14.0,0.5946035575013605,8.324449805019654,0.05946035575013606,1.3298424002681119e-05,1.5128444967045309e-06,7.907290221155682e-06,,,,,13.999999999999357
refined,7510103,responsive,minus,16.0,0.5946035575013605,9.513656920022598,0.05946035575013606,2.450959690014328e-05,1.0437883965743217e-06,1.4573493509749477e-05,,,,,15.999999999998959
refined,7510103,responsive,minus,18.0,0.5946035575013605,10.702864035025542,0.05946035575013606,6.8841040674548e-05,1.460695711321834e-06,4.09331276871821e-05,,,,,17.999999999999982
refined,7510103,responsive,minus,20.0,0.5946035575013605,11.892071150028485,0.05946035575013606,3.371213921201217e-05,1.5473000657548323e-06,2.0045357906443396e-05,0.0,0.0,0.0,0.0,20.000000000001005
refined,7510103,responsive,minus,22.0,0.5943879005973156,13.081296103159975,0.059438790059731565,5.527782961655462e-05,1.5473000657548323e-06,2.0045357906443396e-05,2.1565690404542395e-05,7.147504810234295e-10,-1.2820710839470811e-05,4.85722573273506e-17,22.00000000000114
refined,7510103,responsive,minus,24.0,0.5937620661177381,14.269235492465276,0.05937620661177381,0.00011786127757427155,1.5473000657548323e-06,2.0045357906443396e-05,8.414913836225939e-05,2.9018408509440263e-09,-4.99999716434274e-05,1.3877787807814457e-17,24.000000000001275
refined,7510103,responsive,minus,26.0,0.5936021074982961,15.45668863330045,0.05936021074982962,0.00013385713951847466,1.5473000657548323e-06,2.0045357906443396e-05,0.0001001450003064623,3.1795237831477863e-09,-5.949642834274932e-05,2.0816681711721685e-17,26.00000000000141
refined,7510103,responsive,minus,28.0,0.5927317050580092,16.643136207741193,0.05927317050580093,0.0002208973835471545,1.5473000657548323e-06,2.0045357906443396e-05,0.00018718524433514248,-2.398134968384369e-09,-0.00011112582061494417,1.3877787807814457e-17,28.000000000001545
refined,7510103,responsive,minus,30.0,0.5923346180834237,17.82807011857851,0.05923346180834237,0.0002606060810056873,1.5473000657548323e-06,2.0045357906443396e-05,0.00022689394179367499,1.8101970478134888e-09,-0.00013465454066191596,-6.938893903907228e-18,30.00000000000168
refined,7510103,responsive,minus,32.0,0.5919911987034421,19.012496999312727,0.059199119870344215,0.000294948019003824,1.5473000657548323e-06,2.0045357906443396e-05,0.00026123587979181206,-9.112886278916932e-10,-0.00015499056254677027,-2.7755575615628914e-17,32.00000000000181
refined,7510103,responsive,minus,34.0,0.5912457390525236,20.195602098295577,0.059124573905252366,0.00036949398409564155,1.5473000657548323e-06,2.0045357906443396e-05,0.00033578184488362937,-1.3936313492113328e-09,-0.00019909333227544415,-6.245004513516506e-17,34.00000000000142
refined,7510103,responsive,minus,36.0,0.5912041031568684,21.37801922901091,0.05912041031568685,0.00037365757366116984,1.5473000657548323e-06,2.0045357906443396e-05,0.0003399454344491573,3.3281774558524546e-09,-0.00020155495018782735,-4.85722573273506e-17,36.00000000000102
refined,7510103,responsive,minus,38.0,0.5909352255501913,22.560282271922066,0.05909352255501913,0.0004005453343289252,1.5473000657548323e-06,2.0045357906443396e-05,0.0003668331951169124,5.809082104235586e-10,-0.0002174474898609148,-1.3877787807814457e-17,38.000000000000625
refined,7510103,responsive,minus,40.0,0.590483754440912,23.74149555127801,0.059048375444091195,0.00044569244525683507,1.5473000657548323e-06,2.0045357906443396e-05,0.00041198030604482256,-2.1295523677800077e-09,-0.00024411631673193143,-4.163336342344337e-17,40.00000000000023
refined,7510103,responsive,minus,42.0,0.5904102633110806,24.922465282907034,0.05904102633110806,0.00045304155824000723,1.5473000657548323e-06,2.0045357906443396e-05,0.0004193294190279949,1.6009202574718273e-09,-0.00024845557851071315,0.0,41.99999999999983
refined,7510103,responsive,minus,44.0,0.5894511260949192,26.102280893609624,0.05894511260949192,0.000548955279856259,1.5473000657548323e-06,2.0045357906443396e-05,0.0005152431406442457,5.286310833518826e-10,-0.0003050380269352705,1.1102230246251565e-16,43.99999999999943
refined,7510103,responsive,minus,46.0,0.589009704060761,27.28066188464871,0.05890097040607611,0.0005930974832720438,1.5473000657548323e-06,2.0045357906443396e-05,0.0005593853440600306,1.0425552393611426e-08,-0.0003310479557764208,8.326672684688674e-17,45.999999999999034
refined,7510103,responsive,minus,48.0,0.5886384886843309,28.45843336745213,0.05886384886843309,0.0006302190209150356,1.5473000657548323e-06,2.0045357906443396e-05,0.0005965068817030218,5.359656718439965e-09,-0.0003529060116350298,5.551115123125783e-17,47.999999999998636
refined,7510103,responsive,minus,50.0,0.5878831082706717,29.63479465058341,0.058788310827067175,0.0007057570622810021,1.5473000657548323e-06,2.0045357906443396e-05,0.0006720449230689884,2.0287824475939686e-09,-0.0003973420801643701,1.0408340855860843e-16,49.99999999999824
refined,7510103,responsive,minus,52.0,0.587758488079338,30.810340114976253,0.058775848807933795,0.0007182190814144139,1.5473000657548323e-06,2.0045357906443396e-05,0.0006845069422024004,2.414534738814922e-09,-0.0004046675141982266,1.3877787807814457e-16,51.99999999999784
refined,7510103,responsive,minus,54.0,0.5873964260508105,31.985672955779624,0.058739642605081056,0.0007544252842671673,1.5473000657548323e-06,2.0045357906443396e-05,0.0007207131450551543,2.4507218476799153e-09,-0.0004259414628004221,1.5265566588595902e-16,53.99999999999744
refined,7510103,responsive,minus,56.0,0.587121917719883,33.16007481828094,0.0587121917719883,0.0007818761173599168,1.5473000657548323e-06,2.0045357906443396e-05,0.0007481639781479039,-7.838581478347706e-09,-0.00044206221631003587,1.457167719820518e-16,55.999999999997044
refined,7510103,responsive,minus,58.0,0.5869432016962789,34.334268349568156,0.05869432016962789,0.0007997477197203342,1.5473000657548323e-06,2.0045357906443396e-05,0.0007660355805083211,-3.864418784971235e-09,-0.0004525534287897516,1.5265566588595902e-16,57.999999999996646
refined,7510103,responsive,minus,60.0,0.586510371332658,35.50768248673622,0.058651037133265804,0.0008430307560824751,1.5473000657548323e-06,2.0045357906443396e-05,0.0008093186168704625,-3.809955462230619e-09,-0.0004779487456250675,2.0816681711721685e-16,59.99999999999625
refined,7510103,responsive,minus,62.0,0.5865225219007794,36.68053470582163,0.05865225219007794,0.0008418156992703377,1.5473000657548323e-06,2.0045357906443396e-05,0.000808103560058325,-1.8267644341651845e-09,-0.00047723609482117416,2.0816681711721685e-16,61.99999999999585
refined,7510103,responsive,minus,64.0,0.5863663671886702,37.85352772949721,0.05863663671886702,0.0008574311704812804,1.5473000657548323e-06,2.0045357906443396e-05,0.0008237190312692685,9.142953061314074e-11,-0.00048639370116176917,2.2898349882893854e-16,63.99999999999545
refined,7510103,responsive,minus,66.0,0.5859827221382511,39.025836547783285,0.05859827221382512,0.0008957956755231697,1.5473000657548323e-06,2.0045357906443396e-05,0.000862083536311157,5.398567232139939e-09,-0.0005088819974359456,2.1510571102112408e-16,65.99999999999505
refined,7510103,responsive,minus,68.0,0.5865240665205701,40.19839180784376,0.05865240665205701,0.0008416612372912498,1.5473000657548323e-06,2.0045357906443396e-05,0.0008079490980792361,-1.0273057404752706e-10,-0.0004771454992723821,1.8735013540549517e-16,67.99999999999466
refined,7510103,responsive,minus,70.0,0.5862456663674753,41.371126992657786,0.05862456663674754,0.0008695012526007716,1.5473000657548323e-06,2.0045357906443396e-05,0.0008357891133887584,1.409532712770556e-09,-0.0004934704629314252,2.42861286636753e-16,69.99999999999426
refined,7510103,responsive,minus,72.0,0.5863110471857125,42.54341440339652,0.058631104718571254,0.0008629631707770933,1.5473000657548323e-06,2.0045357906443396e-05,0.0008292510315650802,9.666294292776101e-09,-0.0004896373270633463,2.7755575615628914e-16,71.99999999999386
refined,7510103,responsive,minus,74.0,0.5865322966602431,43.7165461013527,0.05865322966602431,0.000840838223324031,1.5473000657548323e-06,2.0045357906443396e-05,0.0008071260841120178,1.4273199844261342e-09,-0.0004766627783867154,2.7755575615628914e-16,73.99999999999346
refined,7510103,responsive,minus,76.0,0.586235310108289,44.88933090556911,0.0586235310108289,0.0008705368785194132,1.5473000657548323e-06,2.0045357906443396e-05,0.0008368247393074008,3.833692113763831e-09,-0.0004940775887756002,2.42861286636753e-16,75.99999999999307
refined,7510103,responsive,minus,78.0,0.5866221465279696,46.06206688210617,0.058662214652796967,0.0008318532365514131,1.5473000657548323e-06,2.0045357906443396e-05,0.0007981410973394008,6.83114351196501e-09,-0.0004713923898095537,3.122502256758253e-16,77.99999999999267
refined,7510103,responsive,minus,80.0,0.5866617291833032,47.23559523681586,0.05866617291833032,0.0008278949710180075,1.5473000657548323e-06,2.0045357906443396e-05,0.0007941828318059957,-9.72287472755795e-10,-0.000469070305246521,2.5673907444456745e-16,79.99999999999227
refined,7510103,responsive,minus,82.0,0.5864814405519531,48.40865346543625,0.05864814405519531,0.000845923834152999,1.5473000657548323e-06,2.0045357906443396e-05,0.000812211694940987,-2.6682044351744594e-09,-0.0004796455240689834,2.42861286636753e-16,81.99999999999187
refined,7510103,responsive,minus,84.0,0.5868552493036555,49.58189873316134,0.05868552493036555,0.000808542958982757,1.5473000657548323e-06,2.0045357906443396e-05,0.0007748308197707448,1.0570043451618716e-09,-0.0004577153479009069,2.3592239273284576e-16,83.99999999999147
refined,7510103,responsive,minus,86.0,0.5866446476364915,50.75554659726674,0.05866446476364916,0.0008296031256991359,1.5473000657548323e-06,2.0045357906443396e-05,0.0007958909864871236,1.874053440209522e-09,-0.00047007239963652026,2.220446049250313e-16,85.99999999999108
refined,7510103,responsive,minus,88.0,0.5868418343838964,51.928953668750225,0.05868418343838964,0.0008098844509586492,1.5473000657548323e-06,2.0045357906443396e-05,0.0007761723117466379,-9.785864341083084e-10,-0.00045850260051086625,2.220446049250313e-16,87.99999999999068
refined,7510103,responsive,minus,90.0,0.5872207898796398,53.103076984712835,0.05872207898796398,0.0007719889013844022,1.5473000657548323e-06,2.0045357906443396e-05,0.0007382767621723908,7.1147133462456935e-09,-0.0004362567263202846,3.122502256758253e-16,89.99999999999028
refined,7510103,responsive,minus,92.0,0.5868286629094019,54.2772049948553,0.058682866290940196,0.0008112015984082275,1.5473000657548323e-06,2.0045357906443396e-05,0.0007774894591962166,-1.2502327784158496e-09,-0.000459275549061864,3.5388358909926865e-16,91.99999999998988
refined,7510103,responsive,minus,94.0,0.5868082280778989,55.45082837899392,0.05868082280778989,0.0008132450815585103,1.5473000657548323e-06,2.0045357906443396e-05,0.0007795329423464988,-1.9405036189024116e-09,-0.00046047470266751683,3.3306690738754696e-16,93.99999999998948
refined,7510103,responsive,minus,96.0,0.5868245050190627,56.62435612823662,0.05868245050190627,0.0008116173874421179,1.5473000657548323e-06,2.0045357906443396e-05,0.0007779052482301058,-2.7653819512085676e-09,-0.00045951954512029117,3.191891195797325e-16,95.99999999998909
refined,7510103,responsive,minus,98.0,0.5865957640868913,57.79772459991208,0.058659576408689136,0.0008344914806591929,1.5473000657548323e-06,2.0045357906443396e-05,0.000800779341447182,-7.051339012686952e-09,-0.0004729400074294926,2.636779683484747e-16,97.99999999998869
refined,7510103,responsive,minus,100.0,0.5867336055713912,58.9711235314024,0.05867336055713913,0.0008207073322092359,1.5473000657548323e-06,2.0045357906443396e-05,0.0007869951929972256,9.878985407496543e-10,-0.00046485333432344164,2.983724378680108e-16,99.99999999998829
refined,7510103,responsive,minus,102.0,0.586511638824845,60.144271907653696,0.0586511638824845,0.0008429040068637706,1.5473000657548323e-06,2.0045357906443396e-05,0.0008091918676517616,-1.1274300104613388e-09,-0.00047787440581341725,2.0816681711721685e-16,101.99999999998789
refined,7510103,responsive,minus,104.0,0.5862953618403866,61.3171197856121,0.058629536184038655,0.0008645317053096145,1.5473000657548323e-06,2.0045357906443396e-05,0.0008308195660976056,4.595959446351827e-10,-0.0004905569638861997,2.0122792321330962e-16,103.9999999999875
refined,7510103,responsive,minus,106.0,0.5858292650234854,62.489355802937865,0.058582926502348545,0.0009111413869996592,1.5473000657548323e-06,2.0045357906443396e-05,0.0008774292477876506,6.831012810959436e-09,-0.0005178731417658337,1.3877787807814457e-16,105.9999999999871
refined,7510103,responsive,minus,108.0,0.5855658187809543,63.660666993021195,0.05855658187809543,0.0009374860112527833,1.5473000657548323e-06,2.0045357906443396e-05,0.0009037738720407742,-8.388701400185994e-10,-0.0005333031234332174,1.5265566588595902e-16,107.9999999999867
refined,7510103,responsive,minus,110.0,0.5856032570581422,64.83186037213864,0.05856032570581422,0.0009337421835339599,1.5473000657548323e-06,2.0045357906443396e-05,0.0009000300443219513,2.0644660703172946e-09,-0.0005311107958084586,1.1796119636642288e-16,109.9999999999863
refined,7510103,responsive,minus,112.0,0.5854776013870846,66.00292484568698,0.058547760138708466,0.0009463077506396668,1.5473000657548323e-06,2.0045357906443396e-05,0.0009125956114276578,-3.134096038248657e-10,-0.0005384684433649908,6.938893903907228e-17,111.9999999999859
refined,7510103,responsive,minus,114.0,0.5854537424337105,67.17386712785604,0.05854537424337106,0.0009486936459770167,1.5473000657548323e-06,2.0045357906443396e-05,0.0009149815067650071,5.474390413207075e-09,-0.0005398653031818135,6.938893903907228e-18,113.9999999999855
refined,7510103,responsive,minus,116.0,0.5855380330824425,68.34491222429962,0.05855380330824425,0.0009402645811038406,1.5473000657548323e-06,2.0045357906443396e-05,0.000906552441891831,4.982523366114933e-09,-0.0005349301203609116,2.7755575615628914e-17,115.9999999999851
refined,7510103,responsive,minus,118.0,0.5854228276877455,69.51593145043653,0.058542282768774545,0.0009517851205735241,1.5473000657548323e-06,2.0045357906443396e-05,0.0009180729813615146,-4.154007415824168e-10,-0.0005416751707679052,0.0,117.99999999998471
refined,7510103,responsive,minus,120.0,0.5855314948111177,70.68688741889461,0.058553149481111774,0.0009409184082362972,1.5473000657548323e-06,2.0045357906443396e-05,0.0009072062690242869,2.4730782421933384e-09,-0.0005353129588765888,6.938893903907228e-18,119.99999999998431
refined,7510103,responsive,minus,122.0,0.5857426147356593,71.85816751903766,0.05857426147356593,0.0009198064157821062,1.5473000657548323e-06,2.0045357906443396e-05,0.0008860942765700961,2.013989780502712e-09,-0.0005229489937953399,-2.7755575615628914e-17,121.99999999998391
refined,7510103,responsive,minus,124.0,0.5853359205930733,73.02932091648769,0.058533592059307325,0.0009604758300407273,1.5473000657548323e-06,2.0045357906443396e-05,0.0009267636908287169,-2.9740527818233886e-09,-0.0005467625328366595,-1.3877787807814457e-17,123.99999999998352
refined,7510103,responsive,minus,126.0,0.5852520018506507,74.19978017815465,0.05852520018506508,0.0009688677042830014,1.5473000657548323e-06,2.0045357906443396e-05,0.0009351555650709919,-3.8144339631340785e-09,-0.0005516742461539811,1.3877787807814457e-17,125.99999999998312
refined,7510103,responsive,minus,128.0,0.5853121254364047,75.37047443663461,0.058531212543640465,0.0009628553457076339,1.5473000657548323e-06,2.0045357906443396e-05,0.0009291432064956244,-1.7416966757721752e-09,-0.0005481553205196159,3.469446951953614e-17,127.99999999998273
refined,7510103,responsive,minus,130.0,0.584808302856548,76.54054414741364,0.0584808302856548,0.0010132376036932642,1.5473000657548323e-06,2.0045357906443396e-05,0.000979525464481252,2.4161579681436507e-09,-0.0005776319751658876,0.0,129.99999999998374
refined,7510103,responsive,minus,132.0,0.5848007331350287,77.71012556301137,0.05848007331350287,0.001013994575845175,1.5473000657548323e-06,2.0045357906443396e-05,0.0009802824366331637,4.431594313736298e-09,-0.0005780746559003354,-2.0816681711721685e-17,131.99999999998477
refined,7510103,responsive,minus,134.0,0.5843248643029872,78.87929965105711,0.05843248643029873,0.001061581459049382,1.5473000657548323e-06,2.0045357906443396e-05,0.0010278693198373708,2.836173990106161e-09,-0.0006058921775284609,4.85722573273506e-17,133.9999999999858
refined,7510103,responsive,minus,136.0,0.5840104377330726,80.0475189371638,0.058401043773307265,0.0010930241160408655,1.5473000657548323e-06,2.0045357906443396e-05,0.0010593119768288544,-2.3389753744940123e-09,-0.0006242599606049344,6.245004513516506e-17,135.9999999999868
refined,7510103,responsive,minus,138.0,0.5842794497224874,81.2159347491807,0.05842794497224874,0.0010661229170994017,1.5473000657548323e-06,2.0045357906443396e-05,0.0010324107778873915,2.035882212814144e-09,-0.0006085457612630546,7.632783294297951e-17,137.99999999998784
refined,7510103,responsive,minus,140.0,0.5838708465609014,82.38407206635705,0.058387084656090146,0.0011069832332579622,1.5473000657548323e-06,2.0045357906443396e-05,0.0010732710940459514,7.077965435975386e-10,-0.0006324112564765026,4.163336342344337e-17,139.99999999998886
refined,7510103,responsive,minus,142.0,0.5836236508045495,83.55146544747079,0.058362365080454955,0.0011317028088931379,1.5473000657548323e-06,2.0045357906443396e-05,0.0010979906696811273,1.925852893824853e-09,-0.0006468412407421506,2.7755575615628914e-17,141.99999999998988
refined,7510103,responsive,minus,144.0,0.5834044862258126,84.71867452533421,0.05834044862258127,0.0011536192667668866,1.5473000657548323e-06,2.0045357906443396e-05,0.0011199071275548758,1.7125849904875423e-09,-0.0006596298022434645,8.326672684688674e-17,143.9999999999909
refined,7510103,responsive,minus,146.0,0.5826595480779134,85.88466080005466,0.05826595480779135,0.0012281130815568779,1.5473000657548323e-06,2.0045357906443396e-05,0.0011944009423448681,3.4480231170253006e-09,-0.0007030620813457678,1.5959455978986625e-16,145.99999999999193
refined,7510103,responsive,minus,148.0,0.582649922773118,87.04992896999572,0.0582649922773118,0.0012290756120364654,1.5473000657548323e-06,2.0045357906443396e-05,0.0011953634728244552,-3.6425334970502377e-10,-0.00070362290428767,2.0122792321330962e-16,147.99999999999295
refined,7510103,responsive,minus,150.0,0.5824746623191677,88.21513496782175,0.05824746623191677,0.0012466016574315245,1.5473000657548323e-06,2.0045357906443396e-05,0.0012128895182195107,-2.0609510764657557e-09,-0.0007138329174722693,2.220446049250313e-16,149.99999999999397
refined,7510103,responsive,minus,152.0,0.5821477442885805,89.37974193876295,0.05821477442885805,0.0012792934604901926,1.5473000657548323e-06,2.0045357906443396e-05,0.0012455813212781798,-5.272067421513427e-09,-0.0007328697206495614,1.734723475976807e-16,151.999999999995
refined,7510103,responsive,minus,154.0,0.5825525778358348,90.54444272089489,0.05825525778358349,0.0012388101057647539,1.5473000657548323e-06,2.0045357906443396e-05,0.001205097966552743,2.368748586167868e-09,-0.0007092942325048653,1.734723475976807e-16,153.99999999999602
refined,7510103,responsive,minus,156.0,0.5825315810660735,91.70960806113476,0.058253158106607354,0.0012409097827408332,1.5473000657548323e-06,2.0045357906443396e-05,0.0012071976435288222,2.8026736764719118e-09,-0.0007105173826967189,1.1796119636642288e-16,155.99999999999704
refined,7510103,responsive,minus,158.0,0.5823264722410292,92.87436199237649,0.05823264722410292,0.0012614206652452758,1.5473000657548323e-06,2.0045357906443396e-05,0.001227708526033264,1.3371116158733543e-09,-0.0007224635160295798,1.3183898417423734e-16,157.99999999999807
refined,7510103,responsive,minus,160.0,0.5824199411482976,94.03918507470988,0.05824199411482977,0.0012520737745184193,1.5473000657548323e-06,2.0045357906443396e-05,0.0012183616353064067,-8.789427741184852e-09,-0.0007170201373043611,1.1796119636642288e-16,159.9999999999991
refined,7510103,responsive,minus,162.0,0.5821143396799094,95.20369461777194,0.058211433967990944,0.0012826339213572854,1.5473000657548323e-06,2.0045357906443396e-05,0.0012489217821452735,3.094633743705444e-09,-0.0007348143066148415,1.5959455978986625e-16,162.0000000000001
refined,7510103,responsive,minus,164.0,0.5819530264788071,96.3678016061328,0.05819530264788071,0.0012987652414675236,1.5473000657548323e-06,2.0045357906443396e-05,0.0012650531022555139,-2.5676382686690147e-09,-0.0007442032782715297,1.6653345369377348e-16,164.00000000000114
refined,7510103,responsive,minus,166.0,0.5818605393127801,97.53175054710245,0.058186053931278015,0.0013080139580702586,1.5473000657548323e-06,2.0045357906443396e-05,0.0012743018188582482,-1.915168662547373e-09,-0.0007495851691957205,2.0816681711721685e-16,166.00000000000216
refined,7510103,responsive,minus,168.0,0.5816200460536144,98.69521877551121,0.05816200460536144,0.0013320632839868853,1.5473000657548323e-06,2.0045357906443396e-05,0.0012983511447748754,-3.373900603342861e-09,-0.0007635756310932634,2.5673907444456745e-16,168.00000000000318
refined,7510103,responsive,minus,170.0,0.5818347017758077,99.8585265577441,0.058183470177580764,0.0013105977117675357,1.5473000657548323e-06,2.0045357906443396e-05,0.0012768855725555286,2.66974997664704e-10,-0.0007510885201365385,2.3592239273284576e-16,170.0000000000042
refined,7510103,responsive,minus,172.0,0.5817975458577943,101.02212388619567,0.05817975458577944,0.0013143133035688644,1.5473000657548323e-06,2.0045357906443396e-05,0.001280601164356856,-1.1462488458402476e-09,-0.0007532503113560698,2.3592239273284576e-16,172.00000000000523
refined,7510103,responsive,minus,174.0,0.5817773843988393,102.18592857402938,0.058177738439883935,0.0013163294494643772,1.5473000657548323e-06,2.0045357906443396e-05,0.0012826173102523687,5.250817780577677e-09,-0.0007544232797659436,2.498001805406602e-16,174.00000000000625
refined,7510103,responsive,minus,176.0,0.5822164180623352,103.34988442968978,0.05822164180623352,0.0012724260831148075,1.5473000657548323e-06,2.0045357906443396e-05,0.0012387139439027988,1.9427709441188767e-10,-0.0007288716565968939,2.636779683484747e-16,176.00000000000728
refined,7510103,responsive,minus,178.0,0.5823862171444408,104.51446269540092,0.05823862171444409,0.0012554461749042004,1.5473000657548323e-06,2.0045357906443396e-05,0.0012217340356921907,2.1208612921430614e-09,-0.0007189842336730937,2.220446049250313e-16,178.0000000000083
refined,7510103,responsive,minus,180.0,0.5824460768570717,105.67934011040957,0.058244607685707175,0.0012494602036412048,1.5473000657548323e-06,2.0045357906443396e-05,0.0012157480644291946,-1.9424467589956862e-10,-0.000715497907353993,3.122502256758253e-16,180.00000000000932
refined,7510103,responsive,minus,182.0,0.582876027305747,106.84484710457541,0.0582876027305747,0.0012064651587736686,1.5473000657548323e-06,2.0045357906443396e-05,0.0011727530195616608,-4.268747605395973e-09,-0.000690446369277193,3.0531133177191805e-16,182.00000000001035
refined,7510103,responsive,minus,184.0,0.5828582488411391,108.0104827517775,0.05828582488411392,0.0012082430052343743,1.5473000657548323e-06,2.0045357906443396e-05,0.0011745308660223652,4.14397635650765e-09,-0.000691482617555722,2.2898349882893854e-16,184.00000000001137
refined,7510103,responsive,minus,186.0,0.5830426914471634,109.17626297171427,0.05830426914471634,0.0011897987446319663,1.5473000657548323e-06,2.0045357906443396e-05,0.001156086605419956,-5.9500527005429404e-09,-0.0006807305271660791,2.42861286636753e-16,186.0000000000124
refined,7510103,responsive,minus,188.0,0.5828470729116376,110.3424237935485,0.058284707291163765,0.0012093605981845232,1.5473000657548323e-06,2.0045357906443396e-05,0.0011756484589725128,-1.887495326702293e-09,-0.0006921340095804966,2.220446049250313e-16,188.00000000001342
refined,7510103,responsive,minus,190.0,0.5830024296521288,111.50807454851456,0.058300242965212884,0.001193824924135432,1.5473000657548323e-06,2.0045357906443396e-05,0.00116011278492342,-3.5022242328430764e-09,-0.0006830778806494187,2.498001805406602e-16,190.00000000001444
refined,7510103,responsive,minus,192.0,0.5832179634330353,112.67432319166146,0.05832179634330354,0.0011722715460447098,1.5473000657548323e-06,2.0045357906443396e-05,0.0011385594068327014,-1.6106520561720572e-09,-0.0006705098861148166,1.8735013540549517e-16,192.00000000001546
refined,7510103,responsive,minus,194.0,0.5830483301113253,113.84070454572648,0.05830483301113253,0.001189234878215742,1.5473000657548323e-06,2.0045357906443396e-05,0.0011555227390037308,-8.834421527659231e-10,-0.0006804017673834387,2.0816681711721685e-16,194.00000000001648
refined,7510103,responsive,minus,196.0,0.5833633285184727,115.00704077061538,0.05833633285184728,0.0011577350375009743,1.5473000657548323e-06,2.0045357906443396e-05,0.0011240228982889622,-5.015997756041557e-09,-0.0006620308766561098,1.8041124150158794e-16,196.0000000000175
refined,7510103,responsive,minus,198.0,0.5833153753586765,116.17382000204749,0.05833153753586765,0.0011625303534806134,1.5473000657548323e-06,2.0045357906443396e-05,0.0011288182142686004,-1.1425948798216012e-09,-0.0006648281731720072,1.942890293094024e-16,198.00000000001853
refined,7510103,responsive,minus,200.0,0.5832016735421747,117.34037384323733,0.058320167354217474,0.0011739005351308275,1.5473000657548323e-06,2.0045357906443396e-05,0.0011401883959188145,-3.383948732338382e-09,-0.0006714599285440222,2.2898349882893854e-16,200.00000000001955
refined,7510104,responsive,F0,0.0,0.5946035575013605,0.0,0.05946035575013606,0.0,0.0,0.0,,,,,0.0
refined,7510104,responsive,F0,2.0,0.5946035575013605,1.1892071150027101,0.05946035575013606,1.4882589647827288e-08,1.5447273164024194e-07,8.849240749430973e-09,,,,,1.9999999999999685
refined,7510104,responsive,F0,4.0,0.5946035575013605,2.37841423000542,0.05946035575013606,-6.290947159597063e-07,-2.9965845671574616e-07,-3.740619561149506e-07,,,,,3.999999999999926
refined,7510104,responsive,F0,6.0,0.5946035575013605,3.5676213450080083,0.05946035575013606,4.4150862689186e-06,-1.0772220866802042e-06,2.6252260021744028e-06,,,,,6.000000000000238
refined,7510104,responsive,F0,8.0,0.5946035575013605,4.756828460010823,0.05946035575013606,1.8818707896438072e-06,-9.85692771693622e-07,1.1189670662800922e-06,,,,,8.00000000000055
refined,7510104,responsive,F0,10.0,0.5946035575013605,5.946035575013767,0.05946035575013606,8.947232835334374e-06,-4.497218200570548e-06,5.320056473682798e-06,,,,,10.000000000000153
refined,7510104,responsive,F0,12.0,0.5946035575013605,7.13524269001671,0.05946035575013606,4.1159052456719995e-05,-4.20037645849795e-06,2.447331901415093e-05,,,,,11.999999999999755
refined,7510104,responsive,F0,14.0,0.5946035575013605,8.324449805019654,0.05946035575013606,3.599518391214583e-05,-4.237299676038507e-06,2.1402864407077837e-05,,,,,13.999999999999357
refined,7510104,responsive,F0,16.0,0.5946035575013605,9.513656920022598,0.05946035575013606,0.00010103606785292768,-4.32253856691769e-06,6.0076405381300074e-05,,,,,15.999999999998959
refined,7510104,responsive,F0,18.0,0.5946035575013605,10.702864035025542,0.05946035575013606,0.00015007931879464003,-4.017234587823916e-06,8.923769686267432e-05,,,,,17.999999999999982
refined,7510104,responsive,F0,20.0,0.5946035575013605,11.892071150028485,0.05946035575013606,0.00018311934112776358,-4.024876910427249e-06,0.0001088834116818738,0.0,0.0,0.0,0.0,20.000000000001005
refined,7510104,responsive,F0,22.0,0.5937912736632476,13.080474219256828,0.059379127366324766,0.00026434772493908316,-4.024876910427249e-06,0.0001088834116818738,8.122838381131948e-05,-3.834163542215663e-11,-4.826569573259526e-05,2.7755575615628914e-17,22.00000000000114
refined,7510104,responsive,F0,24.0,0.5935865994436649,14.267782883072098,0.059358659944366496,0.0002848151468973609,-4.024876910427249e-06,0.0001088834116818738,0.00010169580576959773,-9.288902591553239e-09,-6.041697770899079e-05,3.469446951953614e-17,24.000000000001275
refined,7510104,responsive,F0,26.0,0.5930526899122509,15.454521771476525,0.059305268991225096,0.00033820610003880593,-4.024876910427249e-06,0.0001088834116818738,0.00015508675891104284,-7.315250905026716e-10,-9.209487905586372e-05,8.326672684688674e-17,26.00000000000141
refined,7510104,responsive,F0,28.0,0.5923633261581739,16.639714440551394,0.05923633261581739,0.00040714247544654307,-4.024876910427249e-06,0.0001088834116818738,0.00022402313431877939,-6.320088341560393e-10,-0.0001329540208049318,1.1796119636642288e-16,28.000000000001545
refined,7510104,responsive,F0,30.0,0.5925684969430199,17.82464005599763,0.059256849694302,0.00038662539696195336,-4.024876910427249e-06,0.0001088834116818738,0.0002035060558341901,-9.938013662003087e-09,-0.00012079835119819388,1.3183898417423734e-16,30.00000000000168
refined,7510104,responsive,F0,32.0,0.5920829313954019,19.009311495595473,0.059208293139540194,0.00043518195172371756,-4.024876910427249e-06,0.0001088834116818738,0.00025206261059595417,-4.704267558830466e-09,-0.00014955964717507791,9.020562075079397e-17,32.00000000000181
refined,7510104,responsive,F0,34.0,0.5918899408639371,20.19317236235637,0.05918899408639371,0.0004544810048702256,-4.024876910427249e-06,0.0001088834116818738,0.00027136166374246184,-1.963160162210542e-09,-0.00016098442486793887,1.1796119636642288e-16,34.00000000000142
refined,7510104,responsive,F0,36.0,0.5919155927716039,21.377050356905492,0.05919155927716039,0.0004519158141036354,-4.024876910427249e-06,0.0001088834116818738,0.00026879647297587273,-9.471840284325239e-09,-0.00015946608135572818,2.0816681711721685e-16,36.00000000000102
refined,7510104,responsive,F0,38.0,0.5910098030261094,22.55998579902165,0.05910098030261094,0.0005424947886530508,-4.024876910427249e-06,0.0001088834116818738,0.00035937544752528874,-8.404577700460436e-09,-0.00021304016601565723,1.734723475976807e-16,38.000000000000625
refined,7510104,responsive,F0,40.0,0.5914067643640794,23.742169639465946,0.059140676436407934,0.0005027986548560308,-4.024876910427249e-06,0.0001088834116818738,0.0003196793137282684,-5.6707694373603346e-09,-0.0001895714828842078,1.457167719820518e-16,40.00000000000023
refined,7510104,responsive,F0,42.0,0.5911070959257555,24.924946711453973,0.05911070959257555,0.0005327654986883974,-4.024876910427249e-06,0.0001088834116818738,0.000349646157560635,-3.3092872331330625e-09,-0.00020728958697467312,1.249000902703301e-16,41.99999999999983
refined,7510104,responsive,F0,44.0,0.590515674004465,26.106476713765645,0.05905156740044651,0.0005919076908174323,-4.024876910427249e-06,0.0001088834116818738,0.00040878834968967,-2.848826841095331e-09,-0.00024223146741630605,1.249000902703301e-16,43.99999999999943
refined,7510104,responsive,F0,46.0,0.5906966415367765,27.28770553349109,0.059069664153677655,0.0005738109375862913,-4.024876910427249e-06,0.0001088834116818738,0.00039069159645852935,-6.090883131193436e-09,-0.00023154341352233515,1.249000902703301e-16,45.999999999999034
refined,7510104,responsive,F0,48.0,0.5897604561093822,28.468237002221947,0.05897604561093822,0.0006674294803257082,-4.024876910427249e-06,0.0001088834116818738,0.00048431013919794674,-2.0286211599440662e-10,-0.00028679975014636247,1.1102230246251565e-16,47.999999999998636
refined,7510104,responsive,F0,50.0,0.5892883877276733,29.647135883064273,0.05892883877276734,0.0007146363184966174,-4.024876910427249e-06,0.0001088834116818738,0.0005315169773688561,-8.650625077377683e-09,-0.00031462933412965133,1.3877787807814457e-16,49.99999999999824
refined,7510104,responsive,F0,52.0,0.5891851973799219,30.82580918105544,0.0589185197379922,0.0007249553532717941,-4.024876910427249e-06,0.0001088834116818738,0.0005418360121440326,1.49743134558733e-10,-0.00032070968908280706,1.734723475976807e-16,51.99999999999784
refined,7510104,responsive,F0,54.0,0.5885809685078408,32.003592529687566,0.05885809685078409,0.0007853782404798776,-4.024876910427249e-06,0.0001088834116818738,0.000602258899352116,-1.0516465753784843e-09,-0.0003562917051822892,1.457167719820518e-16,53.99999999999744
refined,7510104,responsive,F0,56.0,0.5883561622227832,33.18044847221664,0.05883561622227832,0.0008078588689856728,-4.024876910427249e-06,0.0001088834116818738,0.0006247395278579119,-5.735697805597795e-09,-0.000369520848387591,1.734723475976807e-16,55.999999999997044
refined,7510104,responsive,F0,58.0,0.5879878583819617,34.356721067555654,0.05879878583819617,0.0008446892530678001,-4.024876910427249e-06,0.0001088834116818738,0.0006615699119400394,-3.160713080152533e-09,-0.00039118344943339656,1.5265566588595902e-16,57.999999999996646
refined,7510104,responsive,F0,60.0,0.5875827196429693,35.53239667481765,0.05875827196429693,0.0008852031269670121,-4.024876910427249e-06,0.0001088834116818738,0.0007020837858392512,2.3020427786235587e-09,-0.00041499690851227664,1.249000902703301e-16,59.99999999999625
refined,7510104,responsive,F0,62.0,0.5873082699002754,36.707289888901784,0.05873082699002754,0.000912648101236275,-4.024876910427249e-06,0.0001088834116818738,0.0007295287601085137,-2.521691383483571e-09,-0.00043111933500095123,-6.938893903907228e-18,61.99999999999585
refined,7510104,responsive,F0,64.0,0.5869462809658457,37.88151317513827,0.05869462809658457,0.0009488469946792426,-4.024876910427249e-06,0.0001088834116818738,0.0007657276535514806,-1.050847076022876e-08,-0.0004523726926818142,-6.938893903907228e-18,63.99999999999545
refined,7510104,responsive,F0,66.0,0.5866143012446303,39.05513279651255,0.05866143012446303,0.0009820449668007354,-4.024876910427249e-06,0.0001088834116818738,0.000798925625672974,1.5879161874288172e-09,-0.00047185260842739704,-5.551115123125783e-17,65.99999999999505
refined,7510104,responsive,F0,68.0,0.5864803616236584,40.228331899748355,0.05864803616236584,0.000995438928897959,-4.024876910427249e-06,0.0001088834116818738,0.0008123195877701949,-6.620078818464492e-09,-0.0004797088011528339,-2.7755575615628914e-17,67.99999999999466
refined,7510104,responsive,F0,70.0,0.5862228140374339,41.40088890384353,0.05862228140374339,0.0010211936875203992,-4.024876910427249e-06,0.0001088834116818738,0.000838074346392636,-3.2512161574071996e-09,-0.0004948101447652987,-2.7755575615628914e-17,69.99999999999426
refined,7510104,responsive,F0,72.0,0.5862324024681471,42.573194974070525,0.058623240246814715,0.0010202348444490563,-4.024876910427249e-06,0.0001088834116818738,0.0008371155033212927,2.5651831492279342e-09,-0.000494248044484908,-4.85722573273506e-17,71.99999999999386
refined,7510104,responsive,F0,74.0,0.5863340103888135,43.74594629997287,0.05863340103888135,0.0010100740523824345,-4.024876910427249e-06,0.0001088834116818738,0.0008269547112546738,-6.975131611186569e-09,-0.0004882909427322245,-3.469446951953614e-17,73.99999999999346
refined,7510104,responsive,F0,76.0,0.5861584885701183,44.918451965802085,0.058615848857011835,0.0010276262342518625,-4.024876910427249e-06,0.0001088834116818738,0.0008445068931240995,-9.74741418136027e-09,-0.0004985808435234093,-1.249000902703301e-16,75.99999999999307
refined,7510104,responsive,F0,78.0,0.5869940819918357,46.09159436596814,0.05869940819918357,0.0009440668920801313,-4.024876910427249e-06,0.0001088834116818738,0.0007609475509523674,-1.081886932818854e-08,-0.0004495669149917961,-1.249000902703301e-16,77.99999999999267
refined,7510104,responsive,F0,80.0,0.5868413807212655,47.26548129931695,0.05868413807212655,0.0009593370191370429,-4.024876910427249e-06,0.0001088834116818738,0.0007762176780092793,-2.726138981223869e-09,-0.00045852922332162427,-2.2898349882893854e-16,79.99999999999227
refined,7510104,responsive,F0,82.0,0.5869264629579874,48.439109349656036,0.05869264629579875,0.0009508287954649098,-4.024876910427249e-06,0.0001088834116818738,0.0007677094543371458,-4.194856961792226e-10,-0.0004535358836449954,-1.6653345369377348e-16,81.99999999999187
refined,7510104,responsive,F0,84.0,0.5876399709787842,49.6137951200308,0.058763997097878426,0.0008794779933851811,-4.024876910427249e-06,0.0001088834116818738,0.000696358652257417,-9.946221707357594e-09,-0.0004116327550663691,-2.1510571102112408e-16,83.99999999999147
refined,7510104,responsive,F0,86.0,0.5871870172069437,50.78862968574149,0.05871870172069437,0.000924773370569233,-4.024876910427249e-06,0.0001088834116818738,0.000741654029441469,2.1161415952875018e-09,-0.00043823987084430985,-2.1510571102112408e-16,85.99999999999108
refined,7510104,responsive,F0,88.0,0.5873146726792559,51.9630370204921,0.058731467267925594,0.0009120078233379612,-4.024876910427249e-06,0.0001088834116818738,0.0007288884822101976,-9.455555533000037e-09,-0.00043074329244661286,-2.636779683484747e-16,87.99999999999068
refined,7510104,responsive,F0,90.0,0.5877464994947769,53.13821210358084,0.05877464994947769,0.0008688251417859008,-4.024876910427249e-06,0.0001088834116818738,0.0006857058006581366,-2.649911123864257e-10,-0.0004053721462454994,-2.2898349882893854e-16,89.99999999999028
refined,7510104,responsive,F0,92.0,0.5875210423148893,54.31350243255982,0.05875210423148893,0.0008913708597747017,-4.024876910427249e-06,0.0001088834116818738,0.0007082515186469365,-2.490097822382964e-09,-0.0004186207715249912,-1.8735013540549517e-16,91.99999999998988
refined,7510104,responsive,F0,94.0,0.587602114312101,55.488557427845784,0.0587602114312101,0.0008832636600535169,-4.024876910427249e-06,0.0001088834116818738,0.0007001443189257527,-7.435419474566274e-09,-0.00041385729246111794,-2.0122792321330962e-16,93.99999999998948
refined,7510104,responsive,F0,96.0,0.5875894372036697,56.66381629043436,0.05875894372036698,0.0008845313708966227,-4.024876910427249e-06,0.0001088834116818738,0.0007014120297688586,-2.454349001812517e-09,-0.0004146021939974154,-2.1510571102112408e-16,95.99999999998909
refined,7510104,responsive,F0,98.0,0.5872121898725632,57.83869032315919,0.058721218987256324,0.0009222561040072662,-4.024876910427249e-06,0.0001088834116818738,0.000739136762879502,6.530219143208171e-09,-0.0004367617329171236,-2.2898349882893854e-16,97.99999999998869
refined,7510104,responsive,F0,100.0,0.5874030127391109,59.01330609424836,0.0587403012739111,0.0009031738173525433,-4.024876910427249e-06,0.0001088834116818738,0.0007200544762247795,-1.2241669344881245e-09,-0.00042555456091447966,-1.8041124150158794e-16,99.99999999998829
refined,7510104,responsive,F0,102.0,0.5873579656099807,60.1881021256392,0.058735796560998074,0.0009076785302655943,-4.024876910427249e-06,0.0001088834116818738,0.000724559189137831,-3.904948669974928e-09,-0.0004282005413889234,-1.5265566588595902e-16,101.99999999998789
refined,7510104,responsive,F0,104.0,0.5874238717294966,61.3626728627165,0.05874238717294967,0.0009010879183139473,-4.024876910427249e-06,0.0001088834116818738,0.0007179685771861831,-1.2864728671235781e-08,-0.0004243292757800804,-2.0816681711721685e-16,103.9999999999875
refined,7510104,responsive,F0,106.0,0.5875332201418197,62.53766690837205,0.05875332201418198,0.0008901530770815759,-4.024876910427249e-06,0.0001088834116818738,0.0007070337359538113,-2.110627228546491e-09,-0.0004179052911528862,-2.636779683484747e-16,105.9999999999871
refined,7510104,responsive,F0,108.0,0.5873638953226697,63.712550270663534,0.058736389532266974,0.0009070855589965035,-4.024876910427249e-06,0.0001088834116818738,0.0007239662178687394,2.680425770229533e-09,-0.00042785225323268075,-3.469446951953614e-16,107.9999999999867
refined,7510104,responsive,F0,110.0,0.5875490375496117,64.88744311645334,0.058754903754961174,0.0008885713363023149,-4.024876910427249e-06,0.0001088834116818738,0.0007054519951745522,-4.7856981433280765e-09,-0.0004169759533899364,-3.3306690738754696e-16,109.9999999999863
refined,7510104,responsive,F0,112.0,0.5872930777358678,66.06246058937938,0.05872930777358678,0.0009141673176766259,-4.024876910427249e-06,0.0001088834116818738,0.0007310479765488639,2.0763910313359446e-09,-0.00043201157184028643,-4.163336342344337e-16,111.9999999999859
refined,7510104,responsive,F0,114.0,0.5871987335699796,67.23682016496551,0.05871987335699797,0.000923601734265357,-4.024876910427249e-06,0.0001088834116818738,0.0007404823931375945,-2.3856115693998703e-09,-0.0004375518943542864,-4.926614671774132e-16,113.9999999999855
refined,7510104,responsive,F0,116.0,0.5872719089495243,68.41152667752134,0.05872719089495243,0.0009162841963109278,-4.024876910427249e-06,0.0001088834116818738,0.0007331648551831654,-1.3342909277458403e-09,-0.00043325477760277134,-4.579669976578771e-16,115.9999999999851
refined,7510104,responsive,F0,118.0,0.5867322163765151,69.5855078541254,0.058673221637651506,0.0009702534536118313,-4.024876910427249e-06,0.0001088834116818738,0.0007871341124840685,1.2772405355576666e-10,-0.00046493484295880363,-4.85722573273506e-16,117.99999999998471
refined,7510104,responsive,F0,120.0,0.5867769295792308,70.75888647191528,0.05867769295792308,0.0009657821333402375,-4.024876910427249e-06,0.0001088834116818738,0.0007826627922124759,2.017973038670462e-09,-0.0004623112753422108,-5.065392549852277e-16,119.99999999998431
refined,7510104,responsive,F0,122.0,0.5867586517106403,71.9326842167873,0.05867586517106404,0.0009676099201993316,-4.024876910427249e-06,0.0001088834116818738,0.0007844905790715698,-4.550243432044354e-09,-0.00046338376179926033,-4.510281037539698e-16,121.99999999998391
refined,7510104,responsive,F0,124.0,0.5860959469975429,73.10538778155495,0.05860959469975429,0.001033880391509094,-4.024876910427249e-06,0.0001088834116818738,0.0008507610503813319,9.657066812884807e-11,-0.0005022465753163584,-4.371503159461554e-16,123.99999999998352
refined,7510104,responsive,F0,126.0,0.5860543979876137,74.27748012663719,0.05860543979876137,0.0010380352925020838,-4.024876910427249e-06,0.0001088834116818738,0.0008549159513743204,-4.706527001463456e-09,-0.0005046816596324735,-3.677613769070831e-16,125.99999999998312
refined,7510104,responsive,F0,128.0,0.5856232776010132,75.44927255734002,0.058562327760101326,0.0010811473311621762,-4.024876910427249e-06,0.0001088834116818738,0.0008980279900344145,-1.017563183713932e-08,-0.0005299383662560157,-3.191891195797325e-16,127.99999999998273
refined,7510104,responsive,F0,130.0,0.5852288963550626,76.6199889640698,0.05852288963550626,0.0011205854557572116,-4.024876910427249e-06,0.0001088834116818738,0.0009374661146294503,-8.727892020221617e-10,-0.000553026473215458,-3.469446951953614e-16,129.99999999998374
refined,7510104,responsive,F0,132.0,0.5853403084777005,77.79056444615148,0.05853403084777005,0.0011094442434933557,-4.024876910427249e-06,0.0001088834116818738,0.0009263249023655962,-7.198246915196549e-09,-0.0005465056932252126,-4.0939474033052647e-16,131.99999999998477
refined,7510104,responsive,F0,134.0,0.5850965056275211,78.96093799344433,0.05850965056275211,0.0011338245285112357,-4.024876910427249e-06,0.0001088834116818738,0.0009507051873834768,1.314451519851545e-09,-0.0005607734847868952,-4.649058915617843e-16,133.9999999999858
refined,7510104,responsive,F0,136.0,0.5849161393348746,80.13085730625357,0.058491613933487466,0.001151861157775918,-4.024876910427249e-06,0.0001088834116818738,0.0009687418166481594,-2.49184400891167e-09,-0.0005713250269429627,-4.3021142204224816e-16,135.9999999999868
refined,7510104,responsive,F0,138.0,0.5850352549093655,81.30078227188856,0.05850352549093655,0.0011399496003268567,-4.024876910427249e-06,0.0001088834116818738,0.0009568302591990993,-1.4275068349611786e-09,-0.0005643570553203782,-4.0939474033052647e-16,137.99999999998784
refined,7510104,responsive,F0,140.0,0.5850194224031502,82.47088090872002,0.058501942240315026,0.0011415328509483504,-4.024876910427249e-06,0.0001088834116818738,0.0009584135098205937,-6.183674544635309e-09,-0.0005652833002179128,-4.371503159461554e-16,139.99999999998886
refined,7510104,responsive,F0,142.0,0.5852552597691658,83.64116868773408,0.058525525976916584,0.0011179491143467595,-4.024876910427249e-06,0.0001088834116818738,0.000934829773219003,-2.0689224777825643e-09,-0.0005514835752900016,-4.718447854656915e-16,141.99999999998988
refined,7510104,responsive,F0,144.0,0.58507008900287,84.811509037677,0.05850700890028701,0.001136466190976347,-4.024876910427249e-06,0.0001088834116818738,0.0009533468498485909,-6.139359187695703e-09,-0.000562319077372371,-4.579669976578771e-16,143.9999999999909
refined,7510104,responsive,F0,146.0,0.5847785417744891,85.98130104494435,0.05847785417744891,0.0011656209138144566,-4.024876910427249e-06,0.0001088834116818738,0.0009825015726866984,-5.892798915496655e-09,-0.0005793723836687928,-4.440892098500626e-16,145.99999999999193
refined,7510104,responsive,F0,148.0,0.5847508382566218,87.15081575238187,0.05847508382566218,0.0011683912656012053,-4.024876910427249e-06,0.0001088834116818738,0.0009852719244734457,-5.818895532083701e-09,-0.0005809923875725945,-4.3021142204224816e-16,147.99999999999295
refined,7510104,responsive,F0,150.0,0.5844276970456957,88.32008534539031,0.05844276970456958,0.001200705386693801,-4.024876910427249e-06,0.0001088834116818738,0.0010175860455660425,-3.365364958929362e-09,-0.0005998828759569072,-4.3021142204224816e-16,149.99999999999397
refined,7510104,responsive,F0,152.0,0.5844510359120966,89.48893573073859,0.05844510359120966,0.0011983715000537052,-4.024876910427249e-06,0.0001088834116818738,0.0010152521589259478,-2.682450761515298e-09,-0.0005985188607275475,-4.440892098500626e-16,151.999999999995
refined,7510104,responsive,F0,154.0,0.5848943193460041,90.65836979655361,0.05848943193460041,0.0011540431566629493,-4.024876910427249e-06,0.0001088834116818738,0.0009709238155351948,-1.631441984284443e-08,-0.0005726012895024141,-4.510281037539698e-16,153.99999999999602
refined,7510104,responsive,F0,156.0,0.5845593293255795,91.8278155799222,0.05845593293255796,0.0011875421587054361,-4.024876910427249e-06,0.0001088834116818738,0.0010044228175776838,-2.9267331058679957e-09,-0.0005921890545851211,-4.163336342344337e-16,155.99999999999704
refined,7510104,responsive,F0,158.0,0.5849343257763379,92.9971398396639,0.05849343257763379,0.0011500425136296449,-4.024876910427249e-06,0.0001088834116818738,0.000966923172501896,-1.0194352362269399e-08,-0.0005702612560927363,-3.677613769070831e-16,157.99999999999807
refined,7510104,responsive,F0,160.0,0.5851827103558919,94.16736769438404,0.05851827103558919,0.0011252040556742151,-4.024876910427249e-06,0.0001088834116818738,0.0009420847145464658,6.791305573461415e-10,-0.0005557293046903056,-4.0245584642661925e-16,159.9999999999991
refined,7510104,responsive,F0,162.0,0.5847388369782708,95.33731276456277,0.05847388369782708,0.001169591393436382,-4.024876910427249e-06,0.0001088834116818738,0.0009864720523086322,-5.86248830036773e-09,-0.0005816941561286523,-3.469446951953614e-16,162.0000000000001
refined,7510104,responsive,F0,164.0,0.5852734649611678,96.50738633637197,0.05852734649611679,0.0011161285951466961,-4.024876910427249e-06,0.0001088834116818738,0.0009330092540189455,-4.2638126918070895e-09,-0.0005504180902811198,-3.2612801348363973e-16,164.00000000000114
refined,7510104,responsive,F0,166.0,0.5848823698242914,97.67768873024421,0.058488236982429144,0.0011552381088343908,-4.024876910427249e-06,0.0001088834116818738,0.000972118767706641,-5.251247991999719e-09,-0.0005733002030997268,-2.706168622523819e-16,166.00000000000216
refined,7510104,responsive,F0,168.0,0.5846286209000058,98.84700498842676,0.05846286209000058,0.0011806130012629143,-4.024876910427249e-06,0.0001088834116818738,0.0009974936601351652,-1.0687976587098191e-08,-0.000588138310891554,-3.122502256758253e-16,168.00000000000318
refined,7510104,responsive,F0,170.0,0.5848552704465649,100.0166488349317,0.058485527044656496,0.0011579480466070192,-4.024876910427249e-06,0.0001088834116818738,0.0009748287054792701,-4.35656227759651e-09,-0.0005748851612074578,-2.914335439641036e-16,170.0000000000042
refined,7510104,responsive,F0,172.0,0.5841728122544428,101.18565528212109,0.05841728122544428,0.0012261938658192802,-4.024876910427249e-06,0.0001088834116818738,0.0010430745246915298,-5.938361941071335e-09,-0.0006147758008004656,-2.42861286636753e-16,172.00000000000523
refined,7510104,responsive,F0,174.0,0.584368971281639,102.35397344920442,0.058436897128163905,0.0012065779630996607,-4.024876910427249e-06,0.0001088834116818738,0.0010234586219719107,-6.89736648351591e-09,-0.0006033147998256369,-2.42861286636753e-16,174.00000000000625
refined,7510104,responsive,F0,176.0,0.5843670036715458,103.522900211533,0.058436700367154586,0.0012067747241089747,-4.024876910427249e-06,0.0001088834116818738,0.0010236553829812238,1.0519931870067722e-09,-0.0006034297806606637,-2.498001805406602e-16,176.00000000000728
refined,7510104,responsive,F0,178.0,0.5841119455746271,104.69129810305571,0.058411194557462714,0.001232280533800896,-4.024876910427249e-06,0.0001088834116818738,0.001049161192673146,-1.0391675298038194e-09,-0.0006183312815148806,-1.942890293094024e-16,178.0000000000083
refined,7510104,responsive,F0,180.0,0.5843180220939389,105.85975347471262,0.058431802209393896,0.001211672881869652,-4.024876910427249e-06,0.0001088834116818738,0.0010285535407419028,-1.535247262651751e-09,-0.0006062919824750407,-2.5673907444456745e-16,180.00000000000932
refined,7510104,responsive,F0,182.0,0.5839384026159583,107.02809794456958,0.05839384026159584,0.001249634829667749,-4.024876910427249e-06,0.0001088834116818738,0.0010665154885400004,1.040380698258403e-09,-0.0006284666271798335,-2.220446049250313e-16,182.00000000001035
refined,7510104,responsive,F0,184.0,0.5836183867153762,108.1955762299513,0.05836183867153762,0.001281636419725952,-4.024876910427249e-06,0.0001088834116818738,0.0010985170785982024,3.606103415876305e-09,-0.0006471484640507667,-2.2898349882893854e-16,184.00000000001137
refined,7510104,responsive,F0,186.0,0.583202057765814,109.36228540482925,0.05832020577658141,0.0013232693146821646,-4.024876910427249e-06,0.0001088834116818738,0.001140149973554415,-2.288873673927938e-09,-0.0006714375205496906,-2.2898349882893854e-16,186.0000000000124
refined,7510104,responsive,F0,188.0,0.5827406184148659,110.52827986007883,0.05827406184148659,0.0013694132497769585,-4.024876910427249e-06,0.0001088834116818738,0.001186293908649209,3.418827720924611e-10,-0.0006983381121366712,-2.5673907444456745e-16,188.00000000001342
refined,7510104,responsive,F0,190.0,0.582479878442678,111.69356092251915,0.05824798784426781,0.001395487246995771,-4.024876910427249e-06,0.0001088834116818738,0.0012123679058680208,-5.72908498419622e-09,-0.0007135290901338388,-2.2898349882893854e-16,190.00000000001444
refined,7510104,responsive,F0,192.0,0.5822604691151178,112.85834322647814,0.05822604691151178,0.0014174281797517665,-4.024876910427249e-06,0.0001088834116818738,0.0012343088386240165,-5.331553087906116e-09,-0.0007263068349558366,-2.636779683484747e-16,192.00000000001546
refined,7510104,responsive,F0,194.0,0.5819902843849839,114.02245576847207,0.0581990284384984,0.001444446652765179,-4.024876910427249e-06,0.0001088834116818738,0.0012613273116374294,-8.106589399758946e-09,-0.0007420349737379643,-2.2898349882893854e-16,194.00000000001648
refined,7510104,responsive,F0,196.0,0.5819251056715565,115.18648986030364,0.05819251056715566,0.0014509645241078833,-4.024876910427249e-06,0.0001088834116818738,0.0012678451829801353,-5.1471341910858115e-09,-0.0007458280991210729,-2.636779683484747e-16,196.0000000000175
refined,7510104,responsive,F0,198.0,0.581683091200502,116.35004983897869,0.05816830912005021,0.0014751659712132468,-4.024876910427249e-06,0.0001088834116818738,0.0012920466300855003,-6.549665559907325e-09,-0.0007599086002351083,-3.469446951953614e-16,198.00000000001853
refined,7510104,responsive,F0,200.0,0.5815729375694999,117.51333895617786,0.058157293756949995,0.0014861813343134322,-4.024876910427249e-06,0.0001088834116818738,0.0013030619931856861,-3.6645302903259847e-09,-0.0007663154440028137,-3.7470027081099033e-16,200.00000000001955
refined,7510104,responsive,plus,0.0,0.5946035575013605,0.0,0.05946035575013606,0.0,0.0,0.0,,,,,0.0
refined,7510104,responsive,plus,2.0,0.5946035575013605,1.1892071150027101,0.05946035575013606,1.449501146874519e-08,1.5541257898626065e-07,8.618785385338886e-09,,,,,1.9999999999999685
refined,7510104,responsive,plus,4.0,0.5946035575013605,2.37841423000542,0.05946035575013606,-6.572641772129454e-07,-2.9793718123395174e-07,-3.908116179890238e-07,,,,,3.999999999999926
refined,7510104,responsive,plus,6.0,0.5946035575013605,3.5676213450080083,0.05946035575013606,4.8577625055074195e-06,-1.1133169798852312e-06,2.8884428672714325e-06,,,,,6.000000000000238
refined,7510104,responsive,plus,8.0,0.5946035575013605,4.756828460010823,0.05946035575013606,1.1321772216421122e-06,-9.005767386666211e-07,6.73196603710381e-07,,,,,8.00000000000055
refined,7510104,responsive,plus,10.0,0.5946035575013605,5.946035575013767,0.05946035575013606,7.108787478987051e-06,-4.601953236556665e-06,4.226910324526802e-06,,,,,10.000000000000153
refined,7510104,responsive,plus,12.0,0.5946035575013605,7.13524269001671,0.05946035575013606,4.077430392078232e-05,-4.102655095311541e-06,2.4244546165938857e-05,,,,,11.999999999999755
refined,7510104,responsive,plus,14.0,0.5946035575013605,8.324449805019654,0.05946035575013606,3.0379804339398026e-05,-4.089271961305011e-06,1.806393973640138e-05,,,,,13.999999999999357
refined,7510104,responsive,plus,16.0,0.5946035575013605,9.513656920022598,0.05946035575013606,9.745966850567487e-05,-4.295893517455661e-06,5.794986560637778e-05,,,,,15.999999999998959
refined,7510104,responsive,plus,18.0,0.5946035575013605,10.702864035025542,0.05946035575013606,0.00014576951945723866,-3.927471752099167e-06,8.66750748445378e-05,,,,,17.999999999999982
refined,7510104,responsive,plus,20.0,0.5946035575013605,11.892071150028485,0.05946035575013606,0.00017395327777717555,-3.936932281013114e-06,0.00010343323780533061,0.0,0.0,0.0,0.0,20.000000000001005
refined,7510104,responsive,plus,22.0,0.5937433604053133,13.080414123748737,0.059374336040531335,0.00025997298738187545,-3.936932281013114e-06,0.00010343323780533061,8.601970960469987e-05,1.5107762818544757e-09,-5.1110628394000074e-05,-2.0816681711721685e-17,22.00000000000114
refined,7510104,responsive,plus,24.0,0.5935649064491394,14.267676772938284,0.05935649064491394,0.00027781838299928045,-3.936932281013114e-06,0.00010343323780533061,0.00010386510522210454,2.9307775373244027e-09,-6.17046212649068e-05,-1.3877787807814457e-17,24.000000000001275
refined,7510104,responsive,plus,26.0,0.5929953546135716,15.454346581857145,0.05929953546135716,0.0003347735665560035,-3.936932281013114e-06,0.00010343323780533061,0.00016082028877882745,-7.418770847644751e-09,-9.549499999991079e-05,-6.938893903907228e-17,26.00000000000141
refined,7510104,responsive,plus,28.0,0.5923142937642288,16.63942297704572,0.05923142937642289,0.0004028796514902754,-3.936932281013114e-06,0.00010343323780533061,0.00022892637371309954,-1.86886339736958e-11,-0.00013585839979282643,-6.938893903907228e-17,28.000000000001545
refined,7510104,responsive,plus,30.0,0.5924974557538791,17.824254930817897,0.05924974557538792,0.0003845634525252843,-3.936932281013114e-06,0.00010343323780533061,0.0002106101747481087,6.50645709532327e-09,-0.0001250077759226871,-2.7755575615628914e-17,30.00000000000168
refined,7510104,responsive,plus,32.0,0.5920208125127698,19.008780177406017,0.05920208125127698,0.0004322277766361435,-3.936932281013114e-06,0.00010343323780533061,0.00025827449885896815,-3.661417419253965e-09,-0.0001532374072496824,-1.0408340855860843e-16,32.00000000000181
refined,7510104,responsive,plus,34.0,0.5918336284297973,20.19252631464659,0.05918336284297973,0.0004509461849333457,-3.936932281013114e-06,0.00010343323780533061,0.0002769929071561702,2.1689846585459804e-09,-0.00016431734264471878,-1.5265566588595902e-16,34.00000000000142
refined,7510104,responsive,plus,36.0,0.5918413450707927,21.37629247364202,0.059184134507079274,0.00045017452083383625,-3.936932281013114e-06,0.00010343323780533061,0.00027622124305666095,-3.3684726397087417e-09,-0.0001638606429034302,-1.249000902703301e-16,36.00000000000102
refined,7510104,responsive,plus,38.0,0.5909674151909105,22.55911318923355,0.05909674151909105,0.0005375675088220069,-3.936932281013114e-06,0.00010343323780533061,0.0003636142310448311,2.9550672464573324e-09,-0.00021554523879238965,-1.734723475976807e-16,38.000000000000625
refined,7510104,responsive,plus,40.0,0.5913456790153728,23.741191054609175,0.05913456790153729,0.0004997411263757451,-3.936932281013114e-06,0.00010343323780533061,0.00032578784859856914,2.560781725557959e-09,-0.00019318392515606936,-2.0122792321330962e-16,40.00000000000023
refined,7510104,responsive,plus,42.0,0.5909881963567676,24.92378071696252,0.05909881963567676,0.0005354893922362492,-3.936932281013114e-06,0.00010343323780533061,0.00036153611445907327,3.4166121876122446e-09,-0.0002143171180124248,-2.220446049250313e-16,41.99999999999983
refined,7510104,responsive,plus,44.0,0.5904162863140564,26.105071450825,0.05904162863140565,0.000592680396507326,-3.936932281013114e-06,0.00010343323780533061,0.0004187271187301504,9.54391643492869e-09,-0.0002480999724195909,-2.5673907444456745e-16,43.99999999999943
refined,7510104,responsive,plus,46.0,0.5906387858482519,27.286180043824373,0.059063878584825195,0.0005704304430877664,-3.936932281013114e-06,0.00010343323780533061,0.00039647716531059085,8.20730161610328e-09,-0.00023496076224882936,-2.706168622523819e-16,45.999999999999034
refined,7510104,responsive,plus,48.0,0.5896469523380619,28.466537944844195,0.058964695233806194,0.0006696137941067181,-3.936932281013114e-06,0.00010343323780533061,0.0004956605163295426,-1.2578967034659883e-09,-0.00029349310958545413,-3.191891195797325e-16,47.999999999998636
refined,7510104,responsive,plus,50.0,0.5893068604895406,29.645334368153616,0.058930686048954066,0.0007036229789588654,-3.936932281013114e-06,0.00010343323780533061,0.0005296697011816885,4.533446534837893e-09,-0.0003135407386617439,-3.0531133177191805e-16,49.99999999999824
refined,7510104,responsive,plus,52.0,0.5893613327544961,30.824181434758636,0.05893613327544961,0.0006981757524633181,-3.936932281013114e-06,0.00010343323780533061,0.0005242224746861414,-1.2401099591663467e-10,-0.0003103305023558975,-3.0531133177191805e-16,51.99999999999784
refined,7510104,responsive,plus,54.0,0.5887225905124773,32.002251584837424,0.05887225905124774,0.0007620499766651594,-3.936932281013114e-06,0.00010343323780533061,0.0005880966988879823,-3.0218525182146294e-09,-0.00034795510067758134,-3.3306690738754696e-16,53.99999999999744
refined,7510104,responsive,plus,56.0,0.5885015118650062,33.17946694058081,0.058850151186500624,0.0007841578414122401,-3.936932281013114e-06,0.00010343323780533061,0.0006102045636350637,6.057931239977776e-09,-0.0003609680562937853,-3.677613769070831e-16,55.999999999997044
refined,7510104,responsive,plus,58.0,0.5879629858592352,34.35594250483762,0.05879629858592352,0.0008380104419893901,-3.936932281013114e-06,0.00010343323780533061,0.0006640571642122123,-1.6434009708632402e-10,-0.00039264589263832833,-3.2612801348363973e-16,57.999999999996646
refined,7510104,responsive,plus,60.0,0.5874540426363914,35.53147191763512,0.058745404263639146,0.0008889047642737739,-3.936932281013114e-06,0.00010343323780533061,0.0007149514864965969,5.303993716454514e-09,-0.00042255691917172586,-3.122502256758253e-16,59.99999999999625
refined,7510104,responsive,plus,62.0,0.5871941308941157,36.70616739153801,0.05871941308941157,0.0009148959385013045,-3.936932281013114e-06,0.00010343323780533061,0.0007409426607241278,1.8246813782152316e-09,-0.0004378221618388939,-3.5388358909926865e-16,61.99999999999585
refined,7510104,responsive,plus,64.0,0.5868631416005757,37.880153392300116,0.05868631416005758,0.0009479948678552628,-3.936932281013114e-06,0.00010343323780533061,0.0007740415900780865,4.640982043113695e-10,-0.00045725218119881464,-3.885780586188048e-16,63.99999999999545
refined,7510104,responsive,plus,66.0,0.5865871489684924,39.05359204700355,0.05865871489684924,0.000975594131063567,-3.936932281013114e-06,0.00010343323780533061,0.0008016408532863917,8.879192742172748e-09,-0.0004734453629144722,-4.2327252813834093e-16,65.99999999999505
refined,7510104,responsive,plus,68.0,0.5863761808319078,40.22661313151864,0.05863761808319078,0.000996690944722082,-3.936932281013114e-06,0.00010343323780533061,0.0008227376669449069,-1.284061718065388e-09,-0.00048581825731297545,-3.677613769070831e-16,67.99999999999466
refined,7510104,responsive,plus,70.0,0.5861836409537676,41.39907737433273,0.05861836409537676,0.0010159449325360813,-3.936932281013114e-06,0.00010343323780533061,0.0008419916547589047,1.5416938559109639e-09,-0.0004971064835729115,-3.885780586188048e-16,69.99999999999426
refined,7510104,responsive,plus,72.0,0.5864011283449558,42.5716043039958,0.058640112834495585,0.000994196193417299,-3.936932281013114e-06,0.00010343323780533061,0.0008202429156401239,7.642045329880887e-10,-0.00048435536345181954,-3.469446951953614e-16,71.99999999999386
refined,7510104,responsive,plus,74.0,0.5864387015913943,43.74456460437065,0.05864387015913944,0.0009904388687734147,-3.936932281013114e-06,0.00010343323780533061,0.0008164855909962385,-1.4127612690817415e-09,-0.0004821519934536632,-3.8163916471489756e-16,73.99999999999346
refined,7510104,responsive,plus,76.0,0.5863916430418032,44.91730059026857,0.05863916430418033,0.000995144723732511,-3.936932281013114e-06,0.00010343323780533061,0.0008211914459553354,1.1696915658276907e-10,-0.00048491157820040875,-3.95516952522712e-16,75.99999999999307
refined,7510104,responsive,plus,78.0,0.5871162125828379,46.090819834435955,0.05871162125828379,0.0009226877696290722,-3.936932281013114e-06,0.00010343323780533061,0.000748734491851898,1.535806848362853e-08,-0.0004423971757828854,-3.677613769070831e-16,77.99999999999267
refined,7510104,responsive,plus,80.0,0.586906848669837,47.264891209266835,0.0586906848669837,0.0009436241609291666,-3.936932281013114e-06,0.00010343323780533061,0.0007696708831519925,-1.019511614019919e-09,-0.00045468707888574045,-3.677613769070831e-16,79.99999999999227
refined,7510104,responsive,plus,82.0,0.5869834793226745,48.438690322878095,0.058698347932267456,0.0009359610956454386,-3.936932281013114e-06,0.00010343323780533061,0.0007620078178682659,2.1761946966680767e-09,-0.00045018927977605316,-3.3306690738754696e-16,81.99999999999187
refined,7510104,responsive,plus,84.0,0.5873588868087521,49.61317427534458,0.05873588868087522,0.0008984203470375994,-3.936932281013114e-06,0.00010343323780533061,0.0007244670692604261,-2.662344233961278e-10,-0.0004281464340028622,-4.163336342344337e-16,83.99999999999147
refined,7510104,responsive,plus,86.0,0.5870733523825877,50.78762729764725,0.05870733523825877,0.0009269737896540394,-3.936932281013114e-06,0.00010343323780533061,0.0007530205118768665,-1.0020372309682557e-09,-0.0004449134757771901,-4.163336342344337e-16,85.99999999999108
refined,7510104,responsive,plus,88.0,0.587757181195784,51.96222774770891,0.0587757181195784,0.000858590908334408,-3.936932281013114e-06,0.00010343323780533061,0.000684637630557235,3.166971990209433e-09,-0.00040474432730300616,-4.2327252813834093e-16,87.99999999999068
refined,7510104,responsive,plus,90.0,0.5883239463876944,53.138398636892916,0.05883239463876944,0.0008019143891433393,-3.936932281013114e-06,0.00010343323780533061,0.000627961111366166,-1.748373334997666e-09,-0.00037141623500415097,-4.510281037539698e-16,89.99999999999028
refined,7510104,responsive,plus,92.0,0.5880722601234251,54.3146687730257,0.058807226012342506,0.0008270830155702927,-3.936932281013114e-06,0.00010343323780533061,0.0006531297377931191,-1.91648569236591e-09,-0.00038622037333002276,-4.3021142204224816e-16,91.99999999998988
refined,7510104,responsive,plus,94.0,0.5887622021051386,55.49154839938801,0.05887622021051386,0.0007580888173989433,-3.936932281013114e-06,0.00010343323780533061,0.0005841355396217697,3.912723561816378e-09,-0.0003456229982790847,-4.2327252813834093e-16,93.99999999998948
refined,7510104,responsive,plus,96.0,0.5888341633692187,56.669342633897614,0.058883416336921866,0.0007508926909909945,-3.936932281013114e-06,0.00010343323780533061,0.0005769394132138205,-7.80469022743091e-11,-0.0003413859321273055,-3.677613769070831e-16,95.99999999998909
refined,7510104,responsive,plus,98.0,0.5887518620419107,57.846718249295584,0.05887518620419107,0.0007591228237217997,-3.936932281013114e-06,0.00010343323780533061,0.0005851695459446258,-3.926051844738154e-09,-0.00034623177677283595,-3.608224830031759e-16,97.99999999998869
refined,7510104,responsive,plus,100.0,0.589111765492502,59.02472858904827,0.058911176549250203,0.0007231324786626011,-3.936932281013114e-06,0.00010343323780533061,0.0005491792008854282,9.076039086952647e-10,-0.00032503591757905223,-4.2327252813834093e-16,99.99999999998829
refined,7510104,responsive,plus,102.0,0.5888479129343801,60.202716604193206,0.05888479129343801,0.0007495177344748717,-3.936932281013114e-06,0.00010343323780533061,0.0005755644566976971,9.741083828451735e-09,-0.00034057630130492414,-3.5388358909926865e-16,101.99999999998789
refined,7510104,responsive,plus,104.0,0.5887957657884834,61.38023439974537,0.05887957657884834,0.0007547324490645717,-3.936932281013114e-06,0.00010343323780533061,0.0005807791712873979,1.4738824050120058e-09,-0.0003436468391413601,-3.191891195797325e-16,103.9999999999875
refined,7510104,responsive,plus,106.0,0.5887763941209246,62.55796213702872,0.05887763941209247,0.0007566696158204401,-3.936932281013114e-06,0.00010343323780533061,0.0005827163380432654,3.2383300763161316e-09,-0.0003447874159617677,-3.2612801348363973e-16,105.9999999999871
refined,7510104,responsive,plus,108.0,0.5883782131723406,63.73499938104076,0.058837821317234064,0.0007964877106788145,-3.936932281013114e-06,0.00010343323780533061,0.000622534432901641,-4.900854139178179e-09,-0.0003682234428698736,-3.5388358909926865e-16,107.9999999999867
refined,7510104,responsive,plus,110.0,0.5885066883202872,64.91188422157515,0.05885066883202872,0.0007836401958841152,-3.936932281013114e-06,0.00010343323780533061,0.0006096869181069419,-4.894589372694824e-09,-0.0003606634197781053,-3.95516952522712e-16,109.9999999999863
refined,7510104,responsive,plus,112.0,0.5881826690047005,66.08859538812592,0.058818266900470054,0.0008160421274428302,-3.936932281013114e-06,0.00010343323780533061,0.0006420888496656582,-2.358553935488672e-09,-0.0003797269237890352,-3.469446951953614e-16,111.9999999999859
refined,7510104,responsive,plus,114.0,0.588317585021555,67.26483724547651,0.0588317585021555,0.0008025505257573279,-3.936932281013114e-06,0.00010343323780533061,0.0006285972479801552,-6.300623578425757e-09,-0.0003717904873839564,-4.0245584642661925e-16,113.9999999999855
refined,7510104,responsive,plus,116.0,0.5887041318522346,68.44215961786854,0.05887041318522346,0.0007638958426892838,-3.936932281013114e-06,0.00010343323780533061,0.0005899425649121107,1.93034344064813e-09,-0.00034904178666902985,-4.85722573273506e-16,115.9999999999851
refined,7510104,responsive,plus,118.0,0.5884363577208568,69.61941485402048,0.058843635772085685,0.0007906732558270807,-3.936932281013114e-06,0.00010343323780533061,0.0006167199780499067,3.0074119583556325e-09,-0.0003648021752742786,-4.649058915617843e-16,117.99999999998471
refined,7510104,responsive,plus,120.0,0.588629633467832,70.79626090991539,0.058862963346783204,0.0007713456811296044,-3.936932281013114e-06,0.00010343323780533061,0.0005973924033524299,-3.4218977096323044e-09,-0.00035342725983997583,-4.2327252813834093e-16,119.99999999998431
refined,7510104,responsive,plus,122.0,0.5881761471122997,71.9731971763414,0.058817614711229975,0.0008166943166829166,-3.936932281013114e-06,0.00010343323780533061,0.000642741038905742,1.0996824839626385e-09,-0.0003801105280702051,-3.400058012914542e-16,121.99999999998391
refined,7510104,responsive,plus,124.0,0.5879691710466508,73.14920669439083,0.058796917104665086,0.0008373919232478242,-3.936932281013114e-06,0.00010343323780533061,0.0006634386454706502,4.556212324091646e-09,-0.00039228222459939885,-3.191891195797325e-16,123.99999999998352
refined,7510104,responsive,plus,126.0,0.5881397275726641,74.32524682158946,0.058813972757266415,0.0008203362706464969,-3.936932281013114e-06,0.00010343323780533061,0.0006463829928693226,4.155967292529539e-09,-0.00038225257220131023,-3.191891195797325e-16,125.99999999998312
refined,7510104,responsive,plus,128.0,0.588025085046342,75.50153363694403,0.058802508504634206,0.0008318005232787442,-3.936932281013114e-06,0.00010343323780533061,0.0006578472455015697,5.701493166476723e-10,-0.0003889944974757968,-2.8449465006019636e-16,127.99999999998273
refined,7510104,responsive,plus,130.0,0.5882019488554086,76.67772941469691,0.058820194885540855,0.0008141141423721667,-3.936932281013114e-06,0.00010343323780533061,0.0006401608645949929,3.3985033398575837e-09,-0.0003785928977986554,-2.0816681711721685e-16,129.99999999998374
refined,7510104,responsive,plus,132.0,0.588493634454883,77.85455298469633,0.05884936344548831,0.0007849455824246934,-3.936932281013114e-06,0.00010343323780533061,0.0006109923046475208,-1.5560102373246565e-09,-0.0003614316399678137,-2.2898349882893854e-16,131.99999999998477
refined,7510104,responsive,plus,134.0,0.5883799321261669,79.03148498007317,0.05883799321261669,0.0007963158152962623,-3.936932281013114e-06,0.00010343323780533061,0.0006223625375190891,-1.5935644748221733e-09,-0.00036812230322404854,-2.7755575615628914e-16,133.9999999999858
refined,7510104,responsive,plus,136.0,0.5884473241412657,80.20818846132325,0.05884473241412657,0.0007895766137863767,-3.936932281013114e-06,0.00010343323780533061,0.000615623336009203,8.433772236138282e-09,-0.0003641568652128953,-2.8449465006019636e-16,135.9999999999868
refined,7510104,responsive,plus,138.0,0.5883287949015217,81.38498040665873,0.05883287949015217,0.000801429537760827,-3.936932281013114e-06,0.00010343323780533061,0.0006274762599836526,-1.4016069416200594e-09,-0.0003711309841498492,-2.2898349882893854e-16,137.99999999998784
refined,7510104,responsive,plus,140.0,0.5880361747236447,82.56146084462411,0.05880361747236447,0.0008306915555485588,-3.936932281013114e-06,0.00010343323780533061,0.0006567382777713852,7.051561473625512e-09,-0.0003883423904828473,-2.0122792321330962e-16,139.99999999998886
refined,7510104,responsive,plus,142.0,0.588232228237992,83.73761866920033,0.058823222823799204,0.0008110862041138375,-3.936932281013114e-06,0.00010343323780533061,0.0006371329263366636,3.591730524110659e-10,-0.00037681181277203143,-1.8735013540549517e-16,141.99999999998988
refined,7510104,responsive,plus,144.0,0.588038138685097,84.91400936984034,0.058803813868509705,0.0008304951594033417,-3.936932281013114e-06,0.00010343323780533061,0.000656541881626167,4.94921090221645e-09,-0.0003882269022520181,-1.8735013540549517e-16,143.9999999999909
refined,7510104,responsive,plus,146.0,0.5875478100710695,86.08956334060932,0.05875478100710695,0.0008795280208061595,-3.936932281013114e-06,0.00010343323780533061,0.0007055747430289856,5.128447833069316e-09,-0.000417048073698207,-1.1796119636642288e-16,145.99999999999193
refined,7510104,responsive,plus,148.0,0.5876628866020347,87.26472691245172,0.05876628866020347,0.0008680203677095844,-3.936932281013114e-06,0.00010343323780533061,0.0006940670899324094,6.304515853816639e-09,-0.000410286115191897,-1.8041124150158794e-16,147.99999999999295
refined,7510104,responsive,plus,150.0,0.5870359645518756,88.43966743157391,0.05870359645518756,0.0009307125727254893,-3.936932281013114e-06,0.00010343323780533061,0.000756759294948314,-6.14709561030935e-10,-0.00044710834579614334,-1.8735013540549517e-16,149.99999999999397
refined,7510104,responsive,plus,152.0,0.5866170047161333,89.61307164452059,0.058661700471613336,0.0009726085562997068,-3.936932281013114e-06,0.00010343323780533061,0.0007986552785225309,1.6315609974171252e-10,-0.0004716940185572893,-1.8735013540549517e-16,151.999999999995
refined,7510104,responsive,plus,154.0,0.5863356709257206,90.78599383876666,0.05863356709257206,0.001000741935340999,-3.936932281013114e-06,0.00010343323780533061,0.000826788657563823,-8.500348952500403e-09,-0.00048819357966794347,-1.734723475976807e-16,153.99999999999602
refined,7510104,responsive,plus,156.0,0.5855369615334494,91.95796128903409,0.05855369615334494,0.0010806128745680559,-3.936932281013114e-06,0.00010343323780533061,0.0009066595967908819,5.414091674982302e-09,-0.0005349928635724754,-2.2898349882893854e-16,155.99999999999704
refined,7510104,responsive,plus,158.0,0.5855911081894819,93.12896766972125,0.0585591108189482,0.001075198208964808,-3.936932281013114e-06,0.00010343323780533061,0.0009012449311876338,-1.1422967849394894e-09,-0.0005318222301344093,-2.220446049250313e-16,157.99999999999807
refined,7510104,responsive,plus,160.0,0.5854167863518578,94.300028391736,0.058541678635185786,0.0010926303927272759,-3.936932281013114e-06,0.00010343323780533061,0.000918677114950101,-5.032105843127965e-10,-0.0005420288425368493,-1.734723475976807e-16,159.9999999999991
refined,7510104,responsive,plus,162.0,0.5850468215111919,95.47043066564319,0.058504682151119196,0.0011296268767938262,-3.936932281013114e-06,0.00010343323780533061,0.0009556735990166503,3.099604489742447e-09,-0.0005636803616462654,-2.0816681711721685e-16,162.0000000000001
refined,7510104,responsive,plus,164.0,0.5851819821850593,96.6407244542951,0.05851819821850594,0.001116110809407059,-3.936932281013114e-06,0.00010343323780533061,0.0009421575316298848,1.7444963529289481e-09,-0.0005557719159619279,-2.2898349882893854e-16,164.00000000000114
refined,7510104,responsive,plus,166.0,0.5850105333985252,97.81104380753709,0.05850105333985252,0.001133255688060484,-3.936932281013114e-06,0.00010343323780533061,0.0009593024102833088,-5.982213058253194e-10,-0.0005658033203023403,-2.2898349882893854e-16,166.00000000000216
refined,7510104,responsive,plus,168.0,0.5850909450543651,98.98086214331343,0.05850909450543651,0.001125214522476453,-3.936932281013114e-06,0.00010343323780533061,0.0009512612446992777,4.177404283600694e-09,-0.000561098830433187,-2.706168622523819e-16,168.00000000000318
refined,7510104,responsive,plus,170.0,0.5853116078075363,100.1512516432683,0.058531160780753634,0.0011031482471593017,-3.936932281013114e-06,0.00010343323780533061,0.0009291949693821251,4.672253778315039e-09,-0.0005481856179515264,-2.983724378680108e-16,170.0000000000042
refined,7510104,responsive,plus,172.0,0.5850888855182541,101.3216350228903,0.058508888551825414,0.001125420476087582,-3.936932281013114e-06,0.00010343323780533061,0.0009514671983104058,2.5219528965170213e-09,-0.0005612193318140536,-2.3592239273284576e-16,172.00000000000523
refined,7510104,responsive,plus,174.0,0.5855476330527475,102.49229030542004,0.05855476330527475,0.0010795457226383184,-3.936932281013114e-06,0.00010343323780533061,0.0009055924448611407,-1.7223645565334067e-09,-0.0005343680009799352,-1.6653345369377348e-16,174.00000000000625
refined,7510104,responsive,plus,176.0,0.5857342530582623,103.66358039597498,0.05857342530582624,0.0010608837220868075,-3.936932281013114e-06,0.00010343323780533061,0.0008869304443096292,6.736064317447443e-09,-0.0005234387693776633,-1.8735013540549517e-16,176.00000000000728
refined,7510104,responsive,plus,178.0,0.5854883964187757,104.83487649366403,0.05854883964187758,0.001085469386035482,-3.936932281013114e-06,0.00010343323780533061,0.0009115161082583036,1.557787870920535e-09,-0.0005378364126122116,-1.734723475976807e-16,178.0000000000083
refined,7510104,responsive,plus,180.0,0.585656858123254,106.00622684775192,0.0585656858123254,0.0010686232155877038,-3.936932281013114e-06,0.00010343323780533061,0.000894669937810525,-4.436314232636462e-09,-0.0005279717563236239,-1.3183898417423734e-16,180.00000000000932
refined,7510104,responsive,plus,182.0,0.585515824946806,107.1773847404634,0.05855158249468061,0.0010827265332325764,-3.936932281013114e-06,0.00010343323780533061,0.0009087732554553974,3.0854304666760868e-09,-0.0005362304665067485,-5.551115123125783e-17,182.00000000001035
refined,7510104,responsive,plus,184.0,0.5856691542459777,108.34840887017538,0.05856691542459777,0.0010673936033153888,-3.936932281013114e-06,0.00010343323780533061,0.00089344032553821,2.387539832504615e-09,-0.0005272516179037484,-7.632783294297951e-17,184.00000000001137
refined,7510104,responsive,plus,186.0,0.585819897427378,109.51995991083407,0.0585819897427378,0.00105231928517537,-3.936932281013114e-06,0.00010343323780533061,0.0008783660073981897,-4.4442659552501595e-09,-0.0005184219185725043,-6.245004513516506e-17,186.0000000000124
refined,7510104,responsive,plus,188.0,0.5853754993736976,110.69115471437642,0.058537549937369766,0.0010967590905434285,-3.936932281013114e-06,0.00010343323780533061,0.0009228058127662524,4.932300401438994e-10,-0.0005444457663133923,-4.163336342344337e-17,188.00000000001342
refined,7510104,responsive,plus,190.0,0.5853784586368926,111.86177277146443,0.05853784586368927,0.001096463164223928,-3.936932281013114e-06,0.00010343323780533061,0.0009225098864467512,3.704650475278015e-11,-0.0005442725378584749,-3.469446951953614e-17,190.00000000001444
refined,7510104,responsive,plus,192.0,0.5848583637171612,113.03216247312812,0.05848583637171612,0.0011484726561971014,-3.936932281013114e-06,0.00010343323780533061,0.0009745193784199255,-3.0644314308325704e-09,-0.0005747042491679247,-6.938893903907228e-18,192.00000000001546
refined,7510104,responsive,plus,194.0,0.5843045876240386,114.20126352399164,0.05843045876240386,0.0012038502655093654,-3.936932281013114e-06,0.00010343323780533061,0.0010298969877321886,2.398996779007234e-09,-0.0006070769737387995,-6.938893903907228e-18,194.00000000001648
refined,7510104,responsive,plus,196.0,0.5844878257716654,115.37001372577495,0.05844878257716654,0.0011855264507466736,-3.936932281013114e-06,0.00010343323780533061,0.0010115731729694972,-5.703434363679705e-09,-0.0005963686058992543,-2.0816681711721685e-17,196.0000000000175
refined,7510104,responsive,plus,198.0,0.5839471924531447,116.53856024306492,0.058394719245314475,0.0012395897825987524,-3.936932281013114e-06,0.00010343323780533061,0.0010656365048215752,6.983950667782679e-09,-0.0006279533509681856,-6.938893903907228e-18,198.00000000001853
refined,7510104,responsive,plus,200.0,0.583761299827762,117.70604040343171,0.058376129982776206,0.0012581790451370414,-3.936932281013114e-06,0.00010343323780533061,0.0010842257673598652,4.300112765864839e-09,-0.000638806770833774,1.3877787807814457e-17,200.00000000001955
refined,7510104,responsive,minus,0.0,0.5946035575013605,0.0,0.05946035575013606,0.0,0.0,0.0,,,,,0.0
refined,7510104,responsive,minus,2.0,0.5946035575013605,1.1892071150027101,0.05946035575013606,1.5385629586589586e-08,1.535961667268172e-07,9.148350086584352e-09,,,,,1.9999999999999685
refined,7510104,responsive,minus,4.0,0.5946035575013605,2.37841423000542,0.05946035575013606,-6.018637553502633e-07,-3.004925353871331e-07,-3.578703300623948e-07,,,,,3.999999999999926
refined,7510104,responsive,minus,6.0,0.5946035575013605,3.5676213450080083,0.05946035575013606,3.963207789406478e-06,-1.0423226574879573e-06,2.3565374506981914e-06,,,,,6.000000000000238
refined,7510104,responsive,minus,8.0,0.5946035575013605,4.756828460010823,0.05946035575013606,2.6839952100670967e-06,-1.0767666469229056e-06,1.5959131002224958e-06,,,,,8.00000000000055
refined,7510104,responsive,minus,10.0,0.5946035575013605,5.946035575013767,0.05946035575013606,1.0843974001411364e-05,-4.394359037599181e-06,6.447865518691441e-06,,,,,10.000000000000153
refined,7510104,responsive,minus,12.0,0.5946035575013605,7.13524269001671,0.05946035575013606,4.159427381010363e-05,-4.31977717182251e-06,2.473210317917329e-05,,,,,11.999999999999755
refined,7510104,responsive,minus,14.0,0.5946035575013605,8.324449805019654,0.05946035575013606,4.1763381028791424e-05,-4.4052759381119826e-06,2.4832654933004197e-05,,,,,13.999999999999357
refined,7510104,responsive,minus,16.0,0.5946035575013605,9.513656920022598,0.05946035575013606,0.00010433925759918274,-4.366536148230957e-06,6.204049375552482e-05,,,,,15.999999999998959
refined,7510104,responsive,minus,18.0,0.5946035575013605,10.702864035025542,0.05946035575013606,0.00015398278083676178,-4.126980487387373e-06,9.155870927949087e-05,,,,,17.999999999999982
refined,7510104,responsive,minus,20.0,0.5946035575013605,11.892071150028485,0.05946035575013606,0.00019204186169747645,-4.132870682710978e-06,0.00011418877415450335,0.0,0.0,0.0,0.0,20.000000000001005
refined,7510104,responsive,minus,22.0,0.5938397842962059,13.080537245357071,0.059383978429620586,0.0002684191822129288,-4.132870682710978e-06,0.00011418877415450335,7.637732051545243e-05,7.1786894206837815e-09,-4.5385059015475016e-05,-2.0816681711721685e-17,22.00000000000114
refined,7510104,responsive,minus,24.0,0.5936117630618465,14.26789551057377,0.05936117630618465,0.0002912213056489018,-4.132870682710978e-06,0.00011418877415450335,9.917944395142556e-05,5.275724052067332e-09,-5.8923267394001694e-05,1.3877787807814457e-17,24.000000000001275
refined,7510104,responsive,minus,26.0,0.5931099822374108,15.454708053436901,0.059310998223741085,0.0003413993880924401,-4.132870682710978e-06,0.00011418877415450335,0.00014935752639496405,1.2670416937865525e-08,-8.869697818059824e-05,-6.938893903907228e-18,26.00000000000141
refined,7510104,responsive,minus,28.0,0.5924188892148233,16.640031301868074,0.05924188892148234,0.00041050869035116086,-4.132870682710978e-06,0.00011418877415450335,0.00021846682865368512,2.0369167186284898e-09,-0.0001296625147374289,-2.7755575615628914e-17,28.000000000001545
refined,7510104,responsive,minus,30.0,0.5926279969606537,17.82503519042794,0.05926279969606537,0.00038959791576817,-4.132870682710978e-06,0.00011418877415450335,0.00019755605407069453,1.0698271712961116e-09,-0.00011727239058385852,6.938893903907228e-18,30.00000000000168
refined,7510104,responsive,minus,32.0,0.5921323978266787,19.00983229967986,0.05921323978266787,0.0004391578291656643,-4.132870682710978e-06,0.00011418877415450335,0.0002471159674681887,9.923139115963764e-09,-0.00014663070186508517,0.0,32.00000000000181
refined,7510104,responsive,minus,34.0,0.591922981961657,20.193779764347255,0.059192298196165706,0.0004600994156678186,-4.132870682710978e-06,0.00011418877415450335,0.000268057553970343,4.311422746594573e-09,-0.00015902870094467933,-6.938893903907228e-18,34.00000000000142
refined,7510104,responsive,minus,36.0,0.5919619385558086,21.377704241589758,0.05919619385558086,0.00045620375625281734,-4.132870682710978e-06,0.00011418877415450335,0.0002641618945553416,5.12117670492529e-09,-0.0001567226947261427,1.3877787807814457e-16,36.00000000000102
refined,7510104,responsive,minus,38.0,0.5910515507882425,22.56074228991039,0.059105155078824245,0.0005472425330093787,-4.132870682710978e-06,0.00011418877415450335,0.0003552006713119029,6.172851008123814e-09,-0.00021057274520437305,9.020562075079397e-17,38.000000000000625
refined,7510104,responsive,minus,40.0,0.5914028187951916,23.742962841625214,0.05914028187951917,0.0005121157323145026,-4.132870682710978e-06,0.00011418877415450335,0.00032007387061702626,6.105348254736853e-09,-0.00018980482571877288,1.3877787807814457e-16,40.00000000000023
refined,7510104,responsive,minus,42.0,0.591095832865107,24.92575710521029,0.05910958328651071,0.0005428143253229836,-4.132870682710978e-06,0.00011418877415450335,0.0003507724636255078,2.357467887570408e-09,-0.00020795534813895442,1.5959455978986625e-16,41.99999999999983
refined,7510104,responsive,minus,44.0,0.5904291948766575,26.107186824955487,0.05904291948766575,0.0006094781241679549,-4.132870682710978e-06,0.00011418877415450335,0.0004174362624704792,-9.042320781027513e-10,-0.0002473378215287897,1.6653345369377348e-16,43.99999999999943
refined,7510104,responsive,minus,46.0,0.5905856742345731,27.288215774056685,0.05905856742345732,0.0005938301883764702,-4.132870682710978e-06,0.00011418877415450335,0.0004017883266789944,3.1447551784857808e-09,-0.0002380975991084222,2.5673907444456745e-16,45.999999999999034
refined,7510104,responsive,minus,48.0,0.5896972685619032,28.468541474666626,0.05896972685619033,0.0006826707556434539,-4.132870682710978e-06,0.00011418877415450335,0.0004906288939459786,2.2103959218533475e-09,-0.00029052610219521685,2.498001805406602e-16,47.999999999998636
refined,7510104,responsive,minus,50.0,0.5891589314304052,29.64724004602954,0.05891589314304053,0.0007365044687932215,-4.132870682710978e-06,0.00011418877415450335,0.0005444626070957464,1.8528976686305043e-09,-0.0003222572054528382,2.1510571102112408e-16,49.99999999999824
refined,7510104,responsive,minus,52.0,0.5889313613952727,30.82548709709814,0.05889313613952727,0.0007592614723064777,-4.132870682710978e-06,0.00011418877415450335,0.0005672196106090023,9.795200289763883e-09,-0.0003356621079192261,2.1510571102112408e-16,51.99999999999784
refined,7510104,responsive,minus,54.0,0.588315164841782,32.00281132258239,0.058831516484178205,0.0008208811276555852,-4.132870682710978e-06,0.00011418877415450335,0.0006288392659581094,8.780684818132656e-09,-0.00037193287052303056,2.5673907444456745e-16,53.99999999999744
refined,7510104,responsive,minus,56.0,0.5881365492961516,33.179213184313255,0.05881365492961516,0.0008387426822186305,-4.132870682710978e-06,0.00011418877415450335,0.000646700820521155,6.121999879260542e-09,-0.0003824394987644586,2.636779683484747e-16,55.999999999997044
refined,7510104,responsive,minus,58.0,0.5877427642502148,34.35498000031891,0.05877427642502148,0.0008781211868123175,-4.132870682710978e-06,0.00011418877415450335,0.0006860793251148409,3.849838225988833e-10,-0.00040559168323951386,2.636779683484747e-16,57.999999999996646
refined,7510104,responsive,minus,60.0,0.5874140612238551,35.53014012257289,0.058741406122385514,0.0009109914894483106,-4.132870682710978e-06,0.00011418877415450335,0.0007189496277508339,-1.82368109502562e-09,-0.0004249055634885368,2.914335439641036e-16,59.99999999999625
refined,7510104,responsive,minus,62.0,0.5872085725565972,36.70471220538841,0.058720857255659724,0.0009315403561741058,-4.132870682710978e-06,0.00011418877415450335,0.0007394984944766308,4.730430686050724e-09,-0.0004369741454658613,2.983724378680108e-16,61.99999999999585
refined,7510104,responsive,minus,64.0,0.5868376193018968,37.878815133551385,0.05868376193018968,0.0009686356816441087,-4.132870682710978e-06,0.00011418877415450335,0.0007765938199466341,-2.356349004806191e-10,-0.0004587499582677894,2.636779683484747e-16,63.99999999999545
refined,7510104,responsive,minus,66.0,0.586362127749781,39.05201332183452,0.0586362127749781,0.0010161848368557178,-4.132870682710978e-06,0.00011418877415450335,0.0008241429751582434,1.008914768396707e-08,-0.00048664228670116175,2.914335439641036e-16,65.99999999999505
refined,7510104,responsive,minus,68.0,0.5862766148602179,40.2246616177294,0.05862766148602179,0.0010247361258119427,-4.132870682710978e-06,0.00011418877415450335,0.0008326942641144692,3.3158728263149584e-09,-0.0004916560730658763,2.0122792321330962e-16,67.99999999999466
refined,7510104,responsive,minus,70.0,0.5859413584999177,41.39674724059444,0.05859413584999177,0.0010582617618418832,-4.132870682710978e-06,0.00011418877415450335,0.0008662199001444088,5.845462863751649e-09,-0.0005113057496272354,1.249000902703301e-16,69.99999999999426
refined,7510104,responsive,minus,72.0,0.5860866983775771,42.56866731409488,0.05860866983775771,0.0010437277740759096,-4.132870682710978e-06,0.00011418877415450335,0.0008516859123784341,6.397390173162876e-09,-0.0005027886289072359,9.020562075079397e-17,71.99999999999386
refined,7510104,responsive,minus,74.0,0.5863519860721963,43.74126800487474,0.05863519860721963,0.0010171990046140204,-4.132870682710978e-06,0.00011418877415450335,0.0008251571429165468,4.975224315861837e-09,-0.00048723695112323426,1.1796119636642288e-16,73.99999999999346
refined,7510104,responsive,minus,76.0,0.5862987089261676,44.91383522958722,0.058629870892616766,0.0010225267192168436,-4.132870682710978e-06,0.00011418877415450335,0.0008304848575193709,4.307352502452844e-09,-0.0004903607252391348,8.326672684688674e-17,75.99999999999307
refined,7510104,responsive,minus,78.0,0.5869384320214499,46.08709033519818,0.05869384320214499,0.0009585544096886493,-4.132870682710978e-06,0.00011418877415450335,0.000766512547991178,6.323885304304611e-10,-0.00045283338047378066,1.1102230246251565e-16,77.99999999999267
refined,7510104,responsive,minus,80.0,0.5866776125467249,47.2608905107701,0.0586677612546725,0.0009846363571611393,-4.132870682710978e-06,0.00011418877415450335,0.0007925944954636694,-5.464346752859228e-10,-0.00046813847648742926,1.1102230246251565e-16,79.99999999999227
refined,7510104,responsive,minus,82.0,0.5867614766709728,48.43410786095072,0.058676147667097285,0.0009762499447363222,-4.132870682710978e-06,0.00011418877415450335,0.0007842080830388501,3.062176900936464e-10,-0.0004632180044086588,7.632783294297951e-17,81.99999999999187
refined,7510104,responsive,minus,84.0,0.5870774359781831,49.60798000949641,0.058707743597818315,0.0009446540140153396,-4.132870682710978e-06,0.00011418877415450335,0.0007526121523178677,2.621720202045097e-09,-0.0004446737379278018,1.249000902703301e-16,83.99999999999147
refined,7510104,responsive,minus,86.0,0.5867303771543991,50.781890557624564,0.05867303771543991,0.0009793598963937634,-4.132870682710978e-06,0.00011418877415450335,0.0007873180346962909,8.912089954904445e-10,-0.00046504275587651647,1.457167719820518e-16,85.99999999999108
refined,7510104,responsive,minus,88.0,0.5870230247277977,51.95550638575405,0.05870230247277977,0.0009500951390539176,-4.132870682710978e-06,0.00011418877415450335,0.0007580532773564441,3.9750427949236666e-10,-0.00044786795163506005,1.5959455978986625e-16,87.99999999999068
refined,7510104,responsive,minus,90.0,0.5874913848019523,53.13013917222018,0.05874913848019524,0.0009032591316384982,-4.132870682710978e-06,0.00011418877415450335,0.0007112172699410234,-9.119055233153261e-10,-0.00042036316883790545,2.0122792321330962e-16,89.99999999999028
refined,7510104,responsive,minus,92.0,0.5871997595551415,54.3048365610485,0.058719975955514155,0.0009324216563195712,-4.132870682710978e-06,0.00011418877415450335,0.0007403797946220968,-3.30205482401702e-09,-0.00043749164858288697,1.942890293094024e-16,91.99999999998988
refined,7510104,responsive,minus,94.0,0.587633569436414,55.47966611611628,0.058763356943641404,0.0008890406681923923,-4.132870682710978e-06,0.00011418877415450335,0.0006969988064949185,1.5993474877795677e-09,-0.0004120089332346477,2.636779683484747e-16,93.99999999998948
refined,7510104,responsive,minus,96.0,0.5875274330597916,56.65481742308563,0.05875274330597916,0.0008996543058546271,-4.132870682710978e-06,0.00011418877415450335,0.0007076124441571523,4.740873721376104e-09,-0.00041824529977229144,2.5673907444456745e-16,95.99999999998909
refined,7510104,responsive,minus,98.0,0.5874900860074405,57.82970754033932,0.05874900860074405,0.0009033890110897282,-4.132870682710978e-06,0.00011418877415450335,0.0007113471493922544,-3.627831646202395e-10,-0.0004204394718121951,2.498001805406602e-16,97.99999999998869
refined,7510104,responsive,minus,100.0,0.5877998229335583,59.00511729272167,0.058779982293355834,0.000872415318477945,-4.132870682710978e-06,0.00011418877415450335,0.000680373456780471,5.660819035746556e-09,-0.00040223793762756213,2.498001805406602e-16,99.99999999998829
refined,7510104,responsive,minus,102.0,0.5874905765444252,60.18036467140606,0.058749057654442514,0.0009033399573912655,-4.132870682710978e-06,0.00011418877415450335,0.0007112980956937914,2.0366317798892197e-09,-0.00042041065323863633,2.498001805406602e-16,101.99999999998789
refined,7510104,responsive,minus,104.0,0.5876776404449886,61.355431874980766,0.05876776404449886,0.0008846335673349283,-4.132870682710978e-06,0.00011418877415450335,0.0006925917056374538,4.321162844211912e-09,-0.00040941907571422076,2.5673907444456745e-16,103.9999999999875
refined,7510104,responsive,minus,106.0,0.5876971184151795,62.53102527745189,0.058769711841517955,0.0008826857703158244,-4.132870682710978e-06,0.00011418877415450335,0.0006906439086183506,2.042244179323305e-09,-0.00040827437998840893,2.498001805406602e-16,105.9999999999871
refined,7510104,responsive,minus,108.0,0.5875066695450928,63.70610728547481,0.058750666954509284,0.0009017306573245499,-4.132870682710978e-06,0.00011418877415450335,0.0007096887956270766,6.409539815566134e-09,-0.00041946519166534066,3.0531133177191805e-16,107.9999999999867
refined,7510104,responsive,minus,110.0,0.5879626947742375,64.88162349281815,0.05879626947742375,0.0008561281344100314,-4.132870682710978e-06,0.00011418877415450335,0.0006640862727125571,1.4899787237343531e-08,-0.00039266300735452814,2.498001805406602e-16,109.9999999999863
refined,7510104,responsive,minus,112.0,0.5876043193413566,66.05733041342428,0.05876043193413566,0.0008919656776981173,-4.132870682710978e-06,0.00011418877415450335,0.0006999238160006439,1.9681627161372006e-09,-0.00041372772423274237,2.498001805406602e-16,111.9999999999859
refined,7510104,responsive,minus,114.0,0.5876354268528227,67.23238734989822,0.05876354268528227,0.0008888549265514923,-4.132870682710978e-06,0.00011418877415450335,0.0006968130648540183,6.435253885328507e-09,-0.00041189978503873223,2.2898349882893854e-16,113.9999999999855
refined,7510104,responsive,minus,116.0,0.5877227566002481,68.40779262850825,0.05877227566002481,0.0008801219518089652,-4.132870682710978e-06,0.00011418877415450335,0.0006880800901114918,5.232312388914195e-09,-0.0004067675983739638,2.498001805406602e-16,115.9999999999851
refined,7510104,responsive,minus,118.0,0.5871474411794388,69.58280035070746,0.05871474411794388,0.0009376534938899481,-4.132870682710978e-06,0.00011418877415450335,0.0007456116321924741,9.112542109779298e-09,-0.0004405636454855588,2.983724378680108e-16,117.99999999998471
refined,7510104,responsive,minus,120.0,0.5876797636365795,70.75743808119958,0.05876797636365795,0.0008844212481758289,-4.132870682710978e-06,0.00011418877415450335,0.0006923793864783547,1.189449905236728e-08,-0.00040929430026638916,2.498001805406602e-16,119.99999999998431
refined,7510104,responsive,minus,122.0,0.5876366282415912,71.93292182362633,0.05876366282415913,0.000888734787674632,-4.132870682710978e-06,0.00011418877415450335,0.0006966929259771579,3.7825776399991184e-09,-0.000411829187106378,2.2898349882893854e-16,121.99999999998391
refined,7510104,responsive,minus,124.0,0.5872071955853702,73.1075489975839,0.05872071955853702,0.0009316780532967787,-4.132870682710978e-06,0.00011418877415450335,0.0007396361915993042,2.1367239644298763e-09,-0.0004370550023019282,2.636779683484747e-16,123.99999999998352
refined,7510104,responsive,minus,126.0,0.5876219964139213,74.28245453589619,0.058762199641392135,0.000890197970441657,-4.132870682710978e-06,0.00011418877415450335,0.0006981561087441822,5.719652224067673e-09,-0.00041268899618955926,2.636779683484747e-16,125.99999999998312
refined,7510104,responsive,minus,128.0,0.5872251012763564,75.45750412725279,0.058722510127635644,0.0009298874841981633,-4.132870682710978e-06,0.00011418877415450335,0.0007378456225006888,1.608262190089249e-09,-0.0004360035512123335,2.7755575615628914e-16,127.99999999998273
refined,7510104,responsive,minus,130.0,0.5868778050847723,76.63144366836744,0.05868778050847723,0.0009646171033566082,-4.132870682710978e-06,0.00011418877415450335,0.0007725752416591347,5.618429194109709e-09,-0.0004563916246076924,3.0531133177191805e-16,129.99999999998374
refined,7510104,responsive,minus,132.0,0.5870671985917231,77.80556505588207,0.058706719859172314,0.0009456777526614462,-4.132870682710978e-06,0.00011418877415450335,0.0007536358909639726,3.0759298441651595e-09,-0.00044527474654700375,2.2898349882893854e-16,131.99999999998477
refined,7510104,responsive,minus,134.0,0.5865948422408407,78.97922867277744,0.05865948422408407,0.0009929133877497177,-4.132870682710978e-06,0.00011418877415450335,0.0008008715260522463,3.5485782923228015e-09,-0.0004729940824858489,2.5673907444456745e-16,133.9999999999858
refined,7510104,responsive,minus,136.0,0.5866099350210332,80.15236799588067,0.058660993502103326,0.0009914041097304725,-4.132870682710978e-06,0.00011418877415450335,0.0007993622480330033,5.731750241100286e-09,-0.0004721087363946455,2.706168622523819e-16,135.9999999999868
refined,7510104,responsive,minus,138.0,0.5864267964022447,81.32547009069695,0.058642679640224474,0.0010097179716093046,-4.132870682710978e-06,0.00011418877415450335,0.0008176761099118336,2.3257595849202062e-10,-0.00048285015273370063,2.498001805406602e-16,137.99999999998784
refined,7510104,responsive,minus,140.0,0.5859306623652986,82.49787497225432,0.058593066236529864,0.001059331375303937,-4.132870682710978e-06,0.00011418877415450335,0.0008672895136064651,3.169393691937472e-09,-0.0005119324746718085,2.706168622523819e-16,139.99999999998886
refined,7510104,responsive,minus,142.0,0.5857919674375589,83.66952382067902,0.05857919674375589,0.0010732008680779028,-4.132870682710978e-06,0.00011418877415450335,0.000881159006380431,1.1876234135010932e-08,-0.0005200580739453849,2.636779683484747e-16,141.99999999998988
refined,7510104,responsive,minus,144.0,0.5856528966690868,84.84111212013406,0.05856528966690868,0.0010871079449251036,-4.132870682710978e-06,0.00011418877415450335,0.0008950660832276313,1.140596636584057e-08,-0.0005282037608190862,2.5673907444456745e-16,143.9999999999909
refined,7510104,responsive,minus,146.0,0.585312021791702,86.01220832176526,0.05853120217917021,0.0011211954326635484,-4.132870682710978e-06,0.00011418877415450335,0.0009291535709660763,3.2985345288505385e-09,-0.0005481613869691912,2.2898349882893854e-16,145.99999999999193
refined,7510104,responsive,minus,148.0,0.5849802711285341,87.18233791978511,0.058498027112853415,0.0011543704989803304,-4.132870682710978e-06,0.00011418877415450335,0.0009623286372828562,6.5149158012811625e-09,-0.0005675736491830216,2.1510571102112408e-16,147.99999999999295
refined,7510104,responsive,minus,150.0,0.5843462126102933,88.35166613554517,0.05843462126102933,0.0012177763508043845,-4.132870682710978e-06,0.00011418877415450335,0.001025734489106912,2.3563936635273564e-09,-0.0006046447200639855,1.8735013540549517e-16,149.99999999999397
refined,7510104,responsive,minus,152.0,0.5841591997875143,89.51999713440362,0.05841591997875143,0.0012364776330822632,-4.132870682710978e-06,0.00011418877415450335,0.0010444357713847922,8.542998392035983e-09,-0.0006155709948442376,1.6653345369377348e-16,151.999999999995
refined,7510104,responsive,minus,154.0,0.58418194129743,90.68847758174137,0.058418194129743,0.0012342034820907394,-4.132870682710978e-06,0.00011418877415450335,0.0010421616203932687,9.883455054371382e-09,-0.0006142425027619927,2.1510571102112408e-16,153.99999999999602
refined,7510104,responsive,minus,156.0,0.58388681226784,91.85665809467662,0.058388681226784,0.0012637163850497415,-4.132870682710978e-06,0.00011418877415450335,0.0010716745233522718,-1.50192427939011e-09,-0.0006314790526486987,2.1510571102112408e-16,155.99999999999704
refined,7510104,responsive,minus,158.0,0.5843222430705065,93.02481185185044,0.058432224307050654,0.001220173304783066,-4.132870682710978e-06,0.00011418877415450335,0.0010281314430855973,8.087655545274686e-09,-0.0006060453423162825,1.942890293094024e-16,157.99999999999807
refined,7510104,responsive,minus,160.0,0.5843624615681487,94.19360216103445,0.05843624615681488,0.0012161514550188802,-4.132870682710978e-06,0.00011418877415450335,0.0010241095933214107,-3.4656785496967046e-09,-0.0006036952051643833,2.2898349882893854e-16,159.9999999999991
refined,7510104,responsive,minus,162.0,0.5838938660910472,95.36167344405487,0.058389386609104726,0.0012630110027290228,-4.132870682710978e-06,0.00011418877415450335,0.0010709691410315542,4.162402228446993e-09,-0.0006310671867261995,2.220446049250313e-16,162.0000000000001
refined,7510104,responsive,minus,164.0,0.5843806495280925,96.52999635075446,0.05843806495280926,0.0012143326590245511,-4.132870682710978e-06,0.00011418877415450335,0.0010222907973270834,1.0381102144574328e-08,-0.0006026323525199183,2.8449465006019636e-16,164.00000000000114
refined,7510104,responsive,minus,166.0,0.5837940456564665,97.69827096511906,0.05837940456564666,0.0012729930461871871,-4.132870682710978e-06,0.00011418877415450335,0.0010809511844897196,8.961510367111458e-09,-0.0006368951424664607,3.191891195797325e-16,166.00000000000216
refined,7510104,responsive,minus,168.0,0.5836654633205551,98.86549688120051,0.05836654633205552,0.0012858512797783194,-4.132870682710978e-06,0.00011418877415450335,0.0010938094180808532,-2.4631430228794216e-09,-0.0006444008760037728,3.191891195797325e-16,168.00000000000318
refined,7510104,responsive,minus,170.0,0.5837374799188229,100.03297670465432,0.05837374799188229,0.0012786496199514983,-4.132870682710978e-06,0.00011418877415450335,0.00108660775825403,4.695237393326224e-09,-0.0006401972565647819,2.636779683484747e-16,170.0000000000042
refined,7510104,responsive,minus,172.0,0.583442782862029,101.20022123747395,0.05834427828620291,0.0013081193256308803,-4.132870682710978e-06,0.00011418877415450335,0.0011160774639334106,7.084864389605983e-09,-0.0006573954859742485,2.636779683484747e-16,172.00000000000523
refined,7510104,responsive,minus,174.0,0.5835031079629079,102.36721213820636,0.0583503107962908,0.0013020868155430088,-4.132870682710978e-06,0.00011418877415450335,0.0011100449538455376,-4.893994709487259e-09,-0.0006538756795450365,2.7755575615628914e-16,174.00000000000625
refined,7510104,responsive,minus,176.0,0.5832180155693022,103.53406265666254,0.058321801556930224,0.001330596054903509,-4.132870682710978e-06,0.00011418877415450335,0.001138554193206038,3.1195415972629092e-09,-0.0006705068454339463,2.0816681711721685e-16,176.00000000000728
refined,7510104,responsive,minus,178.0,0.5829096513011683,104.70018985836694,0.058290965130116834,0.0013614324817169403,-4.132870682710978e-06,0.00011418877415450335,0.0011693906200194672,9.36832941778043e-09,-0.0006884864506612048,2.42861286636753e-16,178.0000000000083
refined,7510104,responsive,minus,180.0,0.5824698128364834,105.86562576535066,0.05824698128364834,0.001405416328185471,-4.132870682710978e-06,0.00011418877415450335,0.0012133744664879996,3.186698183110792e-09,-0.0007141153863752907,2.7755575615628914e-16,180.00000000000932
refined,7510104,responsive,minus,182.0,0.5825884522150279,107.03058230573211,0.05825884522150279,0.0013935523903310506,-4.132870682710978e-06,0.00011418877415450335,0.001201510528633579,4.3155062856570225e-09,-0.0007072042969485971,3.122502256758253e-16,182.00000000001035
refined,7510104,responsive,minus,184.0,0.5827858933655581,108.19577656198787,0.05827858933655581,0.001373808275278023,-4.132870682710978e-06,0.00011418877415450335,0.0011817664135805532,6.546925307437945e-09,-0.000695699654369105,3.0531133177191805e-16,184.00000000001137
refined,7510104,responsive,minus,186.0,0.5826911997110815,109.36126414165932,0.05826911997110815,0.0013832776407256139,-4.132870682710978e-06,0.00011418877415450335,0.001191235779028142,2.227940054666533e-11,-0.0007012178186267121,2.3592239273284576e-16,186.0000000000124
refined,7510104,responsive,minus,188.0,0.5827500223291051,110.5268357211102,0.05827500223291051,0.0013773953789232697,-4.132870682710978e-06,0.00011418877415450335,0.0011853535172257979,4.078724386014088e-09,-0.0006977901034350663,2.498001805406602e-16,188.00000000001342
refined,7510104,responsive,minus,190.0,0.5830550196881908,111.69259423513859,0.05830550196881909,0.0013468956430147006,-4.132870682710978e-06,0.00011418877415450335,0.001154853781317228,4.3126131832327275e-09,-0.0006800117304838552,2.636779683484747e-16,190.00000000001444
refined,7510104,responsive,minus,192.0,0.5834418260839644,112.85890422199036,0.058344182608396446,0.0013082150034373378,-4.132870682710978e-06,0.00011418877415450335,0.001116173141739867,4.72198452561301e-09,-0.0006574513084541371,2.5673907444456745e-16,192.00000000001546
refined,7510104,responsive,minus,194.0,0.5837167493123365,114.02624272428035,0.05837167493123365,0.0012807226806001348,-4.132870682710978e-06,0.00011418877415450335,0.0010886808189026626,2.5634994127443633e-11,-0.0006414073582756315,2.5673907444456745e-16,194.00000000001648
refined,7510104,responsive,minus,196.0,0.5839901466731682,115.19373234945265,0.05839901466731682,0.0012533829445170012,-4.132870682710978e-06,0.00011418877415450335,0.0010613410828195287,2.3047255492958385e-09,-0.0006254449590962635,2.914335439641036e-16,196.0000000000175
refined,7510104,responsive,minus,198.0,0.58392256565956,116.36174767467791,0.058392256565956,0.0012601410458778044,-4.132870682710978e-06,0.00011418877415450335,0.0010680991841803317,1.28764696127881e-08,-0.0006293913953415303,2.7755575615628914e-16,198.00000000001853
refined,7510104,responsive,minus,200.0,0.5836883479052043,117.52932075060117,0.058368834790520435,0.0012835628213133047,-4.132870682710978e-06,0.00011418877415450335,0.001091520959615833,9.315737486970121e-09,-0.0006430651556483431,2.0816681711721685e-16,200.00000000001955
