matrix,row_index,column_index,covariance_of_mean
tangent-endpoint,0,0,1.8352900098950213e-14
tangent-endpoint,0,1,1.8940934799102422e-13
tangent-endpoint,0,2,-2.2806180535623547e-14
tangent-endpoint,0,3,-2.4494707815674665e-13
tangent-endpoint,0,4,5.951198073352424e-14
tangent-endpoint,0,5,6.23765774138796e-13
tangent-endpoint,0,6,-2.2266402183368262e-15
tangent-endpoint,0,7,-2.776886508286351e-14
tangent-endpoint,0,8,-1.869027247216857e-14
tangent-endpoint,0,9,-2.0151143554197545e-13
tangent-endpoint,0,10,-8.529168284049615e-16
tangent-endpoint,0,11,-7.448358666000871e-15
tangent-endpoint,0,12,1.0751579535022124e-15
tangent-endpoint,0,13,6.031131337969533e-15
tangent-endpoint,0,14,-2.780991610312267e-15
tangent-endpoint,0,15,-2.092784866997147e-14
tangent-endpoint,0,16,1.1112056254879451e-16
tangent-endpoint,0,17,-7.086136640160319e-16
tangent-endpoint,0,18,8.823504753120799e-16
tangent-endpoint,0,19,4.683182337572032e-15
tangent-endpoint,0,20,-3.267894174942041e-15
tangent-endpoint,0,21,-2.303598576826296e-14
tangent-endpoint,0,22,-2.5721653636009747e-15
tangent-endpoint,0,23,-2.085347898914875e-14
tangent-endpoint,0,24,-3.963622986283014e-15
tangent-endpoint,0,25,-2.5218492547377527e-14
tangent-endpoint,0,26,-2.9200297692715283e-15
tangent-endpoint,0,27,-2.1944732378705617e-14
tangent-endpoint,0,28,-2.6417382447351614e-15
tangent-endpoint,0,29,-2.1071729667060248e-14
tangent-endpoint,1,0,1.8940934799102422e-13
tangent-endpoint,1,1,1.9712784224984616e-12
tangent-endpoint,1,2,-2.332263647935835e-13
tangent-endpoint,1,3,-2.521071558698018e-12
tangent-endpoint,1,4,6.120450607756338e-13
tangent-endpoint,1,5,6.463628403694949e-12
tangent-endpoint,1,6,-2.1908508401281614e-14
tangent-endpoint,1,7,-2.748965680997966e-13
tangent-endpoint,1,8,-1.909627935151487e-13
tangent-endpoint,1,9,-2.0718365605784035e-12
tangent-endpoint,1,10,-6.036177013217991e-15
tangent-endpoint,1,11,-5.6815310672425575e-14
tangent-endpoint,1,12,1.2237935611201531e-14
tangent-endpoint,1,13,6.747770729828425e-14
tangent-endpoint,1,14,-2.4310289637639016e-14
tangent-endpoint,1,15,-1.8110832864313721e-13
tangent-endpoint,1,16,3.1008792989933316e-15
tangent-endpoint,1,17,5.331198312924796e-15
tangent-endpoint,1,18,1.0410524348765972e-14
tangent-endpoint,1,19,5.504840550121129e-14
tangent-endpoint,1,20,-3.0397143944926854e-14
tangent-endpoint,1,21,-2.133709070166395e-13
tangent-endpoint,1,22,-2.329238995988385e-14
tangent-endpoint,1,23,-1.9385137249707434e-13
tangent-endpoint,1,24,-3.750189792996892e-14
tangent-endpoint,1,25,-2.3289044153620784e-13
tangent-endpoint,1,26,-2.684476695240554e-14
tangent-endpoint,1,27,-2.0361113975685436e-13
tangent-endpoint,1,28,-2.400286535838903e-14
tangent-endpoint,1,29,-1.958033259490305e-13
tangent-endpoint,2,0,-2.2806180535623547e-14
tangent-endpoint,2,1,-2.332263647935835e-13
tangent-endpoint,2,2,4.385978420939011e-14
tangent-endpoint,2,3,4.609003388653166e-13
tangent-endpoint,2,4,-8.947214528063711e-14
tangent-endpoint,2,5,-9.273530684524792e-13
tangent-endpoint,2,6,1.052680183688319e-14
tangent-endpoint,2,7,1.1383698703586842e-13
tangent-endpoint,2,8,3.719318773489171e-14
tangent-endpoint,2,9,3.9148766849943354e-13
tangent-endpoint,2,10,1.5935368951094075e-15
tangent-endpoint,2,11,8.78491437898454e-15
tangent-endpoint,2,12,1.1178098466117565e-14
tangent-endpoint,2,13,9.947980110680912e-14
tangent-endpoint,2,14,-7.991024675898323e-15
tangent-endpoint,2,15,-8.19099723488389e-14
tangent-endpoint,2,16,6.385817680613387e-15
tangent-endpoint,2,17,5.4132357742897064e-14
tangent-endpoint,2,18,1.0219642309016025e-14
tangent-endpoint,2,19,9.041031243402424e-14
tangent-endpoint,2,20,5.215048324413277e-15
tangent-endpoint,2,21,3.6936139859531066e-14
tangent-endpoint,2,22,5.853089554533585e-15
tangent-endpoint,2,23,4.8052138445182754e-14
tangent-endpoint,2,24,4.5770070942928465e-15
tangent-endpoint,2,25,2.5820141273879513e-14
tangent-endpoint,2,26,5.534068939473465e-15
tangent-endpoint,2,27,4.249413915235644e-14
tangent-endpoint,2,28,5.789285431521709e-15
tangent-endpoint,2,29,4.6940538586618556e-14
tangent-endpoint,3,0,-2.4494707815674665e-13
tangent-endpoint,3,1,-2.521071558698018e-12
tangent-endpoint,3,2,4.609003388653166e-13
tangent-endpoint,3,3,4.873732674082574e-12
tangent-endpoint,3,4,-9.507944951788083e-13
tangent-endpoint,3,5,-9.915875791478562e-12
tangent-endpoint,3,6,1.0797663035428427e-13
tangent-endpoint,3,7,1.1763305576922954e-12
tangent-endpoint,3,8,3.903155971631442e-13
tangent-endpoint,3,9,4.1342522508045755e-12
tangent-endpoint,3,10,1.901920029949927e-14
tangent-endpoint,3,11,1.1840616926831515e-13
tangent-endpoint,3,12,1.0812044811460343e-13
tangent-endpoint,3,13,9.71107076247297e-13
tangent-endpoint,3,14,-7.008204751560031e-14
tangent-endpoint,3,15,-7.342947377106545e-13
tangent-endpoint,3,16,6.356982420705037e-14
tangent-endpoint,3,17,5.447566227578097e-13
tangent-endpoint,3,18,9.921032333308454e-14
tangent-endpoint,3,19,8.858369855493636e-13
tangent-endpoint,3,20,5.19913693218617e-14
tangent-endpoint,3,21,3.674632239344486e-13
tangent-endpoint,3,22,5.699851524063762e-14
tangent-endpoint,3,23,4.709600968285165e-13
tangent-endpoint,3,24,4.6984223403084436e-14
tangent-endpoint,3,25,2.639663510403821e-13
tangent-endpoint,3,26,5.4494942281249994e-14
tangent-endpoint,3,27,4.1921166038147745e-13
tangent-endpoint,3,28,5.649780064876164e-14
tangent-endpoint,3,29,4.606104095391182e-13
tangent-endpoint,4,0,5.951198073352424e-14
tangent-endpoint,4,1,6.120450607756338e-13
tangent-endpoint,4,2,-8.947214528063711e-14
tangent-endpoint,4,3,-9.507944951788083e-13
tangent-endpoint,4,4,2.0849610674768613e-13
tangent-endpoint,4,5,2.1748846167300736e-12
tangent-endpoint,4,6,-1.4980082273556664e-14
tangent-endpoint,4,7,-1.693747172015935e-13
tangent-endpoint,4,8,-7.457373267922875e-14
tangent-endpoint,4,9,-7.945105395833828e-13
tangent-endpoint,4,10,-3.2993705519195164e-15
tangent-endpoint,4,11,-2.3681631710987712e-14
tangent-endpoint,4,12,-9.027782559112945e-15
tangent-endpoint,4,13,-8.741753843086788e-14
tangent-endpoint,4,14,2.4290414552732214e-15
tangent-endpoint,4,15,4.005427500889096e-14
tangent-endpoint,4,16,-6.163576555515791e-15
tangent-endpoint,4,17,-5.5549585070928755e-14
tangent-endpoint,4,18,-8.454941358391707e-15
tangent-endpoint,4,19,-8.104394775887838e-14
tangent-endpoint,4,20,-1.1750836674297827e-14
tangent-endpoint,4,21,-8.300811139606031e-14
tangent-endpoint,4,22,-1.0997420281735916e-14
tangent-endpoint,4,23,-8.975909642348253e-14
tangent-endpoint,4,24,-1.2504253066859425e-14
tangent-endpoint,4,25,-7.625712636863897e-14
tangent-endpoint,4,26,-1.1374128478016947e-14
tangent-endpoint,4,27,-8.638360390977046e-14
tangent-endpoint,4,28,-1.1072761920992422e-14
tangent-endpoint,4,29,-8.908399792074141e-14
tangent-endpoint,5,0,6.23765774138796e-13
tangent-endpoint,5,1,6.463628403694949e-12
tangent-endpoint,5,2,-9.273530684524792e-13
tangent-endpoint,5,3,-9.915875791478562e-12
tangent-endpoint,5,4,2.1748846167300736e-12
tangent-endpoint,5,5,2.2843132598868428e-11
tangent-endpoint,5,6,-1.517936471568449e-13
tangent-endpoint,5,7,-1.7261236938918597e-12
tangent-endpoint,5,8,-7.722411841934376e-13
tangent-endpoint,5,9,-8.277925371961337e-12
tangent-endpoint,5,10,-3.109155432593235e-14
tangent-endpoint,5,11,-2.3203679061314235e-13
tangent-endpoint,5,12,-8.36445768921983e-14
tangent-endpoint,5,13,-8.36151661650711e-13
tangent-endpoint,5,14,2.1461468240326016e-14
tangent-endpoint,5,15,3.7207808042441015e-13
tangent-endpoint,5,16,-5.736806560906122e-14
tangent-endpoint,5,17,-5.340942261319393e-13
tangent-endpoint,5,18,-7.838927463555042e-14
tangent-endpoint,5,19,-7.757401745469226e-13
tangent-endpoint,5,20,-1.1278565721171518e-13
tangent-endpoint,5,21,-7.942050379677256e-13
tangent-endpoint,5,22,-1.03583295160405e-13
tangent-endpoint,5,23,-8.586628418226633e-13
tangent-endpoint,5,24,-1.2198801926302208e-13
tangent-endpoint,5,25,-7.297472341127956e-13
tangent-endpoint,5,26,-1.081844761860608e-13
tangent-endpoint,5,27,-8.264339398951843e-13
tangent-endpoint,5,28,-1.0450353136553937e-13
tangent-endpoint,5,29,-8.522170614371773e-13
tangent-endpoint,6,0,-2.2266402183368262e-15
tangent-endpoint,6,1,-2.1908508401281614e-14
tangent-endpoint,6,2,1.052680183688319e-14
tangent-endpoint,6,3,1.0797663035428427e-13
tangent-endpoint,6,4,-1.4980082273556664e-14
tangent-endpoint,6,5,-1.517936471568449e-13
tangent-endpoint,6,6,4.1500808092730564e-15
tangent-endpoint,6,7,4.303406097650114e-14
tangent-endpoint,6,8,9.251457631361468e-15
tangent-endpoint,6,9,9.498811647872831e-14
tangent-endpoint,6,10,3.7031003335213617e-16
tangent-endpoint,6,11,6.682778564912029e-16
tangent-endpoint,6,12,6.1266282098096694e-15
tangent-endpoint,6,13,5.275546622238752e-14
tangent-endpoint,6,14,-5.3860081431052504e-15
tangent-endpoint,6,15,-5.1418910509404655e-14
tangent-endpoint,6,16,3.2484691215809375e-15
tangent-endpoint,6,17,2.6711872039439295e-14
tangent-endpoint,6,18,5.550996392163847e-15
tangent-endpoint,6,19,4.7546747385796454e-14
tangent-endpoint,6,20,9.735770747356433e-16
tangent-endpoint,6,21,6.950077045634243e-15
tangent-endpoint,6,22,1.6404620954662736e-15
tangent-endpoint,6,23,1.35993297280168e-14
tangent-endpoint,6,24,3.066920540049961e-16
tangent-endpoint,6,25,3.008243632515865e-16
tangent-endpoint,6,26,1.3070195851009663e-15
tangent-endpoint,6,27,1.0274703386825405e-14
tangent-endpoint,6,28,1.5737735933932482e-15
tangent-endpoint,6,29,1.2934404459778988e-14
tangent-endpoint,7,0,-2.776886508286351e-14
tangent-endpoint,7,1,-2.748965680997966e-13
tangent-endpoint,7,2,1.1383698703586842e-13
tangent-endpoint,7,3,1.1763305576922954e-12
tangent-endpoint,7,4,-1.693747172015935e-13
tangent-endpoint,7,5,-1.7261236938918597e-12
tangent-endpoint,7,6,4.303406097650114e-14
tangent-endpoint,7,7,4.5071699479624923e-13
tangent-endpoint,7,8,9.967640182399925e-14
tangent-endpoint,7,9,1.0312078451131e-12
tangent-endpoint,7,10,6.491511643143079e-15
tangent-endpoint,7,11,3.0795429297964194e-14
tangent-endpoint,7,12,6.017919186290139e-14
tangent-endpoint,7,13,5.192923917727779e-13
tangent-endpoint,7,14,-4.719616857661368e-14
tangent-endpoint,7,15,-4.577015331768443e-13
tangent-endpoint,7,16,3.333535175302252e-14
tangent-endpoint,7,17,2.750439105353706e-13
tangent-endpoint,7,18,5.48104238409245e-14
tangent-endpoint,7,19,4.704426955252779e-13
tangent-endpoint,7,20,1.0797112688471545e-14
tangent-endpoint,7,21,7.704615845893435e-14
tangent-endpoint,7,22,1.685306264037979e-14
tangent-endpoint,7,23,1.3855436216573784e-13
tangent-endpoint,7,24,4.7411627365631e-15
tangent-endpoint,7,25,1.5537954752130038e-14
tangent-endpoint,7,26,1.3825087664425744e-14
tangent-endpoint,7,27,1.0780026031233483e-13
tangent-endpoint,7,28,1.6247467645189337e-14
tangent-endpoint,7,29,1.3240354179506192e-13
tangent-endpoint,8,0,-1.869027247216857e-14
tangent-endpoint,8,1,-1.909627935151487e-13
tangent-endpoint,8,2,3.719318773489171e-14
tangent-endpoint,8,3,3.903155971631442e-13
tangent-endpoint,8,4,-7.457373267922875e-14
tangent-endpoint,8,5,-7.722411841934376e-13
tangent-endpoint,8,6,9.251457631361468e-15
tangent-endpoint,8,7,9.967640182399925e-14
tangent-endpoint,8,8,3.1604841714188107e-14
tangent-endpoint,8,9,3.321877580953207e-13
tangent-endpoint,8,10,1.3488915227583267e-15
tangent-endpoint,8,11,7.161587074489582e-15
tangent-endpoint,8,12,1.016780441485519e-14
tangent-endpoint,8,13,9.013493412991905e-14
tangent-endpoint,8,14,-7.470021369338166e-15
tangent-endpoint,8,15,-7.58117599809389e-14
tangent-endpoint,8,16,5.758347968806687e-15
tangent-endpoint,8,17,4.864826060220449e-14
tangent-endpoint,8,18,9.28591312564491e-15
tangent-endpoint,8,19,8.183759942437389e-14
tangent-endpoint,8,20,4.366754074477645e-15
tangent-endpoint,8,21,3.093892729675099e-14
tangent-endpoint,8,22,5.010564062719871e-15
tangent-endpoint,8,23,4.116157670174853e-14
tangent-endpoint,8,24,3.7229440862353126e-15
tangent-endpoint,8,25,2.071627789175357e-14
tangent-endpoint,8,26,4.6886590685987875e-15
tangent-endpoint,8,27,3.605025199924936e-14
tangent-endpoint,8,28,4.946183063895781e-15
tangent-endpoint,8,29,4.013931176124963e-14
tangent-endpoint,9,0,-2.0151143554197545e-13
tangent-endpoint,9,1,-2.0718365605784035e-12
tangent-endpoint,9,2,3.9148766849943354e-13
tangent-endpoint,9,3,4.1342522508045755e-12
tangent-endpoint,9,4,-7.945105395833828e-13
tangent-endpoint,9,5,-8.277925371961337e-12
tangent-endpoint,9,6,9.498811647872831e-14
tangent-endpoint,9,7,1.0312078451131e-12
tangent-endpoint,9,8,3.321877580953207e-13
tangent-endpoint,9,9,3.513643369666329e-12
tangent-endpoint,9,10,1.6513662568235585e-14
tangent-endpoint,9,11,1.0088402127430637e-13
tangent-endpoint,9,12,9.853219686425646e-14
tangent-endpoint,9,13,8.807441393523324e-13
tangent-endpoint,9,14,-6.550487172778132e-14
tangent-endpoint,9,15,-6.789760968037085e-13
tangent-endpoint,9,16,5.752292971624531e-14
tangent-endpoint,9,17,4.908140803133221e-13
tangent-endpoint,9,18,9.033034343464738e-14
tangent-endpoint,9,19,8.027581275444976e-13
tangent-endpoint,9,20,4.375251799518991e-14
tangent-endpoint,9,21,3.093798108393928e-13
tangent-endpoint,9,22,4.8969424720589855e-14
tangent-endpoint,9,23,4.0447894989598523e-13
tangent-endpoint,9,24,3.8535611269788865e-14
tangent-endpoint,9,25,2.1428067178280155e-13
tangent-endpoint,9,26,4.6360971357890175e-14
tangent-endpoint,9,27,3.569293803676847e-13
tangent-endpoint,9,28,4.844773404805123e-14
tangent-endpoint,9,29,3.9496903599033357e-13
tangent-endpoint,10,0,-8.529168284049615e-16
tangent-endpoint,10,1,-6.036177013217991e-15
tangent-endpoint,10,2,1.5935368951094075e-15
tangent-endpoint,10,3,1.901920029949927e-14
tangent-endpoint,10,4,-3.2993705519195164e-15
tangent-endpoint,10,5,-3.109155432593235e-14
tangent-endpoint,10,6,3.7031003335213617e-16
tangent-endpoint,10,7,6.491511643143079e-15
tangent-endpoint,10,8,1.3488915227583267e-15
tangent-endpoint,10,9,1.6513662568235585e-14
tangent-endpoint,10,10,3.5318352103258807e-15
tangent-endpoint,10,11,3.005967518778788e-14
tangent-endpoint,10,12,-2.2199457235256964e-15
tangent-endpoint,10,13,-2.0143483791278847e-14
tangent-endpoint,10,14,9.283616144177448e-15
tangent-endpoint,10,15,8.026283416685579e-14
tangent-endpoint,10,16,6.559447433999848e-16
tangent-endpoint,10,17,4.958095698254168e-15
tangent-endpoint,10,18,-1.644767630140401e-15
tangent-endpoint,10,19,-1.5123167893374436e-14
tangent-endpoint,10,20,1.3738636056366389e-15
tangent-endpoint,10,21,1.033758422697184e-14
tangent-endpoint,10,22,6.410074785592114e-16
tangent-endpoint,10,23,2.67195620127858e-15
tangent-endpoint,10,24,2.1067197327140547e-15
tangent-endpoint,10,25,1.8003212252665337e-14
tangent-endpoint,10,26,1.0074355420979265e-15
tangent-endpoint,10,27,6.504770214125194e-15
tangent-endpoint,10,28,7.14293091266943e-16
tangent-endpoint,10,29,3.4385190038479656e-15
tangent-endpoint,11,0,-7.448358666000871e-15
tangent-endpoint,11,1,-5.6815310672425575e-14
tangent-endpoint,11,2,8.78491437898454e-15
tangent-endpoint,11,3,1.1840616926831515e-13
tangent-endpoint,11,4,-2.3681631710987712e-14
tangent-endpoint,11,5,-2.3203679061314235e-13
tangent-endpoint,11,6,6.682778564912029e-16
tangent-endpoint,11,7,3.0795429297964194e-14
tangent-endpoint,11,8,7.161587074489582e-15
tangent-endpoint,11,9,1.0088402127430637e-13
tangent-endpoint,11,10,3.005967518778788e-14
tangent-endpoint,11,11,2.584618152570908e-13
tangent-endpoint,11,12,-2.382354996473062e-14
tangent-endpoint,11,13,-2.1222527542367389e-13
tangent-endpoint,11,14,8.394290034030625e-14
tangent-endpoint,11,15,7.291489059378655e-13
tangent-endpoint,11,16,3.1180626115277025e-15
tangent-endpoint,11,17,2.3118269916705754e-14
tangent-endpoint,11,18,-1.843522744947775e-14
tangent-endpoint,11,19,-1.651565663556172e-13
tangent-endpoint,11,20,1.0297706534159795e-14
tangent-endpoint,11,21,7.799227599218865e-14
tangent-endpoint,11,22,3.5079201082315786e-15
tangent-endpoint,11,23,8.41403423607063e-15
tangent-endpoint,11,24,1.7087492960087923e-14
tangent-endpoint,11,25,1.4757051774830873e-13
tangent-endpoint,11,26,6.902813321195691e-15
tangent-endpoint,11,27,4.320315511412953e-14
tangent-endpoint,11,28,4.186898750824287e-15
tangent-endpoint,11,29,1.5371858411682366e-14
tangent-endpoint,12,0,1.0751579535022124e-15
tangent-endpoint,12,1,1.2237935611201531e-14
tangent-endpoint,12,2,1.1178098466117565e-14
tangent-endpoint,12,3,1.0812044811460343e-13
tangent-endpoint,12,4,-9.027782559112945e-15
tangent-endpoint,12,5,-8.36445768921983e-14
tangent-endpoint,12,6,6.1266282098096694e-15
tangent-endpoint,12,7,6.017919186290139e-14
tangent-endpoint,12,8,1.016780441485519e-14
tangent-endpoint,12,9,9.853219686425646e-14
tangent-endpoint,12,10,-2.2199457235256964e-15
tangent-endpoint,12,11,-2.382354996473062e-14
tangent-endpoint,12,12,1.430482858735343e-14
tangent-endpoint,12,13,1.215437381313695e-13
tangent-endpoint,12,14,-1.8744720034404695e-14
tangent-endpoint,12,15,-1.691908380608314e-13
tangent-endpoint,12,16,6.042441431914036e-15
tangent-endpoint,12,17,4.8860094083319295e-14
tangent-endpoint,12,18,1.2652351156265254e-14
tangent-endpoint,12,19,1.070070093217571e-13
tangent-endpoint,12,20,5.261093817806608e-16
tangent-endpoint,12,21,2.3243901643114608e-15
tangent-endpoint,12,22,2.8347432393245704e-15
tangent-endpoint,12,23,2.1703874601466446e-14
tangent-endpoint,12,24,-1.782524475763257e-15
tangent-endpoint,12,25,-1.7055094272843825e-14
tangent-endpoint,12,26,1.6804263105526208e-15
tangent-endpoint,12,27,1.2014132382888857e-14
tangent-endpoint,12,28,2.6038798535702212e-15
tangent-endpoint,12,29,1.9765926157751597e-14
tangent-endpoint,13,0,6.031131337969533e-15
tangent-endpoint,13,1,6.747770729828425e-14
tangent-endpoint,13,2,9.947980110680912e-14
tangent-endpoint,13,3,9.71107076247297e-13
tangent-endpoint,13,4,-8.741753843086788e-14
tangent-endpoint,13,5,-8.36151661650711e-13
tangent-endpoint,13,6,5.275546622238752e-14
tangent-endpoint,13,7,5.192923917727779e-13
tangent-endpoint,13,8,9.013493412991905e-14
tangent-endpoint,13,9,8.807441393523324e-13
tangent-endpoint,13,10,-2.0143483791278847e-14
tangent-endpoint,13,11,-2.1222527542367389e-13
tangent-endpoint,13,12,1.215437381313695e-13
tangent-endpoint,13,13,1.035823339430654e-12
tangent-endpoint,13,14,-1.6183070571392593e-13
tangent-endpoint,13,15,-1.4602738902780073e-12
tangent-endpoint,13,16,5.07001271700468e-14
tangent-endpoint,13,17,4.1179903200348916e-13
tangent-endpoint,13,18,1.0737501593910207e-13
tangent-endpoint,13,19,9.110184779452004e-13
tangent-endpoint,13,20,3.018314898897012e-15
tangent-endpoint,13,21,9.320040547857883e-15
tangent-endpoint,13,22,2.2791252942993328e-14
tangent-endpoint,13,23,1.780922868205111e-13
tangent-endpoint,13,24,-1.675462314519937e-14
tangent-endpoint,13,25,-1.59452205724798e-13
tangent-endpoint,13,26,1.2904783920945212e-14
tangent-endpoint,13,27,9.370616368418356e-14
tangent-endpoint,13,28,2.0813959138584072e-14
tangent-endpoint,13,29,1.61215062193251e-13
tangent-endpoint,14,0,-2.780991610312267e-15
tangent-endpoint,14,1,-2.4310289637639016e-14
tangent-endpoint,14,2,-7.991024675898323e-15
tangent-endpoint,14,3,-7.008204751560031e-14
tangent-endpoint,14,4,2.4290414552732214e-15
tangent-endpoint,14,5,2.1461468240326016e-14
tangent-endpoint,14,6,-5.3860081431052504e-15
tangent-endpoint,14,7,-4.719616857661368e-14
tangent-endpoint,14,8,-7.470021369338166e-15
tangent-endpoint,14,9,-6.550487172778132e-14
tangent-endpoint,14,10,9.283616144177448e-15
tangent-endpoint,14,11,8.394290034030625e-14
tangent-endpoint,14,12,-1.8744720034404695e-14
tangent-endpoint,14,13,-1.6183070571392593e-13
tangent-endpoint,14,14,3.731195232275943e-14
tangent-endpoint,14,15,3.2971650639454147e-13
tangent-endpoint,14,16,-4.7305519451140046e-15
tangent-endpoint,14,17,-3.894390268681039e-14
tangent-endpoint,14,18,-1.5941886416545935e-14
tangent-endpoint,14,19,-1.3725334510850484e-13
tangent-endpoint,14,20,2.221617829492601e-15
tangent-endpoint,14,21,1.835077828963213e-14
tangent-endpoint,14,22,-1.5527282822061529e-15
tangent-endpoint,14,23,-1.635996219890913e-14
tangent-endpoint,14,24,5.995963941191339e-15
tangent-endpoint,14,25,5.306151877817417e-14
tangent-endpoint,14,26,3.3444477364322136e-16
tangent-endpoint,14,27,9.954080453615632e-16
tangent-endpoint,14,28,-1.1752936710363419e-15
tangent-endpoint,14,29,-1.2888888150055538e-14
tangent-endpoint,15,0,-2.092784866997147e-14
tangent-endpoint,15,1,-1.8110832864313721e-13
tangent-endpoint,15,2,-8.19099723488389e-14
tangent-endpoint,15,3,-7.342947377106545e-13
tangent-endpoint,15,4,4.005427500889096e-14
tangent-endpoint,15,5,3.7207808042441015e-13
tangent-endpoint,15,6,-5.1418910509404655e-14
tangent-endpoint,15,7,-4.577015331768443e-13
tangent-endpoint,15,8,-7.58117599809389e-14
tangent-endpoint,15,9,-6.789760968037085e-13
tangent-endpoint,15,10,8.026283416685579e-14
tangent-endpoint,15,11,7.291489059378655e-13
tangent-endpoint,15,12,-1.691908380608314e-13
tangent-endpoint,15,13,-1.4602738902780073e-12
tangent-endpoint,15,14,3.2971650639454147e-13
tangent-endpoint,15,15,2.9185717021537638e-12
tangent-endpoint,15,16,-4.446400194699112e-14
tangent-endpoint,15,17,-3.655624921700755e-13
tangent-endpoint,15,18,-1.4424547083805804e-13
tangent-endpoint,15,19,-1.2413316106564388e-12
tangent-endpoint,15,20,1.7577098169422856e-14
tangent-endpoint,15,21,1.4666451143652183e-13
tangent-endpoint,15,22,-1.5775412726530105e-14
tangent-endpoint,15,23,-1.6126421834836908e-13
tangent-endpoint,15,24,5.09296090653757e-14
tangent-endpoint,15,25,4.545932412214195e-13
tangent-endpoint,15,26,9.008427214463392e-16
tangent-endpoint,15,27,-7.299853455922915e-15
tangent-endpoint,15,28,-1.2440161636935415e-14
tangent-endpoint,15,29,-1.3047134536988532e-13
tangent-endpoint,16,0,1.1112056254879451e-16
tangent-endpoint,16,1,3.1008792989933316e-15
tangent-endpoint,16,2,6.385817680613387e-15
tangent-endpoint,16,3,6.356982420705037e-14
tangent-endpoint,16,4,-6.163576555515791e-15
tangent-endpoint,16,5,-5.736806560906122e-14
tangent-endpoint,16,6,3.2484691215809375e-15
tangent-endpoint,16,7,3.333535175302252e-14
tangent-endpoint,16,8,5.758347968806687e-15
tangent-endpoint,16,9,5.752292971624531e-14
tangent-endpoint,16,10,6.559447433999848e-16
tangent-endpoint,16,11,3.1180626115277025e-15
tangent-endpoint,16,12,6.042441431914036e-15
tangent-endpoint,16,13,5.07001271700468e-14
tangent-endpoint,16,14,-4.7305519451140046e-15
tangent-endpoint,16,15,-4.446400194699112e-14
tangent-endpoint,16,16,3.3491930876570406e-15
tangent-endpoint,16,17,2.6909094890787002e-14
tangent-endpoint,16,18,5.503791763062566e-15
tangent-endpoint,16,19,4.594192071419257e-14
tangent-endpoint,16,20,9.499864937085778e-16
tangent-endpoint,16,21,6.330987195641115e-15
tangent-endpoint,16,22,1.7378753589418476e-15
tangent-endpoint,16,23,1.2187915401372242e-14
tangent-endpoint,16,24,1.6209762847529794e-16
tangent-endpoint,16,25,4.740589899099547e-16
tangent-endpoint,16,26,1.343930926325216e-15
tangent-endpoint,16,27,9.259451298506624e-15
tangent-endpoint,16,28,1.6590864724185363e-15
tangent-endpoint,16,29,1.1602222580799487e-14
tangent-endpoint,17,0,-7.086136640160319e-16
tangent-endpoint,17,1,5.331198312924796e-15
tangent-endpoint,17,2,5.4132357742897064e-14
tangent-endpoint,17,3,5.447566227578097e-13
tangent-endpoint,17,4,-5.5549585070928755e-14
tangent-endpoint,17,5,-5.340942261319393e-13
tangent-endpoint,17,6,2.6711872039439295e-14
tangent-endpoint,17,7,2.750439105353706e-13
tangent-endpoint,17,8,4.864826060220449e-14
tangent-endpoint,17,9,4.908140803133221e-13
tangent-endpoint,17,10,4.958095698254168e-15
tangent-endpoint,17,11,2.3118269916705754e-14
tangent-endpoint,17,12,4.8860094083319295e-14
tangent-endpoint,17,13,4.1179903200348916e-13
tangent-endpoint,17,14,-3.894390268681039e-14
tangent-endpoint,17,15,-3.655624921700755e-13
tangent-endpoint,17,16,2.6909094890787002e-14
tangent-endpoint,17,17,2.1745865096009572e-13
tangent-endpoint,17,18,4.4469894244811994e-14
tangent-endpoint,17,19,3.729309557947906e-13
tangent-endpoint,17,20,6.658010716528204e-15
tangent-endpoint,17,21,4.3656158270021803e-14
tangent-endpoint,17,22,1.3149586525612193e-14
tangent-endpoint,17,23,9.325316052828925e-14
tangent-endpoint,17,24,1.664349074441322e-16
tangent-endpoint,17,25,-5.940843988245979e-15
tangent-endpoint,17,26,9.903798621070222e-15
tangent-endpoint,17,27,6.845465939915502e-14
tangent-endpoint,17,28,1.2500428944703929e-14
tangent-endpoint,17,29,8.829346030246508e-14
tangent-endpoint,18,0,8.823504753120799e-16
tangent-endpoint,18,1,1.0410524348765972e-14
tangent-endpoint,18,2,1.0219642309016025e-14
tangent-endpoint,18,3,9.921032333308454e-14
tangent-endpoint,18,4,-8.454941358391707e-15
tangent-endpoint,18,5,-7.838927463555042e-14
tangent-endpoint,18,6,5.550996392163847e-15
tangent-endpoint,18,7,5.48104238409245e-14
tangent-endpoint,18,8,9.28591312564491e-15
tangent-endpoint,18,9,9.033034343464738e-14
tangent-endpoint,18,10,-1.644767630140401e-15
tangent-endpoint,18,11,-1.843522744947775e-14
tangent-endpoint,18,12,1.2652351156265254e-14
tangent-endpoint,18,13,1.0737501593910207e-13
tangent-endpoint,18,14,-1.5941886416545935e-14
tangent-endpoint,18,15,-1.4424547083805804e-13
tangent-endpoint,18,16,5.503791763062566e-15
tangent-endpoint,18,17,4.4469894244811994e-14
tangent-endpoint,18,18,1.122263927762446e-14
tangent-endpoint,18,19,9.47939916002417e-14
tangent-endpoint,18,20,6.10884804166477e-16
tangent-endpoint,18,21,3.125709570579342e-15
tangent-endpoint,18,22,2.615369663248139e-15
tangent-endpoint,18,23,1.9800682761448502e-14
tangent-endpoint,18,24,-1.3936000549151931e-15
tangent-endpoint,18,25,-1.3549263620290072e-14
tangent-endpoint,18,26,1.6131272337073131e-15
tangent-endpoint,18,27,1.1463196166013835e-14
tangent-endpoint,18,28,2.4149211773400095e-15
tangent-endpoint,18,29,1.8133185442362182e-14
tangent-endpoint,19,0,4.683182337572032e-15
tangent-endpoint,19,1,5.504840550121129e-14
tangent-endpoint,19,2,9.041031243402424e-14
tangent-endpoint,19,3,8.858369855493636e-13
tangent-endpoint,19,4,-8.104394775887838e-14
tangent-endpoint,19,5,-7.757401745469226e-13
tangent-endpoint,19,6,4.7546747385796454e-14
tangent-endpoint,19,7,4.704426955252779e-13
tangent-endpoint,19,8,8.183759942437389e-14
tangent-endpoint,19,9,8.027581275444976e-13
tangent-endpoint,19,10,-1.5123167893374436e-14
tangent-endpoint,19,11,-1.651565663556172e-13
tangent-endpoint,19,12,1.070070093217571e-13
tangent-endpoint,19,13,9.110184779452004e-13
tangent-endpoint,19,14,-1.3725334510850484e-13
tangent-endpoint,19,15,-1.2413316106564388e-12
tangent-endpoint,19,16,4.594192071419257e-14
tangent-endpoint,19,17,3.729309557947906e-13
tangent-endpoint,19,18,9.47939916002417e-14
tangent-endpoint,19,19,8.03400973515098e-13
tangent-endpoint,19,20,3.746254062423983e-15
tangent-endpoint,19,21,1.6187264092297482e-14
tangent-endpoint,19,22,2.086291965951755e-14
tangent-endpoint,19,23,1.6112446156207372e-13
tangent-endpoint,19,24,-1.3370411534669655e-14
tangent-endpoint,19,25,-1.2874993337748094e-13
tangent-endpoint,19,26,1.2304586860970805e-14
tangent-endpoint,19,27,8.865586282718479e-14
tangent-endpoint,19,28,1.9151253099808522e-14
tangent-endpoint,19,29,1.466307418151008e-13
tangent-endpoint,20,0,-3.267894174942041e-15
tangent-endpoint,20,1,-3.0397143944926854e-14
tangent-endpoint,20,2,5.215048324413277e-15
tangent-endpoint,20,3,5.19913693218617e-14
tangent-endpoint,20,4,-1.1750836674297827e-14
tangent-endpoint,20,5,-1.1278565721171518e-13
tangent-endpoint,20,6,9.735770747356433e-16
tangent-endpoint,20,7,1.0797112688471545e-14
tangent-endpoint,20,8,4.366754074477645e-15
tangent-endpoint,20,9,4.375251799518991e-14
tangent-endpoint,20,10,1.3738636056366389e-15
tangent-endpoint,20,11,1.0297706534159795e-14
tangent-endpoint,20,12,5.261093817806608e-16
tangent-endpoint,20,13,3.018314898897012e-15
tangent-endpoint,20,14,2.221617829492601e-15
tangent-endpoint,20,15,1.7577098169422856e-14
tangent-endpoint,20,16,9.499864937085778e-16
tangent-endpoint,20,17,6.658010716528204e-15
tangent-endpoint,20,18,6.10884804166477e-16
tangent-endpoint,20,19,3.746254062423983e-15
tangent-endpoint,20,20,2.698387008166555e-15
tangent-endpoint,20,21,1.964142355853362e-14
tangent-endpoint,20,22,2.2075576083146124e-15
tangent-endpoint,20,23,1.4845909981734657e-14
tangent-endpoint,20,24,3.189216408018471e-15
tangent-endpoint,20,25,2.4436937135332724e-14
tangent-endpoint,20,26,2.4529723082405945e-15
tangent-endpoint,20,27,1.7243666770134102e-14
tangent-endpoint,20,28,2.2566405482998255e-15
tangent-endpoint,20,29,1.532546133941503e-14
tangent-endpoint,21,0,-2.303598576826296e-14
tangent-endpoint,21,1,-2.133709070166395e-13
tangent-endpoint,21,2,3.6936139859531066e-14
tangent-endpoint,21,3,3.674632239344486e-13
tangent-endpoint,21,4,-8.300811139606031e-14
tangent-endpoint,21,5,-7.942050379677256e-13
tangent-endpoint,21,6,6.950077045634243e-15
tangent-endpoint,21,7,7.704615845893435e-14
tangent-endpoint,21,8,3.093892729675099e-14
tangent-endpoint,21,9,3.093798108393928e-13
tangent-endpoint,21,10,1.033758422697184e-14
tangent-endpoint,21,11,7.799227599218865e-14
tangent-endpoint,21,12,2.3243901643114608e-15
tangent-endpoint,21,13,9.320040547857883e-15
tangent-endpoint,21,14,1.835077828963213e-14
tangent-endpoint,21,15,1.4666451143652183e-13
tangent-endpoint,21,16,6.330987195641115e-15
tangent-endpoint,21,17,4.3656158270021803e-14
tangent-endpoint,21,18,3.125709570579342e-15
tangent-endpoint,21,19,1.6187264092297482e-14
tangent-endpoint,21,20,1.964142355853362e-14
tangent-endpoint,21,21,1.438205512968517e-13
tangent-endpoint,21,22,1.567907547863059e-14
tangent-endpoint,21,23,1.0641092991435363e-13
tangent-endpoint,21,24,2.3603771638436453e-14
tangent-endpoint,21,25,1.8123017267935072e-13
tangent-endpoint,21,26,1.766024951858218e-14
tangent-endpoint,21,27,1.2511574060560242e-13
tangent-endpoint,21,28,1.607531028662103e-14
tangent-endpoint,21,29,1.1015189205260707e-13
tangent-endpoint,22,0,-2.5721653636009747e-15
tangent-endpoint,22,1,-2.329238995988385e-14
tangent-endpoint,22,2,5.853089554533585e-15
tangent-endpoint,22,3,5.699851524063762e-14
tangent-endpoint,22,4,-1.0997420281735916e-14
tangent-endpoint,22,5,-1.03583295160405e-13
tangent-endpoint,22,6,1.6404620954662736e-15
tangent-endpoint,22,7,1.685306264037979e-14
tangent-endpoint,22,8,5.010564062719871e-15
tangent-endpoint,22,9,4.8969424720589855e-14
tangent-endpoint,22,10,6.410074785592114e-16
tangent-endpoint,22,11,3.5079201082315786e-15
tangent-endpoint,22,12,2.8347432393245704e-15
tangent-endpoint,22,13,2.2791252942993328e-14
tangent-endpoint,22,14,-1.5527282822061529e-15
tangent-endpoint,22,15,-1.5775412726530105e-14
tangent-endpoint,22,16,1.7378753589418476e-15
tangent-endpoint,22,17,1.3149586525612193e-14
tangent-endpoint,22,18,2.615369663248139e-15
tangent-endpoint,22,19,2.086291965951755e-14
tangent-endpoint,22,20,2.2075576083146124e-15
tangent-endpoint,22,21,1.567907547863059e-14
tangent-endpoint,22,22,2.3115173764452545e-15
tangent-endpoint,22,23,1.588416953015719e-14
tangent-endpoint,22,24,2.1035978401839475e-15
tangent-endpoint,22,25,1.547398142710408e-14
tangent-endpoint,22,26,2.259537492379943e-15
tangent-endpoint,22,27,1.5781622504393852e-14
tangent-endpoint,22,28,2.3011213996322105e-15
tangent-endpoint,22,29,1.586366012500499e-14
tangent-endpoint,23,0,-2.085347898914875e-14
tangent-endpoint,23,1,-1.9385137249707434e-13
tangent-endpoint,23,2,4.8052138445182754e-14
tangent-endpoint,23,3,4.709600968285165e-13
tangent-endpoint,23,4,-8.975909642348253e-14
tangent-endpoint,23,5,-8.586628418226633e-13
tangent-endpoint,23,6,1.35993297280168e-14
tangent-endpoint,23,7,1.3855436216573784e-13
tangent-endpoint,23,8,4.116157670174853e-14
tangent-endpoint,23,9,4.0447894989598523e-13
tangent-endpoint,23,10,2.67195620127858e-15
tangent-endpoint,23,11,8.41403423607063e-15
tangent-endpoint,23,12,2.1703874601466446e-14
tangent-endpoint,23,13,1.780922868205111e-13
tangent-endpoint,23,14,-1.635996219890913e-14
tangent-endpoint,23,15,-1.6126421834836908e-13
tangent-endpoint,23,16,1.2187915401372242e-14
tangent-endpoint,23,17,9.325316052828925e-14
tangent-endpoint,23,18,1.9800682761448502e-14
tangent-endpoint,23,19,1.6112446156207372e-13
tangent-endpoint,23,20,1.4845909981734657e-14
tangent-endpoint,23,21,1.0641092991435363e-13
tangent-endpoint,23,22,1.588416953015719e-14
tangent-endpoint,23,23,1.1474990453739422e-13
tangent-endpoint,23,24,1.3807650433311955e-14
tangent-endpoint,23,25,9.807195529131342e-14
tangent-endpoint,23,26,1.5365039755945998e-14
tangent-endpoint,23,27,1.1058041722587356e-13
tangent-endpoint,23,28,1.578034357531513e-14
tangent-endpoint,23,29,1.1391600707509363e-13
tangent-endpoint,24,0,-3.963622986283014e-15
tangent-endpoint,24,1,-3.750189792996892e-14
tangent-endpoint,24,2,4.5770070942928465e-15
tangent-endpoint,24,3,4.6984223403084436e-14
tangent-endpoint,24,4,-1.2504253066859425e-14
tangent-endpoint,24,5,-1.2198801926302208e-13
tangent-endpoint,24,6,3.066920540049961e-16
tangent-endpoint,24,7,4.7411627365631e-15
tangent-endpoint,24,8,3.7229440862353126e-15
tangent-endpoint,24,9,3.8535611269788865e-14
tangent-endpoint,24,10,2.1067197327140547e-15
tangent-endpoint,24,11,1.7087492960087923e-14
tangent-endpoint,24,12,-1.782524475763257e-15
tangent-endpoint,24,13,-1.675462314519937e-14
tangent-endpoint,24,14,5.995963941191339e-15
tangent-endpoint,24,15,5.09296090653757e-14
tangent-endpoint,24,16,1.6209762847529794e-16
tangent-endpoint,24,17,1.664349074441322e-16
tangent-endpoint,24,18,-1.3936000549151931e-15
tangent-endpoint,24,19,-1.3370411534669655e-14
tangent-endpoint,24,20,3.189216408018471e-15
tangent-endpoint,24,21,2.3603771638436453e-14
tangent-endpoint,24,22,2.1035978401839475e-15
tangent-endpoint,24,23,1.3807650433311955e-14
tangent-endpoint,24,24,4.274834975852961e-15
tangent-endpoint,24,25,3.339989284356114e-14
tangent-endpoint,24,26,2.6464071241012213e-15
tangent-endpoint,24,27,1.8705711035874168e-14
tangent-endpoint,24,28,2.212159696967416e-15
tangent-endpoint,24,29,1.4787262553824904e-14
tangent-endpoint,25,0,-2.5218492547377527e-14
tangent-endpoint,25,1,-2.3289044153620784e-13
tangent-endpoint,25,2,2.5820141273879513e-14
tangent-endpoint,25,3,2.639663510403821e-13
tangent-endpoint,25,4,-7.625712636863897e-14
tangent-endpoint,25,5,-7.297472341127956e-13
tangent-endpoint,25,6,3.008243632515865e-16
tangent-endpoint,25,7,1.5537954752130038e-14
tangent-endpoint,25,8,2.071627789175357e-14
tangent-endpoint,25,9,2.1428067178280155e-13
tangent-endpoint,25,10,1.8003212252665337e-14
tangent-endpoint,25,11,1.4757051774830873e-13
tangent-endpoint,25,12,-1.7055094272843825e-14
tangent-endpoint,25,13,-1.59452205724798e-13
tangent-endpoint,25,14,5.306151877817417e-14
tangent-endpoint,25,15,4.545932412214195e-13
tangent-endpoint,25,16,4.740589899099547e-16
tangent-endpoint,25,17,-5.940843988245979e-15
tangent-endpoint,25,18,-1.3549263620290072e-14
tangent-endpoint,25,19,-1.2874993337748094e-13
tangent-endpoint,25,20,2.4436937135332724e-14
tangent-endpoint,25,21,1.8123017267935072e-13
tangent-endpoint,25,22,1.547398142710408e-14
tangent-endpoint,25,23,9.807195529131342e-14
tangent-endpoint,25,24,3.339989284356114e-14
tangent-endpoint,25,25,2.6438839006738957e-13
tangent-endpoint,25,26,1.9955459281218482e-14
tangent-endpoint,25,27,1.396510639853319e-13
tangent-endpoint,25,28,1.6370276997927023e-14
tangent-endpoint,25,29,1.0638777703012088e-13
tangent-endpoint,26,0,-2.9200297692715283e-15
tangent-endpoint,26,1,-2.684476695240554e-14
tangent-endpoint,26,2,5.534068939473465e-15
tangent-endpoint,26,3,5.4494942281249994e-14
tangent-endpoint,26,4,-1.1374128478016947e-14
tangent-endpoint,26,5,-1.081844761860608e-13
tangent-endpoint,26,6,1.3070195851009663e-15
tangent-endpoint,26,7,1.3825087664425744e-14
tangent-endpoint,26,8,4.6886590685987875e-15
tangent-endpoint,26,9,4.6360971357890175e-14
tangent-endpoint,26,10,1.0074355420979265e-15
tangent-endpoint,26,11,6.902813321195691e-15
tangent-endpoint,26,12,1.6804263105526208e-15
tangent-endpoint,26,13,1.2904783920945212e-14
tangent-endpoint,26,14,3.3444477364322136e-16
tangent-endpoint,26,15,9.008427214463392e-16
tangent-endpoint,26,16,1.343930926325216e-15
tangent-endpoint,26,17,9.903798621070222e-15
tangent-endpoint,26,18,1.6131272337073131e-15
tangent-endpoint,26,19,1.2304586860970805e-14
tangent-endpoint,26,20,2.4529723082405945e-15
tangent-endpoint,26,21,1.766024951858218e-14
tangent-endpoint,26,22,2.259537492379943e-15
tangent-endpoint,26,23,1.5365039755945998e-14
tangent-endpoint,26,24,2.6464071241012213e-15
tangent-endpoint,26,25,1.9955459281218482e-14
tangent-endpoint,26,26,2.3562549003102786e-15
tangent-endpoint,26,27,1.651264463726405e-14
tangent-endpoint,26,28,2.2788809739660265e-15
tangent-endpoint,26,29,1.5594560732210083e-14
tangent-endpoint,27,0,-2.1944732378705617e-14
tangent-endpoint,27,1,-2.0361113975685436e-13
tangent-endpoint,27,2,4.249413915235644e-14
tangent-endpoint,27,3,4.1921166038147745e-13
tangent-endpoint,27,4,-8.638360390977046e-14
tangent-endpoint,27,5,-8.264339398951843e-13
tangent-endpoint,27,6,1.0274703386825405e-14
tangent-endpoint,27,7,1.0780026031233483e-13
tangent-endpoint,27,8,3.605025199924936e-14
tangent-endpoint,27,9,3.569293803676847e-13
tangent-endpoint,27,10,6.504770214125194e-15
tangent-endpoint,27,11,4.320315511412953e-14
tangent-endpoint,27,12,1.2014132382888857e-14
tangent-endpoint,27,13,9.370616368418356e-14
tangent-endpoint,27,14,9.954080453615632e-16
tangent-endpoint,27,15,-7.299853455922915e-15
tangent-endpoint,27,16,9.259451298506624e-15
tangent-endpoint,27,17,6.845465939915502e-14
tangent-endpoint,27,18,1.1463196166013835e-14
tangent-endpoint,27,19,8.865586282718479e-14
tangent-endpoint,27,20,1.7243666770134102e-14
tangent-endpoint,27,21,1.2511574060560242e-13
tangent-endpoint,27,22,1.5781622504393852e-14
tangent-endpoint,27,23,1.1058041722587356e-13
tangent-endpoint,27,24,1.8705711035874168e-14
tangent-endpoint,27,25,1.396510639853319e-13
tangent-endpoint,27,26,1.651264463726405e-14
tangent-endpoint,27,27,1.1784807891573769e-13
tangent-endpoint,27,28,1.5927826930968042e-14
tangent-endpoint,27,29,1.1203394956385e-13
tangent-endpoint,28,0,-2.6417382447351614e-15
tangent-endpoint,28,1,-2.400286535838903e-14
tangent-endpoint,28,2,5.789285431521709e-15
tangent-endpoint,28,3,5.649780064876164e-14
tangent-endpoint,28,4,-1.1072761920992422e-14
tangent-endpoint,28,5,-1.0450353136553937e-13
tangent-endpoint,28,6,1.5737735933932482e-15
tangent-endpoint,28,7,1.6247467645189337e-14
tangent-endpoint,28,8,4.946183063895781e-15
tangent-endpoint,28,9,4.844773404805123e-14
tangent-endpoint,28,10,7.14293091266943e-16
tangent-endpoint,28,11,4.186898750824287e-15
tangent-endpoint,28,12,2.6038798535702212e-15
tangent-endpoint,28,13,2.0813959138584072e-14
tangent-endpoint,28,14,-1.1752936710363419e-15
tangent-endpoint,28,15,-1.2440161636935415e-14
tangent-endpoint,28,16,1.6590864724185363e-15
tangent-endpoint,28,17,1.2500428944703929e-14
tangent-endpoint,28,18,2.4149211773400095e-15
tangent-endpoint,28,19,1.9151253099808522e-14
tangent-endpoint,28,20,2.2566405482998255e-15
tangent-endpoint,28,21,1.607531028662103e-14
tangent-endpoint,28,22,2.3011213996322105e-15
tangent-endpoint,28,23,1.578034357531513e-14
tangent-endpoint,28,24,2.212159696967416e-15
tangent-endpoint,28,25,1.6370276997927023e-14
tangent-endpoint,28,26,2.2788809739660265e-15
tangent-endpoint,28,27,1.5927826930968042e-14
tangent-endpoint,28,28,2.2966733144989918e-15
tangent-endpoint,28,29,1.5809840246446178e-14
tangent-endpoint,29,0,-2.1071729667060248e-14
tangent-endpoint,29,1,-1.958033259490305e-13
tangent-endpoint,29,2,4.6940538586618556e-14
tangent-endpoint,29,3,4.606104095391182e-13
tangent-endpoint,29,4,-8.908399792074141e-14
tangent-endpoint,29,5,-8.522170614371773e-13
tangent-endpoint,29,6,1.2934404459778988e-14
tangent-endpoint,29,7,1.3240354179506192e-13
tangent-endpoint,29,8,4.013931176124963e-14
tangent-endpoint,29,9,3.9496903599033357e-13
tangent-endpoint,29,10,3.4385190038479656e-15
tangent-endpoint,29,11,1.5371858411682366e-14
tangent-endpoint,29,12,1.9765926157751597e-14
tangent-endpoint,29,13,1.61215062193251e-13
tangent-endpoint,29,14,-1.2888888150055538e-14
tangent-endpoint,29,15,-1.3047134536988532e-13
tangent-endpoint,29,16,1.1602222580799487e-14
tangent-endpoint,29,17,8.829346030246508e-14
tangent-endpoint,29,18,1.8133185442362182e-14
tangent-endpoint,29,19,1.466307418151008e-13
tangent-endpoint,29,20,1.532546133941503e-14
tangent-endpoint,29,21,1.1015189205260707e-13
tangent-endpoint,29,22,1.586366012500499e-14
tangent-endpoint,29,23,1.1391600707509363e-13
tangent-endpoint,29,24,1.4787262553824904e-14
tangent-endpoint,29,25,1.0638777703012088e-13
tangent-endpoint,29,26,1.5594560732210083e-14
tangent-endpoint,29,27,1.1203394956385e-13
tangent-endpoint,29,28,1.5809840246446178e-14
tangent-endpoint,29,29,1.1353959557284847e-13
tangent-time-canonical,0,0,1.3810559718730229e-11
tangent-time-canonical,0,1,-1.4275938501664226e-13
tangent-time-canonical,0,2,1.4156025410395551e-10
tangent-time-canonical,0,3,-1.266724393536588e-12
tangent-time-canonical,0,4,1.3986822323677511e-11
tangent-time-canonical,0,5,4.264799025179967e-13
tangent-time-canonical,0,6,1.4118827062132049e-10
tangent-time-canonical,0,7,4.042615699246512e-12
tangent-time-canonical,0,8,1.3634297113782934e-11
tangent-time-canonical,0,9,-7.119986725513019e-13
tangent-time-canonical,0,10,1.4193223758659062e-10
tangent-time-canonical,0,11,-6.576064486319673e-12
tangent-time-canonical,0,12,1.3898691021203866e-11
tangent-time-canonical,0,13,1.418602587506717e-13
tangent-time-canonical,0,14,1.4137426236263806e-10
tangent-time-canonical,0,15,1.387945652855045e-12
tangent-time-canonical,0,16,1.396919606318276e-11
tangent-time-canonical,0,17,3.695559737645095e-13
tangent-time-canonical,0,18,1.4122546896958403e-10
tangent-time-canonical,0,19,3.5116816899682742e-12
tangent-time-canonical,0,20,-2.654685838794658e-12
tangent-time-canonical,0,21,-1.3486127740751773e-14
tangent-time-canonical,0,22,-2.5954275081644003e-11
tangent-time-canonical,0,23,-2.7351898779774756e-13
tangent-time-canonical,0,24,-2.4461312202000253e-12
tangent-time-canonical,0,25,3.164965163950499e-13
tangent-time-canonical,0,26,-2.4878819679702034e-11
tangent-time-canonical,0,27,2.6200089514871456e-12
tangent-time-canonical,0,28,-2.86324045738929e-12
tangent-time-canonical,0,29,-3.4346877187655283e-13
tangent-time-canonical,0,30,-2.702973048358598e-11
tangent-time-canonical,0,31,-3.167046927082645e-12
tangent-time-canonical,0,32,-2.550408529497344e-12
tangent-time-canonical,0,33,1.5150519432714713e-13
tangent-time-canonical,0,34,-2.5416547380673037e-11
tangent-time-canonical,0,35,1.1732449818446738e-12
tangent-time-canonical,0,36,-2.4669866820594876e-12
tangent-time-canonical,0,37,2.834982519814713e-13
tangent-time-canonical,0,38,-2.498636521989617e-11
tangent-time-canonical,0,39,2.3306561575587113e-12
tangent-time-canonical,0,40,6.489689475960531e-13
tangent-time-canonical,0,41,1.0892545255710639e-13
tangent-time-canonical,0,42,7.556815614640915e-12
tangent-time-canonical,0,43,7.469918881488892e-13
tangent-time-canonical,0,44,7.67617428877411e-13
tangent-time-canonical,0,45,1.5629026597504044e-13
tangent-time-canonical,0,46,9.315200472454687e-12
tangent-time-canonical,0,47,1.1184841306713808e-12
tangent-time-canonical,0,48,5.303204663146943e-13
tangent-time-canonical,0,49,6.156063913917112e-14
tangent-time-canonical,0,50,5.798430756827145e-12
tangent-time-canonical,0,51,3.754996456264007e-13
tangent-time-canonical,0,52,7.082931882367328e-13
tangent-time-canonical,0,53,1.3260785926607396e-13
tangent-time-canonical,0,54,8.436008043547799e-12
tangent-time-canonical,0,55,9.327380094101322e-13
tangent-time-canonical,0,56,7.557525807492774e-13
tangent-time-canonical,0,57,1.515537846332488e-13
tangent-time-canonical,0,58,9.13936198667334e-12
tangent-time-canonical,0,59,1.0813349064191584e-12
tangent-time-canonical,1,0,-1.4275938501664226e-13
tangent-time-canonical,1,1,1.8352900098950213e-14
tangent-time-canonical,1,2,-2.2988193572550316e-12
tangent-time-canonical,1,3,1.8940934799102422e-13
tangent-time-canonical,1,4,-1.567104970408089e-13
tangent-time-canonical,1,5,-2.2806180535623547e-14
tangent-time-canonical,1,6,-2.412033226970899e-12
tangent-time-canonical,1,7,-2.4494707815674665e-13
tangent-time-canonical,1,8,-1.288082729924755e-13
tangent-time-canonical,1,9,5.951198073352424e-14
tangent-time-canonical,1,10,-2.185605487539162e-12
tangent-time-canonical,1,11,6.23765774138796e-13
tangent-time-canonical,1,12,-1.497349410287257e-13
tangent-time-canonical,1,13,-2.2266402183368262e-15
tangent-time-canonical,1,14,-2.3554262921129674e-12
tangent-time-canonical,1,15,-2.776886508286351e-14
tangent-time-canonical,1,16,-1.5531538583839458e-13
tangent-time-canonical,1,17,-1.869027247216857e-14
tangent-time-canonical,1,18,-2.4007118399993194e-12
tangent-time-canonical,1,19,-2.0151143554197545e-13
tangent-time-canonical,1,20,4.624792698168294e-15
tangent-time-canonical,1,21,-8.529168284049615e-16
tangent-time-canonical,1,22,-1.6550281189688987e-13
tangent-time-canonical,1,23,-7.448358666000871e-15
tangent-time-canonical,1,24,5.524932487600557e-15
tangent-time-canonical,1,25,1.0751579535022124e-15
tangent-time-canonical,1,26,-1.4086429530352753e-13
tangent-time-canonical,1,27,6.031131337969533e-15
tangent-time-canonical,1,28,3.724652908735837e-15
tangent-time-canonical,1,29,-2.780991610312267e-15
tangent-time-canonical,1,30,-1.9014132849025251e-13
tangent-time-canonical,1,31,-2.092784866997147e-14
tangent-time-canonical,1,32,5.074862592884582e-15
tangent-time-canonical,1,33,1.1112056254879451e-16
tangent-time-canonical,1,34,-1.531835536002091e-13
tangent-time-canonical,1,35,-7.086136640160319e-16
tangent-time-canonical,1,36,5.434918508657946e-15
tangent-time-canonical,1,37,8.823504753120799e-16
tangent-time-canonical,1,38,-1.4332814696286426e-13
tangent-time-canonical,1,39,4.683182337572032e-15
tangent-time-canonical,1,40,-1.1994888640558201e-14
tangent-time-canonical,1,41,-3.267894174942041e-15
tangent-time-canonical,1,42,-5.991479443184105e-14
tangent-time-canonical,1,43,-2.303598576826296e-14
tangent-time-canonical,1,44,-1.4872443455085528e-14
tangent-time-canonical,1,45,-2.5721653636009747e-15
tangent-time-canonical,1,46,-9.331987344139988e-14
tangent-time-canonical,1,47,-2.085347898914875e-14
tangent-time-canonical,1,48,-9.117333826030795e-15
tangent-time-canonical,1,49,-3.963622986283014e-15
tangent-time-canonical,1,50,-2.6509715422282326e-14
tangent-time-canonical,1,51,-2.5218492547377527e-14
tangent-time-canonical,1,52,-1.343366604782188e-14
tangent-time-canonical,1,53,-2.9200297692715283e-15
tangent-time-canonical,1,54,-7.661733393662012e-14
tangent-time-canonical,1,55,-2.194473237870561e-14
tangent-time-canonical,1,56,-1.4584687973632865e-14
tangent-time-canonical,1,57,-2.6417382447351614e-15
tangent-time-canonical,1,58,-8.997936554044407e-14
tangent-time-canonical,1,59,-2.1071729667060248e-14
tangent-time-canonical,2,0,1.4156025410395551e-10
tangent-time-canonical,2,1,-2.2988193572550316e-12
tangent-time-canonical,2,2,1.4971589087404262e-09
tangent-time-canonical,2,3,-2.1752576568530075e-11
tangent-time-canonical,2,4,1.4351297790742332e-10
tangent-time-canonical,2,5,5.299277039767395e-12
tangent-time-canonical,2,6,1.4947452182222657e-09
tangent-time-canonical,2,7,5.1728461307638185e-11
tangent-time-canonical,2,8,1.3960753030048755e-10
tangent-time-canonical,2,9,-9.896915754277688e-12
tangent-time-canonical,2,10,1.499572599258587e-09
tangent-time-canonical,2,11,-9.523361444469821e-11
tangent-time-canonical,2,12,1.4253661600568942e-10
tangent-time-canonical,2,13,1.5002288412561414e-12
tangent-time-canonical,2,14,1.495952063481347e-09
tangent-time-canonical,2,15,1.498794236955512e-11
tangent-time-canonical,2,16,1.4331770552707643e-10
tangent-time-canonical,2,17,4.539467400065038e-12
tangent-time-canonical,2,18,1.4949865872740825e-09
tangent-time-canonical,2,19,4.438035752002239e-11
tangent-time-canonical,2,20,-2.7271744467076847e-11
tangent-time-canonical,2,21,-4.5755895707897125e-14
tangent-time-canonical,2,22,-2.528790234741472e-10
tangent-time-canonical,2,23,-1.943360993566751e-12
tangent-time-canonical,2,24,-2.5219697604228322e-11
tangent-time-canonical,2,25,3.0063411106499113e-12
tangent-time-canonical,2,26,-2.4243588827800217e-10
tangent-time-canonical,2,27,2.498164872916294e-11
tangent-time-canonical,2,28,-2.9323791329925355e-11
tangent-time-canonical,2,29,-3.0978529020656928e-12
tangent-time-canonical,2,30,-2.6332215867029215e-10
tangent-time-canonical,2,31,-2.8868370716296462e-11
tangent-time-canonical,2,32,-2.624572103565261e-11
tangent-time-canonical,2,33,1.4802926074709796e-12
tangent-time-canonical,2,34,-2.476574558760748e-10
tangent-time-canonical,2,35,1.1519143867797871e-11
tangent-time-canonical,2,36,-2.542490229051318e-11
tangent-time-canonical,2,37,2.7011314100141306e-12
tangent-time-canonical,2,38,-2.4348020179761607e-10
tangent-time-canonical,2,39,2.228914775689053e-11
tangent-time-canonical,2,40,7.516228605726503e-12
tangent-time-canonical,2,41,1.2930376776778458e-12
tangent-time-canonical,2,42,8.089707816943392e-11
tangent-time-canonical,2,43,8.945815908292733e-12
tangent-time-canonical,2,44,8.834823952458283e-12
tangent-time-canonical,2,45,1.6885921549561003e-12
tangent-time-canonical,2,46,9.983691305916229e-11
tangent-time-canonical,2,47,1.2161305631028203e-11
tangent-time-canonical,2,48,6.1976332589947094e-12
tangent-time-canonical,2,49,8.974832003995738e-13
tangent-time-canonical,2,50,6.195724327970552e-11
tangent-time-canonical,2,51,5.730326185557306e-12
tangent-time-canonical,2,52,8.175526279092401e-12
tangent-time-canonical,2,53,1.4908149163169795e-12
tangent-time-canonical,2,54,9.036699561429809e-11
tangent-time-canonical,2,55,1.0553560769660431e-11
tangent-time-canonical,2,56,8.702964417785131e-12
tangent-time-canonical,2,57,1.649036707228297e-12
tangent-time-canonical,2,58,9.794292957018975e-11
tangent-time-canonical,2,59,1.183975665875493e-11
tangent-time-canonical,3,0,-1.266724393536588e-12
tangent-time-canonical,3,1,1.8940934799102422e-13
tangent-time-canonical,3,2,-2.1752576568530075e-11
tangent-time-canonical,3,3,1.9712784224984616e-12
tangent-time-canonical,3,4,-1.3997686825290592e-12
tangent-time-canonical,3,5,-2.332263647935835e-13
tangent-time-canonical,3,6,-2.2793736391946593e-11
tangent-time-canonical,3,7,-2.521071558698018e-12
tangent-time-canonical,3,8,-1.1336801045441154e-12
tangent-time-canonical,3,9,6.120450607756338e-13
tangent-time-canonical,3,10,-2.0711416745113548e-11
tangent-time-canonical,3,11,6.463628403694949e-12
tangent-time-canonical,3,12,-1.3332465380328255e-12
tangent-time-canonical,3,13,-2.1908508401281614e-14
tangent-time-canonical,3,14,-2.2273156480238346e-11
tangent-time-canonical,3,15,-2.748965680997966e-13
tangent-time-canonical,3,16,-1.3864642536298381e-12
tangent-time-canonical,3,17,-1.909627935151487e-13
tangent-time-canonical,3,18,-2.268962040960498e-11
tangent-time-canonical,3,19,-2.0718365605784035e-12
tangent-time-canonical,3,20,1.2380864216333726e-13
tangent-time-canonical,3,21,-6.036177013217991e-15
tangent-time-canonical,3,22,-1.3507869901018027e-12
tangent-time-canonical,3,23,-5.6815310672425575e-14
tangent-time-canonical,3,24,1.4761540777087854e-13
tangent-time-canonical,3,25,1.2237935611201531e-14
tangent-time-canonical,3,26,-9.655668142797664e-13
tangent-time-canonical,3,27,6.747770729828425e-14
tangent-time-canonical,3,28,1.0000187655579384e-13
tangent-time-canonical,3,29,-2.4310289637639016e-14
tangent-time-canonical,3,30,-1.736007165923843e-12
tangent-time-canonical,3,31,-1.8110832864313721e-13
tangent-time-canonical,3,32,1.3571202496710934e-13
tangent-time-canonical,3,33,3.1008792989933316e-15
tangent-time-canonical,3,34,-1.1581769021907893e-12
tangent-time-canonical,3,35,5.331198312924796e-15
tangent-time-canonical,3,36,1.4523473121013118e-13
tangent-time-canonical,3,37,1.0410524348765972e-14
tangent-time-canonical,3,38,-1.004088831861972e-12
tangent-time-canonical,3,39,5.504840550121129e-14
tangent-time-canonical,3,40,-1.1274456024113975e-13
tangent-time-canonical,3,41,-3.0397143944926854e-14
tangent-time-canonical,3,42,-5.51828007951997e-13
tangent-time-canonical,3,43,-2.133709070166395e-13
tangent-time-canonical,3,44,-1.4126232722126106e-13
tangent-time-canonical,3,45,-2.329238995988385e-14
tangent-time-canonical,3,46,-8.836456869506996e-13
tangent-time-canonical,3,47,-1.9385137249707434e-13
tangent-time-canonical,3,48,-8.422679326101759e-14
tangent-time-canonical,3,49,-3.750189792996892e-14
tangent-time-canonical,3,50,-2.2001032895329504e-13
tangent-time-canonical,3,51,-2.3289044153620784e-13
tangent-time-canonical,3,52,-1.2700344373120053e-13
tangent-time-canonical,3,53,-2.684476695240554e-14
tangent-time-canonical,3,54,-7.177368474513448e-13
tangent-time-canonical,3,55,-2.0361113975685441e-13
tangent-time-canonical,3,56,-1.3841055052324967e-13
tangent-time-canonical,3,57,-2.4002865358389033e-14
tangent-time-canonical,3,58,-8.504639190508286e-13
tangent-time-canonical,3,59,-1.9580332594903055e-13
tangent-time-canonical,4,0,1.3986822323677511e-11
tangent-time-canonical,4,1,-1.567104970408089e-13
tangent-time-canonical,4,2,1.4351297790742332e-10
tangent-time-canonical,4,3,-1.3997686825290592e-12
tangent-time-canonical,4,4,1.4266961783479321e-11
tangent-time-canonical,4,5,4.5190757718639826e-13
tangent-time-canonical,4,6,1.4418816481562792e-10
tangent-time-canonical,4,7,4.3112100020707034e-12
tangent-time-canonical,4,8,1.3706682863875682e-11
tangent-time-canonical,4,9,-7.653285712680354e-13
tangent-time-canonical,4,10,1.428377909992187e-10
tangent-time-canonical,4,11,-7.110747367128808e-12
tangent-time-canonical,4,12,1.4126892053578412e-11
tangent-time-canonical,4,13,1.475985400727886e-13
tangent-time-canonical,4,14,1.438505713615257e-10
tangent-time-canonical,4,15,1.4557206597709005e-12
tangent-time-canonical,4,16,1.423894783749912e-11
tangent-time-canonical,4,17,3.910457697636559e-13
tangent-time-canonical,4,18,1.4412064612480756e-10
tangent-time-canonical,4,19,3.74011213361082e-12
tangent-time-canonical,4,20,-2.597421204080912e-12
tangent-time-canonical,4,21,-1.588933350049007e-14
tangent-time-canonical,4,22,-2.550611351044974e-11
tangent-time-canonical,4,23,-2.9550755900759274e-13
tangent-time-canonical,4,24,-2.395942627319036e-12
tangent-time-canonical,4,25,3.2886548444783027e-13
tangent-time-canonical,4,26,-2.4542007737157996e-11
tangent-time-canonical,4,27,2.7304515233205184e-12
tangent-time-canonical,4,28,-2.798899780842788e-12
tangent-time-canonical,4,29,-3.6064415144880986e-13
tangent-time-canonical,4,30,-2.6470219283741498e-11
tangent-time-canonical,4,31,-3.321466641335712e-12
tangent-time-canonical,4,32,-2.4966819156999758e-12
tangent-time-canonical,4,33,1.5648807547366823e-13
tangent-time-canonical,4,34,-2.5024060623803883e-11
tangent-time-canonical,4,35,1.2174719821564393e-12
tangent-time-canonical,4,36,-2.4160904849952256e-12
tangent-time-canonical,4,37,2.9439000265299665e-13
tangent-time-canonical,4,38,-2.463841831448712e-11
tangent-time-canonical,4,39,2.4278556150877493e-12
tangent-time-canonical,4,40,5.919113175750107e-13
tangent-time-canonical,4,41,1.0611743935773005e-13
tangent-time-canonical,4,42,6.949914546519656e-12
tangent-time-canonical,4,43,7.211031334888631e-13
tangent-time-canonical,4,44,7.127637942112579e-13
tangent-time-canonical,4,45,1.5680361112079499e-13
tangent-time-canonical,4,46,8.733364837809052e-12
tangent-time-canonical,4,47,1.1218885348965027e-12
tangent-time-canonical,4,48,4.710588409387626e-13
tangent-time-canonical,4,49,5.543126759466382e-14
tangent-time-canonical,4,50,5.16646425523026e-12
tangent-time-canonical,4,51,3.2031773208122695e-13
tangent-time-canonical,4,52,6.523375558931352e-13
tangent-time-canonical,4,53,1.3146052523926308e-13
tangent-time-canonical,4,54,7.841639692164351e-12
tangent-time-canonical,4,55,9.214958341926802e-13
tangent-time-canonical,4,56,7.006785465476353e-13
tangent-time-canonical,4,57,1.5173499394449022e-13
tangent-time-canonical,4,58,8.555019808680142e-12
tangent-time-canonical,4,59,1.0818099947557654e-12
tangent-time-canonical,5,0,4.264799025179967e-13
tangent-time-canonical,5,1,-2.2806180535623547e-14
tangent-time-canonical,5,2,5.299277039767395e-12
tangent-time-canonical,5,3,-2.332263647935835e-13
tangent-time-canonical,5,4,4.5190757718639826e-13
tangent-time-canonical,5,5,4.385978420939011e-14
tangent-time-canonical,5,6,5.451542305171765e-12
tangent-time-canonical,5,7,4.609003388653166e-13
tangent-time-canonical,5,8,4.010522278495953e-13
tangent-time-canonical,5,9,-8.947214528063711e-14
tangent-time-canonical,5,10,5.147011774363031e-12
tangent-time-canonical,5,11,-9.273530684524792e-13
tangent-time-canonical,5,12,4.391937398521974e-13
tangent-time-canonical,5,13,1.052680183688319e-14
tangent-time-canonical,5,14,5.3754096724695824e-12
tangent-time-canonical,5,15,1.1383698703586842e-13
tangent-time-canonical,5,16,4.493648097195611e-13
tangent-time-canonical,5,17,3.719318773489171e-14
tangent-time-canonical,5,18,5.436315778631335e-12
tangent-time-canonical,5,19,3.9148766849943354e-13
tangent-time-canonical,5,20,-1.722446667399199e-13
tangent-time-canonical,5,21,1.5935368951094075e-15
tangent-time-canonical,5,22,-1.368915712850509e-12
tangent-time-canonical,5,23,8.78491437898454e-15
tangent-time-canonical,5,24,-1.710592609064935e-13
tangent-time-canonical,5,25,1.1178098466117565e-14
tangent-time-canonical,5,26,-1.3849891104006389e-12
tangent-time-canonical,5,27,9.947980110680912e-14
tangent-time-canonical,5,28,-1.7343007257334576e-13
tangent-time-canonical,5,29,-7.991024675898323e-15
tangent-time-canonical,5,30,-1.3528423153003772e-12
tangent-time-canonical,5,31,-8.19099723488389e-14
tangent-time-canonical,5,32,-1.7165196382320679e-13
tangent-time-canonical,5,33,6.385817680613387e-15
tangent-time-canonical,5,34,-1.3769524116255732e-12
tangent-time-canonical,5,35,5.4132357742897064e-14
tangent-time-canonical,5,36,-1.7117780148983695e-13
tangent-time-canonical,5,37,1.0219642309016025e-14
tangent-time-canonical,5,38,-1.3833817706456285e-12
tangent-time-canonical,5,39,9.041031243402424e-14
tangent-time-canonical,5,40,2.496480306752097e-14
tangent-time-canonical,5,41,5.215048324413277e-15
tangent-time-canonical,5,42,2.496853292663995e-13
tangent-time-canonical,5,43,3.6936139859531066e-14
tangent-time-canonical,5,44,3.108687905952932e-14
tangent-time-canonical,5,45,5.853089554533585e-15
tangent-time-canonical,5,46,3.2549664368367985e-13
tangent-time-canonical,5,47,4.8052138445182754e-14
tangent-time-canonical,5,48,1.8842727075512495e-14
tangent-time-canonical,5,49,4.577007094292847e-15
tangent-time-canonical,5,50,1.738740148491189e-13
tangent-time-canonical,5,51,2.582014127387951e-14
tangent-time-canonical,5,52,2.802584106352518e-14
tangent-time-canonical,5,53,5.534068939473467e-15
tangent-time-canonical,5,54,2.8759098647503906e-13
tangent-time-canonical,5,55,4.249413915235644e-14
tangent-time-canonical,5,56,3.047467146032864e-14
tangent-time-canonical,5,57,5.789285431521708e-15
tangent-time-canonical,5,58,3.1791551224195283e-13
tangent-time-canonical,5,59,4.694053858661855e-14
tangent-time-canonical,6,0,1.4118827062132049e-10
tangent-time-canonical,6,1,-2.412033226970899e-12
tangent-time-canonical,6,2,1.4947452182222657e-09
tangent-time-canonical,6,3,-2.2793736391946593e-11
tangent-time-canonical,6,4,1.4418816481562792e-10
tangent-time-canonical,6,5,5.451542305171765e-12
tangent-time-canonical,6,6,1.5035524336251448e-09
tangent-time-canonical,6,7,5.338852390650139e-11
tangent-time-canonical,6,8,1.3818837642701285e-10
tangent-time-canonical,6,9,-1.0275608759113781e-11
tangent-time-canonical,6,10,1.485938002819386e-09
tangent-time-canonical,6,11,-9.89759966903945e-11
tangent-time-canonical,6,12,1.4268821771847414e-10
tangent-time-canonical,6,13,1.519754539100387e-12
tangent-time-canonical,6,14,1.4991488259237064e-09
tangent-time-canonical,6,15,1.529739375727844e-11
tangent-time-canonical,6,16,1.4388817539619707e-10
tangent-time-canonical,6,17,4.665184751957396e-12
tangent-time-canonical,6,18,1.5026717120848584e-09
tangent-time-canonical,6,19,4.577029787665792e-11
tangent-time-canonical,6,20,-2.567406669557937e-11
tangent-time-canonical,6,21,-5.638304282016124e-14
tangent-time-canonical,6,22,-2.395014297846828e-10
tangent-time-canonical,6,23,-2.024937595445529e-12
tangent-time-canonical,6,24,-2.3683874405385353e-11
tangent-time-canonical,6,25,3.058550049239788e-12
tangent-time-canonical,6,26,-2.2988045448977217e-10
tangent-time-canonical,6,27,2.546708856609998e-11
tangent-time-canonical,6,28,-2.7664258985773373e-11
tangent-time-canonical,6,29,-3.1713161348800997e-12
tangent-time-canonical,6,30,-2.491224050795935e-10
tangent-time-canonical,6,31,-2.9516963756991097e-11
tangent-time-canonical,6,32,-2.467897055048239e-11
tangent-time-canonical,6,33,1.5010835032097864e-12
tangent-time-canonical,6,34,-2.3469094213722764e-10
tangent-time-canonical,6,35,1.1721075485327021e-11
tangent-time-canonical,6,36,-2.3882893634404787e-11
tangent-time-canonical,6,37,2.7470567400337616e-12
tangent-time-canonical,6,38,-2.308425520192628e-10
tangent-time-canonical,6,39,2.271788594994584e-11
tangent-time-canonical,6,40,6.869590841157828e-12
tangent-time-canonical,6,41,1.260983087556684e-12
tangent-time-canonical,6,42,7.326883172088863e-11
tangent-time-canonical,6,43,8.661805520265352e-12
tangent-time-canonical,6,44,8.191090605801812e-12
tangent-time-canonical,6,45,1.6770659350690284e-12
tangent-time-canonical,6,46,9.215092029462343e-11
tangent-time-canonical,6,47,1.2045468905554143e-11
tangent-time-canonical,6,48,5.54809107651383e-12
tangent-time-canonical,6,49,8.449002400443216e-13
tangent-time-canonical,6,50,5.438674314715382e-11
tangent-time-canonical,6,51,5.2781421349766144e-12
tangent-time-canonical,6,52,7.530340723479827e-12
tangent-time-canonical,6,53,1.4690245113128627e-12
tangent-time-canonical,6,54,8.2709876007756e-11
tangent-time-canonical,6,55,1.0353637212909707e-11
tangent-time-canonical,6,56,8.058940629337435e-12
tangent-time-canonical,6,57,1.6354576503178143e-12
tangent-time-canonical,6,58,9.026271143725026e-11
tangent-time-canonical,6,59,1.1707102567025533e-11
tangent-time-canonical,7,0,4.042615699246512e-12
tangent-time-canonical,7,1,-2.4494707815674665e-13
tangent-time-canonical,7,2,5.1728461307638185e-11
tangent-time-canonical,7,3,-2.521071558698018e-12
tangent-time-canonical,7,4,4.3112100020707034e-12
tangent-time-canonical,7,5,4.609003388653166e-13
tangent-time-canonical,7,6,5.338852390650139e-11
tangent-time-canonical,7,7,4.873732674082574e-12
tangent-time-canonical,7,8,3.774021396422323e-12
tangent-time-canonical,7,9,-9.507944951788083e-13
tangent-time-canonical,7,10,5.006839870877502e-11
tangent-time-canonical,7,11,-9.915875791478562e-12
tangent-time-canonical,7,12,4.176912850658608e-12
tangent-time-canonical,7,13,1.0797663035428427e-13
tangent-time-canonical,7,14,5.2558492607069815e-11
tangent-time-canonical,7,15,1.1763305576922954e-12
tangent-time-canonical,7,16,4.284350571788319e-12
tangent-time-canonical,7,17,3.903155971631442e-13
tangent-time-canonical,7,18,5.3222517646615134e-11
tangent-time-canonical,7,19,4.1342522508045755e-12
tangent-time-canonical,7,20,-1.8020967548351206e-12
tangent-time-canonical,7,21,1.901920029949927e-14
tangent-time-canonical,7,22,-1.3988071551072945e-11
tangent-time-canonical,7,23,1.1840616926831515e-13
tangent-time-canonical,7,24,-1.8057340523813293e-12
tangent-time-canonical,7,25,1.0812044811460343e-13
tangent-time-canonical,7,26,-1.4272564842251892e-11
tangent-time-canonical,7,27,9.71107076247297e-13
tangent-time-canonical,7,28,-1.7984594572889062e-12
tangent-time-canonical,7,29,-7.008204751560031e-14
tangent-time-canonical,7,30,-1.3703578259893988e-11
tangent-time-canonical,7,31,-7.342947377106545e-13
tangent-time-canonical,7,32,-1.8039154036082257e-12
tangent-time-canonical,7,33,6.356982420705037e-14
tangent-time-canonical,7,34,-1.413031819666241e-11
tangent-time-canonical,7,35,5.447566227578097e-13
tangent-time-canonical,7,36,-1.8053703226267176e-12
tangent-time-canonical,7,37,9.921032333308454e-14
tangent-time-canonical,7,38,-1.424411551313403e-11
tangent-time-canonical,7,39,8.858369855493636e-13
tangent-time-canonical,7,40,2.315317927487222e-13
tangent-time-canonical,7,41,5.19913693218617e-14
tangent-time-canonical,7,42,2.293468312614087e-12
tangent-time-canonical,7,43,3.674632239344486e-13
tangent-time-canonical,7,44,2.932627823343387e-13
tangent-time-canonical,7,45,5.699851524063762e-14
tangent-time-canonical,7,46,3.0476735240063405e-12
tangent-time-canonical,7,47,4.709600968285165e-13
tangent-time-canonical,7,48,1.6980080316310438e-13
tangent-time-canonical,7,49,4.698422340308444e-14
tangent-time-canonical,7,50,1.5392631012218308e-12
tangent-time-canonical,7,51,2.6396635104038217e-13
tangent-time-canonical,7,52,2.623972875415308e-13
tangent-time-canonical,7,53,5.4494942281249994e-14
tangent-time-canonical,7,54,2.6705709183102072e-12
tangent-time-canonical,7,55,4.1921166038147755e-13
tangent-time-canonical,7,56,2.8708968337577865e-13
tangent-time-canonical,7,57,5.649780064876164e-14
tangent-time-canonical,7,58,2.972253002867124e-12
tangent-time-canonical,7,59,4.606104095391182e-13
tangent-time-canonical,8,0,1.3634297113782934e-11
tangent-time-canonical,8,1,-1.288082729924755e-13
tangent-time-canonical,8,2,1.3960753030048755e-10
tangent-time-canonical,8,3,-1.1336801045441154e-12
tangent-time-canonical,8,4,1.3706682863875682e-11
tangent-time-canonical,8,5,4.010522278495953e-13
tangent-time-canonical,8,6,1.3818837642701285e-10
tangent-time-canonical,8,7,3.774021396422323e-12
tangent-time-canonical,8,8,1.3561911363690159e-11
tangent-time-canonical,8,9,-6.586687738345682e-13
tangent-time-canonical,8,10,1.4102668417396237e-10
tangent-time-canonical,8,11,-6.0413816055105354e-12
tangent-time-canonical,8,12,1.3670489988829302e-11
tangent-time-canonical,8,13,1.36121977428555e-13
tangent-time-canonical,8,14,1.3889795336375033e-10
tangent-time-canonical,8,15,1.3201706459391912e-12
tangent-time-canonical,8,16,1.3699444288866381e-11
tangent-time-canonical,8,17,3.4806617776536325e-13
tangent-time-canonical,8,18,1.3833029181436034e-10
tangent-time-canonical,8,19,3.283251246325731e-12
tangent-time-canonical,8,20,-2.7119504735084082e-12
tangent-time-canonical,8,21,-1.108292198101366e-14
tangent-time-canonical,8,22,-2.6402436652838305e-11
tangent-time-canonical,8,23,-2.515304165879038e-13
tangent-time-canonical,8,24,-2.4963198130810204e-12
tangent-time-canonical,8,25,3.0412754834226976e-13
tangent-time-canonical,8,26,-2.5215631622246118e-11
tangent-time-canonical,8,27,2.5095663796537748e-12
tangent-time-canonical,8,28,-2.927581133935794e-12
tangent-time-canonical,8,29,-3.262933923042964e-13
tangent-time-canonical,8,30,-2.7589241683430487e-11
tangent-time-canonical,8,31,-3.0126272128295833e-12
tangent-time-canonical,8,32,-2.604135143294716e-12
tangent-time-canonical,8,33,1.4652231318062587e-13
tangent-time-canonical,8,34,-2.5809034137542226e-11
tangent-time-canonical,8,35,1.129017981532909e-12
tangent-time-canonical,8,36,-2.5178828791237553e-12
tangent-time-canonical,8,37,2.72606501309946e-13
tangent-time-canonical,8,38,-2.5334312125305257e-11
tangent-time-canonical,8,39,2.2334567000296757e-12
tangent-time-canonical,8,40,7.060265776170927e-13
tangent-time-canonical,8,41,1.1173346575648228e-13
tangent-time-canonical,8,42,8.163716682762158e-12
tangent-time-canonical,8,43,7.728806428089124e-13
tangent-time-canonical,8,44,8.224710635435613e-13
tangent-time-canonical,8,45,1.5577692082928551e-13
tangent-time-canonical,8,46,9.8970361071003e-12
tangent-time-canonical,8,47,1.1150797264462566e-12
tangent-time-canonical,8,48,5.895820916906235e-13
tangent-time-canonical,8,49,6.769001068367785e-14
tangent-time-canonical,8,50,6.430397258424013e-12
tangent-time-canonical,8,51,4.306815591715699e-13
tangent-time-canonical,8,52,7.642488205803279e-13
tangent-time-canonical,8,53,1.3375519329288442e-13
tangent-time-canonical,8,54,9.030376394931227e-12
tangent-time-canonical,8,55,9.43980184627582e-13
tangent-time-canonical,8,56,8.108266149509167e-13
tangent-time-canonical,8,57,1.513725753220071e-13
tangent-time-canonical,8,58,9.723704164666517e-12
tangent-time-canonical,8,59,1.080859818082549e-12
tangent-time-canonical,9,0,-7.119986725513019e-13
tangent-time-canonical,9,1,5.951198073352424e-14
tangent-time-canonical,9,2,-9.896915754277688e-12
tangent-time-canonical,9,3,6.120450607756338e-13
tangent-time-canonical,9,4,-7.653285712680354e-13
tangent-time-canonical,9,5,-8.947214528063711e-14
tangent-time-canonical,9,6,-1.0275608759113781e-11
tangent-time-canonical,9,7,-9.507944951788083e-13
tangent-time-canonical,9,8,-6.586687738345682e-13
tangent-time-canonical,9,9,2.0849610674768613e-13
tangent-time-canonical,9,10,-9.518222749441591e-12
tangent-time-canonical,9,11,2.1748846167300736e-12
tangent-time-canonical,9,12,-7.386636219096692e-13
tangent-time-canonical,9,13,-1.4980082273556664e-14
tangent-time-canonical,9,14,-1.008626225669574e-11
tangent-time-canonical,9,15,-1.693747172015935e-13
tangent-time-canonical,9,16,-7.5999558139637e-13
tangent-time-canonical,9,17,-7.457373267922875e-14
tangent-time-canonical,9,18,-1.023773945863019e-11
tangent-time-canonical,9,19,-7.945105395833828e-13
tangent-time-canonical,9,20,1.814942521362518e-13
tangent-time-canonical,9,21,-3.2993705519195164e-15
tangent-time-canonical,9,22,1.037910089056692e-12
tangent-time-canonical,9,23,-2.3681631710987712e-14
tangent-time-canonical,9,24,1.8210912588168908e-13
tangent-time-canonical,9,25,-9.027782559112945e-15
tangent-time-canonical,9,26,1.103260519793538e-12
tangent-time-canonical,9,27,-8.741753843086788e-14
tangent-time-canonical,9,28,1.8087937839081371e-13
tangent-time-canonical,9,29,2.4290414552732214e-15
tangent-time-canonical,9,30,9.725596583198436e-13
tangent-time-canonical,9,31,4.005427500889096e-14
tangent-time-canonical,9,32,1.8180168900897084e-13
tangent-time-canonical,9,33,-6.163576555515791e-15
tangent-time-canonical,9,34,1.0705853044251133e-12
tangent-time-canonical,9,35,-5.5549585070928755e-14
tangent-time-canonical,9,36,1.8204763850714734e-13
tangent-time-canonical,9,37,-8.454941358391707e-15
tangent-time-canonical,9,38,1.0967254767198544e-12
tangent-time-canonical,9,39,-8.104394775887838e-14
tangent-time-canonical,9,40,-4.8954580348639915e-14
tangent-time-canonical,9,41,-1.1750836674297827e-14
tangent-time-canonical,9,42,-3.695149181300993e-13
tangent-time-canonical,9,43,-8.300811139606031e-14
tangent-time-canonical,9,44,-6.083176596970309e-14
tangent-time-canonical,9,45,-1.0997420281735916e-14
tangent-time-canonical,9,46,-5.121363905664996e-13
tangent-time-canonical,9,47,-8.975909642348253e-14
tangent-time-canonical,9,48,-3.7077394727576454e-14
tangent-time-canonical,9,49,-1.2504253066859425e-14
tangent-time-canonical,9,50,-2.2689344569369892e-13
tangent-time-canonical,9,51,-7.625712636863897e-14
tangent-time-canonical,9,52,-5.489317315917157e-14
tangent-time-canonical,9,53,-1.1374128478016948e-14
tangent-time-canonical,9,54,-4.4082565434829826e-13
tangent-time-canonical,9,55,-8.638360390977046e-14
tangent-time-canonical,9,56,-5.964404740759707e-14
tangent-time-canonical,9,57,-1.1072761920992422e-14
tangent-time-canonical,9,58,-4.978742433228608e-13
tangent-time-canonical,9,59,-8.90839979207414e-14
tangent-time-canonical,10,0,1.4193223758659062e-10
tangent-time-canonical,10,1,-2.185605487539162e-12
tangent-time-canonical,10,2,1.499572599258587e-09
tangent-time-canonical,10,3,-2.0711416745113548e-11
tangent-time-canonical,10,4,1.428377909992187e-10
tangent-time-canonical,10,5,5.147011774363031e-12
tangent-time-canonical,10,6,1.485938002819386e-09
tangent-time-canonical,10,7,5.006839870877502e-11
tangent-time-canonical,10,8,1.4102668417396237e-10
tangent-time-canonical,10,9,-9.518222749441591e-12
tangent-time-canonical,10,10,1.5132071956977885e-09
tangent-time-canonical,10,11,-9.149123219900192e-11
tangent-time-canonical,10,12,1.4238501429290464e-10
tangent-time-canonical,10,13,1.4807031434118992e-12
tangent-time-canonical,10,14,1.4927553010389875e-09
tangent-time-canonical,10,15,1.467849098183182e-11
tangent-time-canonical,10,16,1.4274723565795576e-10
tangent-time-canonical,10,17,4.413750048172681e-12
tangent-time-canonical,10,18,1.4873014624633066e-09
tangent-time-canonical,10,19,4.299041716338689e-11
tangent-time-canonical,10,20,-2.8869422238574407e-11
tangent-time-canonical,10,21,-3.512874859563035e-14
tangent-time-canonical,10,22,-2.662566171636123e-10
tangent-time-canonical,10,23,-1.861784391687953e-12
tangent-time-canonical,10,24,-2.675552080307137e-11
tangent-time-canonical,10,25,2.9541321720600382e-12
tangent-time-canonical,10,26,-2.5499132206623296e-10
tangent-time-canonical,10,27,2.4496208892225932e-11
tangent-time-canonical,10,28,-3.0983323674077415e-11
tangent-time-canonical,10,29,-3.0243896692512846e-12
tangent-time-canonical,10,30,-2.7752191226099157e-10
tangent-time-canonical,10,31,-2.8219777675601815e-11
tangent-time-canonical,10,32,-2.781247152082292e-11
tangent-time-canonical,10,33,1.4595017117321756e-12
tangent-time-canonical,10,34,-2.6062396961492274e-10
tangent-time-canonical,10,35,1.1317212250268746e-11
tangent-time-canonical,10,36,-2.6966910946621656e-11
tangent-time-canonical,10,37,2.6552060799945033e-12
tangent-time-canonical,10,38,-2.5611785157597007e-10
tangent-time-canonical,10,39,2.1860409563835247e-11
tangent-time-canonical,10,40,8.162866370295171e-12
tangent-time-canonical,10,41,1.3250922677990071e-12
tangent-time-canonical,10,42,8.852532461797918e-11
tangent-time-canonical,10,43,9.229826296320114e-12
tangent-time-canonical,10,44,9.478557299114746e-12
tangent-time-canonical,10,45,1.7001183748431724e-12
tangent-time-canonical,10,46,1.0752290582370114e-10
tangent-time-canonical,10,47,1.2277142356502263e-11
tangent-time-canonical,10,48,6.847175441475582e-12
tangent-time-canonical,10,49,9.500661607548254e-13
tangent-time-canonical,10,50,6.952774341225723e-11
tangent-time-canonical,10,51,6.1825102361379964e-12
tangent-time-canonical,10,52,8.820711834704967e-12
tangent-time-canonical,10,53,1.5126053213210965e-12
tangent-time-canonical,10,54,9.802411522084015e-11
tangent-time-canonical,10,55,1.0753484326411153e-11
tangent-time-canonical,10,56,9.346988206232819e-12
tangent-time-canonical,10,57,1.6626157641387797e-12
tangent-time-canonical,10,58,1.0562314770312929e-10
tangent-time-canonical,10,59,1.1972410750484328e-11
tangent-time-canonical,11,0,-6.576064486319673e-12
tangent-time-canonical,11,1,6.23765774138796e-13
tangent-time-canonical,11,2,-9.523361444469821e-11
tangent-time-canonical,11,3,6.463628403694949e-12
tangent-time-canonical,11,4,-7.110747367128808e-12
tangent-time-canonical,11,5,-9.273530684524792e-13
tangent-time-canonical,11,6,-9.89759966903945e-11
tangent-time-canonical,11,7,-9.915875791478562e-12
tangent-time-canonical,11,8,-6.0413816055105354e-12
tangent-time-canonical,11,9,2.1748846167300736e-12
tangent-time-canonical,11,10,-9.149123219900192e-11
tangent-time-canonical,11,11,2.2843132598868428e-11
tangent-time-canonical,11,12,-6.843405926724243e-12
tangent-time-canonical,11,13,-1.517936471568449e-13
tangent-time-canonical,11,14,-9.710480556754641e-11
tangent-time-canonical,11,15,-1.7261236938918597e-12
tangent-time-canonical,11,16,-7.05727907904798e-12
tangent-time-canonical,11,17,-7.722411841934376e-13
tangent-time-canonical,11,18,-9.860175846582501e-11
tangent-time-canonical,11,19,-8.277925371961337e-12
tangent-time-canonical,11,20,2.0497140391617316e-12
tangent-time-canonical,11,21,-3.109155432593235e-14
tangent-time-canonical,11,22,1.1286497570868707e-11
tangent-time-canonical,11,23,-2.3203679061314235e-13
tangent-time-canonical,11,24,2.1009648679230235e-12
tangent-time-canonical,11,25,-8.36445768921983e-14
tangent-time-canonical,11,26,1.234143121369173e-11
tangent-time-canonical,11,27,-8.36151661650711e-13
tangent-time-canonical,11,28,1.9984632104004312e-12
tangent-time-canonical,11,29,2.1461468240326016e-14
tangent-time-canonical,11,30,1.0231563928045655e-11
tangent-time-canonical,11,31,3.7207808042441015e-13
tangent-time-canonical,11,32,2.0753394535423816e-12
tangent-time-canonical,11,33,-5.736806560906122e-14
tangent-time-canonical,11,34,1.1813964392280201e-11
tangent-time-canonical,11,35,-5.340942261319393e-13
tangent-time-canonical,11,36,2.0958397850469167e-12
tangent-time-canonical,11,37,-7.838927463555042e-14
tangent-time-canonical,11,38,1.2235937849409461e-11
tangent-time-canonical,11,39,-7.757401745469226e-13
tangent-time-canonical,11,40,-4.570209132310076e-13
tangent-time-canonical,11,41,-1.1278565721171518e-13
tangent-time-canonical,11,42,-3.3971243285180755e-12
tangent-time-canonical,11,43,-7.942050379677256e-13
tangent-time-canonical,11,44,-5.757874367768667e-13
tangent-time-canonical,11,45,-1.03583295160405e-13
tangent-time-canonical,11,46,-4.8149648979077354e-12
tangent-time-canonical,11,47,-8.586628418226633e-13
tangent-time-canonical,11,48,-3.3825438968514557e-13
tangent-time-canonical,11,49,-1.2198801926302208e-13
tangent-time-canonical,11,50,-1.9792837591284152e-12
tangent-time-canonical,11,51,-7.297472341127956e-13
tangent-time-canonical,11,52,-5.164041750039378e-13
tangent-time-canonical,11,53,-1.0818447618606081e-13
tangent-time-canonical,11,54,-4.1060446132128915e-12
tangent-time-canonical,11,55,-8.264339398951844e-13
tangent-time-canonical,11,56,-5.639107844222839e-13
tangent-time-canonical,11,57,-1.0450353136553937e-13
tangent-time-canonical,11,58,-4.673180840968777e-12
tangent-time-canonical,11,59,-8.522170614371773e-13
tangent-time-canonical,12,0,1.3898691021203866e-11
tangent-time-canonical,12,1,-1.497349410287257e-13
tangent-time-canonical,12,2,1.4253661600568942e-10
tangent-time-canonical,12,3,-1.3332465380328255e-12
tangent-time-canonical,12,4,1.4126892053578412e-11
tangent-time-canonical,12,5,4.391937398521974e-13
tangent-time-canonical,12,6,1.4268821771847414e-10
tangent-time-canonical,12,7,4.176912850658608e-12
tangent-time-canonical,12,8,1.3670489988829302e-11
tangent-time-canonical,12,9,-7.386636219096692e-13
tangent-time-canonical,12,10,1.4238501429290464e-10
tangent-time-canonical,12,11,-6.843405926724243e-12
tangent-time-canonical,12,12,1.4012791537391133e-11
tangent-time-canonical,12,13,1.4472939941173003e-13
tangent-time-canonical,12,14,1.4261241686208186e-10
tangent-time-canonical,12,15,1.4218331563129716e-12
tangent-time-canonical,12,16,1.4104071950340934e-11
tangent-time-canonical,12,17,3.8030087176408263e-13
tangent-time-canonical,12,18,1.4267305754719573e-10
tangent-time-canonical,12,19,3.625896911789546e-12
tangent-time-canonical,12,20,-2.626053521437785e-12
tangent-time-canonical,12,21,-1.4687730620621007e-14
tangent-time-canonical,12,22,-2.5730194296046856e-11
tangent-time-canonical,12,23,-2.845132734026708e-13
tangent-time-canonical,12,24,-2.4210369237595306e-12
tangent-time-canonical,12,25,3.226810004214399e-13
tangent-time-canonical,12,26,-2.4710413708430002e-11
tangent-time-canonical,12,27,2.67523023740383e-12
tangent-time-canonical,12,28,-2.8310701191160374e-12
tangent-time-canonical,12,29,-3.5205646166268127e-13
tangent-time-canonical,12,30,-2.674997488366372e-11
tangent-time-canonical,12,31,-3.244256784209178e-12
tangent-time-canonical,12,32,-2.5235452225986597e-12
tangent-time-canonical,12,33,1.5399663490040752e-13
tangent-time-canonical,12,34,-2.5220304002238447e-11
tangent-time-canonical,12,35,1.1953584820005555e-12
tangent-time-canonical,12,36,-2.4415385835273566e-12
tangent-time-canonical,12,37,2.889441273172338e-13
tangent-time-canonical,12,38,-2.4812391767191636e-11
tangent-time-canonical,12,39,2.3792558863232295e-12
tangent-time-canonical,12,40,6.204401325855328e-13
tangent-time-canonical,12,41,1.0752144595741826e-13
tangent-time-canonical,12,42,7.25336508058029e-12
tangent-time-canonical,12,43,7.340475108188763e-13
tangent-time-canonical,12,44,7.401906115443352e-13
tangent-time-canonical,12,45,1.5654693854791768e-13
tangent-time-canonical,12,46,9.024282655131872e-12
tangent-time-canonical,12,47,1.1201863327839414e-12
tangent-time-canonical,12,48,5.006896536267293e-13
tangent-time-canonical,12,49,5.849595336691755e-14
tangent-time-canonical,12,50,5.482447506028707e-12
tangent-time-canonical,12,51,3.4790868885381454e-13
tangent-time-canonical,12,52,6.803153720649347e-13
tangent-time-canonical,12,53,1.3203419225266853e-13
tangent-time-canonical,12,54,8.13882386785608e-12
tangent-time-canonical,12,55,9.271169218014063e-13
tangent-time-canonical,12,56,7.28215563648457e-13
tangent-time-canonical,12,57,1.5164438928886946e-13
tangent-time-canonical,12,58,8.847190897676746e-12
tangent-time-canonical,12,59,1.0815724505874618e-12
tangent-time-canonical,13,0,1.418602587506717e-13
tangent-time-canonical,13,1,-2.2266402183368262e-15
tangent-time-canonical,13,2,1.5002288412561414e-12
tangent-time-canonical,13,3,-2.1908508401281614e-14
tangent-time-canonical,13,4,1.475985400727886e-13
tangent-time-canonical,13,5,1.052680183688319e-14
tangent-time-canonical,13,6,1.519754539100387e-12
tangent-time-canonical,13,7,1.0797663035428427e-13
tangent-time-canonical,13,8,1.36121977428555e-13
tangent-time-canonical,13,9,-1.4980082273556664e-14
tangent-time-canonical,13,10,1.4807031434118992e-12
tangent-time-canonical,13,11,-1.517936471568449e-13
tangent-time-canonical,13,12,1.4472939941173003e-13
tangent-time-canonical,13,13,4.1500808092730564e-15
tangent-time-canonical,13,14,1.5099916901782639e-12
tangent-time-canonical,13,15,4.303406097650114e-14
tangent-time-canonical,13,16,1.4702471194057716e-13
tangent-time-canonical,13,17,9.251457631361468e-15
tangent-time-canonical,13,18,1.5178019693159626e-12
tangent-time-canonical,13,19,9.498811647872831e-14
tangent-time-canonical,13,20,-8.380993702087543e-14
tangent-time-canonical,13,21,3.7031003335213617e-16
tangent-time-canonical,13,22,-7.672092623736835e-13
tangent-time-canonical,13,23,6.682778564912029e-16
tangent-time-canonical,13,24,-8.276716420944632e-14
tangent-time-canonical,13,25,6.1266282098096694e-15
tangent-time-canonical,13,26,-7.629267028520688e-13
tangent-time-canonical,13,27,5.275546622238752e-14
tangent-time-canonical,13,28,-8.48527098323044e-14
tangent-time-canonical,13,29,-5.3860081431052504e-15
tangent-time-canonical,13,30,-7.714918218952974e-13
tangent-time-canonical,13,31,-5.1418910509404655e-14
tangent-time-canonical,13,32,-8.328855061516084e-14
tangent-time-canonical,13,33,3.2484691215809375e-15
tangent-time-canonical,13,34,-7.65067982612876e-13
tangent-time-canonical,13,35,2.6711872039439295e-14
tangent-time-canonical,13,36,-8.287144149058931e-14
tangent-time-canonical,13,37,5.550996392163847e-15
tangent-time-canonical,13,38,-7.633549588042319e-13
tangent-time-canonical,13,39,4.7546747385796454e-14
tangent-time-canonical,13,40,6.484957213482091e-15
tangent-time-canonical,13,41,9.735770747356433e-16
tangent-time-canonical,13,42,9.48852674172823e-14
tangent-time-canonical,13,43,6.950077045634243e-15
tangent-time-canonical,13,44,8.107217802222607e-15
tangent-time-canonical,13,45,1.6404620954662736e-15
tangent-time-canonical,13,46,1.1608838512114298e-13
tangent-time-canonical,13,47,1.35993297280168e-14
tangent-time-canonical,13,48,4.86269662474156e-15
tangent-time-canonical,13,49,3.0669205400499627e-16
tangent-time-canonical,13,50,7.368214971342146e-14
tangent-time-canonical,13,51,3.008243632515867e-16
tangent-time-canonical,13,52,7.29608750785236e-15
tangent-time-canonical,13,53,1.3070195851009663e-15
tangent-time-canonical,13,54,1.0548682626921251e-13
tangent-time-canonical,13,55,1.0274703386825408e-14
tangent-time-canonical,13,56,7.944991743348596e-15
tangent-time-canonical,13,57,1.5737735933932482e-15
tangent-time-canonical,13,58,1.1396807335075735e-13
tangent-time-canonical,13,59,1.2934404459778988e-14
tangent-time-canonical,14,0,1.4137426236263806e-10
tangent-time-canonical,14,1,-2.3554262921129674e-12
tangent-time-canonical,14,2,1.495952063481347e-09
tangent-time-canonical,14,3,-2.2273156480238346e-11
tangent-time-canonical,14,4,1.438505713615257e-10
tangent-time-canonical,14,5,5.3754096724695824e-12
tangent-time-canonical,14,6,1.4991488259237064e-09
tangent-time-canonical,14,7,5.2558492607069815e-11
tangent-time-canonical,14,8,1.3889795336375033e-10
tangent-time-canonical,14,9,-1.008626225669574e-11
tangent-time-canonical,14,10,1.4927553010389875e-09
tangent-time-canonical,14,11,-9.710480556754641e-11
tangent-time-canonical,14,12,1.4261241686208186e-10
tangent-time-canonical,14,13,1.5099916901782639e-12
tangent-time-canonical,14,14,1.4975504447025275e-09
tangent-time-canonical,14,15,1.5142668063416782e-11
tangent-time-canonical,14,16,1.436029404616368e-10
tangent-time-canonical,14,17,4.602326076011218e-12
tangent-time-canonical,14,18,1.4988291496794715e-09
tangent-time-canonical,14,19,4.5075327698340173e-11
tangent-time-canonical,14,20,-2.6472905581328104e-11
tangent-time-canonical,14,21,-5.106946926402683e-14
tangent-time-canonical,14,22,-2.4619022662941493e-10
tangent-time-canonical,14,23,-1.9841492945061206e-12
tangent-time-canonical,14,24,-2.4451786004806818e-11
tangent-time-canonical,14,25,3.032445579944849e-12
tangent-time-canonical,14,26,-2.36158171383887e-10
tangent-time-canonical,14,27,2.5224368647631453e-11
tangent-time-canonical,14,28,-2.849402515784936e-11
tangent-time-canonical,14,29,-3.1345845184728906e-12
tangent-time-canonical,14,30,-2.5622228187494284e-10
tangent-time-canonical,14,31,-2.919266723664373e-11
tangent-time-canonical,14,32,-2.5462345793067492e-11
tangent-time-canonical,14,33,1.490688055340384e-12
tangent-time-canonical,14,34,-2.411741990066511e-10
tangent-time-canonical,14,35,1.1620109676562453e-11
tangent-time-canonical,14,36,-2.4653897962458968e-11
tangent-time-canonical,14,37,2.724094075023946e-12
tangent-time-canonical,14,38,-2.371613769084392e-10
tangent-time-canonical,14,39,2.2503516853418178e-11
tangent-time-canonical,14,40,7.192909723442187e-12
tangent-time-canonical,14,41,1.2770103826172688e-12
tangent-time-canonical,14,42,7.708295494516139e-11
tangent-time-canonical,14,43,8.80381071427907e-12
tangent-time-canonical,14,44,8.51295727913007e-12
tangent-time-canonical,14,45,1.682829045012567e-12
tangent-time-canonical,14,46,9.599391667689299e-11
tangent-time-canonical,14,47,1.2103387268291186e-11
tangent-time-canonical,14,48,5.8728621677542905e-12
tangent-time-canonical,14,49,8.711917202219531e-13
tangent-time-canonical,14,50,5.817199321342977e-11
tangent-time-canonical,14,51,5.504234160267002e-12
tangent-time-canonical,14,52,7.852933501286138e-12
tangent-time-canonical,14,53,1.4799197138149246e-12
tangent-time-canonical,14,54,8.653843581102716e-11
tangent-time-canonical,14,55,1.045359899128509e-11
tangent-time-canonical,14,56,8.380952523561306e-12
tangent-time-canonical,14,57,1.6422471787730587e-12
tangent-time-canonical,14,58,9.410282050372014e-11
tangent-time-canonical,14,59,1.1773429612890249e-11
tangent-time-canonical,15,0,1.387945652855045e-12
tangent-time-canonical,15,1,-2.776886508286351e-14
tangent-time-canonical,15,2,1.498794236955512e-11
tangent-time-canonical,15,3,-2.748965680997966e-13
tangent-time-canonical,15,4,1.4557206597709005e-12
tangent-time-canonical,15,5,1.1383698703586842e-13
tangent-time-canonical,15,6,1.529739375727844e-11
tangent-time-canonical,15,7,1.1763305576922954e-12
tangent-time-canonical,15,8,1.3201706459391912e-12
tangent-time-canonical,15,9,-1.693747172015935e-13
tangent-time-canonical,15,10,1.467849098183182e-11
tangent-time-canonical,15,11,-1.7261236938918597e-12
tangent-time-canonical,15,12,1.4218331563129716e-12
tangent-time-canonical,15,13,4.303406097650114e-14
tangent-time-canonical,15,14,1.5142668063416782e-11
tangent-time-canonical,15,15,4.5071699479624923e-13
tangent-time-canonical,15,16,1.4489431590793187e-12
tangent-time-canonical,15,17,9.967640182399925e-14
tangent-time-canonical,15,18,1.5266448618506125e-11
tangent-time-canonical,15,19,1.0312078451131e-12
tangent-time-canonical,15,20,-8.391440563358772e-13
tangent-time-canonical,15,21,6.491511643143079e-15
tangent-time-canonical,15,22,-7.669429270587239e-12
tangent-time-canonical,15,23,3.0795429297964194e-14
tangent-time-canonical,15,24,-8.290593223052041e-13
tangent-time-canonical,15,25,6.017919186290139e-14
tangent-time-canonical,15,26,-7.61906582826561e-12
tangent-time-canonical,15,27,5.192923917727779e-13
tangent-time-canonical,15,28,-8.492287903665488e-13
tangent-time-canonical,15,29,-4.719616857661368e-14
tangent-time-canonical,15,30,-7.719792712908863e-12
tangent-time-canonical,15,31,-4.577015331768443e-13
tangent-time-canonical,15,32,-8.341016893205403e-13
tangent-time-canonical,15,33,3.333535175302252e-14
tangent-time-canonical,15,34,-7.644247549426421e-12
tangent-time-canonical,15,35,2.750439105353706e-13
tangent-time-canonical,15,36,-8.300677957082724e-13
tangent-time-canonical,15,37,5.48104238409245e-14
tangent-time-canonical,15,38,-7.62410217249779e-12
tangent-time-canonical,15,39,4.704426955252779e-13
tangent-time-canonical,15,40,5.939361625381408e-14
tangent-time-canonical,15,41,1.0797112688471545e-14
tangent-time-canonical,15,42,8.70820152331159e-13
tangent-time-canonical,15,43,7.704615845893435e-14
tangent-time-canonical,15,44,7.600022755656312e-14
tangent-time-canonical,15,45,1.685306264037979e-14
tangent-time-canonical,15,46,1.0820139185279472e-12
tangent-time-canonical,15,47,1.3855436216573784e-13
tangent-time-canonical,15,48,4.278700495106486e-14
tangent-time-canonical,15,49,4.7411627365631e-15
tangent-time-canonical,15,50,6.596263861343687e-13
tangent-time-canonical,15,51,1.5537954752130047e-14
tangent-time-canonical,15,52,6.769692190518869e-14
tangent-time-canonical,15,53,1.3825087664425748e-14
tangent-time-canonical,15,54,9.764170354295517e-13
tangent-time-canonical,15,55,1.0780026031233484e-13
tangent-time-canonical,15,56,7.433956642628862e-14
tangent-time-canonical,15,57,1.6247467645189337e-14
tangent-time-canonical,15,58,1.0608945419082732e-12
tangent-time-canonical,15,59,1.3240354179506192e-13
tangent-time-canonical,16,0,1.396919606318276e-11
tangent-time-canonical,16,1,-1.5531538583839458e-13
tangent-time-canonical,16,2,1.4331770552707643e-10
tangent-time-canonical,16,3,-1.3864642536298381e-12
tangent-time-canonical,16,4,1.423894783749912e-11
tangent-time-canonical,16,5,4.493648097195611e-13
tangent-time-canonical,16,6,1.4388817539619707e-10
tangent-time-canonical,16,7,4.284350571788319e-12
tangent-time-canonical,16,8,1.3699444288866381e-11
tangent-time-canonical,16,9,-7.5999558139637e-13
tangent-time-canonical,16,10,1.4274723565795576e-10
tangent-time-canonical,16,11,-7.05727907904798e-12
tangent-time-canonical,16,12,1.4104071950340934e-11
tangent-time-canonical,16,13,1.4702471194057716e-13
tangent-time-canonical,16,14,1.436029404616368e-10
tangent-time-canonical,16,15,1.4489431590793187e-12
tangent-time-canonical,16,16,1.4211972660067463e-11
tangent-time-canonical,16,17,3.8889679016374367e-13
tangent-time-canonical,16,18,1.438311284092851e-10
tangent-time-canonical,16,19,3.717269089246593e-12
tangent-time-canonical,16,20,-2.6031476675522893e-12
tangent-time-canonical,16,21,-1.564901292451589e-14
tangent-time-canonical,16,22,-2.5550929667569155e-11
tangent-time-canonical,16,23,-2.9330870188660475e-13
tangent-time-canonical,16,24,-2.400961486607138e-12
tangent-time-canonical,16,25,3.2762858764255146e-13
tangent-time-canonical,16,26,-2.45756889314124e-11
tangent-time-canonical,16,27,2.719407266137175e-12
tangent-time-canonical,16,28,-2.8053338484974393e-12
tangent-time-canonical,16,29,-3.5892661349158264e-13
tangent-time-canonical,16,30,-2.6526170403725922e-11
tangent-time-canonical,16,31,-3.3060246699103924e-12
tangent-time-canonical,16,32,-2.502054577079716e-12
tangent-time-canonical,16,33,1.5598978735901592e-13
tangent-time-canonical,16,34,-2.5063309299490795e-11
tangent-time-canonical,16,35,1.2130492821252615e-12
tangent-time-canonical,16,36,-2.421180104701655e-12
tangent-time-canonical,16,37,2.933008275858435e-13
tangent-time-canonical,16,38,-2.4673213005028028e-11
tangent-time-canonical,16,39,2.4181356693348407e-12
tangent-time-canonical,16,40,5.976170805771126e-13
tangent-time-canonical,16,41,1.063982406776676e-13
tangent-time-canonical,16,42,7.010604653331763e-12
tangent-time-canonical,16,43,7.23692008954865e-13
tangent-time-canonical,16,44,7.182491576778708e-13
tangent-time-canonical,16,45,1.567522766062193e-13
tangent-time-canonical,16,46,8.791548401273593e-12
tangent-time-canonical,16,47,1.1215480944739893e-12
tangent-time-canonical,16,48,4.769850034763534e-13
tangent-time-canonical,16,49,5.6044204749114604e-14
tangent-time-canonical,16,50,5.229660905389929e-12
tangent-time-canonical,16,51,3.258359234357441e-13
tangent-time-canonical,16,52,6.579331191274924e-13
tangent-time-canonical,16,53,1.31575258641944e-13
tangent-time-canonical,16,54,7.901076527302677e-12
tangent-time-canonical,16,55,9.226200517144245e-13
tangent-time-canonical,16,56,7.06185949967797e-13
tangent-time-canonical,16,57,1.5171687301336584e-13
tangent-time-canonical,16,58,8.61345402647944e-12
tangent-time-canonical,16,59,1.0817624859221038e-12
tangent-time-canonical,17,0,3.695559737645095e-13
tangent-time-canonical,17,1,-1.869027247216857e-14
tangent-time-canonical,17,2,4.539467400065038e-12
tangent-time-canonical,17,3,-1.909627935151487e-13
tangent-time-canonical,17,4,3.910457697636559e-13
tangent-time-canonical,17,5,3.719318773489171e-14
tangent-time-canonical,17,6,4.665184751957396e-12
tangent-time-canonical,17,7,3.903155971631442e-13
tangent-time-canonical,17,8,3.4806617776536325e-13
tangent-time-canonical,17,9,-7.457373267922875e-14
tangent-time-canonical,17,10,4.413750048172681e-12
tangent-time-canonical,17,11,-7.722411841934376e-13
tangent-time-canonical,17,12,3.8030087176408263e-13
tangent-time-canonical,17,13,9.251457631361468e-15
tangent-time-canonical,17,14,4.602326076011218e-12
tangent-time-canonical,17,15,9.967640182399925e-14
tangent-time-canonical,17,16,3.8889679016374367e-13
tangent-time-canonical,17,17,3.1604841714188107e-14
tangent-time-canonical,17,18,4.6526130167681676e-12
tangent-time-canonical,17,19,3.321877580953207e-13
tangent-time-canonical,17,20,-1.5455772079611285e-13
tangent-time-canonical,17,21,1.3488915227583267e-15
tangent-time-canonical,17,22,-1.248574422755131e-12
tangent-time-canonical,17,23,7.161587074489582e-15
tangent-time-canonical,17,24,-1.534008415670873e-13
tangent-time-canonical,17,25,1.016780441485519e-14
tangent-time-canonical,17,26,-1.2605766288909253e-12
tangent-time-canonical,17,27,9.013493412991905e-14
tangent-time-canonical,17,28,-1.5571460002513799e-13
tangent-time-canonical,17,29,-7.470021369338166e-15
tangent-time-canonical,17,30,-1.2365722166193353e-12
tangent-time-canonical,17,31,-7.58117599809389e-14
tangent-time-canonical,17,32,-1.5397928118160016e-13
tangent-time-canonical,17,33,5.758347968806687e-15
tangent-time-canonical,17,34,-1.2545755258230275e-12
tangent-time-canonical,17,35,4.864826060220449e-14
tangent-time-canonical,17,36,-1.5351652948999049e-13
tangent-time-canonical,17,37,9.28591312564491e-15
tangent-time-canonical,17,38,-1.2593764082773476e-12
tangent-time-canonical,17,39,8.183759942437389e-14
tangent-time-canonical,17,40,2.1268833896710408e-14
tangent-time-canonical,17,41,4.366754074477645e-15
tangent-time-canonical,17,42,2.187253168965544e-13
tangent-time-canonical,17,43,3.093892729675099e-14
tangent-time-canonical,17,44,2.6490946808065203e-14
tangent-time-canonical,17,45,5.010564062719871e-15
tangent-time-canonical,17,46,2.8361499197114985e-13
tangent-time-canonical,17,47,4.116157670174853e-14
tangent-time-canonical,17,48,1.6046720985355522e-14
tangent-time-canonical,17,49,3.7229440862353126e-15
tangent-time-canonical,17,50,1.5383564182195858e-13
tangent-time-canonical,17,51,2.071627789175357e-14
tangent-time-canonical,17,52,2.387989035238784e-14
tangent-time-canonical,17,53,4.6886590685987875e-15
tangent-time-canonical,17,54,2.511701544338517e-13
tangent-time-canonical,17,55,3.605025199924936e-14
tangent-time-canonical,17,56,2.596873551692985e-14
tangent-time-canonical,17,57,4.946183063895781e-15
tangent-time-canonical,17,58,2.7712602446369124e-13
tangent-time-canonical,17,59,4.013931176124963e-14
tangent-time-canonical,18,0,1.4122546896958403e-10
tangent-time-canonical,18,1,-2.4007118399993194e-12
tangent-time-canonical,18,2,1.4949865872740825e-09
tangent-time-canonical,18,3,-2.268962040960498e-11
tangent-time-canonical,18,4,1.4412064612480756e-10
tangent-time-canonical,18,5,5.436315778631335e-12
tangent-time-canonical,18,6,1.5026717120848584e-09
tangent-time-canonical,18,7,5.3222517646615134e-11
tangent-time-canonical,18,8,1.3833029181436034e-10
tangent-time-canonical,18,9,-1.023773945863019e-11
tangent-time-canonical,18,10,1.4873014624633066e-09
tangent-time-canonical,18,11,-9.860175846582501e-11
tangent-time-canonical,18,12,1.4267305754719573e-10
tangent-time-canonical,18,13,1.5178019693159626e-12
tangent-time-canonical,18,14,1.4988291496794715e-09
tangent-time-canonical,18,15,1.5266448618506125e-11
tangent-time-canonical,18,16,1.438311284092851e-10
tangent-time-canonical,18,17,4.6526130167681676e-12
tangent-time-canonical,18,18,1.5019031996037817e-09
tangent-time-canonical,18,19,4.563130384099442e-11
tangent-time-canonical,18,20,-2.5833834472728937e-11
tangent-time-canonical,18,21,-5.532032810892693e-14
tangent-time-canonical,18,22,-2.40839189153628e-10
tangent-time-canonical,18,23,-2.0167799352575862e-12
tangent-time-canonical,18,24,-2.383745672526944e-11
tangent-time-canonical,18,25,3.0533291553807935e-12
tangent-time-canonical,18,26,-2.3113599786859367e-10
tangent-time-canonical,18,27,2.541854458240621e-11
tangent-time-canonical,18,28,-2.783021222018841e-11
tangent-time-canonical,18,29,-3.1639698115986363e-12
tangent-time-canonical,18,30,-2.505423804386624e-10
tangent-time-canonical,18,31,-2.9452104452921444e-11
tangent-time-canonical,18,32,-2.4835645598999213e-11
tangent-time-canonical,18,33,1.4990044136359063e-12
tangent-time-canonical,18,34,-2.35987593511111e-10
tangent-time-canonical,18,35,1.1700882323574104e-11
tangent-time-canonical,18,36,-2.4037094500015427e-11
tangent-time-canonical,18,37,2.7424642070317937e-12
tangent-time-canonical,18,38,-2.3210631699709667e-10
tangent-time-canonical,18,39,2.2675012130640255e-11
tangent-time-canonical,18,40,6.934254617614717e-12
tangent-time-canonical,18,41,1.264188546568807e-12
tangent-time-canonical,18,42,7.403165636574317e-11
tangent-time-canonical,18,43,8.690206559068143e-12
tangent-time-canonical,18,44,8.255463940467481e-12
tangent-time-canonical,18,45,1.6782185570577395e-12
tangent-time-canonical,18,46,9.291951957107731e-11
tangent-time-canonical,18,47,1.2057052578101574e-11
tangent-time-canonical,18,48,5.613045294761939e-12
tangent-time-canonical,18,49,8.501585360798566e-13
tangent-time-canonical,18,50,5.514379316040901e-11
tangent-time-canonical,18,51,5.323360540034761e-12
tangent-time-canonical,18,52,7.594859279041108e-12
tangent-time-canonical,18,53,1.47120355181328e-12
tangent-time-canonical,18,54,8.347558796841021e-11
tangent-time-canonical,18,55,1.037362956858482e-11
tangent-time-canonical,18,56,8.12334300818223e-12
tangent-time-canonical,18,57,1.636815556008867e-12
tangent-time-canonical,18,58,9.103073325054423e-11
tangent-time-canonical,18,59,1.1720367976198505e-11
tangent-time-canonical,19,0,3.5116816899682742e-12
tangent-time-canonical,19,1,-2.0151143554197545e-13
tangent-time-canonical,19,2,4.438035752002239e-11
tangent-time-canonical,19,3,-2.0718365605784035e-12
tangent-time-canonical,19,4,3.74011213361082e-12
tangent-time-canonical,19,5,3.9148766849943354e-13
tangent-time-canonical,19,6,4.577029787665792e-11
tangent-time-canonical,19,7,4.1342522508045755e-12
tangent-time-canonical,19,8,3.283251246325731e-12
tangent-time-canonical,19,9,-7.945105395833828e-13
tangent-time-canonical,19,10,4.299041716338689e-11
tangent-time-canonical,19,11,-8.277925371961337e-12
tangent-time-canonical,19,12,3.625896911789546e-12
tangent-time-canonical,19,13,9.498811647872831e-14
tangent-time-canonical,19,14,4.5075327698340173e-11
tangent-time-canonical,19,15,1.0312078451131e-12
tangent-time-canonical,19,16,3.717269089246593e-12
tangent-time-canonical,19,17,3.321877580953207e-13
tangent-time-canonical,19,18,4.563130384099442e-11
tangent-time-canonical,19,19,3.513643369666329e-12
tangent-time-canonical,19,20,-1.6095062151350886e-12
tangent-time-canonical,19,21,1.6513662568235585e-14
tangent-time-canonical,19,22,-1.2724343094974596e-11
tangent-time-canonical,19,23,1.0088402127430637e-13
tangent-time-canonical,19,24,-1.6103991063658982e-12
tangent-time-canonical,19,25,9.853219686425646e-14
tangent-time-canonical,19,26,-1.2941865039453186e-11
tangent-time-canonical,19,27,8.807441393523324e-13
tangent-time-canonical,19,28,-1.6086133239042743e-12
tangent-time-canonical,19,29,-6.550487172778132e-14
tangent-time-canonical,19,30,-1.250682115049599e-11
tangent-time-canonical,19,31,-6.789760968037085e-13
tangent-time-canonical,19,32,-1.6099526607504938e-12
tangent-time-canonical,19,33,5.752292971624531e-14
tangent-time-canonical,19,34,-1.2833104067213885e-11
tangent-time-canonical,19,35,4.908140803133221e-13
tangent-time-canonical,19,36,-1.6103098172428245e-12
tangent-time-canonical,19,37,9.033034343464738e-14
tangent-time-canonical,19,38,-1.2920112845005362e-11
tangent-time-canonical,19,39,8.027581275444976e-13
tangent-time-canonical,19,40,1.9710415744975862e-13
tangent-time-canonical,19,41,4.375251799518991e-14
tangent-time-canonical,19,42,2.008938680557495e-12
tangent-time-canonical,19,43,3.093798108393928e-13
tangent-time-canonical,19,44,2.4981027137880243e-13
tangent-time-canonical,19,45,4.8969424720589855e-14
tangent-time-canonical,19,46,2.654541602910649e-12
tangent-time-canonical,19,47,4.0447894989598523e-13
tangent-time-canonical,19,48,1.4439804352071376e-13
tangent-time-canonical,19,49,3.8535611269788865e-14
tangent-time-canonical,19,50,1.3633357582043393e-12
tangent-time-canonical,19,51,2.142806717828015e-13
tangent-time-canonical,19,52,2.2345721441428084e-13
tangent-time-canonical,19,53,4.6360971357890175e-14
tangent-time-canonical,19,54,2.331740141734066e-12
tangent-time-canonical,19,55,3.569293803676847e-13
tangent-time-canonical,19,56,2.445396599858994e-13
tangent-time-canonical,19,57,4.8447734048051236e-14
tangent-time-canonical,19,58,2.589981310675341e-12
tangent-time-canonical,19,59,3.9496903599033357e-13
tangent-time-canonical,20,0,-2.654685838794658e-12
tangent-time-canonical,20,1,4.624792698168294e-15
tangent-time-canonical,20,2,-2.7271744467076847e-11
tangent-time-canonical,20,3,1.2380864216333726e-13
tangent-time-canonical,20,4,-2.597421204080912e-12
tangent-time-canonical,20,5,-1.722446667399199e-13
tangent-time-canonical,20,6,-2.567406669557937e-11
tangent-time-canonical,20,7,-1.8020967548351206e-12
tangent-time-canonical,20,8,-2.7119504735084082e-12
tangent-time-canonical,20,9,1.814942521362518e-13
tangent-time-canonical,20,10,-2.8869422238574407e-11
tangent-time-canonical,20,11,2.0497140391617316e-12
tangent-time-canonical,20,12,-2.626053521437785e-12
tangent-time-canonical,20,13,-8.380993702087543e-14
tangent-time-canonical,20,14,-2.6472905581328104e-11
tangent-time-canonical,20,15,-8.391440563358772e-13
tangent-time-canonical,20,16,-2.6031476675522893e-12
tangent-time-canonical,20,17,-1.5455772079611285e-13
tangent-time-canonical,20,18,-2.5833834472728937e-11
tangent-time-canonical,20,19,-1.6095062151350886e-12
tangent-time-canonical,20,20,2.653092678044511e-12
tangent-time-canonical,20,21,1.2670427649782331e-14
tangent-time-canonical,20,22,2.225841491461689e-11
tangent-time-canonical,20,23,1.549037791476103e-13
tangent-time-canonical,20,24,2.696291666152084e-12
tangent-time-canonical,20,25,-1.5137734688479633e-13
tangent-time-canonical,20,26,2.2716054540849268e-11
tangent-time-canonical,20,27,-1.30580540153877e-12
tangent-time-canonical,20,28,2.6098936899369343e-12
tangent-time-canonical,20,29,1.767182021843575e-13
tangent-time-canonical,20,30,2.18007752883845e-11
tangent-time-canonical,20,31,1.6156129598339837e-12
tangent-time-canonical,20,32,2.674692172098295e-12
tangent-time-canonical,20,33,-6.935345961750929e-14
tangent-time-canonical,20,34,2.248723472773307e-11
tangent-time-canonical,20,35,-5.754508111955799e-13
tangent-time-canonical,20,36,2.6919717673413267e-12
tangent-time-canonical,20,37,-1.3497256943133876e-13
tangent-time-canonical,20,38,2.267029057822607e-11
tangent-time-canonical,20,39,-1.1597344834700915e-12
tangent-time-canonical,20,40,-1.9527877163591653e-13
tangent-time-canonical,20,41,-1.0267057169735025e-14
tangent-time-canonical,20,42,-2.8586460033569847e-12
tangent-time-canonical,20,43,-6.96599369483578e-14
tangent-time-canonical,20,44,-2.2833877807210746e-13
tangent-time-canonical,20,45,-2.7292809334421462e-14
tangent-time-canonical,20,46,-3.3334236636431905e-12
tangent-time-canonical,20,47,-2.2990545042602096e-13
tangent-time-canonical,20,48,-1.622187651997255e-13
tangent-time-canonical,20,49,6.7586949949514835e-15
tangent-time-canonical,20,50,-2.383868343070771e-12
tangent-time-canonical,20,51,9.058557652931235e-14
tangent-time-canonical,20,52,-2.1180877485401217e-13
tangent-time-canonical,20,53,-1.87799332520783e-14
tangent-time-canonical,20,54,-3.0960348335000854e-12
tangent-time-canonical,20,55,-1.4978269368718737e-13
tangent-time-canonical,20,56,-2.2503277742848955e-13
tangent-time-canonical,20,57,-2.559023411795395e-14
tangent-time-canonical,20,58,-3.285945897614575e-12
tangent-time-canonical,20,59,-2.138808990782597e-13
tangent-time-canonical,21,0,-1.3486127740751773e-14
tangent-time-canonical,21,1,-8.529168284049615e-16
tangent-time-canonical,21,2,-4.5755895707897125e-14
tangent-time-canonical,21,3,-6.036177013217991e-15
tangent-time-canonical,21,4,-1.588933350049007e-14
tangent-time-canonical,21,5,1.5935368951094075e-15
tangent-time-canonical,21,6,-5.638304282016124e-14
tangent-time-canonical,21,7,1.901920029949927e-14
tangent-time-canonical,21,8,-1.108292198101366e-14
tangent-time-canonical,21,9,-3.2993705519195164e-15
tangent-time-canonical,21,10,-3.512874859563035e-14
tangent-time-canonical,21,11,-3.109155432593235e-14
tangent-time-canonical,21,12,-1.4687730620621007e-14
tangent-time-canonical,21,13,3.7031003335213617e-16
tangent-time-canonical,21,14,-5.106946926402683e-14
tangent-time-canonical,21,15,6.491511643143079e-15
tangent-time-canonical,21,16,-1.564901292451589e-14
tangent-time-canonical,21,17,1.3488915227583267e-15
tangent-time-canonical,21,18,-5.532032810892693e-14
tangent-time-canonical,21,19,1.6513662568235585e-14
tangent-time-canonical,21,20,1.2670427649782331e-14
tangent-time-canonical,21,21,3.5318352103258807e-15
tangent-time-canonical,21,22,2.4906559120284746e-14
tangent-time-canonical,21,23,3.005967518778788e-14
tangent-time-canonical,21,24,1.5823980243430013e-14
tangent-time-canonical,21,25,-2.2199457235256964e-15
tangent-time-canonical,21,26,6.905592225649203e-14
tangent-time-canonical,21,27,-2.0143483791278847e-14
tangent-time-canonical,21,28,9.516875056134632e-15
tangent-time-canonical,21,29,9.283616144177448e-15
tangent-time-canonical,21,30,-1.9242804015921408e-14
tangent-time-canonical,21,31,8.026283416685579e-14
tangent-time-canonical,21,32,1.4247203946606048e-14
tangent-time-canonical,21,33,6.559447433999848e-16
tangent-time-canonical,21,34,4.698124068838792e-14
tangent-time-canonical,21,35,4.958095698254168e-15
tangent-time-canonical,21,36,1.550862498406537e-14
tangent-time-canonical,21,37,-1.644767630140401e-15
tangent-time-canonical,21,38,6.464098594286894e-14
tangent-time-canonical,21,39,-1.5123167893374436e-14
tangent-time-canonical,21,40,-1.6281415742544834e-15
tangent-time-canonical,21,41,1.3738636056366389e-15
tangent-time-canonical,21,42,-1.6416877366874088e-14
tangent-time-canonical,21,43,1.033758422697184e-14
tangent-time-canonical,21,44,-1.789367759397252e-15
tangent-time-canonical,21,45,6.410074785592114e-16
tangent-time-canonical,21,46,-2.205464748411278e-14
tangent-time-canonical,21,47,2.67195620127858e-15
tangent-time-canonical,21,48,-1.4669153891117304e-15
tangent-time-canonical,21,49,2.1067197327140547e-15
tangent-time-canonical,21,50,-1.0779107249635216e-14
tangent-time-canonical,21,51,1.8003212252665337e-14
tangent-time-canonical,21,52,-1.7087546668258682e-15
tangent-time-canonical,21,53,1.0074355420979265e-15
tangent-time-canonical,21,54,-1.9235762425493436e-14
tangent-time-canonical,21,55,6.5047702141251944e-15
tangent-time-canonical,21,56,-1.773245140882985e-15
tangent-time-canonical,21,57,7.14293091266943e-16
tangent-time-canonical,21,58,-2.1490870472388846e-14
tangent-time-canonical,21,59,3.4385190038479664e-15
tangent-time-canonical,22,0,-2.5954275081644003e-11
tangent-time-canonical,22,1,-1.6550281189688987e-13
tangent-time-canonical,22,2,-2.528790234741472e-10
tangent-time-canonical,22,3,-1.3507869901018027e-12
tangent-time-canonical,22,4,-2.550611351044974e-11
tangent-time-canonical,22,5,-1.368915712850509e-12
tangent-time-canonical,22,6,-2.395014297846828e-10
tangent-time-canonical,22,7,-1.3988071551072945e-11
tangent-time-canonical,22,8,-2.6402436652838305e-11
tangent-time-canonical,22,9,1.037910089056692e-12
tangent-time-canonical,22,10,-2.662566171636123e-10
tangent-time-canonical,22,11,1.1286497570868707e-11
tangent-time-canonical,22,12,-2.5730194296046856e-11
tangent-time-canonical,22,13,-7.672092623736835e-13
tangent-time-canonical,22,14,-2.4619022662941493e-10
tangent-time-canonical,22,15,-7.669429270587239e-12
tangent-time-canonical,22,16,-2.5550929667569155e-11
tangent-time-canonical,22,17,-1.248574422755131e-12
tangent-time-canonical,22,18,-2.40839189153628e-10
tangent-time-canonical,22,19,-1.2724343094974596e-11
tangent-time-canonical,22,20,2.225841491461689e-11
tangent-time-canonical,22,21,2.4906559120284746e-14
tangent-time-canonical,22,22,1.9732386650693766e-10
tangent-time-canonical,22,23,6.931950532360053e-13
tangent-time-canonical,22,24,2.2365933003485297e-11
tangent-time-canonical,22,25,-1.3747540235145574e-12
tangent-time-canonical,22,26,1.9879906034568429e-10
tangent-time-canonical,22,27,-1.1752244743099826e-11
tangent-time-canonical,22,28,2.2150896825748452e-11
tangent-time-canonical,22,29,1.4245671417550985e-12
tangent-time-canonical,22,30,1.9584867266819098e-10
tangent-time-canonical,22,31,1.313863484957174e-11
tangent-time-canonical,22,32,2.2312173959051076e-11
tangent-time-canonical,22,33,-6.749237321971533e-13
tangent-time-canonical,22,34,1.9806146342631098e-10
tangent-time-canonical,22,35,-5.52952484493188e-12
tangent-time-canonical,22,36,2.2355181194598444e-11
tangent-time-canonical,22,37,-1.2347879652510885e-12
tangent-time-canonical,22,38,1.9865154096180994e-10
tangent-time-canonical,22,39,-1.0507700763465904e-11
tangent-time-canonical,22,40,-1.454336638730009e-12
tangent-time-canonical,22,41,-9.352871582215566e-14
tangent-time-canonical,22,42,-2.4724189257878074e-11
tangent-time-canonical,22,43,-6.551520074864271e-13
tangent-time-canonical,22,44,-1.7230765489934197e-12
tangent-time-canonical,22,45,-2.5986644374639724e-13
tangent-time-canonical,22,46,-2.8661572517488512e-11
tangent-time-canonical,22,47,-2.1306584048170944e-12
tangent-time-canonical,22,48,-1.185596728466597e-12
tangent-time-canonical,22,49,7.280901210208568e-14
tangent-time-canonical,22,50,-2.078680599826757e-11
tangent-time-canonical,22,51,8.203543898442952e-13
tangent-time-canonical,22,52,-1.5887065938617149e-12
tangent-time-canonical,22,53,-1.76697579784277e-13
tangent-time-canonical,22,54,-2.669288088768328e-11
tangent-time-canonical,22,55,-1.3929052061517455e-12
tangent-time-canonical,22,56,-1.696202557967088e-12
tangent-time-canonical,22,57,-2.432326709539816e-13
tangent-time-canonical,22,58,-2.8267834191527528e-11
tangent-time-canonical,22,59,-1.9831077650840867e-12
tangent-time-canonical,23,0,-2.7351898779774756e-13
tangent-time-canonical,23,1,-7.448358666000871e-15
tangent-time-canonical,23,2,-1.943360993566751e-12
tangent-time-canonical,23,3,-5.6815310672425575e-14
tangent-time-canonical,23,4,-2.9550755900759274e-13
tangent-time-canonical,23,5,8.78491437898454e-15
tangent-time-canonical,23,6,-2.024937595445529e-12
tangent-time-canonical,23,7,1.1840616926831515e-13
tangent-time-canonical,23,8,-2.515304165879038e-13
tangent-time-canonical,23,9,-2.3681631710987712e-14
tangent-time-canonical,23,10,-1.861784391687953e-12
tangent-time-canonical,23,11,-2.3203679061314235e-13
tangent-time-canonical,23,12,-2.845132734026708e-13
tangent-time-canonical,23,13,6.682778564912029e-16
tangent-time-canonical,23,14,-1.9841492945061206e-12
tangent-time-canonical,23,15,3.0795429297964194e-14
tangent-time-canonical,23,16,-2.9330870188660475e-13
tangent-time-canonical,23,17,7.161587074489582e-15
tangent-time-canonical,23,18,-2.0167799352575862e-12
tangent-time-canonical,23,19,1.0088402127430637e-13
tangent-time-canonical,23,20,1.549037791476103e-13
tangent-time-canonical,23,21,3.005967518778788e-14
tangent-time-canonical,23,22,6.931950532360053e-13
tangent-time-canonical,23,23,2.584618152570908e-13
tangent-time-canonical,23,24,1.779199083551904e-13
tangent-time-canonical,23,25,-2.382354996473062e-14
tangent-time-canonical,23,26,1.0390417649152133e-12
tangent-time-canonical,23,27,-2.1222527542367389e-13
tangent-time-canonical,23,28,1.3188764994003007e-13
tangent-time-canonical,23,29,8.394290034030625e-14
tangent-time-canonical,23,30,3.473483415568066e-13
tangent-time-canonical,23,31,7.291489059378655e-13
tangent-time-canonical,23,32,1.6641184375139925e-13
tangent-time-canonical,23,33,3.1180626115277025e-15
tangent-time-canonical,23,34,8.661184090756056e-13
tangent-time-canonical,23,35,2.3118269916705754e-14
tangent-time-canonical,23,36,1.7561829543443325e-13
tangent-time-canonical,23,37,-1.843522744947775e-14
tangent-time-canonical,23,38,1.0044570937472718e-12
tangent-time-canonical,23,39,-1.651565663556172e-13
tangent-time-canonical,23,40,-2.4899165716602245e-14
tangent-time-canonical,23,41,1.0297706534159795e-14
tangent-time-canonical,23,42,-2.570743540918979e-13
tangent-time-canonical,23,43,7.799227599218865e-14
tangent-time-canonical,23,44,-2.7687779953197402e-14
tangent-time-canonical,23,45,3.5079201082315786e-15
tangent-time-canonical,23,46,-3.247512413654088e-13
tangent-time-canonical,23,47,8.41403423607063e-15
tangent-time-canonical,23,48,-2.2110551480007218e-14
tangent-time-canonical,23,49,1.7087492960087923e-14
tangent-time-canonical,23,50,-1.8939746681838538e-13
tangent-time-canonical,23,51,1.475705177483087e-13
tangent-time-canonical,23,52,-2.629347283489984e-14
tangent-time-canonical,23,53,6.902813321195691e-15
tangent-time-canonical,23,54,-2.9091279772865334e-13
tangent-time-canonical,23,55,4.320315511412953e-14
tangent-time-canonical,23,56,-2.7408918529538e-14
tangent-time-canonical,23,57,4.186898750824286e-15
tangent-time-canonical,23,58,-3.179835526380578e-13
tangent-time-canonical,23,59,1.5371858411682372e-14
tangent-time-canonical,24,0,-2.4461312202000253e-12
tangent-time-canonical,24,1,5.524932487600557e-15
tangent-time-canonical,24,2,-2.5219697604228322e-11
tangent-time-canonical,24,3,1.4761540777087854e-13
tangent-time-canonical,24,4,-2.395942627319036e-12
tangent-time-canonical,24,5,-1.710592609064935e-13
tangent-time-canonical,24,6,-2.3683874405385353e-11
tangent-time-canonical,24,7,-1.8057340523813293e-12
tangent-time-canonical,24,8,-2.4963198130810204e-12
tangent-time-canonical,24,9,1.8210912588168908e-13
tangent-time-canonical,24,10,-2.675552080307137e-11
tangent-time-canonical,24,11,2.1009648679230235e-12
tangent-time-canonical,24,12,-2.4210369237595306e-12
tangent-time-canonical,24,13,-8.276716420944632e-14
tangent-time-canonical,24,14,-2.4451786004806818e-11
tangent-time-canonical,24,15,-8.290593223052041e-13
tangent-time-canonical,24,16,-2.400961486607138e-12
tangent-time-canonical,24,17,-1.534008415670873e-13
tangent-time-canonical,24,18,-2.383745672526944e-11
tangent-time-canonical,24,19,-1.6103991063658982e-12
tangent-time-canonical,24,20,2.696291666152084e-12
tangent-time-canonical,24,21,1.5823980243430013e-14
tangent-time-canonical,24,22,2.2365933003485297e-11
tangent-time-canonical,24,23,1.779199083551904e-13
tangent-time-canonical,24,24,2.7556400829340864e-12
tangent-time-canonical,24,25,-1.5122916446491696e-13
tangent-time-canonical,24,26,2.2977946811054854e-11
tangent-time-canonical,24,27,-1.3097022333747782e-12
tangent-time-canonical,24,28,2.6369432493700783e-12
tangent-time-canonical,24,29,1.8287712495177342e-13
tangent-time-canonical,24,30,2.175391919591573e-11
tangent-time-canonical,24,31,1.6655420500851525e-12
tangent-time-canonical,24,32,2.7259658745430825e-12
tangent-time-canonical,24,33,-6.770259211074595e-14
tangent-time-canonical,24,34,2.2671939907270067e-11
tangent-time-canonical,24,35,-5.658911625097948e-13
tangent-time-canonical,24,36,2.7497052412558868e-12
tangent-time-canonical,24,37,-1.3452384999408164e-13
tangent-time-canonical,24,38,2.2916745430297947e-11
tangent-time-canonical,24,39,-1.1609400192017354e-12
tangent-time-canonical,24,40,-1.6784142568900473e-13
tangent-time-canonical,24,41,-5.742089914323858e-15
tangent-time-canonical,24,42,-2.636376423240136e-12
tangent-time-canonical,24,43,-3.558303720816924e-14
tangent-time-canonical,24,44,-1.9946604056877357e-13
tangent-time-canonical,24,45,-2.3490821231848375e-14
tangent-time-canonical,24,46,-3.0952247695383616e-12
tangent-time-canonical,24,47,-2.0401271180974548e-13
tangent-time-canonical,24,48,-1.362168108092356e-13
tangent-time-canonical,24,49,1.2006641403200722e-14
tangent-time-canonical,24,50,-2.1775280769419026e-12
tangent-time-canonical,24,51,1.3284663739341418e-13
tangent-time-canonical,24,52,-1.8365373312888928e-13
tangent-time-canonical,24,53,-1.4616455573086154e-14
tangent-time-canonical,24,54,-2.8658005963892473e-12
tangent-time-canonical,24,55,-1.1979787450895528e-13
tangent-time-canonical,24,56,-1.9630357908079789e-13
tangent-time-canonical,24,57,-2.1715948100097073e-14
tangent-time-canonical,24,58,-3.0493399349085433e-12
tangent-time-canonical,24,59,-1.8716974434959147e-13
tangent-time-canonical,25,0,3.164965163950499e-13
tangent-time-canonical,25,1,1.0751579535022124e-15
tangent-time-canonical,25,2,3.0063411106499113e-12
tangent-time-canonical,25,3,1.2237935611201531e-14
tangent-time-canonical,25,4,3.2886548444783027e-13
tangent-time-canonical,25,5,1.1178098466117565e-14
tangent-time-canonical,25,6,3.058550049239788e-12
tangent-time-canonical,25,7,1.0812044811460343e-13
tangent-time-canonical,25,8,3.0412754834226976e-13
tangent-time-canonical,25,9,-9.027782559112945e-15
tangent-time-canonical,25,10,2.9541321720600382e-12
tangent-time-canonical,25,11,-8.36445768921983e-14
tangent-time-canonical,25,12,3.226810004214399e-13
tangent-time-canonical,25,13,6.1266282098096694e-15
tangent-time-canonical,25,14,3.032445579944849e-12
tangent-time-canonical,25,15,6.017919186290139e-14
tangent-time-canonical,25,16,3.2762858764255146e-13
tangent-time-canonical,25,17,1.016780441485519e-14
tangent-time-canonical,25,18,3.0533291553807935e-12
tangent-time-canonical,25,19,9.853219686425646e-14
tangent-time-canonical,25,20,-1.5137734688479633e-13
tangent-time-canonical,25,21,-2.2199457235256964e-15
tangent-time-canonical,25,22,-1.3747540235145574e-12
tangent-time-canonical,25,23,-2.382354996473062e-14
tangent-time-canonical,25,24,-1.5122916446491696e-13
tangent-time-canonical,25,25,1.430482858735343e-14
tangent-time-canonical,25,26,-1.39417605165212e-12
tangent-time-canonical,25,27,1.215437381313695e-13
tangent-time-canonical,25,28,-1.5152552930467553e-13
tangent-time-canonical,25,29,-1.8744720034404695e-14
tangent-time-canonical,25,30,-1.3553319953769954e-12
tangent-time-canonical,25,31,-1.691908380608314e-13
tangent-time-canonical,25,32,-1.5130325567485647e-13
tangent-time-canonical,25,33,6.042441431914036e-15
tangent-time-canonical,25,34,-1.3844650375833385e-12
tangent-time-canonical,25,35,4.8860094083319295e-14
tangent-time-canonical,25,36,-1.5124398270690517e-13
tangent-time-canonical,25,37,1.2652351156265254e-14
tangent-time-canonical,25,38,-1.3922338488383658e-12
tangent-time-canonical,25,39,1.070070093217571e-13
tangent-time-canonical,25,40,8.28495452561834e-15
tangent-time-canonical,25,41,5.261093817806608e-16
tangent-time-canonical,25,42,1.4592986320123117e-13
tangent-time-canonical,25,43,2.3243901643114608e-15
tangent-time-canonical,25,44,1.114042847383709e-14
tangent-time-canonical,25,45,2.8347432393245704e-15
tangent-time-canonical,25,46,1.8936757130238603e-13
tangent-time-canonical,25,47,2.1703874601466446e-14
tangent-time-canonical,25,48,5.429480577399585e-15
tangent-time-canonical,25,49,-1.782524475763257e-15
tangent-time-canonical,25,50,1.0249215510007596e-13
tangent-time-canonical,25,51,-1.7055094272843825e-14
tangent-time-canonical,25,52,9.712691499727728e-15
tangent-time-canonical,25,53,1.6804263105526212e-15
tangent-time-canonical,25,54,1.6764871725180849e-13
tangent-time-canonical,25,55,1.2014132382888859e-14
tangent-time-canonical,25,56,1.0854881079015264e-14
tangent-time-canonical,25,57,2.603879853570221e-15
tangent-time-canonical,25,58,1.8502380049227127e-13
tangent-time-canonical,25,59,1.97659261577516e-14
tangent-time-canonical,26,0,-2.4878819679702034e-11
tangent-time-canonical,26,1,-1.4086429530352753e-13
tangent-time-canonical,26,2,-2.4243588827800217e-10
tangent-time-canonical,26,3,-9.655668142797664e-13
tangent-time-canonical,26,4,-2.4542007737157996e-11
tangent-time-canonical,26,5,-1.3849891104006389e-12
tangent-time-canonical,26,6,-2.2988045448977217e-10
tangent-time-canonical,26,7,-1.4272564842251892e-11
tangent-time-canonical,26,8,-2.5215631622246118e-11
tangent-time-canonical,26,9,1.103260519793538e-12
tangent-time-canonical,26,10,-2.5499132206623296e-10
tangent-time-canonical,26,11,1.234143121369173e-11
tangent-time-canonical,26,12,-2.4710413708430002e-11
tangent-time-canonical,26,13,-7.629267028520688e-13
tangent-time-canonical,26,14,-2.36158171383887e-10
tangent-time-canonical,26,15,-7.61906582826561e-12
tangent-time-canonical,26,16,-2.45756889314124e-11
tangent-time-canonical,26,17,-1.2605766288909253e-12
tangent-time-canonical,26,18,-2.3113599786859367e-10
tangent-time-canonical,26,19,-1.2941865039453186e-11
tangent-time-canonical,26,20,2.2716054540849268e-11
tangent-time-canonical,26,21,6.905592225649203e-14
tangent-time-canonical,26,22,1.9879906034568429e-10
tangent-time-canonical,26,23,1.0390417649152133e-12
tangent-time-canonical,26,24,2.2977946811054854e-11
tangent-time-canonical,26,25,-1.39417605165212e-12
tangent-time-canonical,26,26,2.019137431430498e-10
tangent-time-canonical,26,27,-1.1971441317536967e-11
tangent-time-canonical,26,28,2.2454162270643654e-11
tangent-time-canonical,26,29,1.532287896165074e-12
tangent-time-canonical,26,30,1.956843775483186e-10
tangent-time-canonical,26,31,1.404952484736731e-11
tangent-time-canonical,26,32,2.284700067595204e-11
tangent-time-canonical,26,33,-6.625600646978326e-13
tangent-time-canonical,26,34,2.0035640174436702e-10
tangent-time-canonical,26,35,-5.466199776310857e-12
tangent-time-canonical,26,36,2.2951757584034292e-11
tangent-time-canonical,26,37,-1.2478528542612637e-12
tangent-time-canonical,26,38,2.0160227486331366e-10
tangent-time-canonical,26,39,-1.0670393009291377e-11
tangent-time-canonical,26,40,-1.193195722406991e-12
tangent-time-canonical,26,41,-4.8129859697310876e-14
tangent-time-canonical,26,42,-2.2856919074574514e-11
tangent-time-canonical,26,43,-3.099119509454699e-13
tangent-time-canonical,26,44,-1.4545009965583984e-12
tangent-time-canonical,26,45,-2.2813420937506454e-13
tangent-time-canonical,26,46,-2.6757874411737723e-11
tangent-time-canonical,26,47,-1.929893460080109e-12
tangent-time-canonical,26,48,-9.31890448255584e-13
tangent-time-canonical,26,49,1.3187448998044254e-13
tangent-time-canonical,26,50,-1.8955963737411238e-11
tangent-time-canonical,26,51,1.310069558189227e-12
tangent-time-canonical,26,52,-1.3238483594826963e-12
tangent-time-canonical,26,53,-1.3813203453618814e-13
tangent-time-canonical,26,54,-2.480739674315611e-11
tangent-time-canonical,26,55,-1.1199027055127731e-12
tangent-time-canonical,26,56,-1.4283704691432672e-12
tangent-time-canonical,26,57,-2.1013377440729787e-13
tangent-time-canonical,26,58,-2.6367778878021448e-11
tangent-time-canonical,26,59,-1.7678953091666916e-12
tangent-time-canonical,27,0,2.6200089514871456e-12
tangent-time-canonical,27,1,6.031131337969533e-15
tangent-time-canonical,27,2,2.498164872916294e-11
tangent-time-canonical,27,3,6.747770729828425e-14
tangent-time-canonical,27,4,2.7304515233205184e-12
tangent-time-canonical,27,5,9.947980110680912e-14
tangent-time-canonical,27,6,2.546708856609998e-11
tangent-time-canonical,27,7,9.71107076247297e-13
tangent-time-canonical,27,8,2.5095663796537748e-12
tangent-time-canonical,27,9,-8.741753843086788e-14
tangent-time-canonical,27,10,2.4496208892225932e-11
tangent-time-canonical,27,11,-8.36151661650711e-13
tangent-time-canonical,27,12,2.67523023740383e-12
tangent-time-canonical,27,13,5.275546622238752e-14
tangent-time-canonical,27,14,2.5224368647631453e-11
tangent-time-canonical,27,15,5.192923917727779e-13
tangent-time-canonical,27,16,2.719407266137175e-12
tangent-time-canonical,27,17,9.013493412991905e-14
tangent-time-canonical,27,18,2.541854458240621e-11
tangent-time-canonical,27,19,8.807441393523324e-13
tangent-time-canonical,27,20,-1.30580540153877e-12
tangent-time-canonical,27,21,-2.0143483791278847e-14
tangent-time-canonical,27,22,-1.1752244743099826e-11
tangent-time-canonical,27,23,-2.1222527542367389e-13
tangent-time-canonical,27,24,-1.3097022333747782e-12
tangent-time-canonical,27,25,1.215437381313695e-13
tangent-time-canonical,27,26,-1.1971441317536967e-11
tangent-time-canonical,27,27,1.035823339430654e-12
tangent-time-canonical,27,28,-1.3019085697027606e-12
tangent-time-canonical,27,29,-1.6183070571392593e-13
tangent-time-canonical,27,30,-1.1533048168662692e-11
tangent-time-canonical,27,31,-1.4602738902780073e-12
tangent-time-canonical,27,32,-1.3077538174567723e-12
tangent-time-canonical,27,33,5.07001271700468e-14
tangent-time-canonical,27,34,-1.1861843030318393e-11
tangent-time-canonical,27,35,4.1179903200348916e-13
tangent-time-canonical,27,36,-1.3093125501911798e-12
tangent-time-canonical,27,37,1.0737501593910207e-13
tangent-time-canonical,27,38,-1.1949521660093274e-11
tangent-time-canonical,27,39,9.110184779452004e-13
tangent-time-canonical,27,40,6.387100924940384e-14
tangent-time-canonical,27,41,3.018314898897012e-15
tangent-time-canonical,27,42,1.1916414313629372e-12
tangent-time-canonical,27,43,9.320040547857883e-15
tangent-time-canonical,27,44,8.796723950887446e-14
tangent-time-canonical,27,45,2.2791252942993328e-14
tangent-time-canonical,27,46,1.558023925820384e-12
tangent-time-canonical,27,47,1.780922868205111e-13
tangent-time-canonical,27,48,3.9774778989933165e-14
tangent-time-canonical,27,49,-1.675462314519937e-14
tangent-time-canonical,27,50,8.252589369054872e-13
tangent-time-canonical,27,51,-1.59452205724798e-13
tangent-time-canonical,27,52,7.591912437913927e-14
tangent-time-canonical,27,53,1.2904783920945212e-14
tangent-time-canonical,27,54,1.3748326785916595e-12
tangent-time-canonical,27,55,9.37061636841836e-14
tangent-time-canonical,27,56,8.555761648292788e-14
tangent-time-canonical,27,57,2.0813959138584076e-14
tangent-time-canonical,27,58,1.521385676374645e-12
tangent-time-canonical,27,59,1.61215062193251e-13
tangent-time-canonical,28,0,-2.86324045738929e-12
tangent-time-canonical,28,1,3.724652908735837e-15
tangent-time-canonical,28,2,-2.9323791329925355e-11
tangent-time-canonical,28,3,1.0000187655579384e-13
tangent-time-canonical,28,4,-2.798899780842788e-12
tangent-time-canonical,28,5,-1.7343007257334576e-13
tangent-time-canonical,28,6,-2.7664258985773373e-11
tangent-time-canonical,28,7,-1.7984594572889062e-12
tangent-time-canonical,28,8,-2.927581133935794e-12
tangent-time-canonical,28,9,1.8087937839081371e-13
tangent-time-canonical,28,10,-3.0983323674077415e-11
tangent-time-canonical,28,11,1.9984632104004312e-12
tangent-time-canonical,28,12,-2.8310701191160374e-12
tangent-time-canonical,28,13,-8.48527098323044e-14
tangent-time-canonical,28,14,-2.849402515784936e-11
tangent-time-canonical,28,15,-8.492287903665488e-13
tangent-time-canonical,28,16,-2.8053338484974393e-12
tangent-time-canonical,28,17,-1.5571460002513799e-13
tangent-time-canonical,28,18,-2.783021222018841e-11
tangent-time-canonical,28,19,-1.6086133239042743e-12
tangent-time-canonical,28,20,2.6098936899369343e-12
tangent-time-canonical,28,21,9.516875056134632e-15
tangent-time-canonical,28,22,2.2150896825748452e-11
tangent-time-canonical,28,23,1.3188764994003007e-13
tangent-time-canonical,28,24,2.6369432493700783e-12
tangent-time-canonical,28,25,-1.5152552930467553e-13
tangent-time-canonical,28,26,2.2454162270643654e-11
tangent-time-canonical,28,27,-1.3019085697027606e-12
tangent-time-canonical,28,28,2.582844130503785e-12
tangent-time-canonical,28,29,1.7055927941694146e-13
tangent-time-canonical,28,30,2.1847631380853244e-11
tangent-time-canonical,28,31,1.5656838695828128e-12
tangent-time-canonical,28,32,2.623418469653504e-12
tangent-time-canonical,28,33,-7.100432712427255e-14
tangent-time-canonical,28,34,2.230252954819605e-11
tangent-time-canonical,28,35,-5.850104598813645e-13
tangent-time-canonical,28,36,2.6342382934267625e-12
tangent-time-canonical,28,37,-1.3542128886859575e-13
tangent-time-canonical,28,38,2.2423835726154168e-11
tangent-time-canonical,28,39,-1.1585289477384463e-12
tangent-time-canonical,28,40,-2.2271611758282805e-13
tangent-time-canonical,28,41,-1.4792024425146176e-14
tangent-time-canonical,28,42,-3.080915583473827e-12
tangent-time-canonical,28,43,-1.0373683668854623e-13
tangent-time-canonical,28,44,-2.5721151557544084e-13
tangent-time-canonical,28,45,-3.109479743699453e-14
tangent-time-canonical,28,46,-3.571622557748013e-12
tangent-time-canonical,28,47,-2.557981890422962e-13
tangent-time-canonical,28,48,-1.8822071959021498e-13
tangent-time-canonical,28,49,1.5107485867022668e-15
tangent-time-canonical,28,50,-2.590208609199635e-12
tangent-time-canonical,28,51,4.832451566521044e-14
tangent-time-canonical,28,52,-2.3996381657913456e-13
tangent-time-canonical,28,53,-2.2943410931070435e-14
tangent-time-canonical,28,54,-3.3262690706109183e-12
tangent-time-canonical,28,55,-1.7976751286541926e-13
tangent-time-canonical,28,56,-2.5376197577618077e-13
tangent-time-canonical,28,57,-2.9464520135810806e-14
tangent-time-canonical,28,58,-3.5225518603206017e-12
tangent-time-canonical,28,59,-2.405920538069277e-13
tangent-time-canonical,29,0,-3.4346877187655283e-13
tangent-time-canonical,29,1,-2.780991610312267e-15
tangent-time-canonical,29,2,-3.0978529020656928e-12
tangent-time-canonical,29,3,-2.4310289637639016e-14
tangent-time-canonical,29,4,-3.6064415144880986e-13
tangent-time-canonical,29,5,-7.991024675898323e-15
tangent-time-canonical,29,6,-3.1713161348800997e-12
tangent-time-canonical,29,7,-7.008204751560031e-14
tangent-time-canonical,29,8,-3.262933923042964e-13
tangent-time-canonical,29,9,2.4290414552732214e-15
tangent-time-canonical,29,10,-3.0243896692512846e-12
tangent-time-canonical,29,11,2.1461468240326016e-14
tangent-time-canonical,29,12,-3.5205646166268127e-13
tangent-time-canonical,29,13,-5.3860081431052504e-15
tangent-time-canonical,29,14,-3.1345845184728906e-12
tangent-time-canonical,29,15,-4.719616857661368e-14
tangent-time-canonical,29,16,-3.5892661349158264e-13
tangent-time-canonical,29,17,-7.470021369338166e-15
tangent-time-canonical,29,18,-3.1639698115986363e-12
tangent-time-canonical,29,19,-6.550487172778132e-14
tangent-time-canonical,29,20,1.767182021843575e-13
tangent-time-canonical,29,21,9.283616144177448e-15
tangent-time-canonical,29,22,1.4245671417550985e-12
tangent-time-canonical,29,23,8.394290034030625e-14
tangent-time-canonical,29,24,1.8287712495177342e-13
tangent-time-canonical,29,25,-1.8744720034404695e-14
tangent-time-canonical,29,26,1.532287896165074e-12
tangent-time-canonical,29,27,-1.6183070571392593e-13
tangent-time-canonical,29,28,1.7055927941694146e-13
tangent-time-canonical,29,29,3.731195232275943e-14
tangent-time-canonical,29,30,1.3168463873451253e-12
tangent-time-canonical,29,31,3.2971650639454147e-13
tangent-time-canonical,29,32,1.7979766356806505e-13
tangent-time-canonical,29,33,-4.7305519451140046e-15
tangent-time-canonical,29,34,1.4784275189600853e-12
tangent-time-canonical,29,35,-3.894390268681039e-14
tangent-time-canonical,29,36,1.8226123267503237e-13
tangent-time-canonical,29,37,-1.5941886416545935e-14
tangent-time-canonical,29,38,1.5215158207240742e-12
tangent-time-canonical,29,39,-1.3725334510850484e-13
tangent-time-canonical,29,40,-1.1541237674127175e-14
tangent-time-canonical,29,41,2.221617829492601e-15
tangent-time-canonical,29,42,-1.7876361793497608e-13
tangent-time-canonical,29,43,1.835077828963213e-14
tangent-time-canonical,29,44,-1.4719163992631432e-14
tangent-time-canonical,29,45,-1.5527282822061529e-15
tangent-time-canonical,29,46,-2.33476866270608e-13
tangent-time-canonical,29,47,-1.635996219890913e-14
tangent-time-canonical,29,48,-8.363311355622946e-15
tangent-time-canonical,29,49,5.9959639411913375e-15
tangent-time-canonical,29,50,-1.2405036959934349e-13
tangent-time-canonical,29,51,5.306151877817417e-14
tangent-time-canonical,29,52,-1.313020083337932e-14
tangent-time-canonical,29,53,3.344447736432215e-16
tangent-time-canonical,29,54,-2.061202421027919e-13
tangent-time-canonical,29,55,9.95408045361564e-16
tangent-time-canonical,29,56,-1.440137136078108e-14
tangent-time-canonical,29,57,-1.1752936710363419e-15
tangent-time-canonical,29,58,-2.2800554143704534e-13
tangent-time-canonical,29,59,-1.2888888150055536e-14
tangent-time-canonical,30,0,-2.702973048358598e-11
tangent-time-canonical,30,1,-1.9014132849025251e-13
tangent-time-canonical,30,2,-2.6332215867029215e-10
tangent-time-canonical,30,3,-1.736007165923843e-12
tangent-time-canonical,30,4,-2.6470219283741498e-11
tangent-time-canonical,30,5,-1.3528423153003772e-12
tangent-time-canonical,30,6,-2.491224050795935e-10
tangent-time-canonical,30,7,-1.3703578259893988e-11
tangent-time-canonical,30,8,-2.7589241683430487e-11
tangent-time-canonical,30,9,9.725596583198436e-13
tangent-time-canonical,30,10,-2.7752191226099157e-10
tangent-time-canonical,30,11,1.0231563928045655e-11
tangent-time-canonical,30,12,-2.674997488366372e-11
tangent-time-canonical,30,13,-7.714918218952974e-13
tangent-time-canonical,30,14,-2.5622228187494284e-10
tangent-time-canonical,30,15,-7.719792712908863e-12
tangent-time-canonical,30,16,-2.6526170403725922e-11
tangent-time-canonical,30,17,-1.2365722166193353e-12
tangent-time-canonical,30,18,-2.505423804386624e-10
tangent-time-canonical,30,19,-1.250682115049599e-11
tangent-time-canonical,30,20,2.18007752883845e-11
tangent-time-canonical,30,21,-1.9242804015921408e-14
tangent-time-canonical,30,22,1.9584867266819098e-10
tangent-time-canonical,30,23,3.473483415568066e-13
tangent-time-canonical,30,24,2.175391919591573e-11
tangent-time-canonical,30,25,-1.3553319953769954e-12
tangent-time-canonical,30,26,1.956843775483186e-10
tangent-time-canonical,30,27,-1.1533048168662692e-11
tangent-time-canonical,30,28,2.1847631380853244e-11
tangent-time-canonical,30,29,1.3168463873451253e-12
tangent-time-canonical,30,30,1.9601296778806318e-10
tangent-time-canonical,30,31,1.2227744851776192e-11
tangent-time-canonical,30,32,2.17773472421501e-11
tangent-time-canonical,30,33,-6.872873996964736e-13
tangent-time-canonical,30,34,1.9576652510825477e-10
tangent-time-canonical,30,35,-5.592849913552905e-12
tangent-time-canonical,30,36,2.175860480516259e-11
tangent-time-canonical,30,37,-1.2217230762409132e-12
tangent-time-canonical,30,38,1.9570080706030616e-10
tangent-time-canonical,30,39,-1.0345008517640434e-11
tangent-time-canonical,30,40,-1.7154775550530263e-12
tangent-time-canonical,30,41,-1.3892757194700026e-13
tangent-time-canonical,30,42,-2.6591459441181608e-11
tangent-time-canonical,30,43,-1.0003920640273814e-12
tangent-time-canonical,30,44,-1.991652101428441e-12
tangent-time-canonical,30,45,-2.915986781177299e-13
tangent-time-canonical,30,46,-3.056527062323928e-11
tangent-time-canonical,30,47,-2.331423349554079e-12
tangent-time-canonical,30,48,-1.4393030086776106e-12
tangent-time-canonical,30,49,1.3743534223729287e-14
tangent-time-canonical,30,50,-2.2617648259123883e-11
tangent-time-canonical,30,51,3.3063922149936695e-13
tangent-time-canonical,30,52,-1.8535648282407345e-12
tangent-time-canonical,30,53,-2.152631250323659e-13
tangent-time-canonical,30,54,-2.8578365032210432e-11
tangent-time-canonical,30,55,-1.6659077067907152e-12
tangent-time-canonical,30,56,-1.9640346467909087e-12
tangent-time-canonical,30,57,-2.7633156750066515e-13
tangent-time-canonical,30,58,-3.0167889505033585e-11
tangent-time-canonical,30,59,-2.1983202210014812e-12
tangent-time-canonical,31,0,-3.167046927082645e-12
tangent-time-canonical,31,1,-2.092784866997147e-14
tangent-time-canonical,31,2,-2.8868370716296462e-11
tangent-time-canonical,31,3,-1.8110832864313721e-13
tangent-time-canonical,31,4,-3.321466641335712e-12
tangent-time-canonical,31,5,-8.19099723488389e-14
tangent-time-canonical,31,6,-2.9516963756991097e-11
tangent-time-canonical,31,7,-7.342947377106545e-13
tangent-time-canonical,31,8,-3.0126272128295833e-12
tangent-time-canonical,31,9,4.005427500889096e-14
tangent-time-canonical,31,10,-2.8219777675601815e-11
tangent-time-canonical,31,11,3.7207808042441015e-13
tangent-time-canonical,31,12,-3.244256784209178e-12
tangent-time-canonical,31,13,-5.1418910509404655e-14
tangent-time-canonical,31,14,-2.919266723664373e-11
tangent-time-canonical,31,15,-4.577015331768443e-13
tangent-time-canonical,31,16,-3.3060246699103924e-12
tangent-time-canonical,31,17,-7.58117599809389e-14
tangent-time-canonical,31,18,-2.9452104452921444e-11
tangent-time-canonical,31,19,-6.789760968037085e-13
tangent-time-canonical,31,20,1.6156129598339837e-12
tangent-time-canonical,31,21,8.026283416685579e-14
tangent-time-canonical,31,22,1.313863484957174e-11
tangent-time-canonical,31,23,7.291489059378655e-13
tangent-time-canonical,31,24,1.6655420500851525e-12
tangent-time-canonical,31,25,-1.691908380608314e-13
tangent-time-canonical,31,26,1.404952484736731e-11
tangent-time-canonical,31,27,-1.4602738902780073e-12
tangent-time-canonical,31,28,1.5656838695828128e-12
tangent-time-canonical,31,29,3.2971650639454147e-13
tangent-time-canonical,31,30,1.2227744851776192e-11
tangent-time-canonical,31,31,2.9185717021537638e-12
tangent-time-canonical,31,32,1.6405775049595644e-12
tangent-time-canonical,31,33,-4.446400194699112e-14
tangent-time-canonical,31,34,1.3594079848469514e-11
tangent-time-canonical,31,35,-3.655624921700755e-13
tangent-time-canonical,31,36,1.66054914106004e-12
tangent-time-canonical,31,37,-1.4424547083805804e-13
tangent-time-canonical,31,38,1.395843584758773e-11
tangent-time-canonical,31,39,-1.2413316106564388e-12
tangent-time-canonical,31,40,-1.1366934068260842e-13
tangent-time-canonical,31,41,1.7577098169422856e-14
tangent-time-canonical,31,42,-1.7057901395467145e-12
tangent-time-canonical,31,43,1.4666451143652183e-13
tangent-time-canonical,31,44,-1.4334279941526946e-13
tangent-time-canonical,31,45,-1.5775412726530105e-14
tangent-time-canonical,31,46,-2.2075264085511847e-12
tangent-time-canonical,31,47,-1.6126421834836908e-13
tangent-time-canonical,31,48,-8.399588194994759e-14
tangent-time-canonical,31,49,5.09296090653757e-14
tangent-time-canonical,31,50,-1.2040538705422378e-12
tangent-time-canonical,31,51,4.545932412214195e-13
tangent-time-canonical,31,52,-1.2850607004893913e-13
tangent-time-canonical,31,53,9.008427214463384e-16
tangent-time-canonical,31,54,-1.9566582740489484e-12
tangent-time-canonical,31,55,-7.299853455922925e-15
tangent-time-canonical,31,56,-1.4037545354200407e-13
tangent-time-canonical,31,57,-1.2440161636935415e-14
tangent-time-canonical,31,58,-2.157352781650744e-12
tangent-time-canonical,31,59,-1.3047134536988532e-13
tangent-time-canonical,32,0,-2.550408529497344e-12
tangent-time-canonical,32,1,5.074862592884582e-15
tangent-time-canonical,32,2,-2.624572103565261e-11
tangent-time-canonical,32,3,1.3571202496710934e-13
tangent-time-canonical,32,4,-2.4966819156999758e-12
tangent-time-canonical,32,5,-1.7165196382320679e-13
tangent-time-canonical,32,6,-2.467897055048239e-11
tangent-time-canonical,32,7,-1.8039154036082257e-12
tangent-time-canonical,32,8,-2.604135143294716e-12
tangent-time-canonical,32,9,1.8180168900897084e-13
tangent-time-canonical,32,10,-2.781247152082292e-11
tangent-time-canonical,32,11,2.0753394535423816e-12
tangent-time-canonical,32,12,-2.5235452225986597e-12
tangent-time-canonical,32,13,-8.328855061516084e-14
tangent-time-canonical,32,14,-2.5462345793067492e-11
tangent-time-canonical,32,15,-8.341016893205403e-13
tangent-time-canonical,32,16,-2.502054577079716e-12
tangent-time-canonical,32,17,-1.5397928118160016e-13
tangent-time-canonical,32,18,-2.4835645598999213e-11
tangent-time-canonical,32,19,-1.6099526607504938e-12
tangent-time-canonical,32,20,2.674692172098295e-12
tangent-time-canonical,32,21,1.4247203946606048e-14
tangent-time-canonical,32,22,2.2312173959051076e-11
tangent-time-canonical,32,23,1.6641184375139925e-13
tangent-time-canonical,32,24,2.7259658745430825e-12
tangent-time-canonical,32,25,-1.5130325567485647e-13
tangent-time-canonical,32,26,2.284700067595204e-11
tangent-time-canonical,32,27,-1.3077538174567723e-12
tangent-time-canonical,32,28,2.623418469653504e-12
tangent-time-canonical,32,29,1.7979766356806505e-13
tangent-time-canonical,32,30,2.17773472421501e-11
tangent-time-canonical,32,31,1.6405775049595644e-12
tangent-time-canonical,32,32,2.7003290233206863e-12
tangent-time-canonical,32,33,-6.85280258641276e-14
tangent-time-canonical,32,34,2.2579587317501554e-11
tangent-time-canonical,32,35,-5.70670986852687e-13
tangent-time-canonical,32,36,2.7208385042986035e-12
tangent-time-canonical,32,37,-1.3474820971271007e-13
tangent-time-canonical,32,38,2.2793518004261988e-11
tangent-time-canonical,32,39,-1.1603372513359121e-12
tangent-time-canonical,32,40,-1.815600986624606e-13
tangent-time-canonical,32,41,-8.004573542029516e-15
tangent-time-canonical,32,42,-2.7475112132985594e-12
tangent-time-canonical,32,43,-5.262148707826408e-14
tangent-time-canonical,32,44,-2.1390240932044054e-13
tangent-time-canonical,32,45,-2.5391815283134963e-14
tangent-time-canonical,32,46,-3.2143242165907765e-12
tangent-time-canonical,32,47,-2.1695908111788349e-13
tangent-time-canonical,32,48,-1.4921778800448057e-13
tangent-time-canonical,32,49,9.382668199075999e-15
tangent-time-canonical,32,50,-2.280698210006337e-12
tangent-time-canonical,32,51,1.1171610696136243e-13
tangent-time-canonical,32,52,-1.9773125399145064e-13
tangent-time-canonical,32,53,-1.6698194412582288e-14
tangent-time-canonical,32,54,-2.980917714944667e-12
tangent-time-canonical,32,55,-1.3479028409807174e-13
tangent-time-canonical,32,56,-2.1066817825464378e-13
tangent-time-canonical,32,57,-2.3653091109025557e-14
tangent-time-canonical,32,58,-3.1676429162615595e-12
tangent-time-canonical,32,59,-2.005253217139259e-13
tangent-time-canonical,33,0,1.5150519432714713e-13
tangent-time-canonical,33,1,1.1112056254879451e-16
tangent-time-canonical,33,2,1.4802926074709796e-12
tangent-time-canonical,33,3,3.1008792989933316e-15
tangent-time-canonical,33,4,1.5648807547366823e-13
tangent-time-canonical,33,5,6.385817680613387e-15
tangent-time-canonical,33,6,1.5010835032097864e-12
tangent-time-canonical,33,7,6.356982420705037e-14
tangent-time-canonical,33,8,1.4652231318062587e-13
tangent-time-canonical,33,9,-6.163576555515791e-15
tangent-time-canonical,33,10,1.4595017117321756e-12
tangent-time-canonical,33,11,-5.736806560906122e-14
tangent-time-canonical,33,12,1.5399663490040752e-13
tangent-time-canonical,33,13,3.2484691215809375e-15
tangent-time-canonical,33,14,1.490688055340384e-12
tangent-time-canonical,33,15,3.333535175302252e-14
tangent-time-canonical,33,16,1.5598978735901592e-13
tangent-time-canonical,33,17,5.758347968806687e-15
tangent-time-canonical,33,18,1.4990044136359063e-12
tangent-time-canonical,33,19,5.752292971624531e-14
tangent-time-canonical,33,20,-6.935345961750929e-14
tangent-time-canonical,33,21,6.559447433999848e-16
tangent-time-canonical,33,22,-6.749237321971533e-13
tangent-time-canonical,33,23,3.1180626115277025e-15
tangent-time-canonical,33,24,-6.770259211074595e-14
tangent-time-canonical,33,25,6.042441431914036e-15
tangent-time-canonical,33,26,-6.625600646978326e-13
tangent-time-canonical,33,27,5.07001271700468e-14
tangent-time-canonical,33,28,-7.100432712427255e-14
tangent-time-canonical,33,29,-4.7305519451140046e-15
tangent-time-canonical,33,30,-6.872873996964736e-13
tangent-time-canonical,33,31,-4.446400194699112e-14
tangent-time-canonical,33,32,-6.85280258641276e-14
tangent-time-canonical,33,33,3.3491930876570406e-15
tangent-time-canonical,33,34,-6.68741898447493e-13
tangent-time-canonical,33,35,2.6909094890787002e-14
tangent-time-canonical,33,36,-6.786767886142236e-14
tangent-time-canonical,33,37,5.503791763062566e-15
tangent-time-canonical,33,38,-6.63796431447767e-13
tangent-time-canonical,33,39,4.594192071419257e-14
tangent-time-canonical,33,40,3.3284064756818707e-15
tangent-time-canonical,33,41,9.499864937085778e-16
tangent-time-canonical,33,42,6.475649291717789e-14
tangent-time-canonical,33,43,6.330987195641115e-15
tangent-time-canonical,33,44,4.675530357219854e-15
tangent-time-canonical,33,45,1.7378753589418476e-15
tangent-time-canonical,33,46,8.365646190913592e-14
tangent-time-canonical,33,47,1.2187915401372242e-14
tangent-time-canonical,33,48,1.9812825941438765e-15
tangent-time-canonical,33,49,1.6209762847529814e-16
tangent-time-canonical,33,50,4.58565239252198e-14
tangent-time-canonical,33,51,4.74058989909955e-16
tangent-time-canonical,33,52,4.00196841645087e-15
tangent-time-canonical,33,53,1.3439309263252159e-15
tangent-time-canonical,33,54,7.420647741315685e-14
tangent-time-canonical,33,55,9.259451298506622e-15
tangent-time-canonical,33,56,4.540817969066078e-15
tangent-time-canonical,33,57,1.6590864724185359e-15
tangent-time-canonical,33,58,8.176646500994053e-14
tangent-time-canonical,33,59,1.1602222580799487e-14
tangent-time-canonical,34,0,-2.5416547380673037e-11
tangent-time-canonical,34,1,-1.531835536002091e-13
tangent-time-canonical,34,2,-2.476574558760748e-10
tangent-time-canonical,34,3,-1.1581769021907893e-12
tangent-time-canonical,34,4,-2.5024060623803883e-11
tangent-time-canonical,34,5,-1.3769524116255732e-12
tangent-time-canonical,34,6,-2.3469094213722764e-10
tangent-time-canonical,34,7,-1.413031819666241e-11
tangent-time-canonical,34,8,-2.5809034137542226e-11
tangent-time-canonical,34,9,1.0705853044251133e-12
tangent-time-canonical,34,10,-2.6062396961492274e-10
tangent-time-canonical,34,11,1.1813964392280201e-11
tangent-time-canonical,34,12,-2.5220304002238447e-11
tangent-time-canonical,34,13,-7.65067982612876e-13
tangent-time-canonical,34,14,-2.411741990066511e-10
tangent-time-canonical,34,15,-7.644247549426421e-12
tangent-time-canonical,34,16,-2.5063309299490795e-11
tangent-time-canonical,34,17,-1.2545755258230275e-12
tangent-time-canonical,34,18,-2.35987593511111e-10
tangent-time-canonical,34,19,-1.2833104067213885e-11
tangent-time-canonical,34,20,2.248723472773307e-11
tangent-time-canonical,34,21,4.698124068838792e-14
tangent-time-canonical,34,22,1.9806146342631098e-10
tangent-time-canonical,34,23,8.661184090756056e-13
tangent-time-canonical,34,24,2.2671939907270067e-11
tangent-time-canonical,34,25,-1.3844650375833385e-12
tangent-time-canonical,34,26,2.0035640174436702e-10
tangent-time-canonical,34,27,-1.1861843030318393e-11
tangent-time-canonical,34,28,2.230252954819605e-11
tangent-time-canonical,34,29,1.4784275189600853e-12
tangent-time-canonical,34,30,1.9576652510825477e-10
tangent-time-canonical,34,31,1.3594079848469514e-11
tangent-time-canonical,34,32,2.2579587317501554e-11
tangent-time-canonical,34,33,-6.68741898447493e-13
tangent-time-canonical,34,34,1.9920893258533894e-10
tangent-time-canonical,34,35,-5.49786231062137e-12
tangent-time-canonical,34,36,2.265346938931636e-11
tangent-time-canonical,34,37,-1.241320409756176e-12
tangent-time-canonical,34,38,2.001269079125618e-10
tangent-time-canonical,34,39,-1.058904688637864e-11
tangent-time-canonical,34,40,-1.3237661805684992e-12
tangent-time-canonical,34,41,-7.082928775973343e-14
tangent-time-canonical,34,42,-2.3790554166226296e-11
tangent-time-canonical,34,43,-4.825319792159497e-13
tangent-time-canonical,34,44,-1.5887887727759087e-12
tangent-time-canonical,34,45,-2.440003265607311e-13
tangent-time-canonical,34,46,-2.7709723464613125e-11
tangent-time-canonical,34,47,-2.030275932448603e-12
tangent-time-canonical,34,48,-1.0587435883610898e-12
tangent-time-canonical,34,49,1.0234175104126394e-13
tangent-time-canonical,34,50,-1.9871384867839408e-11
tangent-time-canonical,34,51,1.0652119740167593e-12
tangent-time-canonical,34,52,-1.4562774766722049e-12
tangent-time-canonical,34,53,-1.5741480716023268e-13
tangent-time-canonical,34,54,-2.5750138815419694e-11
tangent-time-canonical,34,55,-1.2564039558322605e-12
tangent-time-canonical,34,56,-1.5622865135551773e-12
tangent-time-canonical,34,57,-2.266832226806399e-13
tangent-time-canonical,34,58,-2.731780653477449e-11
tangent-time-canonical,34,59,-1.8755015371253897e-12
tangent-time-canonical,35,0,1.1732449818446738e-12
tangent-time-canonical,35,1,-7.086136640160319e-16
tangent-time-canonical,35,2,1.1519143867797871e-11
tangent-time-canonical,35,3,5.331198312924796e-15
tangent-time-canonical,35,4,1.2174719821564393e-12
tangent-time-canonical,35,5,5.4132357742897064e-14
tangent-time-canonical,35,6,1.1721075485327021e-11
tangent-time-canonical,35,7,5.447566227578097e-13
tangent-time-canonical,35,8,1.129017981532909e-12
tangent-time-canonical,35,9,-5.5549585070928755e-14
tangent-time-canonical,35,10,1.1317212250268746e-11
tangent-time-canonical,35,11,-5.340942261319393e-13
tangent-time-canonical,35,12,1.1953584820005555e-12
tangent-time-canonical,35,13,2.6711872039439295e-14
tangent-time-canonical,35,14,1.1620109676562453e-11
tangent-time-canonical,35,15,2.750439105353706e-13
tangent-time-canonical,35,16,1.2130492821252615e-12
tangent-time-canonical,35,17,4.864826060220449e-14
tangent-time-canonical,35,18,1.1700882323574104e-11
tangent-time-canonical,35,19,4.908140803133221e-13
tangent-time-canonical,35,20,-5.754508111955799e-13
tangent-time-canonical,35,21,4.958095698254168e-15
tangent-time-canonical,35,22,-5.52952484493188e-12
tangent-time-canonical,35,23,2.3118269916705754e-14
tangent-time-canonical,35,24,-5.658911625097948e-13
tangent-time-canonical,35,25,4.8860094083319295e-14
tangent-time-canonical,35,26,-5.466199776310857e-12
tangent-time-canonical,35,27,4.1179903200348916e-13
tangent-time-canonical,35,28,-5.850104598813645e-13
tangent-time-canonical,35,29,-3.894390268681039e-14
tangent-time-canonical,35,30,-5.592849913552905e-12
tangent-time-canonical,35,31,-3.655624921700755e-13
tangent-time-canonical,35,32,-5.70670986852687e-13
tangent-time-canonical,35,33,2.6909094890787002e-14
tangent-time-canonical,35,34,-5.49786231062137e-12
tangent-time-canonical,35,35,2.1745865096009572e-13
tangent-time-canonical,35,36,-5.668471273783741e-13
tangent-time-canonical,35,37,4.4469894244811994e-14
tangent-time-canonical,35,38,-5.472532283172977e-12
tangent-time-canonical,35,39,3.729309557947906e-13
tangent-time-canonical,35,40,1.948592176640056e-14
tangent-time-canonical,35,41,6.658010716528204e-15
tangent-time-canonical,35,42,4.672835386355054e-13
tangent-time-canonical,35,43,4.3656158270021803e-14
tangent-time-canonical,35,44,3.0139729777838237e-14
tangent-time-canonical,35,45,1.3149586525612193e-14
tangent-time-canonical,35,46,6.16636342227472e-13
tangent-time-canonical,35,47,9.325316052828925e-14
tangent-time-canonical,35,48,8.832113754962785e-15
tangent-time-canonical,35,49,1.6643490744413292e-16
tangent-time-canonical,35,50,3.1793073504353825e-13
tangent-time-canonical,35,51,-5.94084398824598e-15
tangent-time-canonical,35,52,2.4812825772119453e-14
tangent-time-canonical,35,53,9.903798621070222e-15
tangent-time-canonical,35,54,5.419599404314883e-13
tangent-time-canonical,35,55,6.845465939915501e-14
tangent-time-canonical,35,56,2.907434897669465e-14
tangent-time-canonical,35,57,1.2500428944703929e-14
tangent-time-canonical,35,58,6.017010618682782e-13
tangent-time-canonical,35,59,8.829346030246508e-14
tangent-time-canonical,36,0,-2.4669866820594876e-12
tangent-time-canonical,36,1,5.434918508657946e-15
tangent-time-canonical,36,2,-2.542490229051318e-11
tangent-time-canonical,36,3,1.4523473121013118e-13
tangent-time-canonical,36,4,-2.4160904849952256e-12
tangent-time-canonical,36,5,-1.7117780148983695e-13
tangent-time-canonical,36,6,-2.3882893634404787e-11
tangent-time-canonical,36,7,-1.8053703226267176e-12
tangent-time-canonical,36,8,-2.5178828791237553e-12
tangent-time-canonical,36,9,1.8204763850714734e-13
tangent-time-canonical,36,10,-2.6966910946621656e-11
tangent-time-canonical,36,11,2.0958397850469167e-12
tangent-time-canonical,36,12,-2.4415385835273566e-12
tangent-time-canonical,36,13,-8.287144149058931e-14
tangent-time-canonical,36,14,-2.4653897962458968e-11
tangent-time-canonical,36,15,-8.300677957082724e-13
tangent-time-canonical,36,16,-2.421180104701655e-12
tangent-time-canonical,36,17,-1.5351652948999049e-13
tangent-time-canonical,36,18,-2.4037094500015427e-11
tangent-time-canonical,36,19,-1.6103098172428245e-12
tangent-time-canonical,36,20,2.6919717673413267e-12
tangent-time-canonical,36,21,1.550862498406537e-14
tangent-time-canonical,36,22,2.2355181194598444e-11
tangent-time-canonical,36,23,1.7561829543443325e-13
tangent-time-canonical,36,24,2.7497052412558868e-12
tangent-time-canonical,36,25,-1.5124398270690517e-13
tangent-time-canonical,36,26,2.2951757584034292e-11
tangent-time-canonical,36,27,-1.3093125501911798e-12
tangent-time-canonical,36,28,2.6342382934267625e-12
tangent-time-canonical,36,29,1.8226123267503237e-13
tangent-time-canonical,36,30,2.175860480516259e-11
tangent-time-canonical,36,31,1.66054914106004e-12
tangent-time-canonical,36,32,2.7208385042986035e-12
tangent-time-canonical,36,33,-6.786767886142236e-14
tangent-time-canonical,36,34,2.265346938931636e-11
tangent-time-canonical,36,35,-5.668471273783741e-13
tangent-time-canonical,36,36,2.7439318938644317e-12
tangent-time-canonical,36,37,-1.3456872193780759e-13
tangent-time-canonical,36,38,2.2892099945090754e-11
tangent-time-canonical,36,39,-1.1608194656285734e-12
tangent-time-canonical,36,40,-1.7058516028369308e-13
tangent-time-canonical,36,41,-6.194586639864763e-15
tangent-time-canonical,36,42,-2.658603381251794e-12
tangent-time-canonical,36,43,-3.899072718218635e-14
tangent-time-canonical,36,44,-2.0235331431910422e-13
tangent-time-canonical,36,45,-2.3871020042105595e-14
tangent-time-canonical,36,46,-3.119044658948818e-12
tangent-time-canonical,36,47,-2.0660198567137222e-13
tangent-time-canonical,36,48,-1.3881700624828177e-13
tangent-time-canonical,36,49,1.1481846762376116e-14
tangent-time-canonical,36,50,-2.198162103554762e-12
tangent-time-canonical,36,51,1.2862053130700674e-13
tangent-time-canonical,36,52,-1.864692373013987e-13
tangent-time-canonical,36,53,-1.503280334098522e-14
tangent-time-canonical,36,54,-2.888824020100304e-12
tangent-time-canonical,36,55,-1.227963564267772e-13
tangent-time-canonical,36,56,-1.991764989155643e-13
tangent-time-canonical,36,57,-2.210337670188265e-14
tangent-time-canonical,36,58,-3.073000531179119e-12
tangent-time-canonical,36,59,-1.8984085982245742e-13
tangent-time-canonical,37,0,2.834982519814713e-13
tangent-time-canonical,37,1,8.823504753120799e-16
tangent-time-canonical,37,2,2.7011314100141306e-12
tangent-time-canonical,37,3,1.0410524348765972e-14
tangent-time-canonical,37,4,2.9439000265299665e-13
tangent-time-canonical,37,5,1.0219642309016025e-14
tangent-time-canonical,37,6,2.7470567400337616e-12
tangent-time-canonical,37,7,9.921032333308454e-14
tangent-time-canonical,37,8,2.72606501309946e-13
tangent-time-canonical,37,9,-8.454941358391707e-15
tangent-time-canonical,37,10,2.6552060799945033e-12
tangent-time-canonical,37,11,-7.838927463555042e-14
tangent-time-canonical,37,12,2.889441273172338e-13
tangent-time-canonical,37,13,5.550996392163847e-15
tangent-time-canonical,37,14,2.724094075023946e-12
tangent-time-canonical,37,15,5.48104238409245e-14
tangent-time-canonical,37,16,2.933008275858435e-13
tangent-time-canonical,37,17,9.28591312564491e-15
tangent-time-canonical,37,18,2.7424642070317937e-12
tangent-time-canonical,37,19,9.033034343464738e-14
tangent-time-canonical,37,20,-1.3497256943133876e-13
tangent-time-canonical,37,21,-1.644767630140401e-15
tangent-time-canonical,37,22,-1.2347879652510885e-12
tangent-time-canonical,37,23,-1.843522744947775e-14
tangent-time-canonical,37,24,-1.3452384999408164e-13
tangent-time-canonical,37,25,1.2652351156265254e-14
tangent-time-canonical,37,26,-1.2478528542612637e-12
tangent-time-canonical,37,27,1.0737501593910207e-13
tangent-time-canonical,37,28,-1.3542128886859575e-13
tangent-time-canonical,37,29,-1.5941886416545935e-14
tangent-time-canonical,37,30,-1.2217230762409132e-12
tangent-time-canonical,37,31,-1.4424547083805804e-13
tangent-time-canonical,37,32,-1.3474820971271007e-13
tangent-time-canonical,37,33,5.503791763062566e-15
tangent-time-canonical,37,34,-1.241320409756176e-12
tangent-time-canonical,37,35,4.4469894244811994e-14
tangent-time-canonical,37,36,-1.3456872193780759e-13
tangent-time-canonical,37,37,1.122263927762446e-14
tangent-time-canonical,37,38,-1.2465463653602485e-12
tangent-time-canonical,37,39,9.47939916002417e-14
tangent-time-canonical,37,40,7.29364491563395e-15
tangent-time-canonical,37,41,6.10884804166477e-16
tangent-time-canonical,37,42,1.2969518914444843e-13
tangent-time-canonical,37,43,3.125709570579342e-15
tangent-time-canonical,37,44,9.847448850516526e-15
tangent-time-canonical,37,45,2.615369663248139e-15
tangent-time-canonical,37,46,1.6822534942376359e-13
tangent-time-canonical,37,47,1.9800682761448502e-14
tangent-time-canonical,37,48,4.739840980751366e-15
tangent-time-canonical,37,49,-1.3936000549151933e-15
tangent-time-canonical,37,50,9.1165028865133e-14
tangent-time-canonical,37,51,-1.3549263620290072e-14
tangent-time-canonical,37,52,8.57054688307525e-15
tangent-time-canonical,37,53,1.613127233707313e-15
tangent-time-canonical,37,54,1.4896026928410592e-13
tangent-time-canonical,37,55,1.1463196166013835e-14
tangent-time-canonical,37,56,9.592068457028315e-15
tangent-time-canonical,37,57,2.4149211773400095e-15
tangent-time-canonical,37,58,1.6437233339583272e-13
tangent-time-canonical,37,59,1.8133185442362176e-14
tangent-time-canonical,38,0,-2.498636521989617e-11
tangent-time-canonical,38,1,-1.4332814696286426e-13
tangent-time-canonical,38,2,-2.4348020179761607e-10
tangent-time-canonical,38,3,-1.004088831861972e-12
tangent-time-canonical,38,4,-2.463841831448712e-11
tangent-time-canonical,38,5,-1.3833817706456285e-12
tangent-time-canonical,38,6,-2.308425520192628e-10
tangent-time-canonical,38,7,-1.424411551313403e-11
tangent-time-canonical,38,8,-2.5334312125305257e-11
tangent-time-canonical,38,9,1.0967254767198544e-12
tangent-time-canonical,38,10,-2.5611785157597007e-10
tangent-time-canonical,38,11,1.2235937849409461e-11
tangent-time-canonical,38,12,-2.4812391767191636e-11
tangent-time-canonical,38,13,-7.633549588042319e-13
tangent-time-canonical,38,14,-2.371613769084392e-10
tangent-time-canonical,38,15,-7.62410217249779e-12
tangent-time-canonical,38,16,-2.4673213005028028e-11
tangent-time-canonical,38,17,-1.2593764082773476e-12
tangent-time-canonical,38,18,-2.3210631699709667e-10
tangent-time-canonical,38,19,-1.2920112845005362e-11
tangent-time-canonical,38,20,2.267029057822607e-11
tangent-time-canonical,38,21,6.464098594286894e-14
tangent-time-canonical,38,22,1.9865154096180994e-10
tangent-time-canonical,38,23,1.0044570937472718e-12
tangent-time-canonical,38,24,2.2916745430297947e-11
tangent-time-canonical,38,25,-1.3922338488383658e-12
tangent-time-canonical,38,26,2.0160227486331366e-10
tangent-time-canonical,38,27,-1.1949521660093274e-11
tangent-time-canonical,38,28,2.2423835726154168e-11
tangent-time-canonical,38,29,1.5215158207240742e-12
tangent-time-canonical,38,30,1.9570080706030616e-10
tangent-time-canonical,38,31,1.395843584758773e-11
tangent-time-canonical,38,32,2.2793518004261988e-11
tangent-time-canonical,38,33,-6.63796431447767e-13
tangent-time-canonical,38,34,2.001269079125618e-10
tangent-time-canonical,38,35,-5.472532283172977e-12
tangent-time-canonical,38,36,2.2892099945090754e-11
tangent-time-canonical,38,37,-1.2465463653602485e-12
tangent-time-canonical,38,38,2.0130720147316368e-10
tangent-time-canonical,38,39,-1.0654123784708851e-11
tangent-time-canonical,38,40,-1.2193098140392713e-12
tangent-time-canonical,38,41,-5.2669745309794475e-14
tangent-time-canonical,38,42,-2.304364609290467e-11
tangent-time-canonical,38,43,-3.44435956599558e-13
tangent-time-canonical,38,44,-1.4813585518018785e-12
tangent-time-canonical,38,45,-2.313074328121972e-13
tangent-time-canonical,38,46,-2.69482442223126e-11
tangent-time-canonical,38,47,-1.9499699545538e-12
tangent-time-canonical,38,48,-9.572610762766635e-13
tangent-time-canonical,38,49,1.2596794219260802e-13
tangent-time-canonical,38,50,-1.9139047963496682e-11
tangent-time-canonical,38,51,1.2610980413547412e-12
tangent-time-canonical,38,52,-1.350334182920576e-12
tangent-time-canonical,38,53,-1.4198858906099627e-13
tangent-time-canonical,38,54,-2.4995945157608615e-11
tangent-time-canonical,38,55,-1.147202955576663e-12
tangent-time-canonical,38,56,-1.455153678025627e-12
tangent-time-canonical,38,57,-2.1344366406196569e-13
tangent-time-canonical,38,58,-2.6557784409371857e-11
tangent-time-canonical,38,59,-1.7894165547584234e-12
tangent-time-canonical,39,0,2.3306561575587113e-12
tangent-time-canonical,39,1,4.683182337572032e-15
tangent-time-canonical,39,2,2.228914775689053e-11
tangent-time-canonical,39,3,5.504840550121129e-14
tangent-time-canonical,39,4,2.4278556150877493e-12
tangent-time-canonical,39,5,9.041031243402424e-14
tangent-time-canonical,39,6,2.271788594994584e-11
tangent-time-canonical,39,7,8.858369855493636e-13
tangent-time-canonical,39,8,2.2334567000296757e-12
tangent-time-canonical,39,9,-8.104394775887838e-14
tangent-time-canonical,39,10,2.1860409563835247e-11
tangent-time-canonical,39,11,-7.757401745469226e-13
tangent-time-canonical,39,12,2.3792558863232295e-12
tangent-time-canonical,39,13,4.7546747385796454e-14
tangent-time-canonical,39,14,2.2503516853418178e-11
tangent-time-canonical,39,15,4.704426955252779e-13
tangent-time-canonical,39,16,2.4181356693348407e-12
tangent-time-canonical,39,17,8.183759942437389e-14
tangent-time-canonical,39,18,2.2675012130640255e-11
tangent-time-canonical,39,19,8.027581275444976e-13
tangent-time-canonical,39,20,-1.1597344834700915e-12
tangent-time-canonical,39,21,-1.5123167893374436e-14
tangent-time-canonical,39,22,-1.0507700763465904e-11
tangent-time-canonical,39,23,-1.651565663556172e-13
tangent-time-canonical,39,24,-1.1609400192017354e-12
tangent-time-canonical,39,25,1.070070093217571e-13
tangent-time-canonical,39,26,-1.0670393009291377e-11
tangent-time-canonical,39,27,9.110184779452004e-13
tangent-time-canonical,39,28,-1.1585289477384463e-12
tangent-time-canonical,39,29,-1.3725334510850484e-13
tangent-time-canonical,39,30,-1.0345008517640434e-11
tangent-time-canonical,39,31,-1.2413316106564388e-12
tangent-time-canonical,39,32,-1.1603372513359121e-12
tangent-time-canonical,39,33,4.594192071419257e-14
tangent-time-canonical,39,34,-1.058904688637864e-11
tangent-time-canonical,39,35,3.729309557947906e-13
tangent-time-canonical,39,36,-1.1608194656285734e-12
tangent-time-canonical,39,37,9.47939916002417e-14
tangent-time-canonical,39,38,-1.0654123784708851e-11
tangent-time-canonical,39,39,8.03400973515098e-13
tangent-time-canonical,39,40,5.4993991752823576e-14
tangent-time-canonical,39,41,3.746254062423983e-15
tangent-time-canonical,39,42,1.0467698528176436e-12
tangent-time-canonical,39,43,1.6187264092297482e-14
tangent-time-canonical,39,44,7.64017375626879e-14
tangent-time-canonical,39,45,2.086291965951755e-14
tangent-time-canonical,39,46,1.3697464091020009e-12
tangent-time-canonical,39,47,1.6112446156207372e-13
tangent-time-canonical,39,48,3.35862459429592e-14
tangent-time-canonical,39,49,-1.3370411534669655e-14
tangent-time-canonical,39,50,7.237932965332838e-13
tangent-time-canonical,39,51,-1.2874993337748096e-13
tangent-time-canonical,39,52,6.569786465775584e-14
tangent-time-canonical,39,53,1.2304586860970805e-14
tangent-time-canonical,39,54,1.2082581309598214e-12
tangent-time-canonical,39,55,8.865586282718479e-14
tangent-time-canonical,39,56,7.426096298170189e-14
tangent-time-canonical,39,57,1.9151253099808525e-14
tangent-time-canonical,39,58,1.3374487534735703e-12
tangent-time-canonical,39,59,1.466307418151008e-13
tangent-time-canonical,40,0,6.489689475960531e-13
tangent-time-canonical,40,1,-1.1994888640558201e-14
tangent-time-canonical,40,2,7.516228605726503e-12
tangent-time-canonical,40,3,-1.1274456024113975e-13
tangent-time-canonical,40,4,5.919113175750107e-13
tangent-time-canonical,40,5,2.496480306752097e-14
tangent-time-canonical,40,6,6.869590841157828e-12
tangent-time-canonical,40,7,2.315317927487222e-13
tangent-time-canonical,40,8,7.060265776170927e-13
tangent-time-canonical,40,9,-4.8954580348639915e-14
tangent-time-canonical,40,10,8.162866370295171e-12
tangent-time-canonical,40,11,-4.570209132310076e-13
tangent-time-canonical,40,12,6.204401325855328e-13
tangent-time-canonical,40,13,6.484957213482091e-15
tangent-time-canonical,40,14,7.192909723442187e-12
tangent-time-canonical,40,15,5.939361625381408e-14
tangent-time-canonical,40,16,5.976170805771126e-13
tangent-time-canonical,40,17,2.1268833896710408e-14
tangent-time-canonical,40,18,6.934254617614717e-12
tangent-time-canonical,40,19,1.9710415744975862e-13
tangent-time-canonical,40,20,-1.9527877163591653e-13
tangent-time-canonical,40,21,-1.6281415742544834e-15
tangent-time-canonical,40,22,-1.454336638730009e-12
tangent-time-canonical,40,23,-2.4899165716602245e-14
tangent-time-canonical,40,24,-1.6784142568900473e-13
tangent-time-canonical,40,25,8.28495452561834e-15
tangent-time-canonical,40,26,-1.193195722406991e-12
tangent-time-canonical,40,27,6.387100924940384e-14
tangent-time-canonical,40,28,-2.2271611758282805e-13
tangent-time-canonical,40,29,-1.1541237674127175e-14
tangent-time-canonical,40,30,-1.7154775550530263e-12
tangent-time-canonical,40,31,-1.1366934068260842e-13
tangent-time-canonical,40,32,-1.815600986624606e-13
tangent-time-canonical,40,33,3.3284064756818707e-15
tangent-time-canonical,40,34,-1.3237661805684992e-12
tangent-time-canonical,40,35,1.948592176640056e-14
tangent-time-canonical,40,36,-1.7058516028369308e-13
tangent-time-canonical,40,37,7.29364491563395e-15
tangent-time-canonical,40,38,-1.2193098140392713e-12
tangent-time-canonical,40,39,5.4993991752823576e-14
tangent-time-canonical,40,40,1.588392274354955e-13
tangent-time-canonical,40,41,1.5766969023189464e-14
tangent-time-canonical,40,42,1.256327293468596e-12
tangent-time-canonical,40,43,1.1825193999068294e-13
tangent-time-canonical,40,44,1.6832164228124616e-13
tangent-time-canonical,40,45,1.2806841595736532e-14
tangent-time-canonical,40,46,1.3713967094817798e-12
tangent-time-canonical,40,47,9.675078231577498e-14
tangent-time-canonical,40,48,1.4935681258974487e-13
tangent-time-canonical,40,49,1.8727096450642297e-14
tangent-time-canonical,40,50,1.1412578774554104e-12
tangent-time-canonical,40,51,1.397530976655903e-13
tangent-time-canonical,40,52,1.6358043485837092e-13
tangent-time-canonical,40,53,1.4286905309463084e-14
tangent-time-canonical,40,54,1.313862001475188e-12
tangent-time-canonical,40,55,1.0750136115322876e-13
tangent-time-canonical,40,56,1.6737340079667138e-13
tangent-time-canonical,40,57,1.3102854338482053e-14
tangent-time-canonical,40,58,1.3598897678804658e-12
tangent-time-canonical,40,59,9.890089808327e-14
tangent-time-canonical,41,0,1.0892545255710639e-13
tangent-time-canonical,41,1,-3.267894174942041e-15
tangent-time-canonical,41,2,1.2930376776778458e-12
tangent-time-canonical,41,3,-3.0397143944926854e-14
tangent-time-canonical,41,4,1.0611743935773005e-13
tangent-time-canonical,41,5,5.215048324413277e-15
tangent-time-canonical,41,6,1.260983087556684e-12
tangent-time-canonical,41,7,5.19913693218617e-14
tangent-time-canonical,41,8,1.1173346575648228e-13
tangent-time-canonical,41,9,-1.1750836674297827e-14
tangent-time-canonical,41,10,1.3250922677990071e-12
tangent-time-canonical,41,11,-1.1278565721171518e-13
tangent-time-canonical,41,12,1.0752144595741826e-13
tangent-time-canonical,41,13,9.735770747356433e-16
tangent-time-canonical,41,14,1.2770103826172688e-12
tangent-time-canonical,41,15,1.0797112688471545e-14
tangent-time-canonical,41,16,1.063982406776676e-13
tangent-time-canonical,41,17,4.366754074477645e-15
tangent-time-canonical,41,18,1.264188546568807e-12
tangent-time-canonical,41,19,4.375251799518991e-14
tangent-time-canonical,41,20,-1.0267057169735025e-14
tangent-time-canonical,41,21,1.3738636056366389e-15
tangent-time-canonical,41,22,-9.352871582215566e-14
tangent-time-canonical,41,23,1.0297706534159795e-14
tangent-time-canonical,41,24,-5.742089914323858e-15
tangent-time-canonical,41,25,5.261093817806608e-16
tangent-time-canonical,41,26,-4.8129859697310876e-14
tangent-time-canonical,41,27,3.018314898897012e-15
tangent-time-canonical,41,28,-1.4792024425146176e-14
tangent-time-canonical,41,29,2.221617829492601e-15
tangent-time-canonical,41,30,-1.3892757194700026e-13
tangent-time-canonical,41,31,1.7577098169422856e-14
tangent-time-canonical,41,32,-8.004573542029516e-15
tangent-time-canonical,41,33,9.499864937085778e-16
tangent-time-canonical,41,34,-7.082928775973343e-14
tangent-time-canonical,41,35,6.658010716528204e-15
tangent-time-canonical,41,36,-6.194586639864763e-15
tangent-time-canonical,41,37,6.10884804166477e-16
tangent-time-canonical,41,38,-5.2669745309794475e-14
tangent-time-canonical,41,39,3.746254062423983e-15
tangent-time-canonical,41,40,1.5766969023189464e-14
tangent-time-canonical,41,41,2.698387008166555e-15
tangent-time-canonical,41,42,1.1507355474315671e-13
tangent-time-canonical,41,43,1.964142355853362e-14
tangent-time-canonical,41,44,1.7145158170727258e-14
tangent-time-canonical,41,45,2.2075576083146124e-15
tangent-time-canonical,41,46,1.3102542593163815e-13
tangent-time-canonical,41,47,1.4845909981734657e-14
tangent-time-canonical,41,48,1.438877987565165e-14
tangent-time-canonical,41,49,3.1892164080184706e-15
tangent-time-canonical,41,50,9.912168355467528e-14
tangent-time-canonical,41,51,2.443693713533272e-14
tangent-time-canonical,41,52,1.6456063596958366e-14
tangent-time-canonical,41,53,2.452972308240595e-15
tangent-time-canonical,41,54,1.2304949033739744e-13
tangent-time-canonical,41,55,1.72436667701341e-14
tangent-time-canonical,41,56,1.7007339255973503e-14
tangent-time-canonical,41,57,2.2566405482998255e-15
tangent-time-canonical,41,58,1.2943023881279053e-13
tangent-time-canonical,41,59,1.5325461339415034e-14
tangent-time-canonical,42,0,7.556815614640915e-12
tangent-time-canonical,42,1,-5.991479443184105e-14
tangent-time-canonical,42,2,8.089707816943392e-11
tangent-time-canonical,42,3,-5.51828007951997e-13
tangent-time-canonical,42,4,6.949914546519656e-12
tangent-time-canonical,42,5,2.496853292663995e-13
tangent-time-canonical,42,6,7.326883172088863e-11
tangent-time-canonical,42,7,2.293468312614087e-12
tangent-time-canonical,42,8,8.163716682762158e-12
tangent-time-canonical,42,9,-3.695149181300993e-13
tangent-time-canonical,42,10,8.852532461797918e-11
tangent-time-canonical,42,11,-3.3971243285180755e-12
tangent-time-canonical,42,12,7.25336508058029e-12
tangent-time-canonical,42,13,9.48852674172823e-14
tangent-time-canonical,42,14,7.708295494516139e-11
tangent-time-canonical,42,15,8.70820152331159e-13
tangent-time-canonical,42,16,7.010604653331763e-12
tangent-time-canonical,42,17,2.187253168965544e-13
tangent-time-canonical,42,18,7.403165636574317e-11
tangent-time-canonical,42,19,2.008938680557495e-12
tangent-time-canonical,42,20,-2.8586460033569847e-12
tangent-time-canonical,42,21,-1.6416877366874088e-14
tangent-time-canonical,42,22,-2.4724189257878074e-11
tangent-time-canonical,42,23,-2.570743540918979e-13
tangent-time-canonical,42,24,-2.636376423240136e-12
tangent-time-canonical,42,25,1.4592986320123117e-13
tangent-time-canonical,42,26,-2.2856919074574514e-11
tangent-time-canonical,42,27,1.1916414313629372e-12
tangent-time-canonical,42,28,-3.080915583473827e-12
tangent-time-canonical,42,29,-1.7876361793497608e-13
tangent-time-canonical,42,30,-2.6591459441181608e-11
tangent-time-canonical,42,31,-1.7057901395467145e-12
tangent-time-canonical,42,32,-2.7475112132985594e-12
tangent-time-canonical,42,33,6.475649291717789e-14
tangent-time-canonical,42,34,-2.3790554166226296e-11
tangent-time-canonical,42,35,4.672835386355054e-13
tangent-time-canonical,42,36,-2.658603381251794e-12
tangent-time-canonical,42,37,1.2969518914444843e-13
tangent-time-canonical,42,38,-2.304364609290467e-11
tangent-time-canonical,42,39,1.0467698528176436e-12
tangent-time-canonical,42,40,1.256327293468596e-12
tangent-time-canonical,42,41,1.1507355474315671e-13
tangent-time-canonical,42,42,1.204699924447001e-11
tangent-time-canonical,42,43,8.710201910660908e-13
tangent-time-canonical,42,44,1.3403709415086091e-12
tangent-time-canonical,42,45,1.1079125660471565e-13
tangent-time-canonical,42,46,1.3193260570657212e-11
tangent-time-canonical,42,47,8.769703984091669e-13
tangent-time-canonical,42,48,1.1722836454285823e-12
tangent-time-canonical,42,49,1.1935585288159737e-13
tangent-time-canonical,42,50,1.0900737918282795e-11
tangent-time-canonical,42,51,8.650699837230058e-13
tangent-time-canonical,42,52,1.2983491174886032e-12
tangent-time-canonical,42,53,1.1293240567393685e-13
tangent-time-canonical,42,54,1.262012990756361e-11
tangent-time-canonical,42,55,8.739952947376268e-13
tangent-time-canonical,42,56,1.331966576704611e-12
tangent-time-canonical,42,57,1.1121948641856236e-13
tangent-time-canonical,42,58,1.3078634438038526e-11
tangent-time-canonical,42,59,8.763753776748929e-13
tangent-time-canonical,43,0,7.469918881488892e-13
tangent-time-canonical,43,1,-2.303598576826296e-14
tangent-time-canonical,43,2,8.945815908292733e-12
tangent-time-canonical,43,3,-2.133709070166395e-13
tangent-time-canonical,43,4,7.211031334888631e-13
tangent-time-canonical,43,5,3.6936139859531066e-14
tangent-time-canonical,43,6,8.661805520265352e-12
tangent-time-canonical,43,7,3.674632239344486e-13
tangent-time-canonical,43,8,7.728806428089124e-13
tangent-time-canonical,43,9,-8.300811139606031e-14
tangent-time-canonical,43,10,9.229826296320114e-12
tangent-time-canonical,43,11,-7.942050379677256e-13
tangent-time-canonical,43,12,7.340475108188763e-13
tangent-time-canonical,43,13,6.950077045634243e-15
tangent-time-canonical,43,14,8.80381071427907e-12
tangent-time-canonical,43,15,7.704615845893435e-14
tangent-time-canonical,43,16,7.23692008954865e-13
tangent-time-canonical,43,17,3.093892729675099e-14
tangent-time-canonical,43,18,8.690206559068143e-12
tangent-time-canonical,43,19,3.093798108393928e-13
tangent-time-canonical,43,20,-6.96599369483578e-14
tangent-time-canonical,43,21,1.033758422697184e-14
tangent-time-canonical,43,22,-6.551520074864271e-13
tangent-time-canonical,43,23,7.799227599218865e-14
tangent-time-canonical,43,24,-3.558303720816924e-14
tangent-time-canonical,43,25,2.3243901643114608e-15
tangent-time-canonical,43,26,-3.099119509454699e-13
tangent-time-canonical,43,27,9.320040547857883e-15
tangent-time-canonical,43,28,-1.0373683668854623e-13
tangent-time-canonical,43,29,1.835077828963213e-14
tangent-time-canonical,43,30,-1.0003920640273814e-12
tangent-time-canonical,43,31,1.4666451143652183e-13
tangent-time-canonical,43,32,-5.262148707826408e-14
tangent-time-canonical,43,33,6.330987195641115e-15
tangent-time-canonical,43,34,-4.825319792159497e-13
tangent-time-canonical,43,35,4.3656158270021803e-14
tangent-time-canonical,43,36,-3.899072718218635e-14
tangent-time-canonical,43,37,3.125709570579342e-15
tangent-time-canonical,43,38,-3.44435956599558e-13
tangent-time-canonical,43,39,1.6187264092297482e-14
tangent-time-canonical,43,40,1.1825193999068294e-13
tangent-time-canonical,43,41,1.964142355853362e-14
tangent-time-canonical,43,42,8.710201910660908e-13
tangent-time-canonical,43,43,1.438205512968517e-13
tangent-time-canonical,43,44,1.279066293653714e-13
tangent-time-canonical,43,45,1.567907547863059e-14
tangent-time-canonical,43,46,9.808147283961066e-13
tangent-time-canonical,43,47,1.0641092991435363e-13
tangent-time-canonical,43,48,1.0859725061599432e-13
tangent-time-canonical,43,49,2.360377163843645e-14
tangent-time-canonical,43,50,7.612256537360751e-13
tangent-time-canonical,43,51,1.8123017267935075e-13
tangent-time-canonical,43,52,1.230792846780272e-13
tangent-time-canonical,43,53,1.7660249518582183e-14
tangent-time-canonical,43,54,9.259174597310984e-13
tangent-time-canonical,43,55,1.2511574060560242e-13
tangent-time-canonical,43,56,1.2694116042790272e-13
tangent-time-canonical,43,57,1.607531028662103e-14
tangent-time-canonical,43,58,9.698352746631088e-13
tangent-time-canonical,43,59,1.1015189205260705e-13
tangent-time-canonical,44,0,7.67617428877411e-13
tangent-time-canonical,44,1,-1.4872443455085528e-14
tangent-time-canonical,44,2,8.834823952458283e-12
tangent-time-canonical,44,3,-1.4126232722126106e-13
tangent-time-canonical,44,4,7.127637942112579e-13
tangent-time-canonical,44,5,3.108687905952932e-14
tangent-time-canonical,44,6,8.191090605801812e-12
tangent-time-canonical,44,7,2.932627823343387e-13
tangent-time-canonical,44,8,8.224710635435613e-13
tangent-time-canonical,44,9,-6.083176596970309e-14
tangent-time-canonical,44,10,9.478557299114746e-12
tangent-time-canonical,44,11,-5.757874367768667e-13
tangent-time-canonical,44,12,7.401906115443352e-13
tangent-time-canonical,44,13,8.107217802222607e-15
tangent-time-canonical,44,14,8.51295727913007e-12
tangent-time-canonical,44,15,7.600022755656312e-14
tangent-time-canonical,44,16,7.182491576778708e-13
tangent-time-canonical,44,17,2.6490946808065203e-14
tangent-time-canonical,44,18,8.255463940467481e-12
tangent-time-canonical,44,19,2.4981027137880243e-13
tangent-time-canonical,44,20,-2.2833877807210746e-13
tangent-time-canonical,44,21,-1.789367759397252e-15
tangent-time-canonical,44,22,-1.7230765489934197e-12
tangent-time-canonical,44,23,-2.7687779953197402e-14
tangent-time-canonical,44,24,-1.9946604056877357e-13
tangent-time-canonical,44,25,1.114042847383709e-14
tangent-time-canonical,44,26,-1.4545009965583984e-12
tangent-time-canonical,44,27,8.796723950887446e-14
tangent-time-canonical,44,28,-2.5721151557544084e-13
tangent-time-canonical,44,29,-1.4719163992631432e-14
tangent-time-canonical,44,30,-1.991652101428441e-12
tangent-time-canonical,44,31,-1.4334279941526946e-13
tangent-time-canonical,44,32,-2.1390240932044054e-13
tangent-time-canonical,44,33,4.675530357219854e-15
tangent-time-canonical,44,34,-1.5887887727759087e-12
tangent-time-canonical,44,35,3.0139729777838237e-14
tangent-time-canonical,44,36,-2.0235331431910422e-13
tangent-time-canonical,44,37,9.847448850516526e-15
tangent-time-canonical,44,38,-1.4813585518018785e-12
tangent-time-canonical,44,39,7.64017375626879e-14
tangent-time-canonical,44,40,1.6832164228124616e-13
tangent-time-canonical,44,41,1.7145158170727258e-14
tangent-time-canonical,44,42,1.3403709415086091e-12
tangent-time-canonical,44,43,1.279066293653714e-13
tangent-time-canonical,44,44,1.7918332929132737e-13
tangent-time-canonical,44,45,1.4409457627710057e-14
tangent-time-canonical,44,46,1.4738680895473633e-12
tangent-time-canonical,44,47,1.085409407275099e-13
tangent-time-canonical,44,48,1.5745995527116487e-13
tangent-time-canonical,44,49,1.9880858713744333e-14
tangent-time-canonical,44,50,1.2068737934698534e-12
tangent-time-canonical,44,51,1.472723180032323e-13
tangent-time-canonical,44,52,1.7375248578628686e-13
tangent-time-canonical,44,53,1.5777307899218746e-14
tangent-time-canonical,44,54,1.407119515527986e-12
tangent-time-canonical,44,55,1.182237850464404e-13
tangent-time-canonical,44,56,1.7809716059031953e-13
tangent-time-canonical,44,57,1.468302768201203e-14
tangent-time-canonical,44,58,1.4605183747434924e-12
tangent-time-canonical,44,59,1.1047750959130057e-13
tangent-time-canonical,45,0,1.5629026597504044e-13
tangent-time-canonical,45,1,-2.5721653636009747e-15
tangent-time-canonical,45,2,1.6885921549561003e-12
tangent-time-canonical,45,3,-2.329238995988385e-14
tangent-time-canonical,45,4,1.5680361112079499e-13
tangent-time-canonical,45,5,5.853089554533585e-15
tangent-time-canonical,45,6,1.6770659350690284e-12
tangent-time-canonical,45,7,5.699851524063762e-14
tangent-time-canonical,45,8,1.5577692082928551e-13
tangent-time-canonical,45,9,-1.0997420281735916e-14
tangent-time-canonical,45,10,1.7001183748431724e-12
tangent-time-canonical,45,11,-1.03583295160405e-13
tangent-time-canonical,45,12,1.5654693854791768e-13
tangent-time-canonical,45,13,1.6404620954662736e-15
tangent-time-canonical,45,14,1.682829045012567e-12
tangent-time-canonical,45,15,1.685306264037979e-14
tangent-time-canonical,45,16,1.567522766062193e-13
tangent-time-canonical,45,17,5.010564062719871e-15
tangent-time-canonical,45,18,1.6782185570577395e-12
tangent-time-canonical,45,19,4.8969424720589855e-14
tangent-time-canonical,45,20,-2.7292809334421462e-14
tangent-time-canonical,45,21,6.410074785592114e-16
tangent-time-canonical,45,22,-2.5986644374639724e-13
tangent-time-canonical,45,23,3.5079201082315786e-15
tangent-time-canonical,45,24,-2.3490821231848375e-14
tangent-time-canonical,45,25,2.8347432393245704e-15
tangent-time-canonical,45,26,-2.2813420937506454e-13
tangent-time-canonical,45,27,2.2791252942993328e-14
tangent-time-canonical,45,28,-3.109479743699453e-14
tangent-time-canonical,45,29,-1.5527282822061529e-15
tangent-time-canonical,45,30,-2.915986781177299e-13
tangent-time-canonical,45,31,-1.5775412726530105e-14
tangent-time-canonical,45,32,-2.5391815283134963e-14
tangent-time-canonical,45,33,1.7378753589418476e-15
tangent-time-canonical,45,34,-2.440003265607311e-13
tangent-time-canonical,45,35,1.3149586525612193e-14
tangent-time-canonical,45,36,-2.3871020042105595e-14
tangent-time-canonical,45,37,2.615369663248139e-15
tangent-time-canonical,45,38,-2.313074328121972e-13
tangent-time-canonical,45,39,2.086291965951755e-14
tangent-time-canonical,45,40,1.2806841595736532e-14
tangent-time-canonical,45,41,2.2075576083146124e-15
tangent-time-canonical,45,42,1.1079125660471565e-13
tangent-time-canonical,45,43,1.567907547863059e-14
tangent-time-canonical,45,44,1.4409457627710057e-14
tangent-time-canonical,45,45,2.3115173764452545e-15
tangent-time-canonical,45,46,1.3194619051744159e-13
tangent-time-canonical,45,47,1.588416953015719e-14
tangent-time-canonical,45,48,1.1204225563762988e-14
tangent-time-canonical,45,49,2.1035978401839475e-15
tangent-time-canonical,45,50,8.963632269198971e-14
tangent-time-canonical,45,51,1.5473981427104076e-14
tangent-time-canonical,45,52,1.3608149611723305e-14
tangent-time-canonical,45,53,2.2595374923799426e-15
tangent-time-canonical,45,54,1.2136872356107857e-13
tangent-time-canonical,45,55,1.5781622504393852e-14
tangent-time-canonical,45,56,1.4249196024512734e-14
tangent-time-canonical,45,57,2.3011213996322105e-15
tangent-time-canonical,45,58,1.2983069712616946e-13
tangent-time-canonical,45,59,1.586366012500499e-14
tangent-time-canonical,46,0,9.315200472454687e-12
tangent-time-canonical,46,1,-9.331987344139988e-14
tangent-time-canonical,46,2,9.983691305916229e-11
tangent-time-canonical,46,3,-8.836456869506996e-13
tangent-time-canonical,46,4,8.733364837809052e-12
tangent-time-canonical,46,5,3.2549664368367985e-13
tangent-time-canonical,46,6,9.215092029462343e-11
tangent-time-canonical,46,7,3.0476735240063405e-12
tangent-time-canonical,46,8,9.8970361071003e-12
tangent-time-canonical,46,9,-5.121363905664996e-13
tangent-time-canonical,46,10,1.0752290582370114e-10
tangent-time-canonical,46,11,-4.8149648979077354e-12
tangent-time-canonical,46,12,9.024282655131872e-12
tangent-time-canonical,46,13,1.1608838512114298e-13
tangent-time-canonical,46,14,9.599391667689299e-11
tangent-time-canonical,46,15,1.0820139185279472e-12
tangent-time-canonical,46,16,8.791548401273593e-12
tangent-time-canonical,46,17,2.8361499197114985e-13
tangent-time-canonical,46,18,9.291951957107731e-11
tangent-time-canonical,46,19,2.654541602910649e-12
tangent-time-canonical,46,20,-3.3334236636431905e-12
tangent-time-canonical,46,21,-2.205464748411278e-14
tangent-time-canonical,46,22,-2.8661572517488512e-11
tangent-time-canonical,46,23,-3.247512413654088e-13
tangent-time-canonical,46,24,-3.0952247695383616e-12
tangent-time-canonical,46,25,1.8936757130238603e-13
tangent-time-canonical,46,26,-2.6757874411737723e-11
tangent-time-canonical,46,27,1.558023925820384e-12
tangent-time-canonical,46,28,-3.571622557748013e-12
tangent-time-canonical,46,29,-2.33476866270608e-13
tangent-time-canonical,46,30,-3.056527062323928e-11
tangent-time-canonical,46,31,-2.2075264085511847e-12
tangent-time-canonical,46,32,-3.2143242165907765e-12
tangent-time-canonical,46,33,8.365646190913592e-14
tangent-time-canonical,46,34,-2.7709723464613125e-11
tangent-time-canonical,46,35,6.16636342227472e-13
tangent-time-canonical,46,36,-3.119044658948818e-12
tangent-time-canonical,46,37,1.6822534942376359e-13
tangent-time-canonical,46,38,-2.69482442223126e-11
tangent-time-canonical,46,39,1.3697464091020009e-12
tangent-time-canonical,46,40,1.3713967094817798e-12
tangent-time-canonical,46,41,1.3102542593163815e-13
tangent-time-canonical,46,42,1.3193260570657212e-11
tangent-time-canonical,46,43,9.808147283961066e-13
tangent-time-canonical,46,44,1.4738680895473633e-12
tangent-time-canonical,46,45,1.3194619051744159e-13
tangent-time-canonical,46,46,1.460018454886243e-11
tangent-time-canonical,46,47,1.0330719289814483e-12
tangent-time-canonical,46,48,1.268925329416196e-12
tangent-time-canonical,46,49,1.3010466134583413e-13
tangent-time-canonical,46,50,1.1786336592451976e-11
tangent-time-canonical,46,51,9.285575278107557e-13
tangent-time-canonical,46,52,1.4226323995145721e-12
tangent-time-canonical,46,53,1.3148580822454064e-13
tangent-time-canonical,46,54,1.3896722559759818e-11
tangent-time-canonical,46,55,1.0069433286887748e-12
tangent-time-canonical,46,56,1.4636209515408084e-12
tangent-time-canonical,46,57,1.318541140588642e-13
tangent-time-canonical,46,58,1.4459492151041949e-11
tangent-time-canonical,46,59,1.0278462089229513e-12
tangent-time-canonical,47,0,1.1184841306713808e-12
tangent-time-canonical,47,1,-2.085347898914875e-14
tangent-time-canonical,47,2,1.2161305631028203e-11
tangent-time-canonical,47,3,-1.9385137249707434e-13
tangent-time-canonical,47,4,1.1218885348965027e-12
tangent-time-canonical,47,5,4.8052138445182754e-14
tangent-time-canonical,47,6,1.2045468905554143e-11
tangent-time-canonical,47,7,4.709600968285165e-13
tangent-time-canonical,47,8,1.1150797264462566e-12
tangent-time-canonical,47,9,-8.975909642348253e-14
tangent-time-canonical,47,10,1.2277142356502263e-11
tangent-time-canonical,47,11,-8.586628418226633e-13
tangent-time-canonical,47,12,1.1201863327839414e-12
tangent-time-canonical,47,13,1.35993297280168e-14
tangent-time-canonical,47,14,1.2103387268291186e-11
tangent-time-canonical,47,15,1.3855436216573784e-13
tangent-time-canonical,47,16,1.1215480944739893e-12
tangent-time-canonical,47,17,4.116157670174853e-14
tangent-time-canonical,47,18,1.2057052578101574e-11
tangent-time-canonical,47,19,4.0447894989598523e-13
tangent-time-canonical,47,20,-2.2990545042602096e-13
tangent-time-canonical,47,21,2.67195620127858e-15
tangent-time-canonical,47,22,-2.1306584048170944e-12
tangent-time-canonical,47,23,8.41403423607063e-15
tangent-time-canonical,47,24,-2.0401271180974548e-13
tangent-time-canonical,47,25,2.1703874601466446e-14
tangent-time-canonical,47,26,-1.929893460080109e-12
tangent-time-canonical,47,27,1.780922868205111e-13
tangent-time-canonical,47,28,-2.557981890422962e-13
tangent-time-canonical,47,29,-1.635996219890913e-14
tangent-time-canonical,47,30,-2.331423349554079e-12
tangent-time-canonical,47,31,-1.6126421834836908e-13
tangent-time-canonical,47,32,-2.1695908111788349e-13
tangent-time-canonical,47,33,1.2187915401372242e-14
tangent-time-canonical,47,34,-2.030275932448603e-12
tangent-time-canonical,47,35,9.325316052828925e-14
tangent-time-canonical,47,36,-2.0660198567137222e-13
tangent-time-canonical,47,37,1.9800682761448502e-14
tangent-time-canonical,47,38,-1.9499699545538e-12
tangent-time-canonical,47,39,1.6112446156207372e-13
tangent-time-canonical,47,40,9.675078231577498e-14
tangent-time-canonical,47,41,1.4845909981734657e-14
tangent-time-canonical,47,42,8.769703984091669e-13
tangent-time-canonical,47,43,1.0641092991435363e-13
tangent-time-canonical,47,44,1.085409407275099e-13
tangent-time-canonical,47,45,1.588416953015719e-14
tangent-time-canonical,47,46,1.0330719289814483e-12
tangent-time-canonical,47,47,1.1474990453739422e-13
tangent-time-canonical,47,48,8.496062390403994e-14
tangent-time-canonical,47,49,1.3807650433311957e-14
tangent-time-canonical,47,50,7.208688678368849e-13
tangent-time-canonical,47,51,9.807195529131342e-14
tangent-time-canonical,47,52,1.0264586152164253e-13
tangent-time-canonical,47,53,1.5365039755945995e-14
tangent-time-canonical,47,54,9.550211636953075e-13
tangent-time-canonical,47,55,1.1058041722587356e-13
tangent-time-canonical,47,56,1.0736192488633665e-13
tangent-time-canonical,47,57,1.578034357531513e-14
tangent-time-canonical,47,58,1.017461775924224e-12
tangent-time-canonical,47,59,1.1391600707509363e-13
tangent-time-canonical,48,0,5.303204663146943e-13
tangent-time-canonical,48,1,-9.117333826030795e-15
tangent-time-canonical,48,2,6.1976332589947094e-12
tangent-time-canonical,48,3,-8.422679326101759e-14
tangent-time-canonical,48,4,4.710588409387626e-13
tangent-time-canonical,48,5,1.8842727075512495e-14
tangent-time-canonical,48,6,5.54809107651383e-12
tangent-time-canonical,48,7,1.6980080316310438e-13
tangent-time-canonical,48,8,5.895820916906235e-13
tangent-time-canonical,48,9,-3.7077394727576454e-14
tangent-time-canonical,48,10,6.847175441475582e-12
tangent-time-canonical,48,11,-3.3825438968514557e-13
tangent-time-canonical,48,12,5.006896536267293e-13
tangent-time-canonical,48,13,4.86269662474156e-15
tangent-time-canonical,48,14,5.8728621677542905e-12
tangent-time-canonical,48,15,4.278700495106486e-14
tangent-time-canonical,48,16,4.769850034763534e-13
tangent-time-canonical,48,17,1.6046720985355522e-14
tangent-time-canonical,48,18,5.613045294761939e-12
tangent-time-canonical,48,19,1.4439804352071376e-13
tangent-time-canonical,48,20,-1.622187651997255e-13
tangent-time-canonical,48,21,-1.4669153891117304e-15
tangent-time-canonical,48,22,-1.185596728466597e-12
tangent-time-canonical,48,23,-2.2110551480007218e-14
tangent-time-canonical,48,24,-1.362168108092356e-13
tangent-time-canonical,48,25,5.429480577399585e-15
tangent-time-canonical,48,26,-9.31890448255584e-13
tangent-time-canonical,48,27,3.9774778989933165e-14
tangent-time-canonical,48,28,-1.8822071959021498e-13
tangent-time-canonical,48,29,-8.363311355622946e-15
tangent-time-canonical,48,30,-1.4393030086776106e-12
tangent-time-canonical,48,31,-8.399588194994759e-14
tangent-time-canonical,48,32,-1.4921778800448057e-13
tangent-time-canonical,48,33,1.9812825941438765e-15
tangent-time-canonical,48,34,-1.0587435883610898e-12
tangent-time-canonical,48,35,8.832113754962785e-15
tangent-time-canonical,48,36,-1.3881700624828177e-13
tangent-time-canonical,48,37,4.739840980751366e-15
tangent-time-canonical,48,38,-9.572610762766635e-13
tangent-time-canonical,48,39,3.35862459429592e-14
tangent-time-canonical,48,40,1.4935681258974487e-13
tangent-time-canonical,48,41,1.438877987565165e-14
tangent-time-canonical,48,42,1.1722836454285823e-12
tangent-time-canonical,48,43,1.0859725061599432e-13
tangent-time-canonical,48,44,1.5745995527116487e-13
tangent-time-canonical,48,45,1.1204225563762988e-14
tangent-time-canonical,48,46,1.268925329416196e-12
tangent-time-canonical,48,47,8.496062390403994e-14
tangent-time-canonical,48,48,1.4125366990832478e-13
tangent-time-canonical,48,49,1.7573334187540236e-14
tangent-time-canonical,48,50,1.0756419614409675e-12
tangent-time-canonical,48,51,1.3223387732794814e-13
tangent-time-canonical,48,52,1.5340838393045492e-13
tangent-time-canonical,48,53,1.2796502719707396e-14
tangent-time-canonical,48,54,1.2206044874223892e-12
tangent-time-canonical,48,55,9.677893726001699e-14
tangent-time-canonical,48,56,1.5664964100302317e-13
tangent-time-canonical,48,57,1.1522680994952058e-14
tangent-time-canonical,48,58,1.2592611610174388e-12
tangent-time-canonical,48,59,8.732428657523929e-14
tangent-time-canonical,49,0,6.156063913917112e-14
tangent-time-canonical,49,1,-3.963622986283014e-15
tangent-time-canonical,49,2,8.974832003995738e-13
tangent-time-canonical,49,3,-3.750189792996892e-14
tangent-time-canonical,49,4,5.543126759466382e-14
tangent-time-canonical,49,5,4.577007094292847e-15
tangent-time-canonical,49,6,8.449002400443216e-13
tangent-time-canonical,49,7,4.698422340308444e-14
tangent-time-canonical,49,8,6.769001068367785e-14
tangent-time-canonical,49,9,-1.2504253066859425e-14
tangent-time-canonical,49,10,9.500661607548254e-13
tangent-time-canonical,49,11,-1.2198801926302208e-13
tangent-time-canonical,49,12,5.849595336691755e-14
tangent-time-canonical,49,13,3.0669205400499627e-16
tangent-time-canonical,49,14,8.711917202219531e-13
tangent-time-canonical,49,15,4.7411627365631e-15
tangent-time-canonical,49,16,5.6044204749114604e-14
tangent-time-canonical,49,17,3.7229440862353126e-15
tangent-time-canonical,49,18,8.501585360798566e-13
tangent-time-canonical,49,19,3.8535611269788865e-14
tangent-time-canonical,49,20,6.7586949949514835e-15
tangent-time-canonical,49,21,2.1067197327140547e-15
tangent-time-canonical,49,22,7.280901210208568e-14
tangent-time-canonical,49,23,1.7087492960087923e-14
tangent-time-canonical,49,24,1.2006641403200722e-14
tangent-time-canonical,49,25,-1.782524475763257e-15
tangent-time-canonical,49,26,1.3187448998044254e-13
tangent-time-canonical,49,27,-1.675462314519937e-14
tangent-time-canonical,49,28,1.5107485867022668e-15
tangent-time-canonical,49,29,5.9959639411913375e-15
tangent-time-canonical,49,30,1.3743534223729287e-14
tangent-time-canonical,49,31,5.09296090653757e-14
tangent-time-canonical,49,32,9.382668199075999e-15
tangent-time-canonical,49,33,1.6209762847529814e-16
tangent-time-canonical,49,34,1.0234175104126394e-13
tangent-time-canonical,49,35,1.6643490744413292e-16
tangent-time-canonical,49,36,1.1481846762376116e-14
tangent-time-canonical,49,37,-1.3936000549151933e-15
tangent-time-canonical,49,38,1.2596794219260802e-13
tangent-time-canonical,49,39,-1.3370411534669655e-14
tangent-time-canonical,49,40,1.8727096450642297e-14
tangent-time-canonical,49,41,3.1892164080184706e-15
tangent-time-canonical,49,42,1.1935585288159737e-13
tangent-time-canonical,49,43,2.360377163843645e-14
tangent-time-canonical,49,44,1.9880858713744333e-14
tangent-time-canonical,49,45,2.1035978401839475e-15
tangent-time-canonical,49,46,1.3010466134583413e-13
tangent-time-canonical,49,47,1.3807650433311957e-14
tangent-time-canonical,49,48,1.7573334187540236e-14
tangent-time-canonical,49,49,4.274834975852961e-15
tangent-time-canonical,49,50,1.0860704441736069e-13
tangent-time-canonical,49,51,3.339989284356114e-14
tangent-time-canonical,49,52,1.9303977582193324e-14
tangent-time-canonical,49,53,2.6464071241012213e-15
tangent-time-canonical,49,54,1.2473025711371571e-13
tangent-time-canonical,49,55,1.8705711035874168e-14
tangent-time-canonical,49,56,1.976548248743416e-14
tangent-time-canonical,49,57,2.212159696967416e-15
tangent-time-canonical,49,58,1.2902978049941097e-13
tangent-time-canonical,49,59,1.4787262553824904e-14
tangent-time-canonical,50,0,5.798430756827145e-12
tangent-time-canonical,50,1,-2.6509715422282326e-14
tangent-time-canonical,50,2,6.195724327970552e-11
tangent-time-canonical,50,3,-2.2001032895329504e-13
tangent-time-canonical,50,4,5.16646425523026e-12
tangent-time-canonical,50,5,1.738740148491189e-13
tangent-time-canonical,50,6,5.438674314715382e-11
tangent-time-canonical,50,7,1.5392631012218308e-12
tangent-time-canonical,50,8,6.430397258424013e-12
tangent-time-canonical,50,9,-2.2689344569369892e-13
tangent-time-canonical,50,10,6.952774341225723e-11
tangent-time-canonical,50,11,-1.9792837591284152e-12
tangent-time-canonical,50,12,5.482447506028707e-12
tangent-time-canonical,50,13,7.368214971342146e-14
tangent-time-canonical,50,14,5.817199321342977e-11
tangent-time-canonical,50,15,6.596263861343687e-13
tangent-time-canonical,50,16,5.229660905389929e-12
tangent-time-canonical,50,17,1.5383564182195858e-13
tangent-time-canonical,50,18,5.514379316040901e-11
tangent-time-canonical,50,19,1.3633357582043393e-12
tangent-time-canonical,50,20,-2.383868343070771e-12
tangent-time-canonical,50,21,-1.0779107249635216e-14
tangent-time-canonical,50,22,-2.078680599826757e-11
tangent-time-canonical,50,23,-1.8939746681838538e-13
tangent-time-canonical,50,24,-2.1775280769419026e-12
tangent-time-canonical,50,25,1.0249215510007596e-13
tangent-time-canonical,50,26,-1.8955963737411238e-11
tangent-time-canonical,50,27,8.252589369054872e-13
tangent-time-canonical,50,28,-2.590208609199635e-12
tangent-time-canonical,50,29,-1.2405036959934349e-13
tangent-time-canonical,50,30,-2.2617648259123883e-11
tangent-time-canonical,50,31,-1.2040538705422378e-12
tangent-time-canonical,50,32,-2.280698210006337e-12
tangent-time-canonical,50,33,4.58565239252198e-14
tangent-time-canonical,50,34,-1.9871384867839408e-11
tangent-time-canonical,50,35,3.1793073504353825e-13
tangent-time-canonical,50,36,-2.198162103554762e-12
tangent-time-canonical,50,37,9.1165028865133e-14
tangent-time-canonical,50,38,-1.9139047963496682e-11
tangent-time-canonical,50,39,7.237932965332838e-13
tangent-time-canonical,50,40,1.1412578774554104e-12
tangent-time-canonical,50,41,9.912168355467528e-14
tangent-time-canonical,50,42,1.0900737918282795e-11
tangent-time-canonical,50,43,7.612256537360751e-13
tangent-time-canonical,50,44,1.2068737934698534e-12
tangent-time-canonical,50,45,8.963632269198971e-14
tangent-time-canonical,50,46,1.1786336592451976e-11
tangent-time-canonical,50,47,7.208688678368849e-13
tangent-time-canonical,50,48,1.0756419614409675e-12
tangent-time-canonical,50,49,1.0860704441736069e-13
tangent-time-canonical,50,50,1.00151392441136e-11
tangent-time-canonical,50,51,8.015824396352565e-13
tangent-time-canonical,50,52,1.1740658354626324e-12
tangent-time-canonical,50,53,9.43790031233331e-14
tangent-time-canonical,50,54,1.1343537255367384e-11
tangent-time-canonical,50,55,7.410472607864786e-13
tangent-time-canonical,50,56,1.2003122018684116e-12
tangent-time-canonical,50,57,9.058485877826053e-14
tangent-time-canonical,50,58,1.169777672503509e-11
tangent-time-canonical,50,59,7.24904546426834e-13
tangent-time-canonical,51,0,3.754996456264007e-13
tangent-time-canonical,51,1,-2.5218492547377527e-14
tangent-time-canonical,51,2,5.730326185557306e-12
tangent-time-canonical,51,3,-2.3289044153620784e-13
tangent-time-canonical,51,4,3.2031773208122695e-13
tangent-time-canonical,51,5,2.582014127387951e-14
tangent-time-canonical,51,6,5.2781421349766144e-12
tangent-time-canonical,51,7,2.6396635104038217e-13
tangent-time-canonical,51,8,4.306815591715699e-13
tangent-time-canonical,51,9,-7.625712636863897e-14
tangent-time-canonical,51,10,6.1825102361379964e-12
tangent-time-canonical,51,11,-7.297472341127956e-13
tangent-time-canonical,51,12,3.4790868885381454e-13
tangent-time-canonical,51,13,3.008243632515867e-16
tangent-time-canonical,51,14,5.504234160267002e-12
tangent-time-canonical,51,15,1.5537954752130047e-14
tangent-time-canonical,51,16,3.258359234357441e-13
tangent-time-canonical,51,17,2.071627789175357e-14
tangent-time-canonical,51,18,5.323360540034761e-12
tangent-time-canonical,51,19,2.142806717828015e-13
tangent-time-canonical,51,20,9.058557652931235e-14
tangent-time-canonical,51,21,1.8003212252665337e-14
tangent-time-canonical,51,22,8.203543898442952e-13
tangent-time-canonical,51,23,1.475705177483087e-13
tangent-time-canonical,51,24,1.3284663739341418e-13
tangent-time-canonical,51,25,-1.7055094272843825e-14
tangent-time-canonical,51,26,1.310069558189227e-12
tangent-time-canonical,51,27,-1.59452205724798e-13
tangent-time-canonical,51,28,4.832451566521044e-14
tangent-time-canonical,51,29,5.306151877817417e-14
tangent-time-canonical,51,30,3.3063922149936695e-13
tangent-time-canonical,51,31,4.545932412214195e-13
tangent-time-canonical,51,32,1.1171610696136243e-13
tangent-time-canonical,51,33,4.74058989909955e-16
tangent-time-canonical,51,34,1.0652119740167593e-12
tangent-time-canonical,51,35,-5.94084398824598e-15
tangent-time-canonical,51,36,1.2862053130700674e-13
tangent-time-canonical,51,37,-1.3549263620290072e-14
tangent-time-canonical,51,38,1.2610980413547412e-12
tangent-time-canonical,51,39,-1.2874993337748096e-13
tangent-time-canonical,51,40,1.397530976655903e-13
tangent-time-canonical,51,41,2.443693713533272e-14
tangent-time-canonical,51,42,8.650699837230058e-13
tangent-time-canonical,51,43,1.8123017267935075e-13
tangent-time-canonical,51,44,1.472723180032323e-13
tangent-time-canonical,51,45,1.5473981427104076e-14
tangent-time-canonical,51,46,9.285575278107557e-13
tangent-time-canonical,51,47,9.807195529131342e-14
tangent-time-canonical,51,48,1.3223387732794814e-13
tangent-time-canonical,51,49,3.339989284356114e-14
tangent-time-canonical,51,50,8.015824396352565e-13
tangent-time-canonical,51,51,2.6438839006738957e-13
tangent-time-canonical,51,52,1.4351270783441136e-13
tangent-time-canonical,51,53,1.9955459281218482e-14
tangent-time-canonical,51,54,8.968137557668807e-13
tangent-time-canonical,51,55,1.396510639853319e-13
tangent-time-canonical,51,56,1.4652039596946825e-13
tangent-time-canonical,51,57,1.6370276997927023e-14
tangent-time-canonical,51,58,9.222087734019847e-13
tangent-time-canonical,51,59,1.0638777703012088e-13
tangent-time-canonical,52,0,7.082931882367328e-13
tangent-time-canonical,52,1,-1.343366604782188e-14
tangent-time-canonical,52,2,8.175526279092401e-12
tangent-time-canonical,52,3,-1.2700344373120053e-13
tangent-time-canonical,52,4,6.523375558931352e-13
tangent-time-canonical,52,5,2.802584106352518e-14
tangent-time-canonical,52,6,7.530340723479827e-12
tangent-time-canonical,52,7,2.623972875415308e-13
tangent-time-canonical,52,8,7.642488205803279e-13
tangent-time-canonical,52,9,-5.489317315917157e-14
tangent-time-canonical,52,10,8.820711834704967e-12
tangent-time-canonical,52,11,-5.164041750039378e-13
tangent-time-canonical,52,12,6.803153720649347e-13
tangent-time-canonical,52,13,7.29608750785236e-15
tangent-time-canonical,52,14,7.852933501286138e-12
tangent-time-canonical,52,15,6.769692190518869e-14
tangent-time-canonical,52,16,6.579331191274924e-13
tangent-time-canonical,52,17,2.387989035238784e-14
tangent-time-canonical,52,18,7.594859279041108e-12
tangent-time-canonical,52,19,2.2345721441428084e-13
tangent-time-canonical,52,20,-2.1180877485401217e-13
tangent-time-canonical,52,21,-1.7087546668258682e-15
tangent-time-canonical,52,22,-1.5887065938617149e-12
tangent-time-canonical,52,23,-2.629347283489984e-14
tangent-time-canonical,52,24,-1.8365373312888928e-13
tangent-time-canonical,52,25,9.712691499727728e-15
tangent-time-canonical,52,26,-1.3238483594826963e-12
tangent-time-canonical,52,27,7.591912437913927e-14
tangent-time-canonical,52,28,-2.3996381657913456e-13
tangent-time-canonical,52,29,-1.313020083337932e-14
tangent-time-canonical,52,30,-1.8535648282407345e-12
tangent-time-canonical,52,31,-1.2850607004893913e-13
tangent-time-canonical,52,32,-1.9773125399145064e-13
tangent-time-canonical,52,33,4.00196841645087e-15
tangent-time-canonical,52,34,-1.4562774766722049e-12
tangent-time-canonical,52,35,2.4812825772119453e-14
tangent-time-canonical,52,36,-1.864692373013987e-13
tangent-time-canonical,52,37,8.57054688307525e-15
tangent-time-canonical,52,38,-1.350334182920576e-12
tangent-time-canonical,52,39,6.569786465775584e-14
tangent-time-canonical,52,40,1.6358043485837092e-13
tangent-time-canonical,52,41,1.6456063596958366e-14
tangent-time-canonical,52,42,1.2983491174886032e-12
tangent-time-canonical,52,43,1.230792846780272e-13
tangent-time-canonical,52,44,1.7375248578628686e-13
tangent-time-canonical,52,45,1.3608149611723305e-14
tangent-time-canonical,52,46,1.4226323995145721e-12
tangent-time-canonical,52,47,1.0264586152164253e-13
tangent-time-canonical,52,48,1.5340838393045492e-13
tangent-time-canonical,52,49,1.9303977582193324e-14
tangent-time-canonical,52,50,1.1740658354626324e-12
tangent-time-canonical,52,51,1.4351270783441136e-13
tangent-time-canonical,52,52,1.6866646032232895e-13
tangent-time-canonical,52,53,1.5032106604340924e-14
tangent-time-canonical,52,54,1.3604907585015875e-12
tangent-time-canonical,52,55,1.1286257309983465e-13
tangent-time-canonical,52,56,1.7273528069349554e-13
tangent-time-canonical,52,57,1.3892941010247051e-14
tangent-time-canonical,52,58,1.41020407131198e-12
tangent-time-canonical,52,59,1.0468920383728537e-13
tangent-time-canonical,53,0,1.3260785926607396e-13
tangent-time-canonical,53,1,-2.9200297692715283e-15
tangent-time-canonical,53,2,1.4908149163169795e-12
tangent-time-canonical,53,3,-2.684476695240554e-14
tangent-time-canonical,53,4,1.3146052523926308e-13
tangent-time-canonical,53,5,5.534068939473467e-15
tangent-time-canonical,53,6,1.4690245113128627e-12
tangent-time-canonical,53,7,5.4494942281249994e-14
tangent-time-canonical,53,8,1.3375519329288442e-13
tangent-time-canonical,53,9,-1.1374128478016948e-14
tangent-time-canonical,53,10,1.5126053213210965e-12
tangent-time-canonical,53,11,-1.0818447618606081e-13
tangent-time-canonical,53,12,1.3203419225266853e-13
tangent-time-canonical,53,13,1.3070195851009663e-15
tangent-time-canonical,53,14,1.4799197138149246e-12
tangent-time-canonical,53,15,1.3825087664425748e-14
tangent-time-canonical,53,16,1.31575258641944e-13
tangent-time-canonical,53,17,4.6886590685987875e-15
tangent-time-canonical,53,18,1.47120355181328e-12
tangent-time-canonical,53,19,4.6360971357890175e-14
tangent-time-canonical,53,20,-1.87799332520783e-14
tangent-time-canonical,53,21,1.0074355420979265e-15
tangent-time-canonical,53,22,-1.76697579784277e-13
tangent-time-canonical,53,23,6.902813321195691e-15
tangent-time-canonical,53,24,-1.4616455573086154e-14
tangent-time-canonical,53,25,1.6804263105526212e-15
tangent-time-canonical,53,26,-1.3813203453618814e-13
tangent-time-canonical,53,27,1.2904783920945212e-14
tangent-time-canonical,53,28,-2.2943410931070435e-14
tangent-time-canonical,53,29,3.344447736432215e-16
tangent-time-canonical,53,30,-2.152631250323659e-13
tangent-time-canonical,53,31,9.008427214463384e-16
tangent-time-canonical,53,32,-1.6698194412582288e-14
tangent-time-canonical,53,33,1.3439309263252159e-15
tangent-time-canonical,53,34,-1.5741480716023268e-13
tangent-time-canonical,53,35,9.903798621070222e-15
tangent-time-canonical,53,36,-1.503280334098522e-14
tangent-time-canonical,53,37,1.613127233707313e-15
tangent-time-canonical,53,38,-1.4198858906099627e-13
tangent-time-canonical,53,39,1.2304586860970805e-14
tangent-time-canonical,53,40,1.4286905309463084e-14
tangent-time-canonical,53,41,2.452972308240595e-15
tangent-time-canonical,53,42,1.1293240567393685e-13
tangent-time-canonical,53,43,1.7660249518582183e-14
tangent-time-canonical,53,44,1.5777307899218746e-14
tangent-time-canonical,53,45,2.2595374923799426e-15
tangent-time-canonical,53,46,1.3148580822454064e-13
tangent-time-canonical,53,47,1.5365039755945995e-14
tangent-time-canonical,53,48,1.2796502719707396e-14
tangent-time-canonical,53,49,2.6464071241012213e-15
tangent-time-canonical,53,50,9.43790031233331e-14
tangent-time-canonical,53,51,1.9955459281218482e-14
tangent-time-canonical,53,52,1.5032106604340924e-14
tangent-time-canonical,53,53,2.3562549003102786e-15
tangent-time-canonical,53,54,1.2220910694923874e-13
tangent-time-canonical,53,55,1.651264463726405e-14
tangent-time-canonical,53,56,1.5628267640243207e-14
tangent-time-canonical,53,57,2.2788809739660273e-15
tangent-time-canonical,53,58,1.296304679694808e-13
tangent-time-canonical,53,59,1.5594560732210086e-14
tangent-time-canonical,54,0,8.436008043547799e-12
tangent-time-canonical,54,1,-7.661733393662012e-14
tangent-time-canonical,54,2,9.036699561429809e-11
tangent-time-canonical,54,3,-7.177368474513448e-13
tangent-time-canonical,54,4,7.841639692164351e-12
tangent-time-canonical,54,5,2.8759098647503906e-13
tangent-time-canonical,54,6,8.2709876007756e-11
tangent-time-canonical,54,7,2.6705709183102072e-12
tangent-time-canonical,54,8,9.030376394931227e-12
tangent-time-canonical,54,9,-4.4082565434829826e-13
tangent-time-canonical,54,10,9.802411522084015e-11
tangent-time-canonical,54,11,-4.1060446132128915e-12
tangent-time-canonical,54,12,8.13882386785608e-12
tangent-time-canonical,54,13,1.0548682626921251e-13
tangent-time-canonical,54,14,8.653843581102716e-11
tangent-time-canonical,54,15,9.764170354295517e-13
tangent-time-canonical,54,16,7.901076527302677e-12
tangent-time-canonical,54,17,2.511701544338517e-13
tangent-time-canonical,54,18,8.347558796841021e-11
tangent-time-canonical,54,19,2.331740141734066e-12
tangent-time-canonical,54,20,-3.0960348335000854e-12
tangent-time-canonical,54,21,-1.9235762425493436e-14
tangent-time-canonical,54,22,-2.669288088768328e-11
tangent-time-canonical,54,23,-2.9091279772865334e-13
tangent-time-canonical,54,24,-2.8658005963892473e-12
tangent-time-canonical,54,25,1.6764871725180849e-13
tangent-time-canonical,54,26,-2.480739674315611e-11
tangent-time-canonical,54,27,1.3748326785916595e-12
tangent-time-canonical,54,28,-3.3262690706109183e-12
tangent-time-canonical,54,29,-2.061202421027919e-13
tangent-time-canonical,54,30,-2.8578365032210432e-11
tangent-time-canonical,54,31,-1.9566582740489484e-12
tangent-time-canonical,54,32,-2.980917714944667e-12
tangent-time-canonical,54,33,7.420647741315685e-14
tangent-time-canonical,54,34,-2.5750138815419694e-11
tangent-time-canonical,54,35,5.419599404314883e-13
tangent-time-canonical,54,36,-2.888824020100304e-12
tangent-time-canonical,54,37,1.4896026928410592e-13
tangent-time-canonical,54,38,-2.4995945157608615e-11
tangent-time-canonical,54,39,1.2082581309598214e-12
tangent-time-canonical,54,40,1.313862001475188e-12
tangent-time-canonical,54,41,1.2304949033739744e-13
tangent-time-canonical,54,42,1.262012990756361e-11
tangent-time-canonical,54,43,9.259174597310984e-13
tangent-time-canonical,54,44,1.407119515527986e-12
tangent-time-canonical,54,45,1.2136872356107857e-13
tangent-time-canonical,54,46,1.3896722559759818e-11
tangent-time-canonical,54,47,9.550211636953075e-13
tangent-time-canonical,54,48,1.2206044874223892e-12
tangent-time-canonical,54,49,1.2473025711371571e-13
tangent-time-canonical,54,50,1.1343537255367384e-11
tangent-time-canonical,54,51,8.968137557668807e-13
tangent-time-canonical,54,52,1.3604907585015875e-12
tangent-time-canonical,54,53,1.2220910694923874e-13
tangent-time-canonical,54,54,1.325842623366171e-11
tangent-time-canonical,54,55,9.404693117132007e-13
tangent-time-canonical,54,56,1.3977937641227092e-12
tangent-time-canonical,54,57,1.2153680023871325e-13
tangent-time-canonical,54,58,1.3769063294540237e-11
tangent-time-canonical,54,59,9.521107932989217e-13
tangent-time-canonical,55,0,9.327380094101322e-13
tangent-time-canonical,55,1,-2.194473237870561e-14
tangent-time-canonical,55,2,1.0553560769660431e-11
tangent-time-canonical,55,3,-2.0361113975685441e-13
tangent-time-canonical,55,4,9.214958341926802e-13
tangent-time-canonical,55,5,4.249413915235644e-14
tangent-time-canonical,55,6,1.0353637212909707e-11
tangent-time-canonical,55,7,4.1921166038147755e-13
tangent-time-canonical,55,8,9.43980184627582e-13
tangent-time-canonical,55,9,-8.638360390977046e-14
tangent-time-canonical,55,10,1.0753484326411153e-11
tangent-time-canonical,55,11,-8.264339398951844e-13
tangent-time-canonical,55,12,9.271169218014063e-13
tangent-time-canonical,55,13,1.0274703386825408e-14
tangent-time-canonical,55,14,1.045359899128509e-11
tangent-time-canonical,55,15,1.0780026031233484e-13
tangent-time-canonical,55,16,9.226200517144245e-13
tangent-time-canonical,55,17,3.605025199924936e-14
tangent-time-canonical,55,18,1.037362956858482e-11
tangent-time-canonical,55,19,3.569293803676847e-13
tangent-time-canonical,55,20,-1.4978269368718737e-13
tangent-time-canonical,55,21,6.5047702141251944e-15
tangent-time-canonical,55,22,-1.3929052061517455e-12
tangent-time-canonical,55,23,4.320315511412953e-14
tangent-time-canonical,55,24,-1.1979787450895528e-13
tangent-time-canonical,55,25,1.2014132382888859e-14
tangent-time-canonical,55,26,-1.1199027055127731e-12
tangent-time-canonical,55,27,9.37061636841836e-14
tangent-time-canonical,55,28,-1.7976751286541926e-13
tangent-time-canonical,55,29,9.95408045361564e-16
tangent-time-canonical,55,30,-1.6659077067907152e-12
tangent-time-canonical,55,31,-7.299853455922925e-15
tangent-time-canonical,55,32,-1.3479028409807174e-13
tangent-time-canonical,55,33,9.259451298506622e-15
tangent-time-canonical,55,34,-1.2564039558322605e-12
tangent-time-canonical,55,35,6.845465939915501e-14
tangent-time-canonical,55,36,-1.227963564267772e-13
tangent-time-canonical,55,37,1.1463196166013835e-14
tangent-time-canonical,55,38,-1.147202955576663e-12
tangent-time-canonical,55,39,8.865586282718479e-14
tangent-time-canonical,55,40,1.0750136115322876e-13
tangent-time-canonical,55,41,1.72436667701341e-14
tangent-time-canonical,55,42,8.739952947376268e-13
tangent-time-canonical,55,43,1.2511574060560242e-13
tangent-time-canonical,55,44,1.182237850464404e-13
tangent-time-canonical,55,45,1.5781622504393852e-14
tangent-time-canonical,55,46,1.0069433286887748e-12
tangent-time-canonical,55,47,1.1058041722587356e-13
tangent-time-canonical,55,48,9.677893726001699e-14
tangent-time-canonical,55,49,1.8705711035874168e-14
tangent-time-canonical,55,50,7.410472607864786e-13
tangent-time-canonical,55,51,1.396510639853319e-13
tangent-time-canonical,55,52,1.1286257309983465e-13
tangent-time-canonical,55,53,1.651264463726405e-14
tangent-time-canonical,55,54,9.404693117132007e-13
tangent-time-canonical,55,55,1.1784807891573769e-13
tangent-time-canonical,55,56,1.1715154265711944e-13
tangent-time-canonical,55,57,1.5927826930968042e-14
tangent-time-canonical,55,58,9.936485252936637e-13
tangent-time-canonical,55,59,1.1203394956384997e-13
tangent-time-canonical,56,0,7.557525807492774e-13
tangent-time-canonical,56,1,-1.4584687973632865e-14
tangent-time-canonical,56,2,8.702964417785131e-12
tangent-time-canonical,56,3,-1.3841055052324967e-13
tangent-time-canonical,56,4,7.006785465476353e-13
tangent-time-canonical,56,5,3.047467146032864e-14
tangent-time-canonical,56,6,8.058940629337435e-12
tangent-time-canonical,56,7,2.8708968337577865e-13
tangent-time-canonical,56,8,8.108266149509167e-13
tangent-time-canonical,56,9,-5.964404740759707e-14
tangent-time-canonical,56,10,9.346988206232819e-12
tangent-time-canonical,56,11,-5.639107844222839e-13
tangent-time-canonical,56,12,7.28215563648457e-13
tangent-time-canonical,56,13,7.944991743348596e-15
tangent-time-canonical,56,14,8.380952523561306e-12
tangent-time-canonical,56,15,7.433956642628862e-14
tangent-time-canonical,56,16,7.06185949967797e-13
tangent-time-canonical,56,17,2.596873551692985e-14
tangent-time-canonical,56,18,8.12334300818223e-12
tangent-time-canonical,56,19,2.445396599858994e-13
tangent-time-canonical,56,20,-2.2503277742848955e-13
tangent-time-canonical,56,21,-1.773245140882985e-15
tangent-time-canonical,56,22,-1.696202557967088e-12
tangent-time-canonical,56,23,-2.7408918529538e-14
tangent-time-canonical,56,24,-1.9630357908079789e-13
tangent-time-canonical,56,25,1.0854881079015264e-14
tangent-time-canonical,56,26,-1.4283704691432672e-12
tangent-time-canonical,56,27,8.555761648292788e-14
tangent-time-canonical,56,28,-2.5376197577618077e-13
tangent-time-canonical,56,29,-1.440137136078108e-14
tangent-time-canonical,56,30,-1.9640346467909087e-12
tangent-time-canonical,56,31,-1.4037545354200407e-13
tangent-time-canonical,56,32,-2.1066817825464378e-13
tangent-time-canonical,56,33,4.540817969066078e-15
tangent-time-canonical,56,34,-1.5622865135551773e-12
tangent-time-canonical,56,35,2.907434897669465e-14
tangent-time-canonical,56,36,-1.991764989155643e-13
tangent-time-canonical,56,37,9.592068457028315e-15
tangent-time-canonical,56,38,-1.455153678025627e-12
tangent-time-canonical,56,39,7.426096298170189e-14
tangent-time-canonical,56,40,1.6737340079667138e-13
tangent-time-canonical,56,41,1.7007339255973503e-14
tangent-time-canonical,56,42,1.331966576704611e-12
tangent-time-canonical,56,43,1.2694116042790272e-13
tangent-time-canonical,56,44,1.7809716059031953e-13
tangent-time-canonical,56,45,1.4249196024512734e-14
tangent-time-canonical,56,46,1.4636209515408084e-12
tangent-time-canonical,56,47,1.0736192488633665e-13
tangent-time-canonical,56,48,1.5664964100302317e-13
tangent-time-canonical,56,49,1.976548248743416e-14
tangent-time-canonical,56,50,1.2003122018684116e-12
tangent-time-canonical,56,51,1.4652039596946825e-13
tangent-time-canonical,56,52,1.7273528069349554e-13
tangent-time-canonical,56,53,1.5628267640243207e-14
tangent-time-canonical,56,54,1.3977937641227092e-12
tangent-time-canonical,56,55,1.1715154265711944e-13
tangent-time-canonical,56,56,1.7702478461095508e-13
tangent-time-canonical,56,57,1.452501034765906e-14
tangent-time-canonical,56,58,1.450455514057193e-12
tangent-time-canonical,56,59,1.0931984844049776e-13
tangent-time-canonical,57,0,1.515537846332488e-13
tangent-time-canonical,57,1,-2.6417382447351614e-15
tangent-time-canonical,57,2,1.649036707228297e-12
tangent-time-canonical,57,3,-2.4002865358389033e-14
tangent-time-canonical,57,4,1.5173499394449022e-13
tangent-time-canonical,57,5,5.789285431521708e-15
tangent-time-canonical,57,6,1.6354576503178143e-12
tangent-time-canonical,57,7,5.649780064876164e-14
tangent-time-canonical,57,8,1.513725753220071e-13
tangent-time-canonical,57,9,-1.1072761920992422e-14
tangent-time-canonical,57,10,1.6626157641387797e-12
tangent-time-canonical,57,11,-1.0450353136553937e-13
tangent-time-canonical,57,12,1.5164438928886946e-13
tangent-time-canonical,57,13,1.5737735933932482e-15
tangent-time-canonical,57,14,1.6422471787730587e-12
tangent-time-canonical,57,15,1.6247467645189337e-14
tangent-time-canonical,57,16,1.5171687301336584e-13
tangent-time-canonical,57,17,4.946183063895781e-15
tangent-time-canonical,57,18,1.636815556008867e-12
tangent-time-canonical,57,19,4.8447734048051236e-14
tangent-time-canonical,57,20,-2.559023411795395e-14
tangent-time-canonical,57,21,7.14293091266943e-16
tangent-time-canonical,57,22,-2.432326709539816e-13
tangent-time-canonical,57,23,4.186898750824286e-15
tangent-time-canonical,57,24,-2.1715948100097073e-14
tangent-time-canonical,57,25,2.603879853570221e-15
tangent-time-canonical,57,26,-2.1013377440729787e-13
tangent-time-canonical,57,27,2.0813959138584076e-14
tangent-time-canonical,57,28,-2.9464520135810806e-14
tangent-time-canonical,57,29,-1.1752936710363419e-15
tangent-time-canonical,57,30,-2.7633156750066515e-13
tangent-time-canonical,57,31,-1.2440161636935415e-14
tangent-time-canonical,57,32,-2.3653091109025557e-14
tangent-time-canonical,57,33,1.6590864724185359e-15
tangent-time-canonical,57,34,-2.266832226806399e-13
tangent-time-canonical,57,35,1.2500428944703929e-14
tangent-time-canonical,57,36,-2.210337670188265e-14
tangent-time-canonical,57,37,2.4149211773400095e-15
tangent-time-canonical,57,38,-2.1344366406196569e-13
tangent-time-canonical,57,39,1.9151253099808525e-14
tangent-time-canonical,57,40,1.3102854338482053e-14
tangent-time-canonical,57,41,2.2566405482998255e-15
tangent-time-canonical,57,42,1.1121948641856236e-13
tangent-time-canonical,57,43,1.607531028662103e-14
tangent-time-canonical,57,44,1.468302768201203e-14
tangent-time-canonical,57,45,2.3011213996322105e-15
tangent-time-canonical,57,46,1.318541140588642e-13
tangent-time-canonical,57,47,1.578034357531513e-14
tangent-time-canonical,57,48,1.1522680994952058e-14
tangent-time-canonical,57,49,2.212159696967416e-15
tangent-time-canonical,57,50,9.058485877826053e-14
tangent-time-canonical,57,51,1.6370276997927023e-14
tangent-time-canonical,57,52,1.3892941010247051e-14
tangent-time-canonical,57,53,2.2788809739660273e-15
tangent-time-canonical,57,54,1.2153680023871325e-13
tangent-time-canonical,57,55,1.5927826930968042e-14
tangent-time-canonical,57,56,1.452501034765906e-14
tangent-time-canonical,57,57,2.2966733144989918e-15
tangent-time-canonical,57,58,1.2979065129483451e-13
tangent-time-canonical,57,59,1.5809840246446178e-14
tangent-time-canonical,58,0,9.13936198667334e-12
tangent-time-canonical,58,1,-8.997936554044407e-14
tangent-time-canonical,58,2,9.794292957018975e-11
tangent-time-canonical,58,3,-8.504639190508286e-13
tangent-time-canonical,58,4,8.555019808680142e-12
tangent-time-canonical,58,5,3.1791551224195283e-13
tangent-time-canonical,58,6,9.026271143725026e-11
tangent-time-canonical,58,7,2.972253002867124e-12
tangent-time-canonical,58,8,9.723704164666517e-12
tangent-time-canonical,58,9,-4.978742433228608e-13
tangent-time-canonical,58,10,1.0562314770312929e-10
tangent-time-canonical,58,11,-4.673180840968777e-12
tangent-time-canonical,58,12,8.847190897676746e-12
tangent-time-canonical,58,13,1.1396807335075735e-13
tangent-time-canonical,58,14,9.410282050372014e-11
tangent-time-canonical,58,15,1.0608945419082732e-12
tangent-time-canonical,58,16,8.61345402647944e-12
tangent-time-canonical,58,17,2.7712602446369124e-13
tangent-time-canonical,58,18,9.103073325054423e-11
tangent-time-canonical,58,19,2.589981310675341e-12
tangent-time-canonical,58,20,-3.285945897614575e-12
tangent-time-canonical,58,21,-2.1490870472388846e-14
tangent-time-canonical,58,22,-2.8267834191527528e-11
tangent-time-canonical,58,23,-3.179835526380578e-13
tangent-time-canonical,58,24,-3.0493399349085433e-12
tangent-time-canonical,58,25,1.8502380049227127e-13
tangent-time-canonical,58,26,-2.6367778878021448e-11
tangent-time-canonical,58,27,1.521385676374645e-12
tangent-time-canonical,58,28,-3.5225518603206017e-12
tangent-time-canonical,58,29,-2.2800554143704534e-13
tangent-time-canonical,58,30,-3.0167889505033585e-11
tangent-time-canonical,58,31,-2.157352781650744e-12
tangent-time-canonical,58,32,-3.1676429162615595e-12
tangent-time-canonical,58,33,8.176646500994053e-14
tangent-time-canonical,58,34,-2.731780653477449e-11
tangent-time-canonical,58,35,6.017010618682782e-13
tangent-time-canonical,58,36,-3.073000531179119e-12
tangent-time-canonical,58,37,1.6437233339583272e-13
tangent-time-canonical,58,38,-2.6557784409371857e-11
tangent-time-canonical,58,39,1.3374487534735703e-12
tangent-time-canonical,58,40,1.3598897678804658e-12
tangent-time-canonical,58,41,1.2943023881279053e-13
tangent-time-canonical,58,42,1.3078634438038526e-11
tangent-time-canonical,58,43,9.698352746631088e-13
tangent-time-canonical,58,44,1.4605183747434924e-12
tangent-time-canonical,58,45,1.2983069712616946e-13
tangent-time-canonical,58,46,1.4459492151041949e-11
tangent-time-canonical,58,47,1.017461775924224e-12
tangent-time-canonical,58,48,1.2592611610174388e-12
tangent-time-canonical,58,49,1.2902978049941097e-13
tangent-time-canonical,58,50,1.169777672503509e-11
tangent-time-canonical,58,51,9.222087734019847e-13
tangent-time-canonical,58,52,1.41020407131198e-12
tangent-time-canonical,58,53,1.296304679694808e-13
tangent-time-canonical,58,54,1.3769063294540237e-11
tangent-time-canonical,58,55,9.936485252936637e-13
tangent-time-canonical,58,56,1.450455514057193e-12
tangent-time-canonical,58,57,1.2979065129483451e-13
tangent-time-canonical,58,58,1.4321406379741644e-11
tangent-time-canonical,58,59,1.0126991257981493e-12
tangent-time-canonical,59,0,1.0813349064191584e-12
tangent-time-canonical,59,1,-2.1071729667060248e-14
tangent-time-canonical,59,2,1.183975665875493e-11
tangent-time-canonical,59,3,-1.9580332594903055e-13
tangent-time-canonical,59,4,1.0818099947557654e-12
tangent-time-canonical,59,5,4.694053858661855e-14
tangent-time-canonical,59,6,1.1707102567025533e-11
tangent-time-canonical,59,7,4.606104095391182e-13
tangent-time-canonical,59,8,1.080859818082549e-12
tangent-time-canonical,59,9,-8.90839979207414e-14
tangent-time-canonical,59,10,1.1972410750484328e-11
tangent-time-canonical,59,11,-8.522170614371773e-13
tangent-time-canonical,59,12,1.0815724505874618e-12
tangent-time-canonical,59,13,1.2934404459778988e-14
tangent-time-canonical,59,14,1.1773429612890249e-11
tangent-time-canonical,59,15,1.3240354179506192e-13
tangent-time-canonical,59,16,1.0817624859221038e-12
tangent-time-canonical,59,17,4.013931176124963e-14
tangent-time-canonical,59,18,1.1720367976198505e-11
tangent-time-canonical,59,19,3.9496903599033357e-13
tangent-time-canonical,59,20,-2.138808990782597e-13
tangent-time-canonical,59,21,3.4385190038479664e-15
tangent-time-canonical,59,22,-1.9831077650840867e-12
tangent-time-canonical,59,23,1.5371858411682372e-14
tangent-time-canonical,59,24,-1.8716974434959147e-13
tangent-time-canonical,59,25,1.97659261577516e-14
tangent-time-canonical,59,26,-1.7678953091666916e-12
tangent-time-canonical,59,27,1.61215062193251e-13
tangent-time-canonical,59,28,-2.405920538069277e-13
tangent-time-canonical,59,29,-1.2888888150055536e-14
tangent-time-canonical,59,30,-2.1983202210014812e-12
tangent-time-canonical,59,31,-1.3047134536988532e-13
tangent-time-canonical,59,32,-2.005253217139259e-13
tangent-time-canonical,59,33,1.1602222580799487e-14
tangent-time-canonical,59,34,-1.8755015371253897e-12
tangent-time-canonical,59,35,8.829346030246508e-14
tangent-time-canonical,59,36,-1.8984085982245742e-13
tangent-time-canonical,59,37,1.8133185442362176e-14
tangent-time-canonical,59,38,-1.7894165547584234e-12
tangent-time-canonical,59,39,1.466307418151008e-13
tangent-time-canonical,59,40,9.890089808327e-14
tangent-time-canonical,59,41,1.5325461339415034e-14
tangent-time-canonical,59,42,8.763753776748929e-13
tangent-time-canonical,59,43,1.1015189205260705e-13
tangent-time-canonical,59,44,1.1047750959130057e-13
tangent-time-canonical,59,45,1.586366012500499e-14
tangent-time-canonical,59,46,1.0278462089229513e-12
tangent-time-canonical,59,47,1.1391600707509363e-13
tangent-time-canonical,59,48,8.732428657523929e-14
tangent-time-canonical,59,49,1.4787262553824904e-14
tangent-time-canonical,59,50,7.24904546426834e-13
tangent-time-canonical,59,51,1.0638777703012088e-13
tangent-time-canonical,59,52,1.0468920383728537e-13
tangent-time-canonical,59,53,1.5594560732210086e-14
tangent-time-canonical,59,54,9.521107932989217e-13
tangent-time-canonical,59,55,1.1203394956384997e-13
tangent-time-canonical,59,56,1.0931984844049776e-13
tangent-time-canonical,59,57,1.5809840246446178e-14
tangent-time-canonical,59,58,1.0126991257981493e-12
tangent-time-canonical,59,59,1.1353959557284847e-13
finite-shared-control,0,0,2.6530989214378338e-12
finite-shared-control,0,1,2.225847155477157e-11
finite-shared-control,0,2,2.6962981300362414e-12
finite-shared-control,0,3,2.2716112872748953e-11
finite-shared-control,0,4,2.6098997128394234e-12
finite-shared-control,0,5,2.1800830236794176e-11
finite-shared-control,0,6,2.674698525737035e-12
finite-shared-control,0,7,2.2487292213760252e-11
finite-shared-control,0,8,2.6919782091764e-12
finite-shared-control,0,9,2.2670348740951255e-11
finite-shared-control,0,10,2.6530959405924448e-12
finite-shared-control,0,11,2.2258444200074103e-11
finite-shared-control,0,12,2.696294937972913e-12
finite-shared-control,0,13,2.271608365155918e-11
finite-shared-control,0,14,2.6098969432119732e-12
finite-shared-control,0,15,2.1800804748589013e-11
finite-shared-control,0,16,2.6746954392826765e-12
finite-shared-control,0,17,2.2487263925816632e-11
finite-shared-control,0,18,2.6919750382348663e-12
finite-shared-control,0,19,2.2670319706410712e-11
finite-shared-control,0,20,1.2670427649782331e-14
finite-shared-control,0,21,1.549037791476103e-13
finite-shared-control,0,22,-1.5137734688479633e-13
finite-shared-control,0,23,-1.30580540153877e-12
finite-shared-control,0,24,1.767182021843575e-13
finite-shared-control,0,25,1.6156129598339837e-12
finite-shared-control,0,26,-6.935345961750929e-14
finite-shared-control,0,27,-5.754508111955799e-13
finite-shared-control,0,28,-1.3497256943133876e-13
finite-shared-control,0,29,-1.1597344834700915e-12
finite-shared-control,0,30,2.6404284937880515e-12
finite-shared-control,0,31,2.2103567775623958e-11
finite-shared-control,0,32,2.8476754769210374e-12
finite-shared-control,0,33,2.4021918274287724e-11
finite-shared-control,0,34,2.4331815106550653e-12
finite-shared-control,0,35,2.0185217276960198e-11
finite-shared-control,0,36,2.7440519853545445e-12
finite-shared-control,0,37,2.3062743024955835e-11
finite-shared-control,0,38,2.826950778607739e-12
finite-shared-control,0,39,2.3830083224421347e-11
finite-shared-control,0,40,2.6404255129426625e-12
finite-shared-control,0,41,2.2103540420926492e-11
finite-shared-control,0,42,2.847672284857709e-12
finite-shared-control,0,43,2.402188905309795e-11
finite-shared-control,0,44,2.433178741027615e-12
finite-shared-control,0,45,2.0185191788755036e-11
finite-shared-control,0,46,2.744048898900186e-12
finite-shared-control,0,47,2.3062714737012215e-11
finite-shared-control,0,48,2.826947607666205e-12
finite-shared-control,0,49,2.3830054189880805e-11
finite-shared-control,1,0,2.225847155477157e-11
finite-shared-control,1,1,1.9732443597717049e-10
finite-shared-control,1,2,2.2365990615817763e-11
finite-shared-control,1,3,1.9879963553698436e-10
finite-shared-control,1,4,2.2150952493725344e-11
finite-shared-control,1,5,1.9584923641735654e-10
finite-shared-control,1,6,2.231223108529465e-11
finite-shared-control,1,7,1.9806203575707742e-10
finite-shared-control,1,8,2.2355238709713132e-11
finite-shared-control,1,9,1.9865211558100328e-10
finite-shared-control,1,10,2.2258447835699653e-11
finite-shared-control,1,11,1.9732420723619098e-10
finite-shared-control,1,12,2.236596541265132e-11
finite-shared-control,1,13,1.987993934840184e-10
finite-shared-control,1,14,2.2150930258747953e-11
finite-shared-control,1,15,1.958490209883635e-10
finite-shared-control,1,16,2.231220662417547e-11
finite-shared-control,1,17,1.9806180036010472e-10
finite-shared-control,1,18,2.2355213654956142e-11
finite-shared-control,1,19,1.9865187485923597e-10
finite-shared-control,1,20,2.4906559120284746e-14
finite-shared-control,1,21,6.931950532360053e-13
finite-shared-control,1,22,-1.3747540235145574e-12
finite-shared-control,1,23,-1.1752244743099826e-11
finite-shared-control,1,24,1.4245671417550985e-12
finite-shared-control,1,25,1.313863484957174e-11
finite-shared-control,1,26,-6.749237321971533e-13
finite-shared-control,1,27,-5.52952484493188e-12
finite-shared-control,1,28,-1.2347879652510885e-12
finite-shared-control,1,29,-1.0507700763465904e-11
finite-shared-control,1,30,2.2233564995651282e-11
finite-shared-control,1,31,1.9663124092393452e-10
finite-shared-control,1,32,2.3740744639332322e-11
finite-shared-control,1,33,2.1055188028008417e-10
finite-shared-control,1,34,2.0726385351970246e-11
finite-shared-control,1,35,1.8271060156778475e-10
finite-shared-control,1,36,2.2987154817491802e-11
finite-shared-control,1,37,2.0359156060200927e-10
finite-shared-control,1,38,2.3590026674964217e-11
finite-shared-control,1,39,2.091598163444692e-10
finite-shared-control,1,40,2.2233541276579366e-11
finite-shared-control,1,41,1.9663101218295502e-10
finite-shared-control,1,42,2.374071943616588e-11
finite-shared-control,1,43,2.1055163822711822e-10
finite-shared-control,1,44,2.0726363116992855e-11
finite-shared-control,1,45,1.8271038613879172e-10
finite-shared-control,1,46,2.2987130356372624e-11
finite-shared-control,1,47,2.0359132520503657e-10
finite-shared-control,1,48,2.3590001620207228e-11
finite-shared-control,1,49,2.0915957562270193e-10
finite-shared-control,2,0,2.6962981300362414e-12
finite-shared-control,2,1,2.2365990615817763e-11
finite-shared-control,2,2,2.755646859339186e-12
finite-shared-control,2,3,2.297800713105448e-11
finite-shared-control,2,4,2.636949400733293e-12
finite-shared-control,2,5,2.1753974100581035e-11
finite-shared-control,2,6,2.7259724946877106e-12
finite-shared-control,2,7,2.2671998873436114e-11
finite-shared-control,2,8,2.7497119864088918e-12
finite-shared-control,2,9,2.2916805479530858e-11
finite-shared-control,2,10,2.6962948668899234e-12
finite-shared-control,2,11,2.2365961088942793e-11
finite-shared-control,2,12,2.7556433520378253e-12
finite-shared-control,2,13,2.2977975396303064e-11
finite-shared-control,2,14,2.6369463817420183e-12
finite-shared-control,2,15,2.1753946781582513e-11
finite-shared-control,2,16,2.7259691094638714e-12
finite-shared-control,2,17,2.267196824262292e-11
finite-shared-control,2,18,2.7497085035230357e-12
finite-shared-control,2,19,2.2916773965567084e-11
finite-shared-control,2,20,1.5823980243430013e-14
finite-shared-control,2,21,1.779199083551904e-13
finite-shared-control,2,22,-1.5122916446491696e-13
finite-shared-control,2,23,-1.3097022333747782e-12
finite-shared-control,2,24,1.8287712495177342e-13
finite-shared-control,2,25,1.6655420500851525e-12
finite-shared-control,2,26,-6.770259211074595e-14
finite-shared-control,2,27,-5.658911625097948e-13
finite-shared-control,2,28,-1.3452384999408164e-13
finite-shared-control,2,29,-1.1609400192017354e-12
finite-shared-control,2,30,2.6804741497928116e-12
finite-shared-control,2,31,2.218807070746257e-11
finite-shared-control,2,32,2.9068760238041024e-12
finite-shared-control,2,33,2.4287709364429263e-11
finite-shared-control,2,34,2.4540722757815192e-12
finite-shared-control,2,35,2.0088432050495885e-11
finite-shared-control,2,36,2.793675086798456e-12
finite-shared-control,2,37,2.323789003594591e-11
finite-shared-control,2,38,2.8842358364029734e-12
finite-shared-control,2,39,2.407774549873259e-11
finite-shared-control,2,40,2.6804708866464937e-12
finite-shared-control,2,41,2.21880411805876e-11
finite-shared-control,2,42,2.906872516502742e-12
finite-shared-control,2,43,2.4287677629677846e-11
finite-shared-control,2,44,2.4540692567902447e-12
finite-shared-control,2,45,2.0088404731497363e-11
finite-shared-control,2,46,2.793671701574617e-12
finite-shared-control,2,47,2.3237859405132718e-11
finite-shared-control,2,48,2.8842323535171177e-12
finite-shared-control,2,49,2.4077713984768818e-11
finite-shared-control,3,0,2.2716112872748953e-11
finite-shared-control,3,1,1.9879963553698436e-10
finite-shared-control,3,2,2.297800713105448e-11
finite-shared-control,3,3,2.0191433574745935e-10
finite-shared-control,3,4,2.2454218614443397e-11
finite-shared-control,3,5,1.956849353265092e-10
finite-shared-control,3,6,2.2847060001901698e-11
finite-shared-control,3,7,2.0035698564222184e-10
finite-shared-control,3,8,2.2951817705223925e-11
finite-shared-control,3,9,2.0160286572641228e-10
finite-shared-control,3,10,2.271608657176549e-11
finite-shared-control,3,11,1.9879938755695085e-10
finite-shared-control,3,12,2.297797901705016e-11
finite-shared-control,3,13,2.0191407085295645e-10
finite-shared-control,3,14,2.2454194126480793e-11
finite-shared-control,3,15,1.9568470426094508e-10
finite-shared-control,3,16,2.2847032794407807e-11
finite-shared-control,3,17,2.0035672920495363e-10
finite-shared-control,3,18,2.2951789772521688e-11
finite-shared-control,3,19,2.016026025233563e-10
finite-shared-control,3,20,6.905592225649203e-14
finite-shared-control,3,21,1.0390417649152133e-12
finite-shared-control,3,22,-1.39417605165212e-12
finite-shared-control,3,23,-1.1971441317536967e-11
finite-shared-control,3,24,1.532287896165074e-12
finite-shared-control,3,25,1.404952484736731e-11
finite-shared-control,3,26,-6.625600646978326e-13
finite-shared-control,3,27,-5.466199776310857e-12
finite-shared-control,3,28,-1.2478528542612637e-12
finite-shared-control,3,29,-1.0670393009291377e-11
finite-shared-control,3,30,2.2647056950492463e-11
finite-shared-control,3,31,1.9776059377206913e-10
finite-shared-control,3,32,2.43721831827066e-11
finite-shared-control,3,33,2.1388577706499635e-10
finite-shared-control,3,34,2.092193071827832e-11
finite-shared-control,3,35,1.8163541047914192e-10
finite-shared-control,3,36,2.350962006659953e-11
finite-shared-control,3,37,2.058231854185327e-10
finite-shared-control,3,38,2.419967055948519e-11
finite-shared-control,3,39,2.1227325873570363e-10
finite-shared-control,3,40,2.2647030649509e-11
finite-shared-control,3,41,1.9776034579203563e-10
finite-shared-control,3,42,2.437215506870228e-11
finite-shared-control,3,43,2.1388551217049344e-10
finite-shared-control,3,44,2.0921906230315716e-11
finite-shared-control,3,45,1.816351794135778e-10
finite-shared-control,3,46,2.350959285910564e-11
finite-shared-control,3,47,2.0582292898126449e-10
finite-shared-control,3,48,2.419964262678295e-11
finite-shared-control,3,49,2.1227299553264766e-10
finite-shared-control,4,0,2.6098997128394234e-12
finite-shared-control,4,1,2.2150952493725344e-11
finite-shared-control,4,2,2.636949400733293e-12
finite-shared-control,4,3,2.2454218614443397e-11
finite-shared-control,4,4,2.5828500249455483e-12
finite-shared-control,4,5,2.1847686373007287e-11
finite-shared-control,4,6,2.623424556786356e-12
finite-shared-control,4,7,2.2302585554084367e-11
finite-shared-control,4,8,2.6342444319439046e-12
finite-shared-control,4,9,2.2423892002371627e-11
finite-shared-control,4,10,2.609897014294963e-12
finite-shared-control,4,11,2.215092731120538e-11
finite-shared-control,4,12,2.6369465239079976e-12
finite-shared-control,4,13,2.2454191906815267e-11
finite-shared-control,4,14,2.5828475046819233e-12
finite-shared-control,4,15,2.1847662715595485e-11
finite-shared-control,4,16,2.623421769101478e-12
finite-shared-control,4,17,2.230255960901032e-11
finite-shared-control,4,18,2.6342415729466925e-12
finite-shared-control,4,19,2.2423865447254312e-11
finite-shared-control,4,20,9.516875056134632e-15
finite-shared-control,4,21,1.3188764994003007e-13
finite-shared-control,4,22,-1.5152552930467553e-13
finite-shared-control,4,23,-1.3019085697027606e-12
finite-shared-control,4,24,1.7055927941694146e-13
finite-shared-control,4,25,1.5656838695828128e-12
finite-shared-control,4,26,-7.100432712427255e-14
finite-shared-control,4,27,-5.850104598813645e-13
finite-shared-control,4,28,-1.3542128886859575e-13
finite-shared-control,4,29,-1.1585289477384463e-12
finite-shared-control,4,30,2.6003828377832883e-12
finite-shared-control,4,31,2.2019064843785315e-11
finite-shared-control,4,32,2.7884749300379683e-12
finite-shared-control,4,33,2.3756127184146157e-11
finite-shared-control,4,34,2.4122907455286074e-12
finite-shared-control,4,35,2.0282002503424475e-11
finite-shared-control,4,36,2.6944288839106283e-12
finite-shared-control,4,37,2.288759601396573e-11
finite-shared-control,4,38,2.769665720812501e-12
finite-shared-control,4,39,2.3582420950110074e-11
finite-shared-control,4,40,2.6003801392388277e-12
finite-shared-control,4,41,2.2019039661265352e-11
finite-shared-control,4,42,2.788472053212673e-12
finite-shared-control,4,43,2.3756100476518027e-11
finite-shared-control,4,44,2.4122882252649823e-12
finite-shared-control,4,45,2.0281978846012673e-11
finite-shared-control,4,46,2.69442609622575e-12
finite-shared-control,4,47,2.2887570068891683e-11
finite-shared-control,4,48,2.769662861815288e-12
finite-shared-control,4,49,2.358239439499276e-11
finite-shared-control,5,0,2.1800830236794176e-11
finite-shared-control,5,1,1.9584923641735654e-10
finite-shared-control,5,2,2.1753974100581035e-11
finite-shared-control,5,3,1.956849353265092e-10
finite-shared-control,5,4,2.1847686373007287e-11
finite-shared-control,5,5,1.9601353750820369e-10
finite-shared-control,5,6,2.177740216868759e-11
finite-shared-control,5,7,1.9576708587193285e-10
finite-shared-control,5,8,2.1758659714202332e-11
finite-shared-control,5,9,1.9570136543559425e-10
finite-shared-control,5,10,2.1800809099633805e-11
finite-shared-control,5,11,1.9584902691543108e-10
finite-shared-control,5,12,2.175395180825247e-11
finite-shared-control,5,13,1.9568471611508018e-10
finite-shared-control,5,14,2.184766639101511e-11
finite-shared-control,5,15,1.9601333771578178e-10
finite-shared-control,5,16,2.177738045394312e-11
finite-shared-control,5,17,1.9576687151525563e-10
finite-shared-control,5,18,2.1758637537390586e-11
finite-shared-control,5,19,1.957011471951156e-10
finite-shared-control,5,20,-1.9242804015921408e-14
finite-shared-control,5,21,3.473483415568066e-13
finite-shared-control,5,22,-1.3553319953769954e-12
finite-shared-control,5,23,-1.1533048168662692e-11
finite-shared-control,5,24,1.3168463873451253e-12
finite-shared-control,5,25,1.2227744851776192e-11
finite-shared-control,5,26,-6.872873996964736e-13
finite-shared-control,5,27,-5.592849913552905e-12
finite-shared-control,5,28,-1.2217230762409132e-12
finite-shared-control,5,29,-1.0345008517640434e-11
finite-shared-control,5,30,2.18200730408101e-11
finite-shared-control,5,31,1.9550188807579973e-10
finite-shared-control,5,32,2.3109306095958032e-11
finite-shared-control,5,33,2.0721798349517194e-10
finite-shared-control,5,34,2.053083998566216e-11
finite-shared-control,5,35,1.837857926564275e-10
finite-shared-control,5,36,2.2464689568384063e-11
finite-shared-control,5,37,2.0135993578548576e-10
finite-shared-control,5,38,2.298038279044324e-11
finite-shared-control,5,39,2.060463739532347e-10
finite-shared-control,5,40,2.182005190364973e-11
finite-shared-control,5,41,1.9550167857387428e-10
finite-shared-control,5,42,2.3109283803629467e-11
finite-shared-control,5,43,2.0721776428374292e-10
finite-shared-control,5,44,2.0530820003669985e-11
finite-shared-control,5,45,1.837855928640056e-10
finite-shared-control,5,46,2.2464667853639595e-11
finite-shared-control,5,47,2.0135972142880855e-10
finite-shared-control,5,48,2.2980360613631493e-11
finite-shared-control,5,49,2.0604615571275603e-10
finite-shared-control,6,0,2.674698525737035e-12
finite-shared-control,6,1,2.231223108529465e-11
finite-shared-control,6,2,2.7259724946877106e-12
finite-shared-control,6,3,2.2847060001901698e-11
finite-shared-control,6,4,2.623424556786356e-12
finite-shared-control,6,5,2.177740216868759e-11
finite-shared-control,6,6,2.7003355102123706e-12
finite-shared-control,6,7,2.257964554359817e-11
finite-shared-control,6,8,2.7208450977926427e-12
finite-shared-control,6,9,2.2793577110241035e-11
finite-shared-control,6,10,2.6746954037411817e-12
finite-shared-control,6,11,2.231220264450843e-11
finite-shared-control,6,12,2.725969145005366e-12
finite-shared-control,6,13,2.2847029523931102e-11
finite-shared-control,6,14,2.6234216624769935e-12
finite-shared-control,6,15,2.177737576508575e-11
finite-shared-control,6,16,2.7003322743732715e-12
finite-shared-control,6,17,2.257961608421976e-11
finite-shared-control,6,18,2.7208417708789476e-12
finite-shared-control,6,19,2.279354683598888e-11
finite-shared-control,6,20,1.4247203946606048e-14
finite-shared-control,6,21,1.6641184375139925e-13
finite-shared-control,6,22,-1.5130325567485647e-13
finite-shared-control,6,23,-1.3077538174567723e-12
finite-shared-control,6,24,1.7979766356806505e-13
finite-shared-control,6,25,1.6405775049595644e-12
finite-shared-control,6,26,-6.85280258641276e-14
finite-shared-control,6,27,-5.70670986852687e-13
finite-shared-control,6,28,-1.3474820971271007e-13
finite-shared-control,6,29,-1.1603372513359121e-12
finite-shared-control,6,30,2.6604513217904294e-12
finite-shared-control,6,31,2.2145819241543252e-11
finite-shared-control,6,32,2.8772757503625672e-12
finite-shared-control,6,33,2.415481381935847e-11
finite-shared-control,6,34,2.4436268932182907e-12
finite-shared-control,6,35,2.0136824663728027e-11
finite-shared-control,6,36,2.7688635360764985e-12
finite-shared-control,6,37,2.315031653045086e-11
finite-shared-control,6,38,2.8555933075053533e-12
finite-shared-control,6,39,2.395391436157695e-11
finite-shared-control,6,40,2.660448199794576e-12
finite-shared-control,6,41,2.2145790800757034e-11
finite-shared-control,6,42,2.877272400680223e-12
finite-shared-control,6,43,2.4154783341387876e-11
finite-shared-control,6,44,2.443623998908928e-12
finite-shared-control,6,45,2.0136798260126186e-11
finite-shared-control,6,46,2.7688603002373994e-12
finite-shared-control,6,47,2.3150287071072453e-11
finite-shared-control,6,48,2.855589980591658e-12
finite-shared-control,6,49,2.395388408732479e-11
finite-shared-control,7,0,2.2487292213760252e-11
finite-shared-control,7,1,1.9806203575707742e-10
finite-shared-control,7,2,2.2671998873436114e-11
finite-shared-control,7,3,2.0035698564222184e-10
finite-shared-control,7,4,2.2302585554084367e-11
finite-shared-control,7,5,1.9576708587193285e-10
finite-shared-control,7,6,2.257964554359817e-11
finite-shared-control,7,7,1.9920951069964957e-10
finite-shared-control,7,8,2.2653528207468522e-11
finite-shared-control,7,9,2.0012749065370778e-10
finite-shared-control,7,10,2.2487267203732563e-11
finite-shared-control,7,11,1.9806179739657092e-10
finite-shared-control,7,12,2.267197221485073e-11
finite-shared-control,7,13,2.003567321684874e-10
finite-shared-control,7,14,2.2302562192614368e-11
finite-shared-control,7,15,1.9576686262465428e-10
finite-shared-control,7,16,2.2579619709291634e-11
finite-shared-control,7,17,1.992092647825291e-10
finite-shared-control,7,18,2.265350171373891e-11
finite-shared-control,7,19,2.0012723869129614e-10
finite-shared-control,7,20,4.698124068838792e-14
finite-shared-control,7,21,8.661184090756056e-13
finite-shared-control,7,22,-1.3844650375833385e-12
finite-shared-control,7,23,-1.1861843030318393e-11
finite-shared-control,7,24,1.4784275189600853e-12
finite-shared-control,7,25,1.3594079848469514e-11
finite-shared-control,7,26,-6.68741898447493e-13
finite-shared-control,7,27,-5.49786231062137e-12
finite-shared-control,7,28,-1.241320409756176e-12
finite-shared-control,7,29,-1.058904688637864e-11
finite-shared-control,7,30,2.2440310973071866e-11
finite-shared-control,7,31,1.9719591734800178e-10
finite-shared-control,7,32,2.405646391101945e-11
finite-shared-control,7,33,2.1221882867254024e-10
finite-shared-control,7,34,2.082415803512428e-11
finite-shared-control,7,35,1.8217300602346333e-10
finite-shared-control,7,36,2.3248387442045662e-11
finite-shared-control,7,37,2.0470737301027098e-10
finite-shared-control,7,38,2.38948486172247e-11
finite-shared-control,7,39,2.1071653754008642e-10
finite-shared-control,7,40,2.2440285963044177e-11
finite-shared-control,7,41,1.9719567898749527e-10
finite-shared-control,7,42,2.4056437252434068e-11
finite-shared-control,7,43,2.122185751988058e-10
finite-shared-control,7,44,2.0824134673654282e-11
finite-shared-control,7,45,1.8217278277618477e-10
finite-shared-control,7,46,2.3248361607739126e-11
finite-shared-control,7,47,2.0470712709315053e-10
finite-shared-control,7,48,2.389482212349509e-11
finite-shared-control,7,49,2.1071628557767478e-10
finite-shared-control,8,0,2.6919782091764e-12
finite-shared-control,8,1,2.2355238709713132e-11
finite-shared-control,8,2,2.7497119864088918e-12
finite-shared-control,8,3,2.2951817705223925e-11
finite-shared-control,8,4,2.6342444319439046e-12
finite-shared-control,8,5,2.1758659714202332e-11
finite-shared-control,8,6,2.7208450977926427e-12
finite-shared-control,8,7,2.2653528207468522e-11
finite-shared-control,8,8,2.7439386086856437e-12
finite-shared-control,8,9,2.2892159805672893e-11
finite-shared-control,8,10,2.6919749742601753e-12
finite-shared-control,8,11,2.235520940005591e-11
finite-shared-control,8,12,2.7497085106313347e-12
finite-shared-control,8,13,2.2951786221828672e-11
finite-shared-control,8,14,2.6342414378890123e-12
finite-shared-control,8,15,2.1758632578283145e-11
finite-shared-control,8,16,2.7208417424457518e-12
finite-shared-control,8,17,2.2653497810942285e-11
finite-shared-control,8,18,2.7439351569942198e-12
finite-shared-control,8,19,2.289212853965144e-11
finite-shared-control,8,20,1.550862498406537e-14
finite-shared-control,8,21,1.7561829543443325e-13
finite-shared-control,8,22,-1.5124398270690517e-13
finite-shared-control,8,23,-1.3093125501911798e-12
finite-shared-control,8,24,1.8226123267503237e-13
finite-shared-control,8,25,1.66054914106004e-12
finite-shared-control,8,26,-6.786767886142236e-14
finite-shared-control,8,27,-5.668471273783741e-13
finite-shared-control,8,28,-1.3456872193780759e-13
finite-shared-control,8,29,-1.1608194656285734e-12
finite-shared-control,8,30,2.676469584192335e-12
finite-shared-control,8,31,2.2179620414278697e-11
finite-shared-control,8,32,2.900955969115797e-12
finite-shared-control,8,33,2.4261130255415106e-11
finite-shared-control,8,34,2.451983199268872e-12
finite-shared-control,8,35,2.009811057314229e-11
finite-shared-control,8,36,2.788712776654066e-12
finite-shared-control,8,37,2.3220375334846895e-11
finite-shared-control,8,38,2.8785073306234506e-12
finite-shared-control,8,39,2.405297927130147e-11
finite-shared-control,8,40,2.67646634927611e-12
finite-shared-control,8,41,2.2179591104621475e-11
finite-shared-control,8,42,2.90095249333824e-12
finite-shared-control,8,43,2.4261098772019853e-11
finite-shared-control,8,44,2.45198020521398e-12
finite-shared-control,8,45,2.0098083437223104e-11
finite-shared-control,8,46,2.788709421307175e-12
finite-shared-control,8,47,2.3220344938320658e-11
finite-shared-control,8,48,2.878503878932027e-12
finite-shared-control,8,49,2.405294800528001e-11
finite-shared-control,9,0,2.2670348740951255e-11
finite-shared-control,9,1,1.9865211558100328e-10
finite-shared-control,9,2,2.2916805479530858e-11
finite-shared-control,9,3,2.0160286572641228e-10
finite-shared-control,9,4,2.2423892002371627e-11
finite-shared-control,9,5,1.9570136543559425e-10
finite-shared-control,9,6,2.2793577110241035e-11
finite-shared-control,9,7,2.0012749065370778e-10
finite-shared-control,9,8,2.2892159805672893e-11
finite-shared-control,9,9,2.0130779071187177e-10
finite-shared-control,9,10,2.2670322698158948e-11
finite-shared-control,9,11,1.9865186952487517e-10
finite-shared-control,9,12,2.2916777656610326e-11
finite-shared-control,9,13,2.0160260311606305e-10
finite-shared-control,9,14,2.2423867739707544e-11
finite-shared-control,9,15,1.9570113593368725e-10
finite-shared-control,9,16,2.2793550177384614e-11
finite-shared-control,9,17,2.0012723632046912e-10
finite-shared-control,9,18,2.2892132160765183e-11
finite-shared-control,9,19,2.0130752975694467e-10
finite-shared-control,9,20,6.464098594286894e-14
finite-shared-control,9,21,1.0044570937472718e-12
finite-shared-control,9,22,-1.3922338488383658e-12
finite-shared-control,9,23,-1.1949521660093274e-11
finite-shared-control,9,24,1.5215158207240742e-12
finite-shared-control,9,25,1.395843584758773e-11
finite-shared-control,9,26,-6.63796431447767e-13
finite-shared-control,9,27,-5.472532283172977e-12
finite-shared-control,9,28,-1.2465463653602485e-12
finite-shared-control,9,29,-1.0654123784708851e-11
finite-shared-control,9,30,2.2605707755008393e-11
finite-shared-control,9,31,1.9764765848725605e-10
finite-shared-control,9,32,2.430903932836922e-11
finite-shared-control,9,33,2.1355238738650556e-10
finite-shared-control,9,34,2.0902376181647552e-11
finite-shared-control,9,35,1.8174292958800652e-10
finite-shared-control,9,36,2.3457373541688802e-11
finite-shared-control,9,37,2.056000229368807e-10
finite-shared-control,9,38,2.413870617103314e-11
finite-shared-control,9,39,2.1196191449658058e-10
finite-shared-control,9,40,2.2605681712216086e-11
finite-shared-control,9,41,1.9764741243112795e-10
finite-shared-control,9,42,2.430901150544869e-11
finite-shared-control,9,43,2.1355212477615633e-10
finite-shared-control,9,44,2.090235191898347e-11
finite-shared-control,9,45,1.8174270008609952e-10
finite-shared-control,9,46,2.345734660883238e-11
finite-shared-control,9,47,2.0559976860364205e-10
finite-shared-control,9,48,2.413867852612543e-11
finite-shared-control,9,49,2.1196165354165348e-10
finite-shared-control,10,0,2.6530959405924448e-12
finite-shared-control,10,1,2.2258447835699653e-11
finite-shared-control,10,2,2.6962948668899234e-12
finite-shared-control,10,3,2.271608657176549e-11
finite-shared-control,10,4,2.609897014294963e-12
finite-shared-control,10,5,2.1800809099633805e-11
finite-shared-control,10,6,2.6746954037411817e-12
finite-shared-control,10,7,2.2487267203732563e-11
finite-shared-control,10,8,2.6919749742601753e-12
finite-shared-control,10,9,2.2670322698158948e-11
finite-shared-control,10,10,2.653095276486032e-12
finite-shared-control,10,11,2.2258440218232654e-11
finite-shared-control,10,12,2.6962941581573805e-12
finite-shared-control,10,13,2.271607854096014e-11
finite-shared-control,10,14,2.609896394814681e-12
finite-shared-control,10,15,2.1800801895505155e-11
finite-shared-control,10,16,2.674694717321704e-12
finite-shared-control,10,17,2.2487259379596387e-11
finite-shared-control,10,18,2.6919742699902456e-12
finite-shared-control,10,19,2.2670314708687434e-11
finite-shared-control,10,20,1.2670427649782331e-14
finite-shared-control,10,21,1.549037791476103e-13
finite-shared-control,10,22,-1.5137734688479633e-13
finite-shared-control,10,23,-1.30580540153877e-12
finite-shared-control,10,24,1.767182021843575e-13
finite-shared-control,10,25,1.6156129598339837e-12
finite-shared-control,10,26,-6.935345961750929e-14
finite-shared-control,10,27,-5.754508111955799e-13
finite-shared-control,10,28,-1.3497256943133876e-13
finite-shared-control,10,29,-1.1597344834700915e-12
finite-shared-control,10,30,2.6404255129426625e-12
finite-shared-control,10,31,2.210354405655204e-11
finite-shared-control,10,32,2.8476722137747194e-12
finite-shared-control,10,33,2.4021891973304263e-11
finite-shared-control,10,34,2.4331788121106048e-12
finite-shared-control,10,35,2.0185196139799827e-11
finite-shared-control,10,36,2.744048863358691e-12
finite-shared-control,10,37,2.3062718014928146e-11
finite-shared-control,10,38,2.8269475436915143e-12
finite-shared-control,10,39,2.383005718162904e-11
finite-shared-control,10,40,2.64042484883625e-12
finite-shared-control,10,41,2.2103536439085043e-11
finite-shared-control,10,42,2.8476715050421765e-12
finite-shared-control,10,43,2.402188394249891e-11
finite-shared-control,10,44,2.433178192630323e-12
finite-shared-control,10,45,2.0185188935671177e-11
finite-shared-control,10,46,2.7440481769392134e-12
finite-shared-control,10,47,2.306271019079197e-11
finite-shared-control,10,48,2.826946839421584e-12
finite-shared-control,10,49,2.3830049192157526e-11
finite-shared-control,11,0,2.2258444200074103e-11
finite-shared-control,11,1,1.9732420723619098e-10
finite-shared-control,11,2,2.2365961088942793e-11
finite-shared-control,11,3,1.9879938755695085e-10
finite-shared-control,11,4,2.215092731120538e-11
finite-shared-control,11,5,1.9584902691543108e-10
finite-shared-control,11,6,2.231220264450843e-11
finite-shared-control,11,7,1.9806179739657092e-10
finite-shared-control,11,8,2.235520940005591e-11
finite-shared-control,11,9,1.9865186952487517e-10
finite-shared-control,11,10,2.2258440218232654e-11
finite-shared-control,11,11,1.973241494108585e-10
finite-shared-control,11,12,2.2365957000770824e-11
finite-shared-control,11,13,1.9879932837564973e-10
finite-shared-control,11,14,2.2150923435694455e-11
finite-shared-control,11,15,1.9584897044606724e-10
finite-shared-control,11,16,2.231219860950172e-11
finite-shared-control,11,17,1.9806173889325411e-10
finite-shared-control,11,18,2.2355205322516993e-11
finite-shared-control,11,19,1.986518104791709e-10
finite-shared-control,11,20,2.4906559120284746e-14
finite-shared-control,11,21,6.931950532360053e-13
finite-shared-control,11,22,-1.3747540235145574e-12
finite-shared-control,11,23,-1.1752244743099826e-11
finite-shared-control,11,24,1.4245671417550985e-12
finite-shared-control,11,25,1.313863484957174e-11
finite-shared-control,11,26,-6.749237321971533e-13
finite-shared-control,11,27,-5.52952484493188e-12
finite-shared-control,11,28,-1.2347879652510885e-12
finite-shared-control,11,29,-1.0507700763465904e-11
finite-shared-control,11,30,2.2233537640953816e-11
finite-shared-control,11,31,1.9663101218295502e-10
finite-shared-control,11,32,2.3740715112457352e-11
finite-shared-control,11,33,2.1055163230005067e-10
finite-shared-control,11,34,2.0726360169450283e-11
finite-shared-control,11,35,1.827103920658593e-10
finite-shared-control,11,36,2.2987126376705584e-11
finite-shared-control,11,37,2.0359132224150277e-10
finite-shared-control,11,38,2.3589997365306996e-11
finite-shared-control,11,39,2.091595702883411e-10
finite-shared-control,11,40,2.2233533659112367e-11
finite-shared-control,11,41,1.9663095435762253e-10
finite-shared-control,11,42,2.3740711024285383e-11
finite-shared-control,11,43,2.1055157311874954e-10
finite-shared-control,11,44,2.0726356293939357e-11
finite-shared-control,11,45,1.8271033559649545e-10
finite-shared-control,11,46,2.2987122341698875e-11
finite-shared-control,11,47,2.0359126373818596e-10
finite-shared-control,11,48,2.358999328776808e-11
finite-shared-control,11,49,2.0915951124263685e-10
finite-shared-control,12,0,2.696294937972913e-12
finite-shared-control,12,1,2.236596541265132e-11
finite-shared-control,12,2,2.7556433520378253e-12
finite-shared-control,12,3,2.297797901705016e-11
finite-shared-control,12,4,2.6369465239079976e-12
finite-shared-control,12,5,2.175395180825247e-11
finite-shared-control,12,6,2.725969145005366e-12
finite-shared-control,12,7,2.267197221485073e-11
finite-shared-control,12,8,2.7497085106313347e-12
finite-shared-control,12,9,2.2916777656610326e-11
finite-shared-control,12,10,2.6962941581573805e-12
finite-shared-control,12,11,2.2365957000770824e-11
finite-shared-control,12,12,2.7556425112297325e-12
finite-shared-control,12,13,2.2977970010110256e-11
finite-shared-control,12,14,2.636945805085025e-12
finite-shared-control,12,15,2.175394399143138e-11
finite-shared-control,12,16,2.7259683346935537e-12
finite-shared-control,12,17,2.2671963505440532e-11
finite-shared-control,12,18,2.7497076759224977e-12
finite-shared-control,12,19,2.2916768709176363e-11
finite-shared-control,12,20,1.5823980243430013e-14
finite-shared-control,12,21,1.779199083551904e-13
finite-shared-control,12,22,-1.5122916446491696e-13
finite-shared-control,12,23,-1.3097022333747782e-12
finite-shared-control,12,24,1.8287712495177342e-13
finite-shared-control,12,25,1.6655420500851525e-12
finite-shared-control,12,26,-6.770259211074595e-14
finite-shared-control,12,27,-5.658911625097948e-13
finite-shared-control,12,28,-1.3452384999408164e-13
finite-shared-control,12,29,-1.1609400192017354e-12
finite-shared-control,12,30,2.6804709577294833e-12
finite-shared-control,12,31,2.2188045504296126e-11
finite-shared-control,12,32,2.906872516502742e-12
finite-shared-control,12,33,2.4287681250424943e-11
finite-shared-control,12,34,2.454069398956224e-12
finite-shared-control,12,35,2.008840975816732e-11
finite-shared-control,12,36,2.793671737116112e-12
finite-shared-control,12,37,2.3237863377360528e-11
finite-shared-control,12,38,2.8842323606254163e-12
finite-shared-control,12,39,2.407771767581206e-11
finite-shared-control,12,40,2.6804701779139508e-12
finite-shared-control,12,41,2.218803709241563e-11
finite-shared-control,12,42,2.906871675694649e-12
finite-shared-control,12,43,2.4287672243485038e-11
finite-shared-control,12,44,2.4540686801332514e-12
finite-shared-control,12,45,2.008840194134623e-11
finite-shared-control,12,46,2.7936709268042993e-12
finite-shared-control,12,47,2.323785466795033e-11
finite-shared-control,12,48,2.8842315259165797e-12
finite-shared-control,12,49,2.4077708728378096e-11
finite-shared-control,13,0,2.271608365155918e-11
finite-shared-control,13,1,1.987993934840184e-10
finite-shared-control,13,2,2.2977975396303064e-11
finite-shared-control,13,3,2.0191407085295645e-10
finite-shared-control,13,4,2.2454191906815267e-11
finite-shared-control,13,5,1.9568471611508018e-10
finite-shared-control,13,6,2.2847029523931102e-11
finite-shared-control,13,7,2.003567321684874e-10
finite-shared-control,13,8,2.2951786221828672e-11
finite-shared-control,13,9,2.0160260311606305e-10
finite-shared-control,13,10,2.271607854096014e-11
finite-shared-control,13,11,1.9879932837564973e-10
finite-shared-control,13,12,2.2977970010110256e-11
finite-shared-control,13,13,2.0191400242204334e-10
finite-shared-control,13,14,2.2454187071809996e-11
finite-shared-control,13,15,1.956846543292559e-10
finite-shared-control,13,16,2.284702427553518e-11
finite-shared-control,13,17,2.003566653988465e-10
finite-shared-control,13,18,2.295178086319524e-11
finite-shared-control,13,19,2.016025350174044e-10
finite-shared-control,13,20,6.905592225649203e-14
finite-shared-control,13,21,1.0390417649152133e-12
finite-shared-control,13,22,-1.39417605165212e-12
finite-shared-control,13,23,-1.1971441317536967e-11
finite-shared-control,13,24,1.532287896165074e-12
finite-shared-control,13,25,1.404952484736731e-11
finite-shared-control,13,26,-6.625600646978326e-13
finite-shared-control,13,27,-5.466199776310857e-12
finite-shared-control,13,28,-1.2478528542612637e-12
finite-shared-control,13,29,-1.0670393009291377e-11
finite-shared-control,13,30,2.264702772930269e-11
finite-shared-control,13,31,1.9776035171910318e-10
finite-shared-control,13,32,2.4372151447955182e-11
finite-shared-control,13,33,2.1388551217049344e-10
finite-shared-control,13,34,2.092190401065019e-11
finite-shared-control,13,35,1.816351912677129e-10
finite-shared-control,13,36,2.3509589588628936e-11
finite-shared-control,13,37,2.0582293194479826e-10
finite-shared-control,13,38,2.4199639076089937e-11
finite-shared-control,13,39,2.122729961253544e-10
finite-shared-control,13,40,2.264702261870365e-11
finite-shared-control,13,41,1.977602866107345e-10
finite-shared-control,13,42,2.4372146061762374e-11
finite-shared-control,13,43,2.1388544373958033e-10
finite-shared-control,13,44,2.092189917564492e-11
finite-shared-control,13,45,1.8163512948188862e-10
finite-shared-control,13,46,2.3509584340233012e-11
finite-shared-control,13,47,2.0582286517515737e-10
finite-shared-control,13,48,2.4199633717456503e-11
finite-shared-control,13,49,2.1227292802669577e-10
finite-shared-control,14,0,2.6098969432119732e-12
finite-shared-control,14,1,2.2150930258747953e-11
finite-shared-control,14,2,2.6369463817420183e-12
finite-shared-control,14,3,2.2454194126480793e-11
finite-shared-control,14,4,2.5828475046819233e-12
finite-shared-control,14,5,2.184766639101511e-11
finite-shared-control,14,6,2.6234216624769935e-12
finite-shared-control,14,7,2.2302562192614368e-11
finite-shared-control,14,8,2.6342414378890123e-12
finite-shared-control,14,9,2.2423867739707544e-11
finite-shared-control,14,10,2.609896394814681e-12
finite-shared-control,14,11,2.2150923435694455e-11
finite-shared-control,14,12,2.636945805085025e-12
finite-shared-control,14,13,2.2454187071809996e-11
finite-shared-control,14,14,2.5828469845443317e-12
finite-shared-control,14,15,2.1847659799578904e-11
finite-shared-control,14,16,2.623421099949851e-12
finite-shared-control,14,17,2.230255525375222e-11
finite-shared-control,14,18,2.6342408640579894e-12
finite-shared-control,14,19,2.2423860708198476e-11
finite-shared-control,14,20,9.516875056134632e-15
finite-shared-control,14,21,1.3188764994003007e-13
finite-shared-control,14,22,-1.5152552930467553e-13
finite-shared-control,14,23,-1.3019085697027606e-12
finite-shared-control,14,24,1.7055927941694146e-13
finite-shared-control,14,25,1.5656838695828128e-12
finite-shared-control,14,26,-7.100432712427255e-14
finite-shared-control,14,27,-5.850104598813645e-13
finite-shared-control,14,28,-1.3542128886859575e-13
finite-shared-control,14,29,-1.1585289477384463e-12
finite-shared-control,14,30,2.600380068155838e-12
finite-shared-control,14,31,2.2019042608807924e-11
finite-shared-control,14,32,2.7884719110466938e-12
finite-shared-control,14,33,2.3756102696183553e-11
finite-shared-control,14,34,2.4122882252649823e-12
finite-shared-control,14,35,2.02819825214323e-11
finite-shared-control,14,36,2.6944259896012657e-12
finite-shared-control,14,37,2.288757265249573e-11
finite-shared-control,14,38,2.7696627267576086e-12
finite-shared-control,14,39,2.358239668744599e-11
finite-shared-control,14,40,2.600379519758546e-12
finite-shared-control,14,41,2.2019035785754426e-11
finite-shared-control,14,42,2.7884713343897004e-12
finite-shared-control,14,43,2.3756095641512756e-11
finite-shared-control,14,44,2.412287705127391e-12
finite-shared-control,14,45,2.0281975929996093e-11
finite-shared-control,14,46,2.694425427074123e-12
finite-shared-control,14,47,2.2887565713633583e-11
finite-shared-control,14,48,2.769662152926585e-12
finite-shared-control,14,49,2.3582389655936923e-11
finite-shared-control,15,0,2.1800804748589013e-11
finite-shared-control,15,1,1.958490209883635e-10
finite-shared-control,15,2,2.1753946781582513e-11
finite-shared-control,15,3,1.9568470426094508e-10
finite-shared-control,15,4,2.1847662715595485e-11
finite-shared-control,15,5,1.9601333771578178e-10
finite-shared-control,15,6,2.177737576508575e-11
finite-shared-control,15,7,1.9576686262465428e-10
finite-shared-control,15,8,2.1758632578283145e-11
finite-shared-control,15,9,1.9570113593368725e-10
finite-shared-control,15,10,2.1800801895505155e-11
finite-shared-control,15,11,1.9584897044606724e-10
finite-shared-control,15,12,2.175394399143138e-11
finite-shared-control,15,13,1.956846543292559e-10
finite-shared-control,15,14,2.1847659799578904e-11
finite-shared-control,15,15,1.9601328656287836e-10
finite-shared-control,15,16,2.1777372943468254e-11
finite-shared-control,15,17,1.9576681238766156e-10
finite-shared-control,15,18,2.1758629781838738e-11
finite-shared-control,15,19,1.9570108594093737e-10
finite-shared-control,15,20,-1.9242804015921408e-14
finite-shared-control,15,21,3.473483415568066e-13
finite-shared-control,15,22,-1.3553319953769954e-12
finite-shared-control,15,23,-1.1533048168662692e-11
finite-shared-control,15,24,1.3168463873451253e-12
finite-shared-control,15,25,1.2227744851776192e-11
finite-shared-control,15,26,-6.872873996964736e-13
finite-shared-control,15,27,-5.592849913552905e-12
finite-shared-control,15,28,-1.2217230762409132e-12
finite-shared-control,15,29,-1.0345008517640434e-11
finite-shared-control,15,30,2.182004755260494e-11
finite-shared-control,15,31,1.955016726468067e-10
finite-shared-control,15,32,2.310927877695951e-11
finite-shared-control,15,33,2.072177524296078e-10
finite-shared-control,15,34,2.053081632825036e-11
finite-shared-control,15,35,1.837855928640056e-10
finite-shared-control,15,36,2.2464663164782223e-11
finite-shared-control,15,37,2.013597125382072e-10
finite-shared-control,15,38,2.2980355654524052e-11
finite-shared-control,15,39,2.0604614445132768e-10
finite-shared-control,15,40,2.182004469952108e-11
finite-shared-control,15,41,1.9550162210451043e-10
finite-shared-control,15,42,2.3109275986808376e-11
finite-shared-control,15,43,2.0721770249791864e-10
finite-shared-control,15,44,2.053081341223378e-11
finite-shared-control,15,45,1.8378554171110217e-10
finite-shared-control,15,46,2.2464660343164728e-11
finite-shared-control,15,47,2.0135966230121447e-10
finite-shared-control,15,48,2.2980352858079645e-11
finite-shared-control,15,49,2.060460944585778e-10
finite-shared-control,16,0,2.6746954392826765e-12
finite-shared-control,16,1,2.231220662417547e-11
finite-shared-control,16,2,2.7259691094638714e-12
finite-shared-control,16,3,2.2847032794407807e-11
finite-shared-control,16,4,2.623421769101478e-12
finite-shared-control,16,5,2.177738045394312e-11
finite-shared-control,16,6,2.7003322743732715e-12
finite-shared-control,16,7,2.2579619709291634e-11
finite-shared-control,16,8,2.7208417424457518e-12
finite-shared-control,16,9,2.2793550177384614e-11
finite-shared-control,16,10,2.674694717321704e-12
finite-shared-control,16,11,2.231219860950172e-11
finite-shared-control,16,12,2.7259683346935537e-12
finite-shared-control,16,13,2.284702427553518e-11
finite-shared-control,16,14,2.623421099949851e-12
finite-shared-control,16,15,2.1777372943468254e-11
finite-shared-control,16,16,2.7003315260076265e-12
finite-shared-control,16,17,2.2579611442518447e-11
finite-shared-control,16,18,2.7208409729563684e-12
finite-shared-control,16,19,2.2793541708931876e-11
finite-shared-control,16,20,1.4247203946606048e-14
finite-shared-control,16,21,1.6641184375139925e-13
finite-shared-control,16,22,-1.5130325567485647e-13
finite-shared-control,16,23,-1.3077538174567723e-12
finite-shared-control,16,24,1.7979766356806505e-13
finite-shared-control,16,25,1.6405775049595644e-12
finite-shared-control,16,26,-6.85280258641276e-14
finite-shared-control,16,27,-5.70670986852687e-13
finite-shared-control,16,28,-1.3474820971271007e-13
finite-shared-control,16,29,-1.1603372513359121e-12
finite-shared-control,16,30,2.6604482353360707e-12
finite-shared-control,16,31,2.2145794780424074e-11
finite-shared-control,16,32,2.877272365138728e-12
finite-shared-control,16,33,2.415478661186458e-11
finite-shared-control,16,34,2.4436241055334126e-12
finite-shared-control,16,35,2.013680294898356e-11
finite-shared-control,16,36,2.7688603002373994e-12
finite-shared-control,16,37,2.3150290696144326e-11
finite-shared-control,16,38,2.8555899521584623e-12
finite-shared-control,16,39,2.395388742872053e-11
finite-shared-control,16,40,2.6604475133750983e-12
finite-shared-control,16,41,2.2145786765750325e-11
finite-shared-control,16,42,2.8772715903684104e-12
finite-shared-control,16,43,2.4154778092991952e-11
finite-shared-control,16,44,2.4436234363817855e-12
finite-shared-control,16,45,2.013679543850869e-11
finite-shared-control,16,46,2.7688595518717543e-12
finite-shared-control,16,47,2.315028242937114e-11
finite-shared-control,16,48,2.855589182669079e-12
finite-shared-control,16,49,2.3953878960267787e-11
finite-shared-control,17,0,2.2487263925816632e-11
finite-shared-control,17,1,1.9806180036010472e-10
finite-shared-control,17,2,2.267196824262292e-11
finite-shared-control,17,3,2.0035672920495363e-10
finite-shared-control,17,4,2.230255960901032e-11
finite-shared-control,17,5,1.9576687151525563e-10
finite-shared-control,17,6,2.257961608421976e-11
finite-shared-control,17,7,1.992092647825291e-10
finite-shared-control,17,8,2.2653497810942285e-11
finite-shared-control,17,9,2.0012723632046912e-10
finite-shared-control,17,10,2.2487259379596387e-11
finite-shared-control,17,11,1.9806173889325411e-10
finite-shared-control,17,12,2.2671963505440532e-11
finite-shared-control,17,13,2.003566653988465e-10
finite-shared-control,17,14,2.230255525375222e-11
finite-shared-control,17,15,1.9576681238766156e-10
finite-shared-control,17,16,2.2579611442518447e-11
finite-shared-control,17,17,1.9920920214605026e-10
finite-shared-control,17,18,2.265349309285611e-11
finite-shared-control,17,19,2.0012717274828765e-10
finite-shared-control,17,20,4.698124068838792e-14
finite-shared-control,17,21,8.661184090756056e-13
finite-shared-control,17,22,-1.3844650375833385e-12
finite-shared-control,17,23,-1.1861843030318393e-11
finite-shared-control,17,24,1.4784275189600853e-12
finite-shared-control,17,25,1.3594079848469514e-11
finite-shared-control,17,26,-6.68741898447493e-13
finite-shared-control,17,27,-5.49786231062137e-12
finite-shared-control,17,28,-1.241320409756176e-12
finite-shared-control,17,29,-1.058904688637864e-11
finite-shared-control,17,30,2.2440282685128246e-11
finite-shared-control,17,31,1.9719568195102908e-10
finite-shared-control,17,32,2.4056433280206258e-11
finite-shared-control,17,33,2.1221857223527203e-10
finite-shared-control,17,34,2.0824132090050235e-11
finite-shared-control,17,35,1.8217279166678612e-10
finite-shared-control,17,36,2.3248357982667254e-11
finite-shared-control,17,37,2.0470712709315053e-10
finite-shared-control,17,38,2.3894818220698463e-11
finite-shared-control,17,39,2.1071628320684776e-10
finite-shared-control,17,40,2.2440278138908002e-11
finite-shared-control,17,41,1.9719562048417847e-10
finite-shared-control,17,42,2.405642854302387e-11
finite-shared-control,17,43,2.122185084291649e-10
finite-shared-control,17,44,2.0824127734792135e-11
finite-shared-control,17,45,1.8217273253919205e-10
finite-shared-control,17,46,2.324835334096594e-11
finite-shared-control,17,47,2.0470706445667168e-10
finite-shared-control,17,48,2.389481350261229e-11
finite-shared-control,17,49,2.1071621963466629e-10
finite-shared-control,18,0,2.6919750382348663e-12
finite-shared-control,18,1,2.2355213654956142e-11
finite-shared-control,18,2,2.7497085035230357e-12
finite-shared-control,18,3,2.2951789772521688e-11
finite-shared-control,18,4,2.6342415729466925e-12
finite-shared-control,18,5,2.1758637537390586e-11
finite-shared-control,18,6,2.7208417708789476e-12
finite-shared-control,18,7,2.265350171373891e-11
finite-shared-control,18,8,2.7439351569942198e-12
finite-shared-control,18,9,2.2892132160765183e-11
finite-shared-control,18,10,2.6919742699902456e-12
finite-shared-control,18,11,2.2355205322516993e-11
finite-shared-control,18,12,2.7497076759224977e-12
finite-shared-control,18,13,2.295178086319524e-11
finite-shared-control,18,14,2.6342408640579894e-12
finite-shared-control,18,15,2.1758629781838738e-11
finite-shared-control,18,16,2.7208409729563684e-12
finite-shared-control,18,17,2.265349309285611e-11
finite-shared-control,18,18,2.7439343353292734e-12
finite-shared-control,18,19,2.2892123309127465e-11
finite-shared-control,18,20,1.550862498406537e-14
finite-shared-control,18,21,1.7561829543443325e-13
finite-shared-control,18,22,-1.5124398270690517e-13
finite-shared-control,18,23,-1.3093125501911798e-12
finite-shared-control,18,24,1.8226123267503237e-13
finite-shared-control,18,25,1.66054914106004e-12
finite-shared-control,18,26,-6.786767886142236e-14
finite-shared-control,18,27,-5.668471273783741e-13
finite-shared-control,18,28,-1.3456872193780759e-13
finite-shared-control,18,29,-1.1608194656285734e-12
finite-shared-control,18,30,2.676466413250801e-12
finite-shared-control,18,31,2.2179595359521707e-11
finite-shared-control,18,32,2.900952486229941e-12
finite-shared-control,18,33,2.426110232271287e-11
finite-shared-control,18,34,2.45198034027166e-12
finite-shared-control,18,35,2.0098088396330545e-11
finite-shared-control,18,36,2.788709449740371e-12
finite-shared-control,18,37,2.3220348841117283e-11
finite-shared-control,18,38,2.8785038789320266e-12
finite-shared-control,18,39,2.405295162639376e-11
finite-shared-control,18,40,2.6764656450061803e-12
finite-shared-control,18,41,2.2179587027082558e-11
finite-shared-control,18,42,2.900951658629403e-12
finite-shared-control,18,43,2.4261093413386422e-11
finite-shared-control,18,44,2.451979631382957e-12
finite-shared-control,18,45,2.0098080640778696e-11
finite-shared-control,18,46,2.7887086518177918e-12
finite-shared-control,18,47,2.3220340220234483e-11
finite-shared-control,18,48,2.8785030572670806e-12
finite-shared-control,18,49,2.4052942774756034e-11
finite-shared-control,19,0,2.2670319706410712e-11
finite-shared-control,19,1,1.9865187485923597e-10
finite-shared-control,19,2,2.2916773965567084e-11
finite-shared-control,19,3,2.016026025233563e-10
finite-shared-control,19,4,2.2423865447254312e-11
finite-shared-control,19,5,1.957011471951156e-10
finite-shared-control,19,6,2.279354683598888e-11
finite-shared-control,19,7,2.0012723869129614e-10
finite-shared-control,19,8,2.289212853965144e-11
finite-shared-control,19,9,2.0130752975694467e-10
finite-shared-control,19,10,2.2670314708687434e-11
finite-shared-control,19,11,1.986518104791709e-10
finite-shared-control,19,12,2.2916768709176363e-11
finite-shared-control,19,13,2.016025350174044e-10
finite-shared-control,19,14,2.2423860708198476e-11
finite-shared-control,19,15,1.9570108594093737e-10
finite-shared-control,19,16,2.2793541708931876e-11
finite-shared-control,19,17,2.0012717274828765e-10
finite-shared-control,19,18,2.2892123309127465e-11
finite-shared-control,19,19,2.0130746256358144e-10
finite-shared-control,19,20,6.464098594286894e-14
finite-shared-control,19,21,1.0044570937472718e-12
finite-shared-control,19,22,-1.3922338488383658e-12
finite-shared-control,19,23,-1.1949521660093274e-11
finite-shared-control,19,24,1.5215158207240742e-12
finite-shared-control,19,25,1.395843584758773e-11
finite-shared-control,19,26,-6.63796431447767e-13
finite-shared-control,19,27,-5.472532283172977e-12
finite-shared-control,19,28,-1.2465463653602485e-12
finite-shared-control,19,29,-1.0654123784708851e-11
finite-shared-control,19,30,2.260567872046785e-11
finite-shared-control,19,31,1.9764741776548874e-10
finite-shared-control,19,32,2.4309007814405448e-11
finite-shared-control,19,33,2.1355212418344957e-10
finite-shared-control,19,34,2.0902349626530238e-11
finite-shared-control,19,35,1.8174271134752787e-10
finite-shared-control,19,36,2.3457343267436646e-11
finite-shared-control,19,37,2.0559977097446907e-10
finite-shared-control,19,38,2.4138674905011688e-11
finite-shared-control,19,39,2.1196165354165348e-10
finite-shared-control,19,40,2.2605673722744572e-11
finite-shared-control,19,41,1.9764735338542367e-10
finite-shared-control,19,42,2.4309002558014726e-11
finite-shared-control,19,43,2.1355205667749768e-10
finite-shared-control,19,44,2.09023448874744e-11
finite-shared-control,19,45,1.8174265009334963e-10
finite-shared-control,19,46,2.3457338140379643e-11
finite-shared-control,19,47,2.0559970503146057e-10
finite-shared-control,19,48,2.4138669674487712e-11
finite-shared-control,19,49,2.1196158634829025e-10
finite-shared-control,20,0,1.2670427649782331e-14
finite-shared-control,20,1,2.4906559120284746e-14
finite-shared-control,20,2,1.5823980243430013e-14
finite-shared-control,20,3,6.905592225649203e-14
finite-shared-control,20,4,9.516875056134632e-15
finite-shared-control,20,5,-1.9242804015921408e-14
finite-shared-control,20,6,1.4247203946606048e-14
finite-shared-control,20,7,4.698124068838792e-14
finite-shared-control,20,8,1.550862498406537e-14
finite-shared-control,20,9,6.464098594286894e-14
finite-shared-control,20,10,1.2670427649782331e-14
finite-shared-control,20,11,2.4906559120284746e-14
finite-shared-control,20,12,1.5823980243430013e-14
finite-shared-control,20,13,6.905592225649203e-14
finite-shared-control,20,14,9.516875056134632e-15
finite-shared-control,20,15,-1.9242804015921408e-14
finite-shared-control,20,16,1.4247203946606048e-14
finite-shared-control,20,17,4.698124068838792e-14
finite-shared-control,20,18,1.550862498406537e-14
finite-shared-control,20,19,6.464098594286894e-14
finite-shared-control,20,20,3.5318352103258807e-15
finite-shared-control,20,21,3.005967518778788e-14
finite-shared-control,20,22,-2.2199457235256964e-15
finite-shared-control,20,23,-2.0143483791278847e-14
finite-shared-control,20,24,9.283616144177448e-15
finite-shared-control,20,25,8.026283416685579e-14
finite-shared-control,20,26,6.559447433999848e-16
finite-shared-control,20,27,4.958095698254168e-15
finite-shared-control,20,28,-1.644767630140401e-15
finite-shared-control,20,29,-1.5123167893374436e-14
finite-shared-control,20,30,9.138592439456445e-15
finite-shared-control,20,31,-5.153116067503103e-15
finite-shared-control,20,32,1.8043925966955703e-14
finite-shared-control,20,33,8.919940604777089e-14
finite-shared-control,20,34,2.3325891195718493e-16
finite-shared-control,20,35,-9.950563818277723e-14
finite-shared-control,20,36,1.3591259203206061e-14
finite-shared-control,20,37,4.2023144990133757e-14
finite-shared-control,20,38,1.715339261420577e-14
finite-shared-control,20,39,7.976415383624337e-14
finite-shared-control,20,40,9.138592439456445e-15
finite-shared-control,20,41,-5.153116067503103e-15
finite-shared-control,20,42,1.8043925966955703e-14
finite-shared-control,20,43,8.919940604777089e-14
finite-shared-control,20,44,2.3325891195718493e-16
finite-shared-control,20,45,-9.950563818277723e-14
finite-shared-control,20,46,1.3591259203206061e-14
finite-shared-control,20,47,4.2023144990133757e-14
finite-shared-control,20,48,1.7153392614205772e-14
finite-shared-control,20,49,7.976415383624337e-14
finite-shared-control,21,0,1.549037791476103e-13
finite-shared-control,21,1,6.931950532360053e-13
finite-shared-control,21,2,1.779199083551904e-13
finite-shared-control,21,3,1.0390417649152133e-12
finite-shared-control,21,4,1.3188764994003007e-13
finite-shared-control,21,5,3.473483415568066e-13
finite-shared-control,21,6,1.6641184375139925e-13
finite-shared-control,21,7,8.661184090756056e-13
finite-shared-control,21,8,1.7561829543443325e-13
finite-shared-control,21,9,1.0044570937472718e-12
finite-shared-control,21,10,1.549037791476103e-13
finite-shared-control,21,11,6.931950532360053e-13
finite-shared-control,21,12,1.779199083551904e-13
finite-shared-control,21,13,1.0390417649152133e-12
finite-shared-control,21,14,1.3188764994003007e-13
finite-shared-control,21,15,3.473483415568066e-13
finite-shared-control,21,16,1.6641184375139925e-13
finite-shared-control,21,17,8.661184090756056e-13
finite-shared-control,21,18,1.7561829543443325e-13
finite-shared-control,21,19,1.0044570937472718e-12
finite-shared-control,21,20,3.005967518778788e-14
finite-shared-control,21,21,2.584618152570908e-13
finite-shared-control,21,22,-2.382354996473062e-14
finite-shared-control,21,23,-2.1222527542367389e-13
finite-shared-control,21,24,8.394290034030625e-14
finite-shared-control,21,25,7.291489059378655e-13
finite-shared-control,21,26,3.1180626115277025e-15
finite-shared-control,21,27,2.3118269916705754e-14
finite-shared-control,21,28,-1.843522744947775e-14
finite-shared-control,21,29,-1.651565663556172e-13
finite-shared-control,21,30,1.248441039598224e-13
finite-shared-control,21,31,4.3473323797891436e-13
finite-shared-control,21,32,2.0174345831992097e-13
finite-shared-control,21,33,1.2512670403388872e-12
finite-shared-control,21,34,4.794474959972381e-14
finite-shared-control,21,35,-3.8180056438105907e-13
finite-shared-control,21,36,1.6329378113987158e-13
finite-shared-control,21,37,8.430001391588997e-13
finite-shared-control,21,38,1.9405352288391102e-13
finite-shared-control,21,39,1.169613660102889e-12
finite-shared-control,21,40,1.248441039598224e-13
finite-shared-control,21,41,4.3473323797891436e-13
finite-shared-control,21,42,2.0174345831992097e-13
finite-shared-control,21,43,1.2512670403388872e-12
finite-shared-control,21,44,4.794474959972381e-14
finite-shared-control,21,45,-3.8180056438105907e-13
finite-shared-control,21,46,1.6329378113987158e-13
finite-shared-control,21,47,8.430001391588997e-13
finite-shared-control,21,48,1.94053522883911e-13
finite-shared-control,21,49,1.169613660102889e-12
finite-shared-control,22,0,-1.5137734688479633e-13
finite-shared-control,22,1,-1.3747540235145574e-12
finite-shared-control,22,2,-1.5122916446491696e-13
finite-shared-control,22,3,-1.39417605165212e-12
finite-shared-control,22,4,-1.5152552930467553e-13
finite-shared-control,22,5,-1.3553319953769954e-12
finite-shared-control,22,6,-1.5130325567485647e-13
finite-shared-control,22,7,-1.3844650375833385e-12
finite-shared-control,22,8,-1.5124398270690517e-13
finite-shared-control,22,9,-1.3922338488383658e-12
finite-shared-control,22,10,-1.5137734688479633e-13
finite-shared-control,22,11,-1.3747540235145574e-12
finite-shared-control,22,12,-1.5122916446491696e-13
finite-shared-control,22,13,-1.39417605165212e-12
finite-shared-control,22,14,-1.5152552930467553e-13
finite-shared-control,22,15,-1.3553319953769954e-12
finite-shared-control,22,16,-1.5130325567485647e-13
finite-shared-control,22,17,-1.3844650375833385e-12
finite-shared-control,22,18,-1.5124398270690517e-13
finite-shared-control,22,19,-1.3922338488383658e-12
finite-shared-control,22,20,-2.2199457235256964e-15
finite-shared-control,22,21,-2.382354996473062e-14
finite-shared-control,22,22,1.430482858735343e-14
finite-shared-control,22,23,1.215437381313695e-13
finite-shared-control,22,24,-1.8744720034404695e-14
finite-shared-control,22,25,-1.691908380608314e-13
finite-shared-control,22,26,6.042441431914036e-15
finite-shared-control,22,27,4.8860094083319295e-14
finite-shared-control,22,28,1.2652351156265254e-14
finite-shared-control,22,29,1.070070093217571e-13
finite-shared-control,22,30,-1.491574011612706e-13
finite-shared-control,22,31,-1.3509304735498268e-12
finite-shared-control,22,32,-1.6553399305227039e-13
finite-shared-control,22,33,-1.5157197897834896e-12
finite-shared-control,22,34,-1.3278080927027085e-13
finite-shared-control,22,35,-1.186141157316164e-12
finite-shared-control,22,36,-1.573456971067705e-13
finite-shared-control,22,37,-1.4333251316666578e-12
finite-shared-control,22,38,-1.6389633386317043e-13
finite-shared-control,22,39,-1.499240858160123e-12
finite-shared-control,22,40,-1.491574011612706e-13
finite-shared-control,22,41,-1.3509304735498268e-12
finite-shared-control,22,42,-1.6553399305227039e-13
finite-shared-control,22,43,-1.5157197897834896e-12
finite-shared-control,22,44,-1.3278080927027085e-13
finite-shared-control,22,45,-1.186141157316164e-12
finite-shared-control,22,46,-1.573456971067705e-13
finite-shared-control,22,47,-1.4333251316666578e-12
finite-shared-control,22,48,-1.6389633386317043e-13
finite-shared-control,22,49,-1.499240858160123e-12
finite-shared-control,23,0,-1.30580540153877e-12
finite-shared-control,23,1,-1.1752244743099826e-11
finite-shared-control,23,2,-1.3097022333747782e-12
finite-shared-control,23,3,-1.1971441317536967e-11
finite-shared-control,23,4,-1.3019085697027606e-12
finite-shared-control,23,5,-1.1533048168662692e-11
finite-shared-control,23,6,-1.3077538174567723e-12
finite-shared-control,23,7,-1.1861843030318393e-11
finite-shared-control,23,8,-1.3093125501911798e-12
finite-shared-control,23,9,-1.1949521660093274e-11
finite-shared-control,23,10,-1.30580540153877e-12
finite-shared-control,23,11,-1.1752244743099826e-11
finite-shared-control,23,12,-1.3097022333747782e-12
finite-shared-control,23,13,-1.1971441317536967e-11
finite-shared-control,23,14,-1.3019085697027606e-12
finite-shared-control,23,15,-1.1533048168662692e-11
finite-shared-control,23,16,-1.3077538174567723e-12
finite-shared-control,23,17,-1.1861843030318393e-11
finite-shared-control,23,18,-1.3093125501911798e-12
finite-shared-control,23,19,-1.1949521660093274e-11
finite-shared-control,23,20,-2.0143483791278847e-14
finite-shared-control,23,21,-2.1222527542367389e-13
finite-shared-control,23,22,1.215437381313695e-13
finite-shared-control,23,23,1.035823339430654e-12
finite-shared-control,23,24,-1.6183070571392593e-13
finite-shared-control,23,25,-1.4602738902780073e-12
finite-shared-control,23,26,5.07001271700468e-14
finite-shared-control,23,27,4.1179903200348916e-13
finite-shared-control,23,28,1.0737501593910207e-13
finite-shared-control,23,29,9.110184779452004e-13
finite-shared-control,23,30,-1.2856619177474911e-12
finite-shared-control,23,31,-1.1540019467676155e-11
finite-shared-control,23,32,-1.4312459715061475e-12
finite-shared-control,23,33,-1.3007264656967623e-11
finite-shared-control,23,34,-1.1400778639888347e-12
finite-shared-control,23,35,-1.0072774278384684e-11
finite-shared-control,23,36,-1.3584539446268191e-12
finite-shared-control,23,37,-1.2273642062321885e-11
finite-shared-control,23,38,-1.4166875661302817e-12
finite-shared-control,23,39,-1.2860540138038474e-11
finite-shared-control,23,40,-1.2856619177474911e-12
finite-shared-control,23,41,-1.1540019467676155e-11
finite-shared-control,23,42,-1.4312459715061475e-12
finite-shared-control,23,43,-1.3007264656967623e-11
finite-shared-control,23,44,-1.1400778639888347e-12
finite-shared-control,23,45,-1.0072774278384684e-11
finite-shared-control,23,46,-1.3584539446268191e-12
finite-shared-control,23,47,-1.2273642062321885e-11
finite-shared-control,23,48,-1.4166875661302817e-12
finite-shared-control,23,49,-1.2860540138038472e-11
finite-shared-control,24,0,1.767182021843575e-13
finite-shared-control,24,1,1.4245671417550985e-12
finite-shared-control,24,2,1.8287712495177342e-13
finite-shared-control,24,3,1.532287896165074e-12
finite-shared-control,24,4,1.7055927941694146e-13
finite-shared-control,24,5,1.3168463873451253e-12
finite-shared-control,24,6,1.7979766356806505e-13
finite-shared-control,24,7,1.4784275189600853e-12
finite-shared-control,24,8,1.8226123267503237e-13
finite-shared-control,24,9,1.5215158207240742e-12
finite-shared-control,24,10,1.767182021843575e-13
finite-shared-control,24,11,1.4245671417550985e-12
finite-shared-control,24,12,1.8287712495177342e-13
finite-shared-control,24,13,1.532287896165074e-12
finite-shared-control,24,14,1.7055927941694146e-13
finite-shared-control,24,15,1.3168463873451253e-12
finite-shared-control,24,16,1.7979766356806505e-13
finite-shared-control,24,17,1.4784275189600853e-12
finite-shared-control,24,18,1.8226123267503237e-13
finite-shared-control,24,19,1.5215158207240742e-12
finite-shared-control,24,20,9.283616144177448e-15
finite-shared-control,24,21,8.394290034030625e-14
finite-shared-control,24,22,-1.8744720034404695e-14
finite-shared-control,24,23,-1.6183070571392593e-13
finite-shared-control,24,24,3.731195232275943e-14
finite-shared-control,24,25,3.2971650639454147e-13
finite-shared-control,24,26,-4.7305519451140046e-15
finite-shared-control,24,27,-3.894390268681039e-14
finite-shared-control,24,28,-1.5941886416545935e-14
finite-shared-control,24,29,-1.3725334510850484e-13
finite-shared-control,24,30,1.6743458604018008e-13
finite-shared-control,24,31,1.340624241414792e-12
finite-shared-control,24,32,2.0162184498617811e-13
finite-shared-control,24,33,1.6941186018790004e-12
finite-shared-control,24,34,1.3324732709418199e-13
finite-shared-control,24,35,9.871298809505838e-13
finite-shared-control,24,36,1.8452821551317906e-13
finite-shared-control,24,37,1.5173714216468956e-12
finite-shared-control,24,38,1.9820311909157827e-13
finite-shared-control,24,39,1.658769165832579e-12
finite-shared-control,24,40,1.6743458604018008e-13
finite-shared-control,24,41,1.340624241414792e-12
finite-shared-control,24,42,2.0162184498617811e-13
finite-shared-control,24,43,1.6941186018790004e-12
finite-shared-control,24,44,1.3324732709418199e-13
finite-shared-control,24,45,9.871298809505838e-13
finite-shared-control,24,46,1.8452821551317906e-13
finite-shared-control,24,47,1.5173714216468956e-12
finite-shared-control,24,48,1.9820311909157827e-13
finite-shared-control,24,49,1.658769165832579e-12
finite-shared-control,25,0,1.6156129598339837e-12
finite-shared-control,25,1,1.313863484957174e-11
finite-shared-control,25,2,1.6655420500851525e-12
finite-shared-control,25,3,1.404952484736731e-11
finite-shared-control,25,4,1.5656838695828128e-12
finite-shared-control,25,5,1.2227744851776192e-11
finite-shared-control,25,6,1.6405775049595644e-12
finite-shared-control,25,7,1.3594079848469514e-11
finite-shared-control,25,8,1.66054914106004e-12
finite-shared-control,25,9,1.395843584758773e-11
finite-shared-control,25,10,1.6156129598339837e-12
finite-shared-control,25,11,1.313863484957174e-11
finite-shared-control,25,12,1.6655420500851525e-12
finite-shared-control,25,13,1.404952484736731e-11
finite-shared-control,25,14,1.5656838695828128e-12
finite-shared-control,25,15,1.2227744851776192e-11
finite-shared-control,25,16,1.6405775049595644e-12
finite-shared-control,25,17,1.3594079848469514e-11
finite-shared-control,25,18,1.66054914106004e-12
finite-shared-control,25,19,1.395843584758773e-11
finite-shared-control,25,20,8.026283416685579e-14
finite-shared-control,25,21,7.291489059378655e-13
finite-shared-control,25,22,-1.691908380608314e-13
finite-shared-control,25,23,-1.4602738902780073e-12
finite-shared-control,25,24,3.2971650639454147e-13
finite-shared-control,25,25,2.9185717021537638e-12
finite-shared-control,25,26,-4.446400194699112e-14
finite-shared-control,25,27,-3.655624921700755e-13
finite-shared-control,25,28,-1.4424547083805804e-13
finite-shared-control,25,29,-1.2413316106564388e-12
finite-shared-control,25,30,1.5353501256671278e-12
finite-shared-control,25,31,1.2409485943633874e-11
finite-shared-control,25,32,1.834732888145984e-12
finite-shared-control,25,33,1.5509798737645316e-11
finite-shared-control,25,34,1.2359673631882713e-12
finite-shared-control,25,35,9.30917314962243e-12
finite-shared-control,25,36,1.6850415069065555e-12
finite-shared-control,25,37,1.395964234063959e-11
finite-shared-control,25,38,1.804794611898098e-12
finite-shared-control,25,39,1.519976745824417e-11
finite-shared-control,25,40,1.5353501256671278e-12
finite-shared-control,25,41,1.2409485943633874e-11
finite-shared-control,25,42,1.834732888145984e-12
finite-shared-control,25,43,1.5509798737645316e-11
finite-shared-control,25,44,1.2359673631882713e-12
finite-shared-control,25,45,9.30917314962243e-12
finite-shared-control,25,46,1.6850415069065555e-12
finite-shared-control,25,47,1.395964234063959e-11
finite-shared-control,25,48,1.804794611898098e-12
finite-shared-control,25,49,1.519976745824417e-11
finite-shared-control,26,0,-6.935345961750929e-14
finite-shared-control,26,1,-6.749237321971533e-13
finite-shared-control,26,2,-6.770259211074595e-14
finite-shared-control,26,3,-6.625600646978326e-13
finite-shared-control,26,4,-7.100432712427255e-14
finite-shared-control,26,5,-6.872873996964736e-13
finite-shared-control,26,6,-6.85280258641276e-14
finite-shared-control,26,7,-6.68741898447493e-13
finite-shared-control,26,8,-6.786767886142236e-14
finite-shared-control,26,9,-6.63796431447767e-13
finite-shared-control,26,10,-6.935345961750929e-14
finite-shared-control,26,11,-6.749237321971533e-13
finite-shared-control,26,12,-6.770259211074595e-14
finite-shared-control,26,13,-6.625600646978326e-13
finite-shared-control,26,14,-7.100432712427255e-14
finite-shared-control,26,15,-6.872873996964736e-13
finite-shared-control,26,16,-6.85280258641276e-14
finite-shared-control,26,17,-6.68741898447493e-13
finite-shared-control,26,18,-6.786767886142236e-14
finite-shared-control,26,19,-6.63796431447767e-13
finite-shared-control,26,20,6.559447433999848e-16
finite-shared-control,26,21,3.1180626115277025e-15
finite-shared-control,26,22,6.042441431914036e-15
finite-shared-control,26,23,5.07001271700468e-14
finite-shared-control,26,24,-4.7305519451140046e-15
finite-shared-control,26,25,-4.446400194699112e-14
finite-shared-control,26,26,3.3491930876570406e-15
finite-shared-control,26,27,2.6909094890787002e-14
finite-shared-control,26,28,5.503791763062566e-15
finite-shared-control,26,29,4.594192071419257e-14
finite-shared-control,26,30,-7.000940436090927e-14
finite-shared-control,26,31,-6.78041794808681e-13
finite-shared-control,26,32,-7.374503354266e-14
finite-shared-control,26,33,-7.132601918678793e-13
finite-shared-control,26,34,-6.627377517915855e-14
finite-shared-control,26,35,-6.428233977494824e-13
finite-shared-control,26,36,-7.187721895178463e-14
finite-shared-control,26,37,-6.956509933382801e-13
finite-shared-control,26,38,-7.337147062448493e-14
finite-shared-control,26,39,-7.097383521619594e-13
finite-shared-control,26,40,-7.000940436090927e-14
finite-shared-control,26,41,-6.78041794808681e-13
finite-shared-control,26,42,-7.374503354266e-14
finite-shared-control,26,43,-7.132601918678793e-13
finite-shared-control,26,44,-6.627377517915855e-14
finite-shared-control,26,45,-6.428233977494824e-13
finite-shared-control,26,46,-7.187721895178463e-14
finite-shared-control,26,47,-6.956509933382801e-13
finite-shared-control,26,48,-7.337147062448493e-14
finite-shared-control,26,49,-7.097383521619594e-13
finite-shared-control,27,0,-5.754508111955799e-13
finite-shared-control,27,1,-5.52952484493188e-12
finite-shared-control,27,2,-5.658911625097948e-13
finite-shared-control,27,3,-5.466199776310857e-12
finite-shared-control,27,4,-5.850104598813645e-13
finite-shared-control,27,5,-5.592849913552905e-12
finite-shared-control,27,6,-5.70670986852687e-13
finite-shared-control,27,7,-5.49786231062137e-12
finite-shared-control,27,8,-5.668471273783741e-13
finite-shared-control,27,9,-5.472532283172977e-12
finite-shared-control,27,10,-5.754508111955799e-13
finite-shared-control,27,11,-5.52952484493188e-12
finite-shared-control,27,12,-5.658911625097948e-13
finite-shared-control,27,13,-5.466199776310857e-12
finite-shared-control,27,14,-5.850104598813645e-13
finite-shared-control,27,15,-5.592849913552905e-12
finite-shared-control,27,16,-5.70670986852687e-13
finite-shared-control,27,17,-5.49786231062137e-12
finite-shared-control,27,18,-5.668471273783741e-13
finite-shared-control,27,19,-5.472532283172977e-12
finite-shared-control,27,20,4.958095698254168e-15
finite-shared-control,27,21,2.3118269916705754e-14
finite-shared-control,27,22,4.8860094083319295e-14
finite-shared-control,27,23,4.1179903200348916e-13
finite-shared-control,27,24,-3.894390268681039e-14
finite-shared-control,27,25,-3.655624921700755e-13
finite-shared-control,27,26,2.6909094890787002e-14
finite-shared-control,27,27,2.1745865096009572e-13
finite-shared-control,27,28,4.4469894244811994e-14
finite-shared-control,27,29,3.729309557947906e-13
finite-shared-control,27,30,-5.804089068938341e-13
finite-shared-control,27,31,-5.552643114848586e-12
finite-shared-control,27,32,-6.147512565931142e-13
finite-shared-control,27,33,-5.8779988083143444e-12
finite-shared-control,27,34,-5.460665571945541e-13
finite-shared-control,27,35,-5.227287421382829e-12
finite-shared-control,27,36,-5.975800817434741e-13
finite-shared-control,27,37,-5.715320961581464e-12
finite-shared-control,27,38,-6.113170216231863e-13
finite-shared-control,27,39,-5.84546323896777e-12
finite-shared-control,27,40,-5.804089068938341e-13
finite-shared-control,27,41,-5.552643114848586e-12
finite-shared-control,27,42,-6.147512565931142e-13
finite-shared-control,27,43,-5.8779988083143444e-12
finite-shared-control,27,44,-5.460665571945541e-13
finite-shared-control,27,45,-5.227287421382829e-12
finite-shared-control,27,46,-5.975800817434741e-13
finite-shared-control,27,47,-5.715320961581464e-12
finite-shared-control,27,48,-6.113170216231863e-13
finite-shared-control,27,49,-5.84546323896777e-12
finite-shared-control,28,0,-1.3497256943133876e-13
finite-shared-control,28,1,-1.2347879652510885e-12
finite-shared-control,28,2,-1.3452384999408164e-13
finite-shared-control,28,3,-1.2478528542612637e-12
finite-shared-control,28,4,-1.3542128886859575e-13
finite-shared-control,28,5,-1.2217230762409132e-12
finite-shared-control,28,6,-1.3474820971271007e-13
finite-shared-control,28,7,-1.241320409756176e-12
finite-shared-control,28,8,-1.3456872193780759e-13
finite-shared-control,28,9,-1.2465463653602485e-12
finite-shared-control,28,10,-1.3497256943133876e-13
finite-shared-control,28,11,-1.2347879652510885e-12
finite-shared-control,28,12,-1.3452384999408164e-13
finite-shared-control,28,13,-1.2478528542612637e-12
finite-shared-control,28,14,-1.3542128886859575e-13
finite-shared-control,28,15,-1.2217230762409132e-12
finite-shared-control,28,16,-1.3474820971271007e-13
finite-shared-control,28,17,-1.241320409756176e-12
finite-shared-control,28,18,-1.3456872193780759e-13
finite-shared-control,28,19,-1.2465463653602485e-12
finite-shared-control,28,20,-1.644767630140401e-15
finite-shared-control,28,21,-1.843522744947775e-14
finite-shared-control,28,22,1.2652351156265254e-14
finite-shared-control,28,23,1.0737501593910207e-13
finite-shared-control,28,24,-1.5941886416545935e-14
finite-shared-control,28,25,-1.4424547083805804e-13
finite-shared-control,28,26,5.503791763062566e-15
finite-shared-control,28,27,4.4469894244811994e-14
finite-shared-control,28,28,1.122263927762446e-14
finite-shared-control,28,29,9.47939916002417e-14
finite-shared-control,28,30,-1.3332780180119837e-13
finite-shared-control,28,31,-1.2163527378016107e-12
finite-shared-control,28,32,-1.471762011503469e-13
finite-shared-control,28,33,-1.355227870200366e-12
finite-shared-control,28,34,-1.1947940245204982e-13
finite-shared-control,28,35,-1.0774776054028552e-12
finite-shared-control,28,36,-1.4025200147577263e-13
finite-shared-control,28,37,-1.2857903040009879e-12
finite-shared-control,28,38,-1.4579136121543206e-13
finite-shared-control,28,39,-1.3413403569604904e-12
finite-shared-control,28,40,-1.3332780180119837e-13
finite-shared-control,28,41,-1.2163527378016107e-12
finite-shared-control,28,42,-1.471762011503469e-13
finite-shared-control,28,43,-1.355227870200366e-12
finite-shared-control,28,44,-1.1947940245204982e-13
finite-shared-control,28,45,-1.0774776054028552e-12
finite-shared-control,28,46,-1.4025200147577263e-13
finite-shared-control,28,47,-1.2857903040009879e-12
finite-shared-control,28,48,-1.4579136121543206e-13
finite-shared-control,28,49,-1.3413403569604904e-12
finite-shared-control,29,0,-1.1597344834700915e-12
finite-shared-control,29,1,-1.0507700763465904e-11
finite-shared-control,29,2,-1.1609400192017354e-12
finite-shared-control,29,3,-1.0670393009291377e-11
finite-shared-control,29,4,-1.1585289477384463e-12
finite-shared-control,29,5,-1.0345008517640434e-11
finite-shared-control,29,6,-1.1603372513359121e-12
finite-shared-control,29,7,-1.058904688637864e-11
finite-shared-control,29,8,-1.1608194656285734e-12
finite-shared-control,29,9,-1.0654123784708851e-11
finite-shared-control,29,10,-1.1597344834700915e-12
finite-shared-control,29,11,-1.0507700763465904e-11
finite-shared-control,29,12,-1.1609400192017354e-12
finite-shared-control,29,13,-1.0670393009291377e-11
finite-shared-control,29,14,-1.1585289477384463e-12
finite-shared-control,29,15,-1.0345008517640434e-11
finite-shared-control,29,16,-1.1603372513359121e-12
finite-shared-control,29,17,-1.058904688637864e-11
finite-shared-control,29,18,-1.1608194656285734e-12
finite-shared-control,29,19,-1.0654123784708851e-11
finite-shared-control,29,20,-1.5123167893374436e-14
finite-shared-control,29,21,-1.651565663556172e-13
finite-shared-control,29,22,1.070070093217571e-13
finite-shared-control,29,23,9.110184779452004e-13
finite-shared-control,29,24,-1.3725334510850484e-13
finite-shared-control,29,25,-1.2413316106564388e-12
finite-shared-control,29,26,4.594192071419257e-14
finite-shared-control,29,27,3.729309557947906e-13
finite-shared-control,29,28,9.47939916002417e-14
finite-shared-control,29,29,8.03400973515098e-13
finite-shared-control,29,30,-1.144611315576717e-12
finite-shared-control,29,31,-1.0342544197110288e-11
finite-shared-control,29,32,-1.2679470285234925e-12
finite-shared-control,29,33,-1.158141148723658e-11
finite-shared-control,29,34,-1.0212756026299413e-12
finite-shared-control,29,35,-9.103676906983993e-12
finite-shared-control,29,36,-1.2062791720501046e-12
finite-shared-control,29,37,-1.096197784217343e-11
finite-shared-control,29,38,-1.255613457228815e-12
finite-shared-control,29,39,-1.145752475822395e-11
finite-shared-control,29,40,-1.144611315576717e-12
finite-shared-control,29,41,-1.0342544197110288e-11
finite-shared-control,29,42,-1.2679470285234925e-12
finite-shared-control,29,43,-1.158141148723658e-11
finite-shared-control,29,44,-1.0212756026299413e-12
finite-shared-control,29,45,-9.103676906983993e-12
finite-shared-control,29,46,-1.2062791720501046e-12
finite-shared-control,29,47,-1.096197784217343e-11
finite-shared-control,29,48,-1.255613457228815e-12
finite-shared-control,29,49,-1.145752475822395e-11
finite-shared-control,30,0,2.6404284937880515e-12
finite-shared-control,30,1,2.2233564995651282e-11
finite-shared-control,30,2,2.6804741497928116e-12
finite-shared-control,30,3,2.2647056950492463e-11
finite-shared-control,30,4,2.6003828377832883e-12
finite-shared-control,30,5,2.18200730408101e-11
finite-shared-control,30,6,2.6604513217904294e-12
finite-shared-control,30,7,2.2440310973071866e-11
finite-shared-control,30,8,2.676469584192335e-12
finite-shared-control,30,9,2.2605707755008393e-11
finite-shared-control,30,10,2.6404255129426625e-12
finite-shared-control,30,11,2.2233537640953816e-11
finite-shared-control,30,12,2.6804709577294833e-12
finite-shared-control,30,13,2.264702772930269e-11
finite-shared-control,30,14,2.600380068155838e-12
finite-shared-control,30,15,2.182004755260494e-11
finite-shared-control,30,16,2.6604482353360707e-12
finite-shared-control,30,17,2.2440282685128246e-11
finite-shared-control,30,18,2.676466413250801e-12
finite-shared-control,30,19,2.260567872046785e-11
finite-shared-control,30,20,9.138592439456445e-15
finite-shared-control,30,21,1.248441039598224e-13
finite-shared-control,30,22,-1.491574011612706e-13
finite-shared-control,30,23,-1.2856619177474911e-12
finite-shared-control,30,24,1.6743458604018008e-13
finite-shared-control,30,25,1.5353501256671278e-12
finite-shared-control,30,26,-7.000940436090927e-14
finite-shared-control,30,27,-5.804089068938341e-13
finite-shared-control,30,28,-1.3332780180119837e-13
finite-shared-control,30,29,-1.144611315576717e-12
finite-shared-control,30,30,2.631289901348595e-12
finite-shared-control,30,31,2.2108720891691462e-11
finite-shared-control,30,32,2.8296315509540818e-12
finite-shared-control,30,33,2.3932718868239952e-11
finite-shared-control,30,34,2.432948251743108e-12
finite-shared-control,30,35,2.0284722915142972e-11
finite-shared-control,30,36,2.7304607261513386e-12
finite-shared-control,30,37,2.3020719879965705e-11
finite-shared-control,30,38,2.8097973859935334e-12
finite-shared-control,30,39,2.3750319070585107e-11
finite-shared-control,30,40,2.631286920503206e-12
finite-shared-control,30,41,2.2108693536993996e-11
finite-shared-control,30,42,2.8296283588907535e-12
finite-shared-control,30,43,2.393268964705018e-11
finite-shared-control,30,44,2.432945482115658e-12
finite-shared-control,30,45,2.028469742693781e-11
finite-shared-control,30,46,2.73045763969698e-12
finite-shared-control,30,47,2.3020691592022086e-11
finite-shared-control,30,48,2.8097942150519995e-12
finite-shared-control,30,49,2.3750290036044565e-11
finite-shared-control,31,0,2.2103567775623958e-11
finite-shared-control,31,1,1.9663124092393452e-10
finite-shared-control,31,2,2.218807070746257e-11
finite-shared-control,31,3,1.9776059377206913e-10
finite-shared-control,31,4,2.2019064843785315e-11
finite-shared-control,31,5,1.9550188807579973e-10
finite-shared-control,31,6,2.2145819241543252e-11
finite-shared-control,31,7,1.9719591734800178e-10
finite-shared-control,31,8,2.2179620414278697e-11
finite-shared-control,31,9,1.9764765848725605e-10
finite-shared-control,31,10,2.210354405655204e-11
finite-shared-control,31,11,1.9663101218295502e-10
finite-shared-control,31,12,2.2188045504296126e-11
finite-shared-control,31,13,1.9776035171910318e-10
finite-shared-control,31,14,2.2019042608807924e-11
finite-shared-control,31,15,1.955016726468067e-10
finite-shared-control,31,16,2.2145794780424074e-11
finite-shared-control,31,17,1.9719568195102908e-10
finite-shared-control,31,18,2.2179595359521707e-11
finite-shared-control,31,19,1.9764741776548874e-10
finite-shared-control,31,20,-5.153116067503103e-15
finite-shared-control,31,21,4.3473323797891436e-13
finite-shared-control,31,22,-1.3509304735498268e-12
finite-shared-control,31,23,-1.1540019467676155e-11
finite-shared-control,31,24,1.340624241414792e-12
finite-shared-control,31,25,1.2409485943633874e-11
finite-shared-control,31,26,-6.78041794808681e-13
finite-shared-control,31,27,-5.552643114848586e-12
finite-shared-control,31,28,-1.2163527378016107e-12
finite-shared-control,31,29,-1.0342544197110288e-11
finite-shared-control,31,30,2.2108720891691462e-11
finite-shared-control,31,31,1.9619650768595556e-10
finite-shared-control,31,32,2.3539001181012404e-11
finite-shared-control,31,33,2.093006132397453e-10
finite-shared-control,31,34,2.067844060237052e-11
finite-shared-control,31,35,1.8309240213216582e-10
finite-shared-control,31,36,2.2823861036351936e-11
finite-shared-control,31,37,2.0274856046285038e-10
finite-shared-control,31,38,2.339597315208031e-11
finite-shared-control,31,39,2.079902026843663e-10
finite-shared-control,31,40,2.2108697172619546e-11
finite-shared-control,31,41,1.9619627894497606e-10
finite-shared-control,31,42,2.353897597784596e-11
finite-shared-control,31,43,2.0930037118677935e-10
finite-shared-control,31,44,2.067841836739313e-11
finite-shared-control,31,45,1.830921867031728e-10
finite-shared-control,31,46,2.2823836575232758e-11
finite-shared-control,31,47,2.0274832506587768e-10
finite-shared-control,31,48,2.339594809732332e-11
finite-shared-control,31,49,2.07989961962599e-10
finite-shared-control,32,0,2.8476754769210374e-12
finite-shared-control,32,1,2.3740744639332322e-11
finite-shared-control,32,2,2.9068760238041024e-12
finite-shared-control,32,3,2.43721831827066e-11
finite-shared-control,32,4,2.7884749300379683e-12
finite-shared-control,32,5,2.3109306095958032e-11
finite-shared-control,32,6,2.8772757503625672e-12
finite-shared-control,32,7,2.405646391101945e-11
finite-shared-control,32,8,2.900955969115797e-12
finite-shared-control,32,9,2.430903932836922e-11
finite-shared-control,32,10,2.8476722137747194e-12
finite-shared-control,32,11,2.3740715112457352e-11
finite-shared-control,32,12,2.906872516502742e-12
finite-shared-control,32,13,2.4372151447955182e-11
finite-shared-control,32,14,2.7884719110466938e-12
finite-shared-control,32,15,2.310927877695951e-11
finite-shared-control,32,16,2.877272365138728e-12
finite-shared-control,32,17,2.4056433280206258e-11
finite-shared-control,32,18,2.900952486229941e-12
finite-shared-control,32,19,2.4309007814405448e-11
finite-shared-control,32,20,1.8043925966955703e-14
finite-shared-control,32,21,2.0174345831992097e-13
finite-shared-control,32,22,-1.6553399305227039e-13
finite-shared-control,32,23,-1.4312459715061475e-12
finite-shared-control,32,24,2.0162184498617811e-13
finite-shared-control,32,25,1.834732888145984e-12
finite-shared-control,32,26,-7.374503354266e-14
finite-shared-control,32,27,-6.147512565931142e-13
finite-shared-control,32,28,-1.471762011503469e-13
finite-shared-control,32,29,-1.2679470285234925e-12
finite-shared-control,32,30,2.8296315509540818e-12
finite-shared-control,32,31,2.3539001181012404e-11
finite-shared-control,32,32,3.0724100168563728e-12
finite-shared-control,32,33,2.580342915421275e-11
finite-shared-control,32,34,2.5868530850517903e-12
finite-shared-control,32,35,2.1274573207812047e-11
finite-shared-control,32,36,2.9510207839052267e-12
finite-shared-control,32,37,2.4671215167612568e-11
finite-shared-control,32,38,3.048132170266144e-12
finite-shared-control,32,39,2.5576986356892716e-11
finite-shared-control,32,40,2.829628287807764e-12
finite-shared-control,32,41,2.3538971654137434e-11
finite-shared-control,32,42,3.0724065095550123e-12
finite-shared-control,32,43,2.5803397419461334e-11
finite-shared-control,32,44,2.586850066060516e-12
finite-shared-control,32,45,2.1274545888813525e-11
finite-shared-control,32,46,2.9510173986813875e-12
finite-shared-control,32,47,2.4671184536799374e-11
finite-shared-control,32,48,3.0481286873802877e-12
finite-shared-control,32,49,2.557695484292894e-11
finite-shared-control,33,0,2.4021918274287724e-11
finite-shared-control,33,1,2.1055188028008417e-10
finite-shared-control,33,2,2.4287709364429263e-11
finite-shared-control,33,3,2.1388577706499635e-10
finite-shared-control,33,4,2.3756127184146157e-11
finite-shared-control,33,5,2.0721798349517194e-10
finite-shared-control,33,6,2.415481381935847e-11
finite-shared-control,33,7,2.1221882867254024e-10
finite-shared-control,33,8,2.4261130255415106e-11
finite-shared-control,33,9,2.1355238738650556e-10
finite-shared-control,33,10,2.4021891973304263e-11
finite-shared-control,33,11,2.1055163230005067e-10
finite-shared-control,33,12,2.4287681250424943e-11
finite-shared-control,33,13,2.1388551217049344e-10
finite-shared-control,33,14,2.3756102696183553e-11
finite-shared-control,33,15,2.072177524296078e-10
finite-shared-control,33,16,2.415478661186458e-11
finite-shared-control,33,17,2.1221857223527203e-10
finite-shared-control,33,18,2.426110232271287e-11
finite-shared-control,33,19,2.1355212418344957e-10
finite-shared-control,33,20,8.919940604777089e-14
finite-shared-control,33,21,1.2512670403388872e-12
finite-shared-control,33,22,-1.5157197897834896e-12
finite-shared-control,33,23,-1.3007264656967623e-11
finite-shared-control,33,24,1.6941186018790004e-12
finite-shared-control,33,25,1.5509798737645316e-11
finite-shared-control,33,26,-7.132601918678793e-13
finite-shared-control,33,27,-5.8779988083143444e-12
finite-shared-control,33,28,-1.355227870200366e-12
finite-shared-control,33,29,-1.158141148723658e-11
finite-shared-control,33,30,2.3932718868239952e-11
finite-shared-control,33,31,2.093006132397453e-10
finite-shared-control,33,32,2.580342915421275e-11
finite-shared-control,33,33,2.2689304172196396e-10
finite-shared-control,33,34,2.2062008582267156e-11
finite-shared-control,33,35,1.917081847575266e-10
finite-shared-control,33,36,2.4868074011226347e-11
finite-shared-control,33,37,2.1809682748085458e-10
finite-shared-control,33,38,2.5616358125615472e-11
finite-shared-control,33,39,2.2513379887374213e-10
finite-shared-control,33,40,2.393269256725649e-11
finite-shared-control,33,41,2.093003652597118e-10
finite-shared-control,33,42,2.580340104020843e-11
finite-shared-control,33,43,2.2689277682746106e-10
finite-shared-control,33,44,2.2061984094304552e-11
finite-shared-control,33,45,1.9170795369196246e-10
finite-shared-control,33,46,2.4868046803732456e-11
finite-shared-control,33,47,2.1809657104358636e-10
finite-shared-control,33,48,2.5616330192913236e-11
finite-shared-control,33,49,2.251335356706861e-10
finite-shared-control,34,0,2.4331815106550653e-12
finite-shared-control,34,1,2.0726385351970246e-11
finite-shared-control,34,2,2.4540722757815192e-12
finite-shared-control,34,3,2.092193071827832e-11
finite-shared-control,34,4,2.4122907455286074e-12
finite-shared-control,34,5,2.053083998566216e-11
finite-shared-control,34,6,2.4436268932182907e-12
finite-shared-control,34,7,2.082415803512428e-11
finite-shared-control,34,8,2.451983199268872e-12
finite-shared-control,34,9,2.0902376181647552e-11
finite-shared-control,34,10,2.4331788121106048e-12
finite-shared-control,34,11,2.0726360169450283e-11
finite-shared-control,34,12,2.454069398956224e-12
finite-shared-control,34,13,2.092190401065019e-11
finite-shared-control,34,14,2.4122882252649823e-12
finite-shared-control,34,15,2.053081632825036e-11
finite-shared-control,34,16,2.4436241055334126e-12
finite-shared-control,34,17,2.0824132090050235e-11
finite-shared-control,34,18,2.45198034027166e-12
finite-shared-control,34,19,2.0902349626530238e-11
finite-shared-control,34,20,2.3325891195718493e-16
finite-shared-control,34,21,4.794474959972381e-14
finite-shared-control,34,22,-1.3278080927027085e-13
finite-shared-control,34,23,-1.1400778639888347e-12
finite-shared-control,34,24,1.3324732709418199e-13
finite-shared-control,34,25,1.2359673631882713e-12
finite-shared-control,34,26,-6.627377517915855e-14
finite-shared-control,34,27,-5.460665571945541e-13
finite-shared-control,34,28,-1.1947940245204982e-13
finite-shared-control,34,29,-1.0212756026299413e-12
finite-shared-control,34,30,2.432948251743108e-12
finite-shared-control,34,31,2.067844060237052e-11
finite-shared-control,34,32,2.5868530850517903e-12
finite-shared-control,34,33,2.2062008582267156e-11
finite-shared-control,34,34,2.279043418434425e-12
finite-shared-control,34,35,1.929487262247389e-11
finite-shared-control,34,36,2.5099006683974492e-12
finite-shared-control,34,37,2.1370224592318833e-11
finite-shared-control,34,38,2.571462601720922e-12
finite-shared-control,34,39,2.1923651784277495e-11
finite-shared-control,34,40,2.4329455531986476e-12
finite-shared-control,34,41,2.0678415419850557e-11
finite-shared-control,34,42,2.586850208226495e-12
finite-shared-control,34,43,2.2061981874639026e-11
finite-shared-control,34,44,2.2790408981708e-12
finite-shared-control,34,45,1.9294848965062088e-11
finite-shared-control,34,46,2.509897880712571e-12
finite-shared-control,34,47,2.1370198647244787e-11
finite-shared-control,34,48,2.57145974272371e-12
finite-shared-control,34,49,2.192362522916018e-11
finite-shared-control,35,0,2.0185217276960198e-11
finite-shared-control,35,1,1.8271060156778475e-10
finite-shared-control,35,2,2.0088432050495885e-11
finite-shared-control,35,3,1.8163541047914192e-10
finite-shared-control,35,4,2.0282002503424475e-11
finite-shared-control,35,5,1.837857926564275e-10
finite-shared-control,35,6,2.0136824663728027e-11
finite-shared-control,35,7,1.8217300602346333e-10
finite-shared-control,35,8,2.009811057314229e-11
finite-shared-control,35,9,1.8174292958800652e-10
finite-shared-control,35,10,2.0185196139799827e-11
finite-shared-control,35,11,1.827103920658593e-10
finite-shared-control,35,12,2.008840975816732e-11
finite-shared-control,35,13,1.816351912677129e-10
finite-shared-control,35,14,2.02819825214323e-11
finite-shared-control,35,15,1.837855928640056e-10
finite-shared-control,35,16,2.013680294898356e-11
finite-shared-control,35,17,1.8217279166678612e-10
finite-shared-control,35,18,2.0098088396330545e-11
finite-shared-control,35,19,1.8174271134752787e-10
finite-shared-control,35,20,-9.950563818277723e-14
finite-shared-control,35,21,-3.8180056438105907e-13
finite-shared-control,35,22,-1.186141157316164e-12
finite-shared-control,35,23,-1.0072774278384684e-11
finite-shared-control,35,24,9.871298809505838e-13
finite-shared-control,35,25,9.30917314962243e-12
finite-shared-control,35,26,-6.428233977494824e-13
finite-shared-control,35,27,-5.227287421382829e-12
finite-shared-control,35,28,-1.0774776054028552e-12
finite-shared-control,35,29,-9.103676906983993e-12
finite-shared-control,35,30,2.0284722915142972e-11
finite-shared-control,35,31,1.8309240213216582e-10
finite-shared-control,35,32,2.1274573207812047e-11
finite-shared-control,35,33,1.917081847575266e-10
finite-shared-control,35,34,1.929487262247389e-11
finite-shared-control,35,35,1.7447661950680505e-10
finite-shared-control,35,36,2.0779648061477506e-11
finite-shared-control,35,37,1.8740029344484615e-10
finite-shared-control,35,38,2.1175588178545146e-11
finite-shared-control,35,39,1.9084660649499052e-10
finite-shared-control,35,40,2.02847017779826e-11
finite-shared-control,35,41,1.8309219263024037e-10
finite-shared-control,35,42,2.127455091548348e-11
finite-shared-control,35,43,1.9170796554609757e-10
finite-shared-control,35,44,1.9294852640481714e-11
finite-shared-control,35,45,1.7447641971438314e-10
finite-shared-control,35,46,2.0779626346733038e-11
finite-shared-control,35,47,1.8740007908816894e-10
finite-shared-control,35,48,2.1175566001733397e-11
finite-shared-control,35,49,1.9084638825451187e-10
finite-shared-control,36,0,2.7440519853545445e-12
finite-shared-control,36,1,2.2987154817491802e-11
finite-shared-control,36,2,2.793675086798456e-12
finite-shared-control,36,3,2.350962006659953e-11
finite-shared-control,36,4,2.6944288839106283e-12
finite-shared-control,36,5,2.2464689568384063e-11
finite-shared-control,36,6,2.7688635360764985e-12
finite-shared-control,36,7,2.3248387442045662e-11
finite-shared-control,36,8,2.788712776654066e-12
finite-shared-control,36,9,2.3457373541688802e-11
finite-shared-control,36,10,2.744048863358691e-12
finite-shared-control,36,11,2.2987126376705584e-11
finite-shared-control,36,12,2.793671737116112e-12
finite-shared-control,36,13,2.3509589588628936e-11
finite-shared-control,36,14,2.6944259896012657e-12
finite-shared-control,36,15,2.2464663164782223e-11
finite-shared-control,36,16,2.7688603002373994e-12
finite-shared-control,36,17,2.3248357982667254e-11
finite-shared-control,36,18,2.788709449740371e-12
finite-shared-control,36,19,2.3457343267436646e-11
finite-shared-control,36,20,1.3591259203206061e-14
finite-shared-control,36,21,1.6329378113987158e-13
finite-shared-control,36,22,-1.573456971067705e-13
finite-shared-control,36,23,-1.3584539446268191e-12
finite-shared-control,36,24,1.8452821551317906e-13
finite-shared-control,36,25,1.6850415069065555e-12
finite-shared-control,36,26,-7.187721895178463e-14
finite-shared-control,36,27,-5.975800817434741e-13
finite-shared-control,36,28,-1.4025200147577263e-13
finite-shared-control,36,29,-1.2062791720501046e-12
finite-shared-control,36,30,2.7304607261513386e-12
finite-shared-control,36,31,2.2823861036351936e-11
finite-shared-control,36,32,2.9510207839052267e-12
finite-shared-control,36,33,2.4868074011226347e-11
finite-shared-control,36,34,2.5099006683974492e-12
finite-shared-control,36,35,2.0779648061477506e-11
finite-shared-control,36,36,2.8407407550282826e-12
finite-shared-control,36,37,2.3845967523789135e-11
finite-shared-control,36,38,2.9289647781298386e-12
finite-shared-control,36,39,2.4663652713738908e-11
finite-shared-control,36,40,2.730457604155485e-12
finite-shared-control,36,41,2.2823832595565718e-11
finite-shared-control,36,42,2.9510174342228823e-12
finite-shared-control,36,43,2.486804353325575e-11
finite-shared-control,36,44,2.5098977740880867e-12
finite-shared-control,36,45,2.0779621657875665e-11
finite-shared-control,36,46,2.8407375191891835e-12
finite-shared-control,36,47,2.3845938064410727e-11
finite-shared-control,36,48,2.928961451216143e-12
finite-shared-control,36,49,2.4663622439486752e-11
finite-shared-control,37,0,2.3062743024955835e-11
finite-shared-control,37,1,2.0359156060200927e-10
finite-shared-control,37,2,2.323789003594591e-11
finite-shared-control,37,3,2.058231854185327e-10
finite-shared-control,37,4,2.288759601396573e-11
finite-shared-control,37,5,2.0135993578548576e-10
finite-shared-control,37,6,2.315031653045086e-11
finite-shared-control,37,7,2.0470737301027098e-10
finite-shared-control,37,8,2.3220375334846895e-11
finite-shared-control,37,9,2.056000229368807e-10
finite-shared-control,37,10,2.3062718014928146e-11
finite-shared-control,37,11,2.0359132224150277e-10
finite-shared-control,37,12,2.3237863377360528e-11
finite-shared-control,37,13,2.0582293194479826e-10
finite-shared-control,37,14,2.288757265249573e-11
finite-shared-control,37,15,2.013597125382072e-10
finite-shared-control,37,16,2.3150290696144326e-11
finite-shared-control,37,17,2.0470712709315053e-10
finite-shared-control,37,18,2.3220348841117283e-11
finite-shared-control,37,19,2.0559977097446907e-10
finite-shared-control,37,20,4.2023144990133757e-14
finite-shared-control,37,21,8.430001391588997e-13
finite-shared-control,37,22,-1.4333251316666578e-12
finite-shared-control,37,23,-1.2273642062321885e-11
finite-shared-control,37,24,1.5173714216468956e-12
finite-shared-control,37,25,1.395964234063959e-11
finite-shared-control,37,26,-6.956509933382801e-13
finite-shared-control,37,27,-5.715320961581464e-12
finite-shared-control,37,28,-1.2857903040009879e-12
finite-shared-control,37,29,-1.096197784217343e-11
finite-shared-control,37,30,2.3020719879965705e-11
finite-shared-control,37,31,2.0274856046285038e-10
finite-shared-control,37,32,2.4671215167612568e-11
finite-shared-control,37,33,2.1809682748085458e-10
finite-shared-control,37,34,2.1370224592318833e-11
finite-shared-control,37,35,1.8740029344484615e-10
finite-shared-control,37,36,2.3845967523789135e-11
finite-shared-control,37,37,2.1042269397185244e-10
finite-shared-control,37,38,2.4506165638847883e-11
finite-shared-control,37,39,2.1656200077905418e-10
finite-shared-control,37,40,2.3020694869938016e-11
finite-shared-control,37,41,2.0274832210234388e-10
finite-shared-control,37,42,2.4671188509027185e-11
finite-shared-control,37,43,2.1809657400712014e-10
finite-shared-control,37,44,2.1370201230848834e-11
finite-shared-control,37,45,1.874000701975676e-10
finite-shared-control,37,46,2.38459416894826e-11
finite-shared-control,37,47,2.1042244805473198e-10
finite-shared-control,37,48,2.450613914511827e-11
finite-shared-control,37,49,2.1656174881664251e-10
finite-shared-control,38,0,2.826950778607739e-12
finite-shared-control,38,1,2.3590026674964217e-11
finite-shared-control,38,2,2.8842358364029734e-12
finite-shared-control,38,3,2.419967055948519e-11
finite-shared-control,38,4,2.769665720812501e-12
finite-shared-control,38,5,2.298038279044324e-11
finite-shared-control,38,6,2.8555933075053533e-12
finite-shared-control,38,7,2.38948486172247e-11
finite-shared-control,38,8,2.8785073306234506e-12
finite-shared-control,38,9,2.413870617103314e-11
finite-shared-control,38,10,2.8269475436915143e-12
finite-shared-control,38,11,2.3589997365306996e-11
finite-shared-control,38,12,2.8842323606254163e-12
finite-shared-control,38,13,2.4199639076089937e-11
finite-shared-control,38,14,2.7696627267576086e-12
finite-shared-control,38,15,2.2980355654524052e-11
finite-shared-control,38,16,2.8555899521584623e-12
finite-shared-control,38,17,2.3894818220698463e-11
finite-shared-control,38,18,2.8785038789320266e-12
finite-shared-control,38,19,2.4138674905011688e-11
finite-shared-control,38,20,1.715339261420577e-14
finite-shared-control,38,21,1.9405352288391102e-13
finite-shared-control,38,22,-1.6389633386317043e-13
finite-shared-control,38,23,-1.4166875661302817e-12
finite-shared-control,38,24,1.9820311909157827e-13
finite-shared-control,38,25,1.804794611898098e-12
finite-shared-control,38,26,-7.337147062448493e-14
finite-shared-control,38,27,-6.113170216231863e-13
finite-shared-control,38,28,-1.4579136121543206e-13
finite-shared-control,38,29,-1.255613457228815e-12
finite-shared-control,38,30,2.8097973859935334e-12
finite-shared-control,38,31,2.339597315208031e-11
finite-shared-control,38,32,3.048132170266144e-12
finite-shared-control,38,33,2.5616358125615472e-11
finite-shared-control,38,34,2.571462601720922e-12
finite-shared-control,38,35,2.1175588178545146e-11
finite-shared-control,38,36,2.9289647781298386e-12
finite-shared-control,38,37,2.4506165638847883e-11
finite-shared-control,38,38,3.024298691838883e-12
finite-shared-control,38,39,2.5394319628261955e-11
finite-shared-control,38,40,2.8097941510773085e-12
finite-shared-control,38,41,2.3395943842423088e-11
finite-shared-control,38,42,3.0481286944885868e-12
finite-shared-control,38,43,2.561632664222022e-11
finite-shared-control,38,44,2.57145960766603e-12
finite-shared-control,38,45,2.117556104262596e-11
finite-shared-control,38,46,2.9289614227829476e-12
finite-shared-control,38,47,2.4506135242321646e-11
finite-shared-control,38,48,3.0242952401474586e-12
finite-shared-control,38,49,2.5394288362240503e-11
finite-shared-control,39,0,2.3830083224421347e-11
finite-shared-control,39,1,2.091598163444692e-10
finite-shared-control,39,2,2.407774549873259e-11
finite-shared-control,39,3,2.1227325873570363e-10
finite-shared-control,39,4,2.3582420950110074e-11
finite-shared-control,39,5,2.060463739532347e-10
finite-shared-control,39,6,2.395391436157695e-11
finite-shared-control,39,7,2.1071653754008642e-10
finite-shared-control,39,8,2.405297927130147e-11
finite-shared-control,39,9,2.1196191449658058e-10
finite-shared-control,39,10,2.383005718162904e-11
finite-shared-control,39,11,2.091595702883411e-10
finite-shared-control,39,12,2.407771767581206e-11
finite-shared-control,39,13,2.122729961253544e-10
finite-shared-control,39,14,2.358239668744599e-11
finite-shared-control,39,15,2.0604614445132768e-10
finite-shared-control,39,16,2.395388742872053e-11
finite-shared-control,39,17,2.1071628320684776e-10
finite-shared-control,39,18,2.405295162639376e-11
finite-shared-control,39,19,2.1196165354165348e-10
finite-shared-control,39,20,7.976415383624337e-14
finite-shared-control,39,21,1.169613660102889e-12
finite-shared-control,39,22,-1.499240858160123e-12
finite-shared-control,39,23,-1.2860540138038474e-11
finite-shared-control,39,24,1.658769165832579e-12
finite-shared-control,39,25,1.519976745824417e-11
finite-shared-control,39,26,-7.097383521619594e-13
finite-shared-control,39,27,-5.84546323896777e-12
finite-shared-control,39,28,-1.3413403569604904e-12
finite-shared-control,39,29,-1.145752475822395e-11
finite-shared-control,39,30,2.3750319070585107e-11
finite-shared-control,39,31,2.079902026843663e-10
finite-shared-control,39,32,2.5576986356892716e-11
finite-shared-control,39,33,2.2513379887374213e-10
finite-shared-control,39,34,2.1923651784277495e-11
finite-shared-control,39,35,1.9084660649499052e-10
finite-shared-control,39,36,2.4663652713738908e-11
finite-shared-control,39,37,2.1656200077905418e-10
finite-shared-control,39,38,2.5394319628261955e-11
finite-shared-control,39,39,2.2341943925480452e-10
finite-shared-control,39,40,2.37502930277928e-11
finite-shared-control,39,41,2.079899566282382e-10
finite-shared-control,39,42,2.5576958533972184e-11
finite-shared-control,39,43,2.251335362633929e-10
finite-shared-control,39,44,2.1923627521613412e-11
finite-shared-control,39,45,1.9084637699308352e-10
finite-shared-control,39,46,2.4663625780882487e-11
finite-shared-control,39,47,2.1656174644581552e-10
finite-shared-control,39,48,2.5394291983354245e-11
finite-shared-control,39,49,2.2341917829987742e-10
finite-shared-control,40,0,2.6404255129426625e-12
finite-shared-control,40,1,2.2233541276579366e-11
finite-shared-control,40,2,2.6804708866464937e-12
finite-shared-control,40,3,2.2647030649509e-11
finite-shared-control,40,4,2.6003801392388277e-12
finite-shared-control,40,5,2.182005190364973e-11
finite-shared-control,40,6,2.660448199794576e-12
finite-shared-control,40,7,2.2440285963044177e-11
finite-shared-control,40,8,2.67646634927611e-12
finite-shared-control,40,9,2.2605681712216086e-11
finite-shared-control,40,10,2.64042484883625e-12
finite-shared-control,40,11,2.2233533659112367e-11
finite-shared-control,40,12,2.6804701779139508e-12
finite-shared-control,40,13,2.264702261870365e-11
finite-shared-control,40,14,2.600379519758546e-12
finite-shared-control,40,15,2.182004469952108e-11
finite-shared-control,40,16,2.6604475133750983e-12
finite-shared-control,40,17,2.2440278138908002e-11
finite-shared-control,40,18,2.6764656450061803e-12
finite-shared-control,40,19,2.2605673722744572e-11
finite-shared-control,40,20,9.138592439456445e-15
finite-shared-control,40,21,1.248441039598224e-13
finite-shared-control,40,22,-1.491574011612706e-13
finite-shared-control,40,23,-1.2856619177474911e-12
finite-shared-control,40,24,1.6743458604018008e-13
finite-shared-control,40,25,1.5353501256671278e-12
finite-shared-control,40,26,-7.000940436090927e-14
finite-shared-control,40,27,-5.804089068938341e-13
finite-shared-control,40,28,-1.3332780180119837e-13
finite-shared-control,40,29,-1.144611315576717e-12
finite-shared-control,40,30,2.631286920503206e-12
finite-shared-control,40,31,2.2108697172619546e-11
finite-shared-control,40,32,2.829628287807764e-12
finite-shared-control,40,33,2.393269256725649e-11
finite-shared-control,40,34,2.4329455531986476e-12
finite-shared-control,40,35,2.02847017779826e-11
finite-shared-control,40,36,2.730457604155485e-12
finite-shared-control,40,37,2.3020694869938016e-11
finite-shared-control,40,38,2.8097941510773085e-12
finite-shared-control,40,39,2.37502930277928e-11
finite-shared-control,40,40,2.6312862563967933e-12
finite-shared-control,40,41,2.2108689555152547e-11
finite-shared-control,40,42,2.829627579075221e-12
finite-shared-control,40,43,2.393268453645114e-11
finite-shared-control,40,44,2.4329449337183657e-12
finite-shared-control,40,45,2.028469457385395e-11
finite-shared-control,40,46,2.7304569177360075e-12
finite-shared-control,40,47,2.302068704580184e-11
finite-shared-control,40,48,2.8097934468073787e-12
finite-shared-control,40,49,2.3750285038321283e-11
finite-shared-control,41,0,2.2103540420926492e-11
finite-shared-control,41,1,1.9663101218295502e-10
finite-shared-control,41,2,2.21880411805876e-11
finite-shared-control,41,3,1.9776034579203563e-10
finite-shared-control,41,4,2.2019039661265352e-11
finite-shared-control,41,5,1.9550167857387428e-10
finite-shared-control,41,6,2.2145790800757034e-11
finite-shared-control,41,7,1.9719567898749527e-10
finite-shared-control,41,8,2.2179591104621475e-11
finite-shared-control,41,9,1.9764741243112795e-10
finite-shared-control,41,10,2.2103536439085043e-11
finite-shared-control,41,11,1.9663095435762253e-10
finite-shared-control,41,12,2.218803709241563e-11
finite-shared-control,41,13,1.977602866107345e-10
finite-shared-control,41,14,2.2019035785754426e-11
finite-shared-control,41,15,1.9550162210451043e-10
finite-shared-control,41,16,2.2145786765750325e-11
finite-shared-control,41,17,1.9719562048417847e-10
finite-shared-control,41,18,2.2179587027082558e-11
finite-shared-control,41,19,1.9764735338542367e-10
finite-shared-control,41,20,-5.153116067503103e-15
finite-shared-control,41,21,4.3473323797891436e-13
finite-shared-control,41,22,-1.3509304735498268e-12
finite-shared-control,41,23,-1.1540019467676155e-11
finite-shared-control,41,24,1.340624241414792e-12
finite-shared-control,41,25,1.2409485943633874e-11
finite-shared-control,41,26,-6.78041794808681e-13
finite-shared-control,41,27,-5.552643114848586e-12
finite-shared-control,41,28,-1.2163527378016107e-12
finite-shared-control,41,29,-1.0342544197110288e-11
finite-shared-control,41,30,2.2108693536993996e-11
finite-shared-control,41,31,1.9619627894497606e-10
finite-shared-control,41,32,2.3538971654137434e-11
finite-shared-control,41,33,2.093003652597118e-10
finite-shared-control,41,34,2.0678415419850557e-11
finite-shared-control,41,35,1.8309219263024037e-10
finite-shared-control,41,36,2.2823832595565718e-11
finite-shared-control,41,37,2.0274832210234388e-10
finite-shared-control,41,38,2.3395943842423088e-11
finite-shared-control,41,39,2.079899566282382e-10
finite-shared-control,41,40,2.2108689555152547e-11
finite-shared-control,41,41,1.9619622111964357e-10
finite-shared-control,41,42,2.3538967565965465e-11
finite-shared-control,41,43,2.0930030607841067e-10
finite-shared-control,41,44,2.067841154433963e-11
finite-shared-control,41,45,1.8309213616087653e-10
finite-shared-control,41,46,2.282382856055901e-11
finite-shared-control,41,47,2.0274826359902707e-10
finite-shared-control,41,48,2.339593976488417e-11
finite-shared-control,41,49,2.0798989758253397e-10
finite-shared-control,42,0,2.847672284857709e-12
finite-shared-control,42,1,2.374071943616588e-11
finite-shared-control,42,2,2.906872516502742e-12
finite-shared-control,42,3,2.437215506870228e-11
finite-shared-control,42,4,2.788472053212673e-12
finite-shared-control,42,5,2.3109283803629467e-11
finite-shared-control,42,6,2.877272400680223e-12
finite-shared-control,42,7,2.4056437252434068e-11
finite-shared-control,42,8,2.90095249333824e-12
finite-shared-control,42,9,2.430901150544869e-11
finite-shared-control,42,10,2.8476715050421765e-12
finite-shared-control,42,11,2.3740711024285383e-11
finite-shared-control,42,12,2.906871675694649e-12
finite-shared-control,42,13,2.4372146061762374e-11
finite-shared-control,42,14,2.7884713343897004e-12
finite-shared-control,42,15,2.3109275986808376e-11
finite-shared-control,42,16,2.8772715903684104e-12
finite-shared-control,42,17,2.405642854302387e-11
finite-shared-control,42,18,2.900951658629403e-12
finite-shared-control,42,19,2.4309002558014726e-11
finite-shared-control,42,20,1.8043925966955703e-14
finite-shared-control,42,21,2.0174345831992097e-13
finite-shared-control,42,22,-1.6553399305227039e-13
finite-shared-control,42,23,-1.4312459715061475e-12
finite-shared-control,42,24,2.0162184498617811e-13
finite-shared-control,42,25,1.834732888145984e-12
finite-shared-control,42,26,-7.374503354266e-14
finite-shared-control,42,27,-6.147512565931142e-13
finite-shared-control,42,28,-1.471762011503469e-13
finite-shared-control,42,29,-1.2679470285234925e-12
finite-shared-control,42,30,2.8296283588907535e-12
finite-shared-control,42,31,2.353897597784596e-11
finite-shared-control,42,32,3.0724065095550123e-12
finite-shared-control,42,33,2.580340104020843e-11
finite-shared-control,42,34,2.586850208226495e-12
finite-shared-control,42,35,2.127455091548348e-11
finite-shared-control,42,36,2.9510174342228823e-12
finite-shared-control,42,37,2.4671188509027185e-11
finite-shared-control,42,38,3.0481286944885868e-12
finite-shared-control,42,39,2.5576958533972184e-11
finite-shared-control,42,40,2.829627579075221e-12
finite-shared-control,42,41,2.3538967565965465e-11
finite-shared-control,42,42,3.0724056687469194e-12
finite-shared-control,42,43,2.5803392033268526e-11
finite-shared-control,42,44,2.5868494894035225e-12
finite-shared-control,42,45,2.127454309866239e-11
finite-shared-control,42,46,2.9510166239110698e-12
finite-shared-control,42,47,2.4671179799616986e-11
finite-shared-control,42,48,3.0481278597797497e-12
finite-shared-control,42,49,2.5576949586538218e-11
finite-shared-control,43,0,2.402188905309795e-11
finite-shared-control,43,1,2.1055163822711822e-10
finite-shared-control,43,2,2.4287677629677846e-11
finite-shared-control,43,3,2.1388551217049344e-10
finite-shared-control,43,4,2.3756100476518027e-11
finite-shared-control,43,5,2.0721776428374292e-10
finite-shared-control,43,6,2.4154783341387876e-11
finite-shared-control,43,7,2.122185751988058e-10
finite-shared-control,43,8,2.4261098772019853e-11
finite-shared-control,43,9,2.1355212477615633e-10
finite-shared-control,43,10,2.402188394249891e-11
finite-shared-control,43,11,2.1055157311874954e-10
finite-shared-control,43,12,2.4287672243485038e-11
finite-shared-control,43,13,2.1388544373958033e-10
finite-shared-control,43,14,2.3756095641512756e-11
finite-shared-control,43,15,2.0721770249791864e-10
finite-shared-control,43,16,2.4154778092991952e-11
finite-shared-control,43,17,2.122185084291649e-10
finite-shared-control,43,18,2.4261093413386422e-11
finite-shared-control,43,19,2.1355205667749768e-10
finite-shared-control,43,20,8.919940604777089e-14
finite-shared-control,43,21,1.2512670403388872e-12
finite-shared-control,43,22,-1.5157197897834896e-12
finite-shared-control,43,23,-1.3007264656967623e-11
finite-shared-control,43,24,1.6941186018790004e-12
finite-shared-control,43,25,1.5509798737645316e-11
finite-shared-control,43,26,-7.132601918678793e-13
finite-shared-control,43,27,-5.8779988083143444e-12
finite-shared-control,43,28,-1.355227870200366e-12
finite-shared-control,43,29,-1.158141148723658e-11
finite-shared-control,43,30,2.393268964705018e-11
finite-shared-control,43,31,2.0930037118677935e-10
finite-shared-control,43,32,2.5803397419461334e-11
finite-shared-control,43,33,2.2689277682746106e-10
finite-shared-control,43,34,2.2061981874639026e-11
finite-shared-control,43,35,1.9170796554609757e-10
finite-shared-control,43,36,2.486804353325575e-11
finite-shared-control,43,37,2.1809657400712014e-10
finite-shared-control,43,38,2.561632664222022e-11
finite-shared-control,43,39,2.251335362633929e-10
finite-shared-control,43,40,2.393268453645114e-11
finite-shared-control,43,41,2.0930030607841067e-10
finite-shared-control,43,42,2.5803392033268526e-11
finite-shared-control,43,43,2.2689270839654795e-10
finite-shared-control,43,44,2.2061977039633755e-11
finite-shared-control,43,45,1.917079037602733e-10
finite-shared-control,43,46,2.4868038284859828e-11
finite-shared-control,43,47,2.1809650723747924e-10
finite-shared-control,43,48,2.561632128358679e-11
finite-shared-control,43,49,2.2513346816473422e-10
finite-shared-control,44,0,2.433178741027615e-12
finite-shared-control,44,1,2.0726363116992855e-11
finite-shared-control,44,2,2.4540692567902447e-12
finite-shared-control,44,3,2.0921906230315716e-11
finite-shared-control,44,4,2.4122882252649823e-12
finite-shared-control,44,5,2.0530820003669985e-11
finite-shared-control,44,6,2.443623998908928e-12
finite-shared-control,44,7,2.0824134673654282e-11
finite-shared-control,44,8,2.45198020521398e-12
finite-shared-control,44,9,2.090235191898347e-11
finite-shared-control,44,10,2.433178192630323e-12
finite-shared-control,44,11,2.0726356293939357e-11
finite-shared-control,44,12,2.4540686801332514e-12
finite-shared-control,44,13,2.092189917564492e-11
finite-shared-control,44,14,2.412287705127391e-12
finite-shared-control,44,15,2.053081341223378e-11
finite-shared-control,44,16,2.4436234363817855e-12
finite-shared-control,44,17,2.0824127734792135e-11
finite-shared-control,44,18,2.451979631382957e-12
finite-shared-control,44,19,2.09023448874744e-11
finite-shared-control,44,20,2.3325891195718493e-16
finite-shared-control,44,21,4.794474959972381e-14
finite-shared-control,44,22,-1.3278080927027085e-13
finite-shared-control,44,23,-1.1400778639888347e-12
finite-shared-control,44,24,1.3324732709418199e-13
finite-shared-control,44,25,1.2359673631882713e-12
finite-shared-control,44,26,-6.627377517915855e-14
finite-shared-control,44,27,-5.460665571945541e-13
finite-shared-control,44,28,-1.1947940245204982e-13
finite-shared-control,44,29,-1.0212756026299413e-12
finite-shared-control,44,30,2.432945482115658e-12
finite-shared-control,44,31,2.067841836739313e-11
finite-shared-control,44,32,2.586850066060516e-12
finite-shared-control,44,33,2.2061984094304552e-11
finite-shared-control,44,34,2.2790408981708e-12
finite-shared-control,44,35,1.9294852640481714e-11
finite-shared-control,44,36,2.5098977740880867e-12
finite-shared-control,44,37,2.1370201230848834e-11
finite-shared-control,44,38,2.57145960766603e-12
finite-shared-control,44,39,2.1923627521613412e-11
finite-shared-control,44,40,2.4329449337183657e-12
finite-shared-control,44,41,2.067841154433963e-11
finite-shared-control,44,42,2.5868494894035225e-12
finite-shared-control,44,43,2.2061977039633755e-11
finite-shared-control,44,44,2.2790403780332085e-12
finite-shared-control,44,45,1.9294846049045508e-11
finite-shared-control,44,46,2.509897211560944e-12
finite-shared-control,44,47,2.1370194291986687e-11
finite-shared-control,44,48,2.571459033835007e-12
finite-shared-control,44,49,2.1923620490104344e-11
finite-shared-control,45,0,2.0185191788755036e-11
finite-shared-control,45,1,1.8271038613879172e-10
finite-shared-control,45,2,2.0088404731497363e-11
finite-shared-control,45,3,1.816351794135778e-10
finite-shared-control,45,4,2.0281978846012673e-11
finite-shared-control,45,5,1.837855928640056e-10
finite-shared-control,45,6,2.0136798260126186e-11
finite-shared-control,45,7,1.8217278277618477e-10
finite-shared-control,45,8,2.0098083437223104e-11
finite-shared-control,45,9,1.8174270008609952e-10
finite-shared-control,45,10,2.0185188935671177e-11
finite-shared-control,45,11,1.8271033559649545e-10
finite-shared-control,45,12,2.008840194134623e-11
finite-shared-control,45,13,1.8163512948188862e-10
finite-shared-control,45,14,2.0281975929996093e-11
finite-shared-control,45,15,1.8378554171110217e-10
finite-shared-control,45,16,2.013679543850869e-11
finite-shared-control,45,17,1.8217273253919205e-10
finite-shared-control,45,18,2.0098080640778696e-11
finite-shared-control,45,19,1.8174265009334963e-10
finite-shared-control,45,20,-9.950563818277723e-14
finite-shared-control,45,21,-3.8180056438105907e-13
finite-shared-control,45,22,-1.186141157316164e-12
finite-shared-control,45,23,-1.0072774278384684e-11
finite-shared-control,45,24,9.871298809505838e-13
finite-shared-control,45,25,9.30917314962243e-12
finite-shared-control,45,26,-6.428233977494824e-13
finite-shared-control,45,27,-5.227287421382829e-12
finite-shared-control,45,28,-1.0774776054028552e-12
finite-shared-control,45,29,-9.103676906983993e-12
finite-shared-control,45,30,2.028469742693781e-11
finite-shared-control,45,31,1.830921867031728e-10
finite-shared-control,45,32,2.1274545888813525e-11
finite-shared-control,45,33,1.9170795369196246e-10
finite-shared-control,45,34,1.9294848965062088e-11
finite-shared-control,45,35,1.7447641971438314e-10
finite-shared-control,45,36,2.0779621657875665e-11
finite-shared-control,45,37,1.874000701975676e-10
finite-shared-control,45,38,2.117556104262596e-11
finite-shared-control,45,39,1.9084637699308352e-10
finite-shared-control,45,40,2.028469457385395e-11
finite-shared-control,45,41,1.8309213616087653e-10
finite-shared-control,45,42,2.127454309866239e-11
finite-shared-control,45,43,1.917079037602733e-10
finite-shared-control,45,44,1.9294846049045508e-11
finite-shared-control,45,45,1.7447636856147973e-10
finite-shared-control,45,46,2.077961883625817e-11
finite-shared-control,45,47,1.8740001996057487e-10
finite-shared-control,45,48,2.117555824618155e-11
finite-shared-control,45,49,1.9084632700033364e-10
finite-shared-control,46,0,2.744048898900186e-12
finite-shared-control,46,1,2.2987130356372624e-11
finite-shared-control,46,2,2.793671701574617e-12
finite-shared-control,46,3,2.350959285910564e-11
finite-shared-control,46,4,2.69442609622575e-12
finite-shared-control,46,5,2.2464667853639595e-11
finite-shared-control,46,6,2.7688603002373994e-12
finite-shared-control,46,7,2.3248361607739126e-11
finite-shared-control,46,8,2.788709421307175e-12
finite-shared-control,46,9,2.345734660883238e-11
finite-shared-control,46,10,2.7440481769392134e-12
finite-shared-control,46,11,2.2987122341698875e-11
finite-shared-control,46,12,2.7936709268042993e-12
finite-shared-control,46,13,2.3509584340233012e-11
finite-shared-control,46,14,2.694425427074123e-12
finite-shared-control,46,15,2.2464660343164728e-11
finite-shared-control,46,16,2.7688595518717543e-12
finite-shared-control,46,17,2.324835334096594e-11
finite-shared-control,46,18,2.7887086518177918e-12
finite-shared-control,46,19,2.3457338140379643e-11
finite-shared-control,46,20,1.3591259203206061e-14
finite-shared-control,46,21,1.6329378113987158e-13
finite-shared-control,46,22,-1.573456971067705e-13
finite-shared-control,46,23,-1.3584539446268191e-12
finite-shared-control,46,24,1.8452821551317906e-13
finite-shared-control,46,25,1.6850415069065555e-12
finite-shared-control,46,26,-7.187721895178463e-14
finite-shared-control,46,27,-5.975800817434741e-13
finite-shared-control,46,28,-1.4025200147577263e-13
finite-shared-control,46,29,-1.2062791720501046e-12
finite-shared-control,46,30,2.73045763969698e-12
finite-shared-control,46,31,2.2823836575232758e-11
finite-shared-control,46,32,2.9510173986813875e-12
finite-shared-control,46,33,2.4868046803732456e-11
finite-shared-control,46,34,2.509897880712571e-12
finite-shared-control,46,35,2.0779626346733038e-11
finite-shared-control,46,36,2.8407375191891835e-12
finite-shared-control,46,37,2.38459416894826e-11
finite-shared-control,46,38,2.9289614227829476e-12
finite-shared-control,46,39,2.4663625780882487e-11
finite-shared-control,46,40,2.7304569177360075e-12
finite-shared-control,46,41,2.282382856055901e-11
finite-shared-control,46,42,2.9510166239110698e-12
finite-shared-control,46,43,2.4868038284859828e-11
finite-shared-control,46,44,2.509897211560944e-12
finite-shared-control,46,45,2.077961883625817e-11
finite-shared-control,46,46,2.8407367708235385e-12
finite-shared-control,46,47,2.3845933422709412e-11
finite-shared-control,46,48,2.9289606532935642e-12
finite-shared-control,46,49,2.466361731242975e-11
finite-shared-control,47,0,2.3062714737012215e-11
finite-shared-control,47,1,2.0359132520503657e-10
finite-shared-control,47,2,2.3237859405132718e-11
finite-shared-control,47,3,2.0582292898126449e-10
finite-shared-control,47,4,2.2887570068891683e-11
finite-shared-control,47,5,2.0135972142880855e-10
finite-shared-control,47,6,2.3150287071072453e-11
finite-shared-control,47,7,2.0470712709315053e-10
finite-shared-control,47,8,2.3220344938320658e-11
finite-shared-control,47,9,2.0559976860364205e-10
finite-shared-control,47,10,2.306271019079197e-11
finite-shared-control,47,11,2.0359126373818596e-10
finite-shared-control,47,12,2.323785466795033e-11
finite-shared-control,47,13,2.0582286517515737e-10
finite-shared-control,47,14,2.2887565713633583e-11
finite-shared-control,47,15,2.0135966230121447e-10
finite-shared-control,47,16,2.315028242937114e-11
finite-shared-control,47,17,2.0470706445667168e-10
finite-shared-control,47,18,2.3220340220234483e-11
finite-shared-control,47,19,2.0559970503146057e-10
finite-shared-control,47,20,4.2023144990133757e-14
finite-shared-control,47,21,8.430001391588997e-13
finite-shared-control,47,22,-1.4333251316666578e-12
finite-shared-control,47,23,-1.2273642062321885e-11
finite-shared-control,47,24,1.5173714216468956e-12
finite-shared-control,47,25,1.395964234063959e-11
finite-shared-control,47,26,-6.956509933382801e-13
finite-shared-control,47,27,-5.715320961581464e-12
finite-shared-control,47,28,-1.2857903040009879e-12
finite-shared-control,47,29,-1.096197784217343e-11
finite-shared-control,47,30,2.3020691592022086e-11
finite-shared-control,47,31,2.0274832506587768e-10
finite-shared-control,47,32,2.4671184536799374e-11
finite-shared-control,47,33,2.1809657104358636e-10
finite-shared-control,47,34,2.1370198647244787e-11
finite-shared-control,47,35,1.8740007908816894e-10
finite-shared-control,47,36,2.3845938064410727e-11
finite-shared-control,47,37,2.1042244805473198e-10
finite-shared-control,47,38,2.4506135242321646e-11
finite-shared-control,47,39,2.1656174644581552e-10
finite-shared-control,47,40,2.302068704580184e-11
finite-shared-control,47,41,2.0274826359902707e-10
finite-shared-control,47,42,2.4671179799616986e-11
finite-shared-control,47,43,2.1809650723747924e-10
finite-shared-control,47,44,2.1370194291986687e-11
finite-shared-control,47,45,1.8740001996057487e-10
finite-shared-control,47,46,2.3845933422709412e-11
finite-shared-control,47,47,2.1042238541825313e-10
finite-shared-control,47,48,2.450613052423547e-11
finite-shared-control,47,49,2.1656168287363404e-10
finite-shared-control,48,0,2.826947607666205e-12
finite-shared-control,48,1,2.3590001620207228e-11
finite-shared-control,48,2,2.8842323535171177e-12
finite-shared-control,48,3,2.419964262678295e-11
finite-shared-control,48,4,2.769662861815288e-12
finite-shared-control,48,5,2.2980360613631493e-11
finite-shared-control,48,6,2.855589980591658e-12
finite-shared-control,48,7,2.389482212349509e-11
finite-shared-control,48,8,2.878503878932027e-12
finite-shared-control,48,9,2.413867852612543e-11
finite-shared-control,48,10,2.826946839421584e-12
finite-shared-control,48,11,2.358999328776808e-11
finite-shared-control,48,12,2.8842315259165797e-12
finite-shared-control,48,13,2.4199633717456503e-11
finite-shared-control,48,14,2.769662152926585e-12
finite-shared-control,48,15,2.2980352858079645e-11
finite-shared-control,48,16,2.855589182669079e-12
finite-shared-control,48,17,2.389481350261229e-11
finite-shared-control,48,18,2.8785030572670806e-12
finite-shared-control,48,19,2.4138669674487712e-11
finite-shared-control,48,20,1.7153392614205772e-14
finite-shared-control,48,21,1.94053522883911e-13
finite-shared-control,48,22,-1.6389633386317043e-13
finite-shared-control,48,23,-1.4166875661302817e-12
finite-shared-control,48,24,1.9820311909157827e-13
finite-shared-control,48,25,1.804794611898098e-12
finite-shared-control,48,26,-7.337147062448493e-14
finite-shared-control,48,27,-6.113170216231863e-13
finite-shared-control,48,28,-1.4579136121543206e-13
finite-shared-control,48,29,-1.255613457228815e-12
finite-shared-control,48,30,2.8097942150519995e-12
finite-shared-control,48,31,2.339594809732332e-11
finite-shared-control,48,32,3.0481286873802877e-12
finite-shared-control,48,33,2.5616330192913236e-11
finite-shared-control,48,34,2.57145974272371e-12
finite-shared-control,48,35,2.1175566001733397e-11
finite-shared-control,48,36,2.928961451216143e-12
finite-shared-control,48,37,2.450613914511827e-11
finite-shared-control,48,38,3.0242952401474586e-12
finite-shared-control,48,39,2.5394291983354245e-11
finite-shared-control,48,40,2.8097934468073787e-12
finite-shared-control,48,41,2.339593976488417e-11
finite-shared-control,48,42,3.0481278597797497e-12
finite-shared-control,48,43,2.561632128358679e-11
finite-shared-control,48,44,2.571459033835007e-12
finite-shared-control,48,45,2.117555824618155e-11
finite-shared-control,48,46,2.9289606532935642e-12
finite-shared-control,48,47,2.450613052423547e-11
finite-shared-control,48,48,3.0242944184825126e-12
finite-shared-control,48,49,2.5394283131716528e-11
finite-shared-control,49,0,2.3830054189880805e-11
finite-shared-control,49,1,2.0915957562270193e-10
finite-shared-control,49,2,2.4077713984768818e-11
finite-shared-control,49,3,2.1227299553264766e-10
finite-shared-control,49,4,2.358239439499276e-11
finite-shared-control,49,5,2.0604615571275603e-10
finite-shared-control,49,6,2.395388408732479e-11
finite-shared-control,49,7,2.1071628557767478e-10
finite-shared-control,49,8,2.405294800528001e-11
finite-shared-control,49,9,2.1196165354165348e-10
finite-shared-control,49,10,2.3830049192157526e-11
finite-shared-control,49,11,2.0915951124263685e-10
finite-shared-control,49,12,2.4077708728378096e-11
finite-shared-control,49,13,2.1227292802669577e-10
finite-shared-control,49,14,2.3582389655936923e-11
finite-shared-control,49,15,2.060460944585778e-10
finite-shared-control,49,16,2.3953878960267787e-11
finite-shared-control,49,17,2.1071621963466629e-10
finite-shared-control,49,18,2.4052942774756034e-11
finite-shared-control,49,19,2.1196158634829025e-10
finite-shared-control,49,20,7.976415383624337e-14
finite-shared-control,49,21,1.169613660102889e-12
finite-shared-control,49,22,-1.499240858160123e-12
finite-shared-control,49,23,-1.2860540138038472e-11
finite-shared-control,49,24,1.658769165832579e-12
finite-shared-control,49,25,1.519976745824417e-11
finite-shared-control,49,26,-7.097383521619594e-13
finite-shared-control,49,27,-5.84546323896777e-12
finite-shared-control,49,28,-1.3413403569604904e-12
finite-shared-control,49,29,-1.145752475822395e-11
finite-shared-control,49,30,2.3750290036044565e-11
finite-shared-control,49,31,2.07989961962599e-10
finite-shared-control,49,32,2.557695484292894e-11
finite-shared-control,49,33,2.251335356706861e-10
finite-shared-control,49,34,2.192362522916018e-11
finite-shared-control,49,35,1.9084638825451187e-10
finite-shared-control,49,36,2.4663622439486752e-11
finite-shared-control,49,37,2.1656174881664251e-10
finite-shared-control,49,38,2.5394288362240503e-11
finite-shared-control,49,39,2.2341917829987742e-10
finite-shared-control,49,40,2.3750285038321283e-11
finite-shared-control,49,41,2.0798989758253397e-10
finite-shared-control,49,42,2.5576949586538218e-11
finite-shared-control,49,43,2.2513346816473422e-10
finite-shared-control,49,44,2.1923620490104344e-11
finite-shared-control,49,45,1.9084632700033364e-10
finite-shared-control,49,46,2.466361731242975e-11
finite-shared-control,49,47,2.1656168287363404e-10
finite-shared-control,49,48,2.5394283131716528e-11
finite-shared-control,49,49,2.2341911110651419e-10
