sequence,timestamp_utc,phase,model,reasoning_effort,input_tokens,cached_input_tokens,cache_write_input_tokens,output_tokens,reasoning_output_tokens,total_tokens,uncached_input_tokens,standard_cost_usd
1,2026-09-20T14:25:59.240Z,galaxies,gpt-6-astra,low,20616,12160,0,166,0,20782,8456,0.10502
2,2026-09-20T14:26:20.355Z,galaxies,gpt-6-astra,low,20798,20480,0,80,10,20878,318,0.02766
3,2026-09-20T14:26:36.246Z,galaxies,gpt-6-astra,low,24791,20608,0,412,0,25203,4183,0.083038
4,2026-09-20T14:27:35.535Z,galaxies,gpt-6-astra,low,25241,24576,0,138,0,25379,665,0.038126
5,2026-09-20T14:27:42.662Z,galaxies,gpt-6-astra,low,33051,25088,0,130,0,33181,7963,0.111218
6,2026-09-20T14:28:08.350Z,galaxies,gpt-6-astra,low,38424,32896,0,656,0,39080,5528,0.120976
7,2026-09-20T14:30:21.350Z,galaxies,gpt-6-astra,low,39122,38272,0,112,0,39234,850,0.052372
8,2026-09-20T14:30:30.691Z,galaxies,gpt-6-astra,low,47083,38912,0,150,0,47233,8171,0.128122
9,2026-09-20T14:30:37.986Z,galaxies,gpt-6-astra,low,55038,46848,0,128,44,55166,8190,0.135148
10,2026-09-20T14:31:10.462Z,galaxies,gpt-6-astra,low,59389,54912,0,884,0,60273,4477,0.143882
11,2026-09-20T14:33:58.656Z,galaxies,gpt-6-astra,low,60292,59264,0,133,0,60425,1028,0.076194
12,2026-09-20T14:34:04.756Z,galaxies,gpt-6-astra,low,64137,60160,0,66,0,64203,3977,0.10323
13,2026-09-20T14:34:27.122Z,galaxies,gpt-6-astra,low,68572,64000,0,665,0,69237,4572,0.14297
14,2026-09-20T14:35:55.889Z,galaxies,gpt-6-astra,low,69281,68352,0,243,15,69524,929,0.089792
15,2026-09-20T14:36:04.142Z,galaxies,gpt-6-astra,low,71161,69120,0,207,61,71368,2041,0.09988
16,2026-09-20T14:36:14.828Z,galaxies,gpt-6-astra,low,76649,71040,0,227,39,76876,5609,0.13848
17,2026-09-20T14:36:24.942Z,galaxies,gpt-6-astra,low,86041,76416,0,144,22,86185,9625,0.179866
18,2026-09-20T14:36:37.504Z,galaxies,gpt-6-astra,low,91329,85888,0,335,46,91664,5441,0.157048
19,2026-09-20T14:37:06.907Z,galaxies,gpt-6-astra,low,98290,91136,0,665,58,98955,7154,0.195926
20,2026-09-20T14:37:14.208Z,galaxies,gpt-6-astra,low,100438,98048,0,148,73,100586,2390,0.129348
21,2026-09-20T14:37:25.043Z,galaxies,gpt-6-astra,low,103831,100224,0,295,24,104126,3607,0.151044
22,2026-09-20T14:37:38.169Z,galaxies,gpt-6-astra,low,106169,103680,0,335,10,106504,2489,0.14532
23,2026-09-20T14:38:45.008Z,galaxies,gpt-6-astra,low,109040,105984,0,2116,349,111156,3056,0.242344
24,2026-09-20T14:39:20.746Z,galaxies,gpt-6-astra,low,111320,108800,0,1108,16,112428,2520,0.1894
25,2026-09-20T14:39:30.472Z,galaxies,gpt-6-astra,low,113623,111104,0,183,8,113806,2519,0.145444
26,2026-09-20T14:39:43.614Z,galaxies,gpt-6-astra,low,115688,113408,0,350,32,116038,2280,0.153708
27,2026-09-20T14:39:50.614Z,galaxies,gpt-6-astra,low,116129,115456,0,127,20,116256,673,0.128536
28,2026-09-20T14:40:00.655Z,galaxies,gpt-6-astra,low,118100,115968,0,249,75,118349,2132,0.149738
29,2026-09-20T14:40:11.235Z,galaxies,gpt-6-astra,low,119868,117888,0,121,21,119989,1980,0.143738
30,2026-09-20T14:41:26.880Z,galaxies,gpt-6-astra,low,121229,119680,0,2390,486,123619,1549,0.25467
31,2026-09-20T14:41:36.821Z,galaxies,gpt-6-astra,low,123741,121088,0,279,12,124020,2653,0.161568
32,2026-09-20T14:41:57.556Z,galaxies,gpt-6-astra,low,124248,123520,0,588,14,124836,728,0.1602
33,2026-09-20T14:42:20.948Z,galaxies,gpt-6-astra,low,126590,124032,0,697,25,127287,2558,0.184462
34,2026-09-20T14:42:28.191Z,galaxies,gpt-6-astra,low,128051,126464,0,141,0,128192,1587,0.149384
35,2026-09-20T14:42:37.859Z,galaxies,gpt-6-astra,low,128285,127872,0,162,58,128447,413,0.140102
36,2026-09-20T14:43:01.471Z,galaxies,gpt-6-astra,low,130565,128128,0,719,416,131284,2437,0.188448
37,2026-09-20T14:43:18.344Z,galaxies,gpt-6-astra,low,131469,130432,0,356,23,131825,1037,0.158602
38,2026-09-20T14:43:38.337Z,galaxies,gpt-6-astra,low,131952,131328,0,466,303,132418,624,0.160868
39,2026-09-20T14:44:18.009Z,galaxies,gpt-6-astra,low,133638,131712,0,1250,516,134888,1926,0.213472
40,2026-09-20T14:44:25.769Z,galaxies,gpt-6-astra,low,136042,133504,0,198,15,136240,2538,0.168784
41,2026-09-20T14:45:05.426Z,galaxies,gpt-6-astra,low,136332,135808,0,1170,233,137502,524,0.199548
42,2026-09-20T14:45:13.576Z,galaxies,gpt-6-astra,low,138182,136192,0,95,9,138277,1990,0.160842
43,2026-09-20T14:45:22.841Z,galaxies,gpt-6-astra,low,139472,137984,0,221,67,139693,1488,0.163914
44,2026-09-20T14:45:40.117Z,galaxies,gpt-6-astra,low,143714,139264,0,363,147,144077,4450,0.201914
45,2026-09-20T14:46:02.942Z,galaxies,gpt-6-astra,low,145703,143488,0,585,516,146288,2215,0.194888
46,2026-09-20T14:46:14.960Z,galaxies,gpt-6-astra,low,147652,145536,0,289,93,147941,2116,0.181146
47,2026-09-20T14:46:24.217Z,galaxies,gpt-6-astra,low,152510,147456,0,169,57,152679,5054,0.206446
48,2026-09-20T14:46:38.887Z,galaxies,gpt-6-astra,low,154431,152320,0,218,49,154649,2111,0.18433
49,2026-09-20T14:46:46.263Z,galaxies,gpt-6-astra,low,154916,154240,0,162,33,155078,676,0.1691
50,2026-09-20T14:48:23.436Z,galaxies,gpt-6-astra,low,155776,154752,0,3077,516,158853,1024,0.318842
51,2026-09-20T14:48:43.864Z,galaxies,gpt-6-astra,low,158909,155648,0,455,333,159364,3261,0.211008
52,2026-09-20T14:49:19.360Z,galaxies,gpt-6-astra,low,162231,158720,0,1055,217,163286,3511,0.24658
53,2026-09-20T14:50:14.520Z,galaxies,gpt-6-astra,low,163425,162048,0,1633,265,165058,1377,0.257468
54,2026-09-20T14:50:58.452Z,galaxies,gpt-6-astra,low,165168,163200,0,1328,97,166496,1968,0.24928
55,2026-09-20T14:51:10.348Z,galaxies,gpt-6-astra,low,167008,164992,0,322,126,167330,2016,0.201252
56,2026-09-20T14:51:19.933Z,galaxies,gpt-6-astra,low,167348,166784,0,233,0,167581,564,0.184074
57,2026-09-20T14:51:31.495Z,galaxies,gpt-6-astra,low,170043,167168,0,292,83,170335,2875,0.210518
58,2026-09-20T14:51:39.223Z,galaxies,gpt-6-astra,low,173324,169856,0,183,19,173507,3468,0.213686
59,2026-09-20T14:52:17.104Z,galaxies,gpt-6-astra,low,174686,173184,0,1153,419,175839,1502,0.245854
60,2026-09-20T14:52:28.402Z,galaxies,gpt-6-astra,low,175991,174464,0,208,27,176199,1527,0.200134
61,2026-09-20T14:53:21.394Z,galaxies,gpt-6-astra,low,176847,175872,0,1648,1034,178495,975,0.268022
62,2026-09-20T14:53:34.739Z,galaxies,gpt-6-astra,low,179222,176640,0,207,80,179429,2582,0.21281
63,2026-09-20T14:54:44.963Z,galaxies,gpt-6-astra,low,182358,179072,0,2239,1034,184597,3286,0.323882
64,2026-09-20T14:55:05.262Z,galaxies,gpt-6-astra,low,184654,182144,0,479,255,185133,2510,0.231194
65,2026-09-20T14:55:14.857Z,galaxies,gpt-6-astra,low,185908,184448,0,252,66,186160,1460,0.211648
66,2026-09-20T14:55:43.461Z,galaxies,gpt-6-astra,low,186813,185728,0,767,150,187580,1085,0.234928
67,2026-09-20T14:58:04.888Z,galaxies,gpt-6-astra,low,189556,186624,0,4563,291,194119,2932,0.444094
68,2026-09-20T14:59:30.874Z,galaxies,gpt-6-astra,low,194186,189440,0,2791,515,196977,4746,0.37645
69,2026-09-20T15:01:44.775Z,galaxies,gpt-6-astra,low,197035,194048,0,4320,516,201355,2987,0.439918
70,2026-09-20T15:02:37.217Z,galaxies,gpt-6-astra,low,202079,196864,0,1587,262,203666,5215,0.328364
71,2026-09-20T15:02:52.148Z,galaxies,gpt-6-astra,low,203760,201856,0,331,66,204091,1904,0.237446
72,2026-09-20T15:03:32.196Z,galaxies,gpt-6-astra,low,204981,203520,0,1177,777,206158,1461,0.27698
73,2026-09-20T15:03:43.059Z,galaxies,gpt-6-astra,low,206688,204800,0,223,82,206911,1888,0.23483
74,2026-09-20T15:04:04.572Z,galaxies,gpt-6-astra,low,209075,206464,0,609,202,209684,2611,0.263024
75,2026-09-20T15:04:16.350Z,galaxies,gpt-6-astra,low,210021,208896,0,258,11,210279,1125,0.233046
76,2026-09-20T15:05:44.377Z,galaxies,gpt-6-astra,low,210997,209920,0,2827,313,213824,1077,0.36204
77,2026-09-20T15:05:58.005Z,galaxies,gpt-6-astra,low,213954,210816,0,256,131,214210,3138,0.254996
78,2026-09-20T15:06:13.932Z,galaxies,gpt-6-astra,low,216786,213760,0,407,52,217193,3026,0.26437
79,2026-09-20T15:06:33.685Z,galaxies,gpt-6-astra,low,217492,216576,0,522,267,218014,916,0.251836
80,2026-09-20T15:07:26.933Z,galaxies,gpt-6-astra,low,218837,217344,0,1562,516,220399,1493,0.310374
81,2026-09-20T15:07:35.829Z,galaxies,gpt-6-astra,low,220782,218624,0,161,27,220943,2158,0.248254
82,2026-09-20T15:07:51.824Z,galaxies,gpt-6-astra,low,222062,220672,0,340,94,222402,1390,0.251572
83,2026-09-20T15:08:36.377Z,galaxies,gpt-6-astra,low,222647,221952,0,1094,764,223741,695,0.283602
84,2026-09-20T15:09:10.658Z,galaxies,gpt-6-astra,low,224159,222464,0,998,409,225157,1695,0.289314
85,2026-09-20T15:09:24.109Z,galaxies,gpt-6-astra,low,225735,224000,0,305,92,226040,1735,0.2566
86,2026-09-20T15:10:12.763Z,galaxies,gpt-6-astra,low,226556,225536,0,1404,516,227960,1020,0.305936
87,2026-09-20T15:10:39.577Z,galaxies,gpt-6-astra,low,228018,226304,0,635,516,228653,1714,0.275194
88,2026-09-20T15:11:26.771Z,galaxies,gpt-6-astra,low,229909,227968,0,1486,516,231395,1941,0.321678
89,2026-09-20T15:12:00.400Z,galaxies,gpt-6-astra,low,231735,229760,0,990,498,232725,1975,0.29901
90,2026-09-20T15:12:31.928Z,galaxies,gpt-6-astra,low,232951,231680,0,664,516,233615,1271,0.27759
91,2026-09-20T15:13:02.370Z,galaxies,gpt-6-astra,low,233817,232832,0,818,516,234635,985,0.283582
92,2026-09-20T15:15:55.532Z,galaxies,gpt-6-astra,low,236113,233728,0,5626,0,241739,2385,0.538878
93,2026-09-20T15:15:59.802Z,galaxies,gpt-6-astra,low,26601,12160,0,64,0,26665,14441,0.15977
94,2026-09-20T15:16:10.685Z,galaxies,gpt-6-astra,low,29107,26368,0,277,8,29384,2739,0.067608
95,2026-09-20T15:16:18.587Z,galaxies,gpt-6-astra,low,29829,28928,0,155,17,29984,901,0.045688
96,2026-09-20T15:16:27.962Z,galaxies,gpt-6-astra,low,30353,29696,0,107,0,30460,657,0.041616
97,2026-09-20T15:16:52.759Z,galaxies,gpt-6-astra,high,30474,12160,0,219,0,30693,18314,0.20625
98,2026-09-20T15:17:03.238Z,galaxies,gpt-6-astra,high,39553,30336,0,180,20,39733,9217,0.131506
99,2026-09-20T15:17:09.795Z,galaxies,gpt-6-astra,high,43859,39424,0,166,0,44025,4435,0.092074
100,2026-09-20T15:17:15.444Z,galaxies,gpt-6-astra,high,44745,43648,0,137,16,44882,1097,0.061468
101,2026-09-20T15:17:24.644Z,galaxies,gpt-6-astra,high,53058,44544,0,165,9,53223,8514,0.137934
102,2026-09-20T15:17:29.999Z,galaxies,gpt-6-astra,high,54989,52864,0,123,0,55112,2125,0.080264
103,2026-09-20T15:17:40.258Z,galaxies,gpt-6-astra,high,64968,54784,0,176,21,65144,10184,0.165424
104,2026-09-20T15:17:53.817Z,galaxies,gpt-6-astra,high,66382,64768,0,237,15,66619,1614,0.092758
105,2026-09-20T15:18:03.685Z,galaxies,gpt-6-astra,high,70260,66176,0,243,13,70503,4084,0.119166
106,2026-09-20T15:18:12.030Z,galaxies,gpt-6-astra,high,70807,70144,0,106,15,70913,663,0.082074
107,2026-09-20T15:18:16.761Z,galaxies,gpt-6-astra,high,71166,70656,0,85,0,71251,510,0.080006
108,2026-09-20T15:18:19.702Z,galaxies,gpt-6-astra,high,73743,71040,0,40,10,73783,2703,0.10007
109,2026-09-20T15:18:30.988Z,galaxies,gpt-6-astra,high,74468,73600,0,316,185,74784,868,0.09808
110,2026-09-20T15:18:40.897Z,galaxies,gpt-6-astra,high,75427,74240,0,89,0,75516,1187,0.09056
111,2026-09-20T15:19:05.559Z,galaxies,gpt-6-astra,high,75534,75264,0,734,19,76268,270,0.114664
112,2026-09-20T15:19:14.074Z,galaxies,gpt-6-astra,high,76466,75392,0,192,22,76658,1074,0.095732
113,2026-09-20T15:19:27.499Z,galaxies,gpt-6-astra,high,77476,76288,0,319,69,77795,1188,0.104118
114,2026-09-20T15:19:40.923Z,galaxies,gpt-6-astra,high,79644,77312,0,285,84,79929,2332,0.114882
115,2026-09-20T15:19:50.507Z,galaxies,gpt-6-astra,high,81268,79488,0,234,70,81502,1780,0.108988
116,2026-09-20T15:20:19.142Z,galaxies,gpt-6-astra,high,81737,81152,0,60,0,81797,585,0.090002
117,2026-09-20T15:20:28.831Z,galaxies,gpt-6-astra,high,82312,81536,0,183,34,82495,776,0.098446
118,2026-09-20T15:20:35.254Z,galaxies,gpt-6-astra,high,86401,82176,0,149,13,86550,4225,0.131876
119,2026-09-20T15:20:47.413Z,galaxies,gpt-6-astra,high,88024,86272,0,239,59,88263,1752,0.115742
120,2026-09-20T15:21:01.040Z,galaxies,gpt-6-astra,high,91800,87808,0,392,132,92192,3992,0.147328
121,2026-09-20T15:21:12.274Z,galaxies,gpt-6-astra,high,97158,91648,0,252,17,97410,5510,0.159348
122,2026-09-20T15:21:22.743Z,galaxies,gpt-6-astra,high,104444,97024,0,201,17,104645,7420,0.181274
123,2026-09-20T15:21:32.340Z,galaxies,gpt-6-astra,high,107039,104320,0,237,110,107276,2719,0.14336
124,2026-09-20T15:21:46.729Z,galaxies,gpt-6-astra,high,108617,106880,0,393,269,109010,1737,0.1439
125,2026-09-20T15:22:09.934Z,galaxies,gpt-6-astra,high,109319,108416,0,684,18,110003,903,0.151646
126,2026-09-20T15:22:20.069Z,galaxies,gpt-6-astra,high,111405,109184,0,198,14,111603,2221,0.141294
127,2026-09-20T15:22:29.904Z,galaxies,gpt-6-astra,high,112833,111232,0,269,163,113102,1601,0.140692
128,2026-09-20T15:22:56.361Z,galaxies,gpt-6-astra,high,113921,112640,0,805,65,114726,1281,0.1657
129,2026-09-20T15:23:09.511Z,galaxies,gpt-6-astra,high,114919,113792,0,187,60,115106,1127,0.134412
130,2026-09-20T15:23:23.417Z,galaxies,gpt-6-astra,high,115719,114688,0,257,57,115976,1031,0.137848
131,2026-09-20T15:24:00.831Z,galaxies,gpt-6-astra,high,116716,115584,0,1116,187,117832,1132,0.182704
132,2026-09-20T15:24:54.785Z,galaxies,gpt-6-astra,high,123010,116480,0,397,10,123407,6530,0.20163
133,2026-09-20T15:25:08.005Z,galaxies,gpt-6-astra,high,124747,122880,0,337,11,125084,1867,0.1584
134,2026-09-20T15:25:23.078Z,galaxies,gpt-6-astra,high,125210,124544,0,324,203,125534,666,0.147404
135,2026-09-20T15:25:30.982Z,galaxies,gpt-6-astra,high,126418,125056,0,194,105,126612,1362,0.148376
136,2026-09-20T15:25:36.343Z,galaxies,gpt-6-astra,high,127762,126208,0,120,14,127882,1554,0.147748
137,2026-09-20T15:25:50.681Z,galaxies,gpt-6-astra,high,128487,127616,0,376,91,128863,871,0.155126
138,2026-09-20T15:26:25.582Z,galaxies,gpt-6-astra,high,129058,128256,0,1076,107,130134,802,0.190076
139,2026-09-20T15:26:46.608Z,galaxies,gpt-6-astra,high,130543,128896,0,535,144,131078,1647,0.172116
140,2026-09-20T15:27:04.528Z,galaxies,gpt-6-astra,high,133031,130304,0,424,144,133455,2727,0.178774
141,2026-09-20T15:27:27.543Z,galaxies,gpt-6-astra,high,133864,132864,0,587,197,134451,1000,0.172214
142,2026-09-20T15:27:39.609Z,galaxies,gpt-6-astra,high,134966,133632,0,309,85,135275,1334,0.162422
143,2026-09-20T15:27:50.276Z,galaxies,gpt-6-astra,high,135464,134784,0,168,85,135632,680,0.149984
144,2026-09-20T15:28:06.039Z,galaxies,gpt-6-astra,high,135650,135296,0,403,234,136053,354,0.158986
145,2026-09-20T15:28:15.089Z,galaxies,gpt-6-astra,high,136843,135424,0,155,8,136998,1419,0.157364
146,2026-09-20T15:28:42.619Z,galaxies,gpt-6-astra,high,137089,136704,0,667,516,137756,385,0.173904
147,2026-09-20T15:28:57.712Z,galaxies,gpt-6-astra,high,138084,136960,0,387,207,138471,1124,0.16755
148,2026-09-20T15:29:08.007Z,galaxies,gpt-6-astra,high,138796,137856,0,75,16,138871,940,0.151006
149,2026-09-20T15:29:30.446Z,galaxies,gpt-6-astra,high,139113,138624,0,650,360,139763,489,0.176014
150,2026-09-20T15:29:39.461Z,galaxies,gpt-6-astra,high,139836,138880,0,179,93,140015,956,0.15739
151,2026-09-20T15:29:59.166Z,galaxies,gpt-6-astra,high,140160,139648,0,365,243,140525,512,0.163018
152,2026-09-20T15:30:09.310Z,galaxies,gpt-6-astra,high,140800,140032,0,235,87,141035,768,0.159462
153,2026-09-20T15:30:44.424Z,galaxies,gpt-6-astra,high,141101,140672,0,636,69,141737,429,0.176762
154,2026-09-20T15:30:52.330Z,galaxies,gpt-6-astra,high,141862,140928,0,134,14,141996,934,0.156968
155,2026-09-20T15:31:09.704Z,galaxies,gpt-6-astra,high,142333,141696,0,348,268,142681,637,0.165466
156,2026-09-20T15:31:15.142Z,galaxies,gpt-6-astra,high,147051,142208,0,104,0,147155,4843,0.195838
157,2026-09-20T15:31:23.554Z,galaxies,gpt-6-astra,high,147473,146816,0,158,30,147631,657,0.161286
158,2026-09-20T15:31:32.297Z,galaxies,gpt-6-astra,high,148726,147328,0,190,98,148916,1398,0.170808
159,2026-09-20T15:31:40.622Z,galaxies,gpt-6-astra,high,149301,148608,0,111,16,149412,693,0.161088
160,2026-09-20T15:31:48.861Z,galaxies,gpt-6-astra,high,149979,149120,0,193,69,150172,859,0.16736
161,2026-09-20T15:31:57.385Z,galaxies,gpt-6-astra,high,150293,149760,0,206,61,150499,533,0.16539
162,2026-09-20T15:32:05.646Z,galaxies,gpt-6-astra,high,150517,150144,0,91,70,150608,373,0.158424
163,2026-09-20T15:32:29.391Z,galaxies,gpt-6-astra,high,150631,150400,0,50,0,150681,231,0.15521
164,2026-09-20T15:32:36.758Z,galaxies,gpt-6-astra,high,150899,150400,0,116,75,151015,499,0.16119
165,2026-09-20T15:32:48.699Z,galaxies,gpt-6-astra,high,151372,150784,0,250,229,151622,588,0.169164
166,2026-09-20T15:33:11.637Z,galaxies,gpt-6-astra,high,151645,151168,0,46,0,151691,477,0.158238
167,2026-09-20T15:33:17.925Z,galaxies,gpt-6-astra,high,151888,151424,0,80,0,151968,464,0.160064
168,2026-09-20T15:34:38.441Z,galaxies,gpt-6-astra,high,151995,91648,0,65,0,152060,60347,0.698368
169,2026-09-20T15:34:52.236Z,galaxies,gpt-6-astra,high,152294,151808,0,375,263,152669,486,0.175418
170,2026-09-20T15:34:59.141Z,galaxies,gpt-6-astra,high,154002,152064,0,152,18,154154,1938,0.179044
171,2026-09-20T15:35:10.021Z,galaxies,gpt-6-astra,high,154227,153856,0,195,89,154422,371,0.167316
172,2026-09-20T15:35:17.108Z,galaxies,gpt-6-astra,high,155034,154112,0,63,0,155097,922,0.166482
173,2026-09-20T15:35:27.093Z,galaxies,gpt-6-astra,high,155610,154880,0,112,0,155722,730,0.16778
174,2026-09-20T15:35:38.865Z,galaxies,gpt-6-astra,high,156213,155392,0,229,59,156442,821,0.175052
175,2026-09-20T15:35:49.111Z,galaxies,gpt-6-astra,high,159952,156032,0,182,71,160134,3920,0.204332
176,2026-09-20T15:36:08.447Z,galaxies,gpt-6-astra,high,162493,159744,0,523,235,163016,2749,0.213384
177,2026-09-20T15:36:15.517Z,galaxies,gpt-6-astra,high,163085,162304,0,127,0,163212,781,0.176464
178,2026-09-20T15:36:39.751Z,galaxies,gpt-6-astra,high,163230,162944,0,524,472,163754,286,0.192004
179,2026-09-20T15:37:01.052Z,galaxies,gpt-6-astra,high,163972,163072,0,203,122,164175,900,0.182222
180,2026-09-20T15:37:07.563Z,galaxies,gpt-6-astra,high,164363,163840,0,51,30,164414,523,0.17162
181,2026-09-20T15:37:18.867Z,galaxies,gpt-6-astra,high,164445,164224,0,51,0,164496,221,0.168984
182,2026-09-20T15:37:45.450Z,galaxies,gpt-6-astra,high,164742,164224,0,490,120,165232,518,0.193904
183,2026-09-20T15:37:50.360Z,galaxies,gpt-6-astra,high,165319,164608,0,39,0,165358,711,0.173668
184,2026-09-20T15:37:57.338Z,galaxies,gpt-6-astra,high,165442,165120,0,54,0,165496,322,0.17104
185,2026-09-20T15:42:13.117Z,galaxies,gpt-6-astra,high,165524,162304,0,125,0,165649,3220,0.200754
186,2026-09-20T15:42:21.230Z,galaxies,gpt-6-astra,high,168551,165376,0,128,76,168679,3175,0.203526
187,2026-09-20T15:42:40.786Z,galaxies,gpt-6-astra,high,169939,168320,0,550,261,170489,1619,0.21201
188,2026-09-20T16:20:21.154Z,galaxies,gpt-6-astra,high,171178,169728,0,187,30,171365,1450,0.193578
189,2026-09-20T16:20:29.294Z,galaxies,gpt-6-astra,high,178004,171008,0,172,58,178176,6996,0.249568
190,2026-09-20T16:20:49.746Z,galaxies,gpt-6-astra,high,184392,177792,0,569,492,184961,6600,0.272242
191,2026-09-20T16:21:07.558Z,galaxies,gpt-6-astra,high,186995,184192,0,481,129,187476,2803,0.236272
192,2026-09-20T16:21:32.790Z,galaxies,gpt-6-astra,high,190381,186880,0,648,516,191029,3501,0.25429
193,2026-09-20T16:22:29.297Z,galaxies,gpt-6-astra,high,198045,189696,0,1774,516,199819,8349,0.361886
194,2026-09-20T16:22:56.358Z,galaxies,gpt-6-astra,high,199843,197888,0,62,16,199905,1955,0.220538
195,2026-09-20T16:23:36.715Z,galaxies,gpt-6-astra,high,202003,199680,0,1252,516,203255,2323,0.28551
196,2026-09-20T16:23:48.181Z,galaxies,gpt-6-astra,high,203313,201856,0,217,116,203530,1457,0.227276
197,2026-09-20T16:24:38.448Z,galaxies,gpt-6-astra,high,203687,203136,0,1615,391,205302,551,0.289396
198,2026-09-20T16:25:04.016Z,galaxies,gpt-6-astra,high,205360,203520,0,630,516,205990,1840,0.25342
199,2026-09-20T16:25:48.061Z,galaxies,gpt-6-astra,high,208144,205184,0,1365,516,209509,2960,0.303034
200,2026-09-20T16:26:24.634Z,galaxies,gpt-6-astra,high,209567,207744,0,1058,300,210625,1823,0.278874
201,2026-09-20T16:26:32.761Z,galaxies,gpt-6-astra,high,210683,209408,0,158,47,210841,1275,0.230058
202,2026-09-20T16:26:48.646Z,galaxies,gpt-6-astra,high,211660,210560,0,449,10,212109,1100,0.24401
203,2026-09-20T16:28:03.289Z,galaxies,gpt-6-astra,high,212953,211584,0,2376,516,215329,1369,0.344074
204,2026-09-20T16:28:38.369Z,galaxies,gpt-6-astra,high,215414,212864,0,960,239,216374,2550,0.286364
205,2026-09-20T16:29:00.779Z,galaxies,gpt-6-astra,high,216642,215296,0,526,433,217168,1346,0.255056
206,2026-09-20T16:29:15.061Z,galaxies,gpt-6-astra,high,217684,216576,0,330,172,218014,1108,0.244156
207,2026-09-20T16:29:32.732Z,galaxies,gpt-6-astra,high,218139,217600,0,449,303,218588,539,0.24544
208,2026-09-20T16:29:40.030Z,galaxies,gpt-6-astra,high,218868,217984,0,144,69,219012,884,0.234024
209,2026-09-20T16:30:31.747Z,galaxies,gpt-6-astra,high,220052,218752,0,1590,516,221642,1300,0.311252
210,2026-09-20T16:30:43.952Z,galaxies,gpt-6-astra,high,223313,219904,0,238,42,223551,3409,0.265894
211,2026-09-20T16:30:58.035Z,galaxies,gpt-6-astra,high,224791,223232,0,323,73,225114,1559,0.254972
212,2026-09-20T16:31:04.574Z,galaxies,gpt-6-astra,high,225582,224640,0,76,22,225658,942,0.23786
213,2026-09-20T16:31:16.885Z,galaxies,gpt-6-astra,high,226772,225408,0,310,239,227082,1364,0.254548
214,2026-09-20T16:31:28.165Z,galaxies,gpt-6-astra,high,227556,226688,0,155,0,227711,868,0.243118
215,2026-09-20T16:31:37.783Z,galaxies,gpt-6-astra,high,227780,227456,0,223,33,228003,324,0.241846
216,2026-09-20T16:34:12.331Z,galaxies,gpt-6-astra,high,231462,227584,0,5028,0,236490,3878,0.517764
217,2026-09-20T16:34:18.088Z,galaxies,gpt-6-astra,high,27574,12160,0,74,0,27648,15414,0.17
218,2026-09-20T16:34:23.471Z,galaxies,gpt-6-astra,high,28161,27392,0,111,0,28272,769,0.040632
219,2026-09-20T16:34:31.422Z,galaxies,gpt-6-astra,high,33567,28032,0,153,12,33720,5535,0.091032
220,2026-09-20T16:34:42.735Z,galaxies,gpt-6-astra,high,36448,33408,0,282,208,36730,3040,0.077908
221,2026-09-20T16:35:07.289Z,galaxies,gpt-6-astra,high,38640,36224,0,769,25,39409,2416,0.098834
222,2026-09-20T16:35:22.590Z,galaxies,gpt-6-astra,high,39640,38400,0,412,40,40052,1240,0.0714
223,2026-09-20T16:35:34.513Z,galaxies,gpt-6-astra,high,40176,39424,0,206,82,40382,752,0.057244
224,2026-09-20T16:35:45.239Z,galaxies,gpt-6-astra,high,43989,39936,0,232,17,44221,4053,0.092066
225,2026-09-20T16:35:55.120Z,galaxies,gpt-6-astra,high,51828,43776,0,236,74,52064,8052,0.136096
226,2026-09-20T16:36:09.687Z,galaxies,gpt-6-astra,high,52375,51712,0,263,13,52638,663,0.071492
227,2026-09-20T16:36:16.651Z,galaxies,gpt-6-astra,high,56952,52224,0,176,34,57128,4728,0.108304
228,2026-09-20T16:36:21.934Z,galaxies,gpt-6-astra,high,61968,56832,0,70,0,62038,5136,0.111692
229,2026-09-20T16:36:35.626Z,galaxies,gpt-6-astra,high,62701,61824,0,342,42,63043,877,0.087694
230,2026-09-20T16:36:47.232Z,galaxies,gpt-6-astra,high,63192,62464,0,191,9,63383,728,0.079294
231,2026-09-20T16:37:07.215Z,galaxies,gpt-6-astra,high,63614,62976,0,268,47,63882,638,0.082756
232,2026-09-20T16:37:20.215Z,galaxies,gpt-6-astra,high,64043,63488,0,290,61,64333,555,0.083538
233,2026-09-20T16:37:38.647Z,galaxies,gpt-6-astra,high,65015,63872,0,522,45,65537,1143,0.101402
234,2026-09-20T16:37:47.745Z,galaxies,gpt-6-astra,high,65630,64896,0,193,0,65823,734,0.081886
235,2026-09-20T16:38:03.542Z,galaxies,gpt-6-astra,high,65905,65408,0,424,31,66329,497,0.091578
236,2026-09-20T16:38:13.263Z,galaxies,gpt-6-astra,high,66560,65664,0,193,30,66753,896,0.084274
237,2026-09-20T16:38:20.920Z,galaxies,gpt-6-astra,high,66908,66432,0,134,18,67042,476,0.077892
238,2026-09-20T16:38:31.150Z,galaxies,gpt-6-astra,high,68842,66688,0,276,37,69118,2154,0.102028
239,2026-09-20T16:38:48.326Z,galaxies,gpt-6-astra,high,69670,68608,0,447,39,70117,1062,0.101578
240,2026-09-20T16:38:55.386Z,galaxies,gpt-6-astra,high,70208,69504,0,129,8,70337,704,0.082994
241,2026-09-20T16:39:03.613Z,galaxies,gpt-6-astra,high,72041,70016,0,219,9,72260,2025,0.101216
242,2026-09-20T16:39:25.599Z,galaxies,gpt-6-astra,high,73044,71808,0,583,316,73627,1236,0.113318
243,2026-09-20T16:39:37.362Z,galaxies,gpt-6-astra,high,73687,72832,0,280,190,73967,855,0.095382
244,2026-09-20T16:40:03.791Z,galaxies,gpt-6-astra,high,74343,73472,0,760,220,75103,871,0.120182
245,2026-09-20T16:40:21.469Z,galaxies,gpt-6-astra,high,75162,74112,0,481,82,75643,1050,0.108662
246,2026-09-20T16:40:31.670Z,galaxies,gpt-6-astra,high,75701,75008,0,238,51,75939,693,0.093838
247,2026-09-20T16:40:39.675Z,galaxies,gpt-6-astra,high,78043,75520,0,107,15,78150,2523,0.1061
248,2026-09-20T16:40:55.835Z,galaxies,gpt-6-astra,high,79248,77824,0,464,44,79712,1424,0.115264
249,2026-09-20T16:41:14.980Z,galaxies,gpt-6-astra,high,79950,79104,0,316,82,80266,846,0.103364
250,2026-09-20T16:41:29.901Z,galaxies,gpt-6-astra,high,80297,79744,0,245,11,80542,553,0.097524
251,2026-09-20T16:41:41.434Z,galaxies,gpt-6-astra,high,80726,80128,0,200,36,80926,598,0.096108
252,2026-09-20T16:41:49.159Z,galaxies,gpt-6-astra,high,83288,80512,0,190,13,83478,2776,0.117772
253,2026-09-20T16:42:08.233Z,galaxies,gpt-6-astra,high,83831,83072,0,543,71,84374,759,0.117812
254,2026-09-20T16:42:23.284Z,galaxies,gpt-6-astra,high,84509,83712,0,333,184,84842,797,0.108332
255,2026-09-20T16:42:35.165Z,galaxies,gpt-6-astra,high,85120,84352,0,293,44,85413,768,0.106682
256,2026-09-20T16:42:50.653Z,galaxies,gpt-6-astra,high,89148,84992,0,265,131,89413,4156,0.139802
257,2026-09-20T16:42:58.620Z,galaxies,gpt-6-astra,high,89801,88960,0,173,0,89974,841,0.10602
258,2026-09-20T16:43:09.822Z,galaxies,gpt-6-astra,high,90048,89600,0,201,44,90249,448,0.10413
259,2026-09-20T16:43:23.680Z,galaxies,gpt-6-astra,high,90714,89856,0,348,202,91062,858,0.115836
260,2026-09-20T16:43:34.614Z,galaxies,gpt-6-astra,high,91245,90496,0,269,87,91514,749,0.111436
261,2026-09-20T16:44:05.124Z,galaxies,gpt-6-astra,high,91929,91008,0,939,782,92868,921,0.147168
262,2026-09-20T16:44:34.258Z,galaxies,gpt-6-astra,high,94944,91776,0,820,65,95764,3168,0.164456
263,2026-09-20T16:44:44.609Z,galaxies,gpt-6-astra,high,96369,94720,0,226,19,96595,1649,0.12251
264,2026-09-20T16:44:51.144Z,galaxies,gpt-6-astra,high,97024,96128,0,84,19,97108,896,0.109288
265,2026-09-20T16:45:28.243Z,galaxies,gpt-6-astra,high,99399,96896,0,1149,149,100548,2503,0.179376
266,2026-09-20T16:45:40.491Z,galaxies,gpt-6-astra,high,101159,99200,0,303,63,101462,1959,0.13394
267,2026-09-20T16:45:57.695Z,galaxies,gpt-6-astra,high,102097,100992,0,463,164,102560,1105,0.135192
268,2026-09-20T16:46:06.534Z,galaxies,gpt-6-astra,high,102617,101888,0,160,99,102777,729,0.117178
269,2026-09-20T16:46:17.981Z,galaxies,gpt-6-astra,high,104162,102400,0,306,201,104468,1762,0.13532
270,2026-09-20T16:46:34.737Z,galaxies,gpt-6-astra,high,105149,103936,0,274,95,105423,1213,0.129766
271,2026-09-20T16:46:55.343Z,galaxies,gpt-6-astra,high,105994,104960,0,573,465,106567,1034,0.14395
272,2026-09-20T16:47:19.005Z,galaxies,gpt-6-astra,high,106857,105856,0,565,93,107422,1001,0.144116
273,2026-09-20T16:47:34.324Z,galaxies,gpt-6-astra,high,107511,106752,0,249,75,107760,759,0.126792
274,2026-09-20T16:47:57.320Z,galaxies,gpt-6-astra,high,107816,107392,0,615,516,108431,424,0.142382
275,2026-09-20T16:48:16.257Z,galaxies,gpt-6-astra,high,108717,107648,0,536,372,109253,1069,0.145138
276,2026-09-20T16:48:46.429Z,galaxies,gpt-6-astra,high,109778,108544,0,775,516,110553,1234,0.159634
277,2026-09-20T16:48:55.143Z,galaxies,gpt-6-astra,high,110642,109696,0,224,8,110866,946,0.130356
278,2026-09-20T16:49:01.201Z,galaxies,gpt-6-astra,high,110999,110464,0,62,21,111061,535,0.118914
279,2026-09-20T16:49:11.014Z,galaxies,gpt-6-astra,high,111145,110848,0,226,0,111371,297,0.125118
280,2026-09-20T16:49:19.193Z,galaxies,gpt-6-astra,high,111460,36224,0,119,0,111579,75236,0.794534
281,2026-09-20T16:49:45.312Z,galaxies,gpt-6-astra,high,114936,111360,0,744,516,115680,3576,0.18432
282,2026-09-20T16:50:06.517Z,galaxies,gpt-6-astra,high,120334,114816,0,612,516,120946,5518,0.200596
283,2026-09-20T16:50:11.862Z,galaxies,gpt-6-astra,high,124843,120192,0,102,14,124945,4651,0.171802
284,2026-09-20T16:52:17.011Z,galaxies,gpt-6-astra,high,130515,124672,0,4099,516,134614,5843,0.388052
285,2026-09-20T16:55:11.263Z,galaxies,gpt-6-astra,high,134672,130432,0,5725,109,140397,4240,0.459082
286,2026-09-20T16:55:34.639Z,galaxies,gpt-6-astra,high,140454,134528,0,624,516,141078,5926,0.224988
287,2026-09-20T16:55:52.662Z,galaxies,gpt-6-astra,high,142588,140288,0,527,335,143115,2300,0.189638
288,2026-09-20T16:56:31.878Z,galaxies,gpt-6-astra,high,145351,142464,0,1197,475,146548,2887,0.231184
289,2026-09-20T16:56:44.376Z,galaxies,gpt-6-astra,high,146825,145280,0,239,25,147064,1545,0.17268
290,2026-09-20T16:56:54.426Z,galaxies,gpt-6-astra,high,147611,146688,0,146,48,147757,923,0.163218
291,2026-09-20T16:57:11.983Z,galaxies,gpt-6-astra,high,148273,147456,0,451,58,148724,817,0.178176
292,2026-09-20T16:57:48.841Z,galaxies,gpt-6-astra,high,148988,148096,0,979,140,149967,892,0.205966
293,2026-09-20T16:58:04.543Z,galaxies,gpt-6-astra,high,151068,148864,0,438,26,151506,2204,0.192804
294,2026-09-20T16:58:29.487Z,galaxies,gpt-6-astra,high,152254,114816,0,579,277,152833,37438,0.518146
295,2026-09-20T16:58:42.667Z,galaxies,gpt-6-astra,high,153782,152192,0,360,91,154142,1590,0.186092
296,2026-09-20T16:58:57.446Z,galaxies,gpt-6-astra,high,154487,153600,0,392,169,154879,887,0.18207
297,2026-09-20T16:59:22.768Z,galaxies,gpt-6-astra,high,155388,154368,0,629,388,156017,1020,0.196018
298,2026-09-20T16:59:35.481Z,galaxies,gpt-6-astra,high,156338,155264,0,198,113,156536,1074,0.175904
299,2026-09-20T16:59:53.742Z,galaxies,gpt-6-astra,high,162108,156160,0,427,334,162535,5948,0.23699
300,2026-09-20T17:00:19.471Z,galaxies,gpt-6-astra,high,164778,161792,0,755,369,165533,2986,0.229402
301,2026-09-20T17:00:43.380Z,galaxies,gpt-6-astra,high,165666,164224,0,658,32,166324,1442,0.211544
302,2026-09-20T17:01:06.567Z,galaxies,gpt-6-astra,high,166806,165504,0,614,393,167420,1302,0.209224
303,2026-09-20T17:01:30.037Z,galaxies,gpt-6-astra,high,168146,166656,0,616,331,168762,1490,0.212356
304,2026-09-20T17:01:55.030Z,galaxies,gpt-6-astra,high,168820,167936,0,622,444,169442,884,0.207876
305,2026-09-20T17:02:14.000Z,galaxies,gpt-6-astra,high,170075,168704,0,338,198,170413,1371,0.199314
306,2026-09-20T17:02:21.392Z,galaxies,gpt-6-astra,high,170540,169984,0,95,9,170635,556,0.180294
307,2026-09-20T17:02:41.652Z,galaxies,gpt-6-astra,high,171549,170496,0,561,237,172110,1053,0.209076
308,2026-09-20T17:03:00.457Z,galaxies,gpt-6-astra,high,172263,171520,0,492,341,172755,743,0.20355
309,2026-09-20T17:03:17.442Z,galaxies,gpt-6-astra,high,175224,172160,0,491,194,175715,3064,0.22735
310,2026-09-20T17:03:28.176Z,galaxies,gpt-6-astra,high,175773,175104,0,186,51,175959,669,0.191094
311,2026-09-20T17:03:44.071Z,galaxies,gpt-6-astra,high,176223,175744,0,327,63,176550,479,0.196884
312,2026-09-20T17:04:17.205Z,galaxies,gpt-6-astra,high,176728,176128,0,970,678,177698,600,0.230628
313,2026-09-20T17:04:41.994Z,galaxies,gpt-6-astra,high,178006,176640,0,705,516,178711,1366,0.22555
314,2026-09-20T17:04:51.747Z,galaxies,gpt-6-astra,high,179030,177920,0,248,18,179278,1110,0.20142
315,2026-09-20T17:05:05.066Z,galaxies,gpt-6-astra,high,179997,178944,0,300,62,180297,1053,0.204474
316,2026-09-20T17:05:36.413Z,galaxies,gpt-6-astra,high,181378,179968,0,947,449,182325,1410,0.241418
317,2026-09-20T17:06:02.391Z,galaxies,gpt-6-astra,high,182498,181248,0,694,516,183192,1250,0.228448
318,2026-09-20T17:06:29.268Z,galaxies,gpt-6-astra,high,183464,182400,0,784,561,184248,1064,0.23224
319,2026-09-20T17:07:10.987Z,galaxies,gpt-6-astra,high,184740,183424,0,1135,516,185875,1316,0.253334
320,2026-09-20T17:07:35.982Z,galaxies,gpt-6-astra,high,186024,184704,0,648,516,186672,1320,0.230304
321,2026-09-20T17:08:07.995Z,galaxies,gpt-6-astra,high,187095,185984,0,801,362,187896,1111,0.237144
322,2026-09-20T17:08:49.531Z,galaxies,gpt-6-astra,high,188094,187008,0,982,833,189076,1086,0.246968
323,2026-09-20T17:09:07.992Z,galaxies,gpt-6-astra,high,189235,188032,0,376,62,189611,1203,0.218862
324,2026-09-20T17:09:32.152Z,galaxies,gpt-6-astra,high,190117,189184,0,627,516,190744,933,0.229864
325,2026-09-20T17:09:48.498Z,galaxies,gpt-6-astra,high,191023,189952,0,436,118,191459,1071,0.222462
326,2026-09-20T17:10:02.331Z,galaxies,gpt-6-astra,high,191573,190848,0,223,182,191796,725,0.209248
327,2026-09-20T17:10:11.603Z,galaxies,gpt-6-astra,high,191880,191488,0,145,0,192025,392,0.202658
328,2026-09-20T17:24:50.133Z,galaxies,gpt-6-astra,high,192256,152192,0,112,0,192368,40064,0.558432
329,2026-09-20T17:25:16.851Z,galaxies,gpt-6-astra,high,201047,192128,0,652,516,201699,8919,0.313918
330,2026-09-20T17:26:00.223Z,galaxies,gpt-6-astra,high,204000,200960,0,1266,1034,205266,3040,0.29466
331,2026-09-20T17:26:51.499Z,galaxies,gpt-6-astra,high,205954,203904,0,1521,1448,207475,2050,0.300454
332,2026-09-20T17:27:13.372Z,galaxies,gpt-6-astra,high,208368,205824,0,618,414,208986,2544,0.262164
333,2026-09-20T17:27:51.429Z,galaxies,gpt-6-astra,high,209606,208256,0,1122,210,210728,1350,0.277856
334,2026-09-20T17:29:42.962Z,galaxies,gpt-6-astra,high,210818,209408,0,3610,978,214428,1410,0.404008
335,2026-09-20T17:32:21.777Z,galaxies,gpt-6-astra,high,215153,152192,0,5117,0,220270,62961,1.037652
336,2026-09-20T17:32:25.403Z,galaxies,gpt-6-astra,high,27879,12160,0,56,0,27935,15719,0.17215
337,2026-09-20T17:32:29.553Z,galaxies,gpt-6-astra,high,28165,27648,0,69,0,28234,517,0.036268
338,2026-09-20T17:32:41.792Z,galaxies,gpt-6-astra,high,35742,28032,0,356,18,36098,7710,0.122932
339,2026-09-20T17:32:51.372Z,galaxies,gpt-6-astra,high,38263,35584,0,218,0,38481,2679,0.073274
340,2026-09-20T17:34:32.389Z,galaxies,gpt-6-astra,high,48083,38144,0,3263,17,51346,9939,0.300684
341,2026-09-20T17:34:42.053Z,galaxies,gpt-6-astra,high,51403,47872,0,217,9,51620,3531,0.094032
342,2026-09-20T17:34:56.320Z,galaxies,gpt-6-astra,high,60052,51200,0,378,9,60430,8852,0.15862
343,2026-09-20T17:35:07.072Z,galaxies,gpt-6-astra,high,61517,59904,0,251,23,61768,1613,0.088584
344,2026-09-20T17:35:15.174Z,galaxies,gpt-6-astra,high,63302,61312,0,176,39,63478,1990,0.090012
345,2026-09-20T17:35:24.600Z,galaxies,gpt-6-astra,high,66281,63104,0,205,12,66486,3177,0.105124
346,2026-09-20T17:35:42.789Z,galaxies,gpt-6-astra,high,67593,66048,0,496,10,68089,1545,0.106298
347,2026-09-20T17:36:29.721Z,galaxies,gpt-6-astra,high,68540,67456,0,1467,38,70007,1084,0.151646
348,2026-09-20T17:36:39.889Z,galaxies,gpt-6-astra,high,70100,68352,0,106,14,70206,1748,0.091132
349,2026-09-20T17:37:05.370Z,galaxies,gpt-6-astra,high,72119,69888,0,793,37,72912,2231,0.131848
350,2026-09-20T17:37:11.663Z,galaxies,gpt-6-astra,high,73902,71936,0,128,14,74030,1966,0.097996
351,2026-09-20T17:37:37.943Z,galaxies,gpt-6-astra,high,75466,73728,0,638,17,76104,1738,0.123008
352,2026-09-20T17:37:48.821Z,galaxies,gpt-6-astra,high,76284,75264,0,167,29,76451,1020,0.093814
353,2026-09-20T17:38:01.328Z,galaxies,gpt-6-astra,high,76958,76160,0,296,71,77254,798,0.09894
354,2026-09-20T17:38:25.926Z,galaxies,gpt-6-astra,high,80788,76800,0,705,149,81493,3988,0.15193
355,2026-09-20T17:38:38.163Z,galaxies,gpt-6-astra,high,81959,80640,0,215,33,82174,1319,0.10458
356,2026-09-20T17:38:49.831Z,galaxies,gpt-6-astra,high,82232,81792,0,286,14,82518,440,0.100492
357,2026-09-20T17:39:04.080Z,galaxies,gpt-6-astra,high,83866,82048,0,276,8,84142,1818,0.114028
358,2026-09-20T17:39:28.928Z,galaxies,gpt-6-astra,high,84554,83712,0,658,268,85212,842,0.125032
359,2026-09-20T17:39:55.244Z,galaxies,gpt-6-astra,high,85510,84480,0,727,146,86237,1030,0.13113
360,2026-09-20T17:40:03.977Z,galaxies,gpt-6-astra,high,86398,85376,0,198,30,86596,1022,0.105496
361,2026-09-20T17:40:08.828Z,galaxies,gpt-6-astra,high,87387,86272,0,103,20,87490,1115,0.102572
362,2026-09-20T17:40:14.454Z,galaxies,gpt-6-astra,high,88146,87296,0,85,19,88231,850,0.100046
363,2026-09-20T17:40:35.526Z,galaxies,gpt-6-astra,high,88303,88064,0,489,40,88792,239,0.114904
364,2026-09-20T17:40:43.624Z,galaxies,gpt-6-astra,high,88867,88192,0,146,36,89013,675,0.102242
365,2026-09-20T17:40:54.164Z,galaxies,gpt-6-astra,high,89539,88704,0,202,0,89741,835,0.107154
366,2026-09-20T17:41:06.520Z,galaxies,gpt-6-astra,high,90132,89344,0,259,22,90391,788,0.110174
367,2026-09-20T17:41:16.939Z,galaxies,gpt-6-astra,high,92700,89984,0,258,40,92958,2716,0.130044
368,2026-09-20T17:41:27.561Z,galaxies,gpt-6-astra,high,93162,92544,0,221,112,93383,618,0.109774
369,2026-09-20T17:41:45.102Z,galaxies,gpt-6-astra,high,93691,93056,0,358,14,94049,635,0.117306
370,2026-09-20T17:41:54.437Z,galaxies,gpt-6-astra,high,94869,93568,0,156,30,95025,1301,0.114378
371,2026-09-20T17:42:02.232Z,galaxies,gpt-6-astra,high,95095,94720,0,195,37,95290,375,0.10822
372,2026-09-20T17:42:13.546Z,galaxies,gpt-6-astra,high,95531,94976,0,246,11,95777,555,0.112826
373,2026-09-20T17:42:25.297Z,galaxies,gpt-6-astra,high,96092,95360,0,232,153,96324,732,0.11428
374,2026-09-20T17:42:34.086Z,galaxies,gpt-6-astra,high,96826,96000,0,222,13,97048,826,0.11536
375,2026-09-20T17:42:50.018Z,galaxies,gpt-6-astra,high,97280,96640,0,277,124,97557,640,0.11689
376,2026-09-20T17:43:02.006Z,galaxies,gpt-6-astra,high,97811,97152,0,295,52,98106,659,0.118492
377,2026-09-20T17:43:17.322Z,galaxies,gpt-6-astra,high,98302,97664,0,370,107,98672,638,0.122544
378,2026-09-20T17:43:32.557Z,galaxies,gpt-6-astra,high,98804,98176,0,440,311,99244,628,0.126456
379,2026-09-20T17:43:47.861Z,galaxies,gpt-6-astra,high,99369,98688,0,440,309,99809,681,0.127498
380,2026-09-20T17:44:16.947Z,galaxies,gpt-6-astra,high,99927,99200,0,666,169,100593,727,0.13977
381,2026-09-20T17:44:35.927Z,galaxies,gpt-6-astra,high,100748,99840,0,465,389,101213,908,0.13217
382,2026-09-20T17:44:49.950Z,galaxies,gpt-6-astra,high,101302,100608,0,403,294,101705,694,0.127698
383,2026-09-20T17:44:58.420Z,galaxies,gpt-6-astra,high,101820,101120,0,34,13,101854,700,0.10982
384,2026-09-20T17:45:32.664Z,galaxies,gpt-6-astra,high,101877,101632,0,90,0,101967,245,0.108582
385,2026-09-20T17:45:45.187Z,galaxies,gpt-6-astra,high,102174,101760,0,289,18,102463,414,0.12035
386,2026-09-20T17:45:52.322Z,galaxies,gpt-6-astra,high,103190,102016,0,125,12,103315,1174,0.120006
387,2026-09-20T17:46:09.690Z,galaxies,gpt-6-astra,high,103448,103040,0,384,106,103832,408,0.12632
388,2026-09-20T17:46:20.324Z,galaxies,gpt-6-astra,high,104255,103296,0,237,72,104492,959,0.124736
389,2026-09-20T17:46:45.099Z,galaxies,gpt-6-astra,high,104879,104064,0,563,318,105442,815,0.140364
390,2026-09-20T17:46:49.400Z,galaxies,gpt-6-astra,high,105536,104704,0,49,28,105585,832,0.115474
391,2026-09-20T17:47:17.111Z,galaxies,gpt-6-astra,high,105608,105344,0,188,0,105796,264,0.117384
392,2026-09-20T17:47:41.542Z,galaxies,gpt-6-astra,high,106130,105472,0,347,26,106477,658,0.129402
393,2026-09-20T17:48:00.281Z,galaxies,gpt-6-astra,high,106701,105984,0,507,396,107208,717,0.138504
394,2026-09-20T17:48:19.962Z,galaxies,gpt-6-astra,high,107311,106624,0,472,451,107783,687,0.137094
395,2026-09-20T17:48:59.004Z,galaxies,gpt-6-astra,high,107806,107136,0,115,0,107921,670,0.119586
396,2026-09-20T17:49:20.348Z,galaxies,gpt-6-astra,high,108058,107648,0,579,429,108637,410,0.140698
397,2026-09-20T17:49:27.780Z,galaxies,gpt-6-astra,high,108871,107904,0,194,104,109065,967,0.127274
398,2026-09-20T17:49:43.784Z,galaxies,gpt-6-astra,high,110723,108800,0,376,355,111099,1923,0.14683
399,2026-09-20T17:50:19.295Z,galaxies,gpt-6-astra,high,111122,110592,0,110,0,111232,530,0.121392
400,2026-09-20T17:50:28.296Z,galaxies,gpt-6-astra,high,111307,110976,0,187,152,111494,331,0.123636
401,2026-09-20T17:50:47.330Z,galaxies,gpt-6-astra,high,112960,111232,0,560,326,113520,1728,0.156512
402,2026-09-20T17:51:20.001Z,galaxies,gpt-6-astra,high,113631,112768,0,1021,14,114652,863,0.172448
403,2026-09-20T17:51:26.998Z,galaxies,gpt-6-astra,high,114709,113536,0,101,14,114810,1173,0.130316
404,2026-09-20T17:51:35.699Z,galaxies,gpt-6-astra,high,114926,114560,0,127,0,115053,366,0.12457
405,2026-09-20T17:58:01.422Z,galaxies,gpt-6-astra,high,115153,63104,0,183,0,115336,52049,0.592744
406,2026-09-20T17:58:16.401Z,galaxies,gpt-6-astra,high,124511,115072,0,375,244,124886,9439,0.228212
407,2026-09-20T17:58:26.732Z,galaxies,gpt-6-astra,high,132991,124416,0,160,12,133151,8575,0.218166
408,2026-09-20T17:58:46.118Z,galaxies,gpt-6-astra,high,141023,132864,0,430,56,141453,8159,0.235954
409,2026-09-20T17:58:54.379Z,galaxies,gpt-6-astra,high,149519,140928,0,116,25,149635,8591,0.232638
410,2026-09-20T17:59:03.706Z,galaxies,gpt-6-astra,high,158669,149376,0,163,43,158832,9293,0.250456
411,2026-09-20T17:59:26.081Z,galaxies,gpt-6-astra,high,166895,158592,0,630,342,167525,8303,0.273122
412,2026-09-20T17:59:55.383Z,galaxies,gpt-6-astra,high,177754,166784,0,760,476,178514,10970,0.314484
413,2026-09-20T18:00:05.940Z,galaxies,gpt-6-astra,high,182088,177664,0,236,63,182324,4424,0.233704
414,2026-09-20T18:00:19.679Z,galaxies,gpt-6-astra,high,191201,182016,0,275,39,191476,9185,0.287616
415,2026-09-20T18:00:52.455Z,galaxies,gpt-6-astra,high,199492,191104,0,785,516,200277,8388,0.314234
416,2026-09-20T18:01:18.690Z,galaxies,gpt-6-astra,high,210363,199296,0,699,516,211062,11067,0.344916
417,2026-09-20T18:01:41.808Z,galaxies,gpt-6-astra,high,219309,210176,0,537,299,219846,9133,0.328356
418,2026-09-20T18:01:52.178Z,galaxies,gpt-6-astra,high,228487,219136,0,211,21,228698,9351,0.323196
419,2026-09-20T18:06:31.261Z,galaxies,gpt-6-astra,high,237137,228352,0,8871,0,246008,8785,0.759752
420,2026-09-20T18:06:35.373Z,galaxies,gpt-6-astra,high,31696,12160,0,78,0,31774,19536,0.21142
421,2026-09-20T18:06:47.996Z,galaxies,gpt-6-astra,high,39608,31488,0,361,33,39969,8120,0.130738
422,2026-09-20T18:06:59.698Z,galaxies,gpt-6-astra,high,52329,39424,0,289,42,52618,12905,0.182924
423,2026-09-20T18:07:43.423Z,galaxies,gpt-6-astra,high,65231,52096,0,1350,73,66581,13135,0.250946
424,2026-09-20T18:07:56.712Z,galaxies,gpt-6-astra,high,74571,65024,0,276,11,74847,9547,0.174294
425,2026-09-20T18:08:11.315Z,galaxies,gpt-6-astra,high,84122,74368,0,299,13,84421,9754,0.186858
426,2026-09-20T18:08:29.003Z,galaxies,gpt-6-astra,high,91370,83968,0,344,140,91714,7402,0.175188
427,2026-09-20T18:12:08.034Z,galaxies,gpt-6-astra,high,97892,90752,0,7191,62,105083,7140,0.521702
428,2026-09-20T18:12:20.858Z,galaxies,gpt-6-astra,high,105174,97792,0,323,221,105497,7382,0.187762
429,2026-09-20T18:12:28.305Z,galaxies,gpt-6-astra,high,111134,104960,0,154,96,111288,6174,0.1744
430,2026-09-20T18:13:46.087Z,galaxies,gpt-6-astra,high,116815,110976,0,2528,47,119343,5839,0.295766
431,2026-09-20T18:13:58.319Z,galaxies,gpt-6-astra,high,119402,116608,0,307,44,119709,2794,0.159898
432,2026-09-20T18:14:09.481Z,galaxies,gpt-6-astra,high,122494,119296,0,285,67,122779,3198,0.165526
433,2026-09-20T18:14:36.931Z,galaxies,gpt-6-astra,high,124335,122368,0,785,98,125120,1967,0.181288
434,2026-09-20T18:14:47.287Z,galaxies,gpt-6-astra,high,125237,124160,0,276,51,125513,1077,0.14873
435,2026-09-20T18:14:58.753Z,galaxies,gpt-6-astra,high,126317,125056,0,274,125,126591,1261,0.151366
436,2026-09-20T18:15:09.769Z,galaxies,gpt-6-astra,high,126893,126208,0,255,105,127148,685,0.145808
437,2026-09-20T18:15:18.238Z,galaxies,gpt-6-astra,high,128290,126720,0,129,34,128419,1570,0.14887
438,2026-09-20T18:15:34.580Z,galaxies,gpt-6-astra,high,130840,128128,0,386,181,131226,2712,0.174548
439,2026-09-20T18:16:00.224Z,galaxies,gpt-6-astra,high,132383,130688,0,756,57,133139,1695,0.185438
440,2026-09-20T18:16:19.148Z,galaxies,gpt-6-astra,high,135164,132224,0,530,117,135694,2940,0.188124
441,2026-09-20T18:16:35.341Z,galaxies,gpt-6-astra,high,135883,135040,0,367,110,136250,843,0.16182
442,2026-09-20T18:16:56.339Z,galaxies,gpt-6-astra,high,136707,135808,0,564,280,137271,899,0.172998
443,2026-09-20T18:17:09.153Z,galaxies,gpt-6-astra,high,137606,136576,0,268,35,137874,1030,0.160276
444,2026-09-20T18:17:26.661Z,galaxies,gpt-6-astra,high,140825,137472,0,318,50,141143,3353,0.186902
445,2026-09-20T18:17:35.902Z,galaxies,gpt-6-astra,high,142642,140800,0,179,95,142821,1842,0.16817
446,2026-09-20T18:17:52.838Z,galaxies,gpt-6-astra,high,143089,142592,0,498,286,143587,497,0.172462
447,2026-09-20T18:18:04.366Z,galaxies,gpt-6-astra,high,143770,142976,0,287,143,144057,794,0.165266
448,2026-09-20T18:18:14.361Z,galaxies,gpt-6-astra,high,148855,143744,0,234,142,149089,5111,0.206554
449,2026-09-20T18:18:34.234Z,galaxies,gpt-6-astra,high,149441,148736,0,362,256,149803,705,0.173886
450,2026-09-20T18:18:59.238Z,galaxies,gpt-6-astra,high,150051,149376,0,678,481,150729,675,0.190026
451,2026-09-20T18:19:08.343Z,galaxies,gpt-6-astra,high,150917,150016,0,226,0,151143,901,0.170326
452,2026-09-20T18:19:23.057Z,galaxies,gpt-6-astra,high,151680,150784,0,340,101,152020,896,0.176744
453,2026-09-20T18:19:48.824Z,galaxies,gpt-6-astra,high,152458,151552,0,698,516,153156,906,0.195512
454,2026-09-20T18:20:08.691Z,galaxies,gpt-6-astra,high,153351,152320,0,435,338,153786,1031,0.18438
455,2026-09-20T18:20:17.778Z,galaxies,gpt-6-astra,high,153887,153216,0,218,0,154105,671,0.170826
456,2026-09-20T18:20:38.072Z,galaxies,gpt-6-astra,high,154232,153856,0,457,88,154689,376,0.180466
457,2026-09-20T18:20:57.581Z,galaxies,gpt-6-astra,high,155109,154112,0,425,404,155534,997,0.185332
458,2026-09-20T18:21:56.237Z,galaxies,gpt-6-astra,high,155557,155008,0,243,0,155800,549,0.172648
459,2026-09-20T18:22:19.608Z,galaxies,gpt-6-astra,high,156078,155520,0,692,602,156770,558,0.1957
460,2026-09-20T18:23:12.351Z,galaxies,gpt-6-astra,high,156793,156032,0,137,0,156930,761,0.170492
461,2026-09-20T18:23:41.893Z,galaxies,gpt-6-astra,high,157240,156672,0,770,749,158010,568,0.200852
462,2026-09-20T18:24:35.996Z,galaxies,gpt-6-astra,high,158033,157184,0,229,63,158262,849,0.177124
463,2026-09-20T18:24:54.747Z,galaxies,gpt-6-astra,high,158942,157952,0,385,277,159327,990,0.187102
464,2026-09-20T18:25:30.740Z,galaxies,gpt-6-astra,high,159555,158848,0,972,123,160527,707,0.214518
465,2026-09-20T18:25:35.191Z,galaxies,gpt-6-astra,high,160584,159488,0,50,9,160634,1096,0.172948
466,2026-09-20T18:26:15.715Z,galaxies,gpt-6-astra,high,160718,160512,0,1280,441,161998,206,0.226572
467,2026-09-20T19:20:13.502Z,galaxies,gpt-6-astra,high,162239,90752,0,243,0,162482,71487,0.817772
468,2026-09-20T19:20:31.295Z,galaxies,gpt-6-astra,high,168786,162176,0,444,119,169230,6610,0.250476
469,2026-09-20T19:20:47.727Z,galaxies,gpt-6-astra,high,173408,168704,0,379,92,173787,4704,0.234694
470,2026-09-20T19:21:30.387Z,galaxies,gpt-6-astra,high,180593,173312,0,1336,1034,181929,7281,0.312922
471,2026-09-20T19:22:22.734Z,galaxies,gpt-6-astra,high,189869,180480,0,1623,474,191492,9389,0.35552
472,2026-09-20T19:22:42.544Z,galaxies,gpt-6-astra,high,193679,189824,0,547,272,194226,3855,0.255724
473,2026-09-20T19:22:49.871Z,galaxies,gpt-6-astra,high,195217,193664,0,177,64,195394,1553,0.218044
474,2026-09-20T19:23:02.812Z,galaxies,gpt-6-astra,high,200158,195200,0,300,59,200458,4958,0.25978
475,2026-09-20T19:24:45.369Z,galaxies,gpt-6-astra,high,201297,200064,0,3338,1034,204635,1233,0.379294
476,2026-09-20T19:25:25.610Z,galaxies,gpt-6-astra,high,204703,201216,0,1218,551,205921,3487,0.296986
477,2026-09-20T19:25:49.253Z,galaxies,gpt-6-astra,high,206008,204672,0,663,396,206671,1336,0.251182
478,2026-09-20T19:26:09.877Z,galaxies,gpt-6-astra,high,207101,205952,0,528,405,207629,1149,0.243842
479,2026-09-20T19:26:43.425Z,galaxies,gpt-6-astra,high,208136,206976,0,1036,211,209172,1160,0.270376
480,2026-09-20T19:27:03.865Z,galaxies,gpt-6-astra,high,209230,208000,0,409,62,209639,1230,0.24075
481,2026-09-20T19:27:36.102Z,galaxies,gpt-6-astra,high,209801,209152,0,944,582,210745,649,0.262842
482,2026-09-20T19:27:59.787Z,galaxies,gpt-6-astra,high,211213,209664,0,670,516,211883,1549,0.258654
483,2026-09-20T19:28:24.085Z,galaxies,gpt-6-astra,high,212136,211200,0,671,516,212807,936,0.25411
484,2026-09-20T19:28:56.201Z,galaxies,gpt-6-astra,high,213034,212096,0,925,737,213959,938,0.267726
485,2026-09-20T19:29:04.489Z,galaxies,gpt-6-astra,high,217358,212992,0,145,32,217503,4366,0.263902
486,2026-09-20T19:29:33.857Z,galaxies,gpt-6-astra,high,217653,216832,0,592,516,218245,821,0.254642
487,2026-09-20T19:29:46.655Z,galaxies,gpt-6-astra,high,218443,217472,0,250,45,218693,971,0.239682
488,2026-09-20T19:30:12.397Z,galaxies,gpt-6-astra,high,218760,218240,0,752,516,219512,520,0.26104
489,2026-09-20T19:30:34.606Z,galaxies,gpt-6-astra,high,219906,218624,0,613,516,220519,1282,0.262094
490,2026-09-20T19:30:44.167Z,galaxies,gpt-6-astra,high,220606,219776,0,224,0,220830,830,0.239276
491,2026-09-20T19:31:31.117Z,galaxies,gpt-6-astra,high,220978,220416,0,1252,784,222230,562,0.288636
492,2026-09-20T19:32:04.488Z,galaxies,gpt-6-astra,high,222487,220800,0,960,284,223447,1687,0.28567
493,2026-09-20T19:32:42.494Z,galaxies,gpt-6-astra,high,223605,222336,0,1055,1034,224660,1269,0.287776
494,2026-09-20T19:33:42.750Z,galaxies,gpt-6-astra,high,224683,223488,0,114,0,224797,1195,0.241138
495,2026-09-20T19:34:13.122Z,galaxies,gpt-6-astra,high,224967,224512,0,887,708,225854,455,0.273412
496,2026-09-20T19:34:51.533Z,galaxies,gpt-6-astra,high,226014,224768,0,940,919,226954,1246,0.284228
497,2026-09-20T19:35:29.871Z,galaxies,gpt-6-astra,high,226977,225792,0,79,0,227056,1185,0.241592
498,2026-09-20T19:36:01.955Z,galaxies,gpt-6-astra,high,227204,226816,0,982,69,228186,388,0.279796
499,2026-09-20T19:36:06.983Z,galaxies,gpt-6-astra,high,228244,227072,0,54,13,228298,1172,0.241492
500,2026-09-20T19:36:25.859Z,galaxies,gpt-6-astra,high,228385,228096,0,541,0,228926,289,0.258036
501,2026-09-20T19:55:58.210Z,galaxies,gpt-6-astra,high,229014,180480,0,163,0,229177,48534,0.67397
502,2026-09-20T19:59:01.491Z,galaxies,gpt-6-astra,high,237859,228864,0,6001,0,243860,8995,0.618864
503,2026-09-20T19:59:07.533Z,galaxies,gpt-6-astra,high,29007,12160,0,93,0,29100,16847,0.18528
504,2026-09-20T19:59:16.538Z,galaxies,gpt-6-astra,high,31973,28800,0,240,12,32213,3173,0.07253
505,2026-09-20T19:59:23.923Z,galaxies,gpt-6-astra,high,43184,31744,0,186,19,43370,11440,0.155444
506,2026-09-20T19:59:30.365Z,galaxies,gpt-6-astra,high,47957,43008,0,156,75,48113,4949,0.100298
507,2026-09-20T20:00:39.179Z,galaxies,gpt-6-astra,high,52599,52352,0,506,0,53105,247,0.080122
508,2026-09-20T20:00:45.260Z,galaxies,gpt-6-astra,high,53651,52480,0,148,20,53799,1171,0.07159
509,2026-09-20T20:02:16.137Z,galaxies,gpt-6-astra,high,55577,53504,0,2933,0,58510,2073,0.220884
510,2026-09-20T20:02:30.641Z,galaxies,gpt-6-astra,high,58567,55424,0,339,32,58906,3143,0.103804
511,2026-09-20T20:02:39.621Z,galaxies,gpt-6-astra,high,62577,58368,0,237,39,62814,4209,0.112308
512,2026-09-20T20:02:55.047Z,galaxies,gpt-6-astra,high,62941,62336,0,223,43,63164,605,0.079536
513,2026-09-20T20:03:11.816Z,galaxies,gpt-6-astra,high,66834,62720,0,359,42,67193,4114,0.12181
514,2026-09-20T20:03:24.687Z,galaxies,gpt-6-astra,high,67599,66688,0,313,47,67912,911,0.091448
515,2026-09-20T20:03:35.825Z,galaxies,gpt-6-astra,high,68287,67456,0,147,15,68434,831,0.083116
516,2026-09-20T20:03:48.720Z,galaxies,gpt-6-astra,high,69862,68096,0,318,8,70180,1766,0.101656
517,2026-09-20T20:03:58.417Z,galaxies,gpt-6-astra,high,70309,69632,0,130,11,70439,677,0.082902
518,2026-09-20T20:04:05.711Z,galaxies,gpt-6-astra,high,74348,70144,0,116,28,74464,4204,0.117984
519,2026-09-20T20:04:23.077Z,galaxies,gpt-6-astra,high,75064,74240,0,464,42,75528,824,0.10568
520,2026-09-20T20:04:34.131Z,galaxies,gpt-6-astra,high,77105,74880,0,254,38,77359,2225,0.10983
521,2026-09-20T20:04:46.012Z,galaxies,gpt-6-astra,high,77687,76928,0,320,13,78007,759,0.100518
522,2026-09-20T20:04:56.767Z,galaxies,gpt-6-astra,high,78357,77568,0,257,112,78614,789,0.098308
523,2026-09-20T20:05:13.047Z,galaxies,gpt-6-astra,high,83793,78336,0,448,318,84241,5457,0.155306
524,2026-09-20T20:06:23.481Z,galaxies,gpt-6-astra,high,90357,83712,0,2210,198,92567,6645,0.260662
525,2026-09-20T20:06:38.030Z,galaxies,gpt-6-astra,high,92623,90240,0,349,26,92972,2383,0.13152
526,2026-09-20T20:06:51.220Z,galaxies,gpt-6-astra,high,93364,92544,0,345,8,93709,820,0.117994
527,2026-09-20T20:07:04.967Z,galaxies,gpt-6-astra,high,94570,93312,0,324,91,94894,1258,0.122092
528,2026-09-20T20:07:20.602Z,galaxies,gpt-6-astra,high,95229,94464,0,442,21,95671,765,0.124214
529,2026-09-20T20:07:29.768Z,galaxies,gpt-6-astra,high,96055,95104,0,240,85,96295,951,0.116614
530,2026-09-20T20:07:52.873Z,galaxies,gpt-6-astra,high,102665,96000,0,651,382,103316,6665,0.1952
531,2026-09-20T20:08:02.306Z,galaxies,gpt-6-astra,high,103853,102528,0,201,0,104054,1325,0.125828
532,2026-09-20T20:09:09.745Z,galaxies,gpt-6-astra,high,104179,103808,0,2048,194,106227,371,0.209918
533,2026-09-20T20:09:24.333Z,galaxies,gpt-6-astra,high,106283,104064,0,416,233,106699,2219,0.147054
534,2026-09-20T20:09:57.538Z,galaxies,gpt-6-astra,high,107042,106240,0,959,629,108001,802,0.16221
535,2026-09-20T20:10:16.999Z,galaxies,gpt-6-astra,high,110005,107008,0,430,289,110435,2997,0.158478
536,2026-09-20T20:10:37.395Z,galaxies,gpt-6-astra,high,111536,109952,0,405,76,111941,1584,0.146042
537,2026-09-20T20:11:03.730Z,galaxies,gpt-6-astra,high,113442,111488,0,701,584,114143,1954,0.166078
538,2026-09-20T20:11:34.723Z,galaxies,gpt-6-astra,high,117585,113280,0,758,625,118343,4305,0.19423
539,2026-09-20T20:11:55.868Z,galaxies,gpt-6-astra,high,119620,117376,0,557,461,120177,2244,0.167666
540,2026-09-20T20:12:34.299Z,galaxies,gpt-6-astra,high,120466,119424,0,1045,786,121511,1042,0.182094
541,2026-09-20T20:13:13.673Z,galaxies,gpt-6-astra,high,121713,120320,0,1192,1034,122905,1393,0.19385
542,2026-09-20T20:14:02.354Z,galaxies,gpt-6-astra,high,123940,121600,0,1513,115,125453,2340,0.22065
543,2026-09-20T20:14:16.135Z,galaxies,gpt-6-astra,high,125511,123776,0,334,213,125845,1735,0.157826
544,2026-09-20T20:15:09.082Z,galaxies,gpt-6-astra,high,126203,125312,0,1613,516,127816,891,0.214872
545,2026-09-20T20:15:20.817Z,galaxies,gpt-6-astra,high,127948,126080,0,260,36,128208,1868,0.15776
546,2026-09-20T20:15:44.033Z,galaxies,gpt-6-astra,high,128338,127744,0,691,516,129029,594,0.168234
547,2026-09-20T20:16:42.213Z,galaxies,gpt-6-astra,high,130196,128128,0,1817,913,132013,2068,0.239658
548,2026-09-20T20:16:54.221Z,galaxies,gpt-6-astra,high,132158,130048,0,274,51,132432,2110,0.164848
549,2026-09-20T20:17:05.078Z,galaxies,gpt-6-astra,high,132947,131968,0,282,190,133229,979,0.155858
550,2026-09-20T20:17:16.905Z,galaxies,gpt-6-astra,high,134800,132736,0,209,0,135009,2064,0.163826
551,2026-09-20T20:19:07.781Z,galaxies,gpt-6-astra,high,137315,134656,0,3534,1386,140849,2659,0.337946
552,2026-09-20T20:19:47.359Z,galaxies,gpt-6-astra,high,141012,137088,0,1182,748,142194,3924,0.235428
553,2026-09-20T20:20:27.110Z,galaxies,gpt-6-astra,high,147220,140800,0,1148,650,148368,6420,0.2624
554,2026-09-20T20:23:05.941Z,galaxies,gpt-6-astra,high,148622,147072,0,4953,3511,153575,1550,0.410222
555,2026-09-20T20:23:31.320Z,galaxies,gpt-6-astra,high,153747,148480,0,631,191,154378,5267,0.2327
556,2026-09-20T20:25:19.381Z,galaxies,gpt-6-astra,high,154517,153600,0,3168,1304,157685,917,0.32117
557,2026-09-20T20:26:38.192Z,galaxies,gpt-6-astra,high,157749,154368,0,2366,2196,160115,3381,0.306478
558,2026-09-20T20:27:08.211Z,galaxies,gpt-6-astra,high,161110,157568,0,885,368,161995,3542,0.237238
559,2026-09-20T20:28:49.288Z,galaxies,gpt-6-astra,high,163827,67456,0,691,545,164518,96371,1.065716
560,2026-09-20T20:30:20.350Z,galaxies,gpt-6-astra,high,164847,163712,0,2913,407,167760,1135,0.320712
561,2026-09-20T20:31:07.560Z,galaxies,gpt-6-astra,high,167820,164736,0,1290,1084,169110,3084,0.260076
562,2026-09-20T20:31:30.926Z,galaxies,gpt-6-astra,high,169468,167680,0,646,263,170114,1788,0.21786
563,2026-09-20T20:32:16.820Z,galaxies,gpt-6-astra,high,170778,169344,0,1350,1148,172128,1434,0.251184
564,2026-09-20T20:33:23.593Z,galaxies,gpt-6-astra,high,173052,170624,0,1736,1643,174788,2428,0.281704
565,2026-09-20T20:34:09.890Z,galaxies,gpt-6-astra,high,175709,172928,0,1374,1226,177083,2781,0.269438
566,2026-09-20T20:35:20.500Z,galaxies,gpt-6-astra,high,178277,163712,0,879,592,179156,14565,0.353312
567,2026-09-20T20:36:33.792Z,galaxies,gpt-6-astra,high,179214,178048,0,2069,516,181283,1166,0.293158
568,2026-09-20T20:36:42.906Z,galaxies,gpt-6-astra,high,181342,179072,0,195,54,181537,2270,0.211522
569,2026-09-20T20:37:21.299Z,galaxies,gpt-6-astra,high,181839,181120,0,1084,516,182923,719,0.24251
570,2026-09-20T20:37:52.095Z,galaxies,gpt-6-astra,high,183252,181632,0,897,667,184149,1620,0.242682
571,2026-09-20T20:39:26.642Z,galaxies,gpt-6-astra,high,187439,183040,0,2602,2508,190041,4399,0.35713
572,2026-09-20T20:39:35.354Z,galaxies,gpt-6-astra,high,190519,187264,0,212,13,190731,3255,0.230414
573,2026-09-20T20:41:08.490Z,galaxies,gpt-6-astra,high,191256,190336,0,2901,2703,194157,920,0.344586
574,2026-09-20T20:42:14.977Z,galaxies,gpt-6-astra,high,194595,191104,0,1759,1411,196354,3491,0.313964
575,2026-09-20T20:44:37.308Z,galaxies,gpt-6-astra,high,197049,194432,0,4220,4034,201269,2617,0.431602
576,2026-09-20T20:45:03.394Z,galaxies,gpt-6-astra,high,201327,196864,0,693,107,202020,4463,0.276144
577,2026-09-20T20:46:59.425Z,galaxies,gpt-6-astra,high,202081,201216,0,3798,2131,205879,865,0.399766
578,2026-09-20T20:50:03.303Z,galaxies,gpt-6-astra,high,205938,201856,0,5965,2060,211903,4082,0.540926
579,2026-09-20T20:51:29.707Z,galaxies,gpt-6-astra,high,211961,205824,0,2691,1552,214652,6137,0.401744
580,2026-09-20T20:52:31.498Z,galaxies,gpt-6-astra,high,214710,211840,0,1928,1180,216638,2870,0.33694
581,2026-09-20T20:53:11.368Z,galaxies,gpt-6-astra,high,216695,214528,0,1178,1034,217873,2167,0.295098
582,2026-09-20T20:53:27.954Z,galaxies,gpt-6-astra,high,219838,216576,0,254,150,220092,3262,0.261896
583,2026-09-20T20:54:59.436Z,galaxies,gpt-6-astra,high,220515,219648,0,2931,1957,223446,867,0.374868
584,2026-09-20T20:56:03.710Z,galaxies,gpt-6-astra,high,223508,220288,0,1827,1714,225335,3220,0.343838
585,2026-09-20T20:57:13.635Z,galaxies,gpt-6-astra,high,226807,223360,0,2236,2070,229043,3447,0.36963
586,2026-09-20T20:58:26.232Z,galaxies,gpt-6-astra,high,230094,226688,0,2247,1405,232341,3406,0.373098
587,2026-09-20T20:59:47.905Z,galaxies,gpt-6-astra,high,232401,229888,0,2475,2070,234876,2513,0.378768
588,2026-09-20T21:00:50.752Z,galaxies,gpt-6-astra,high,234934,232192,0,1558,1351,236492,2742,0.337512
589,2026-09-20T21:01:22.790Z,galaxies,gpt-6-astra,high,237007,234752,0,933,643,237940,2255,0.303952
590,2026-09-20T21:03:16.589Z,galaxies,gpt-6-astra,high,238500,236800,0,3630,2588,242130,1700,0.4353
591,2026-09-20T21:03:28.519Z,galaxies,gpt-6-astra,high,242189,12160,0,148,13,242337,230029,2.31985
592,2026-09-20T21:08:07.380Z,galaxies,gpt-6-astra,high,243600,242048,0,9137,0,252737,1552,0.714418
593,2026-09-20T21:08:13.158Z,galaxies,gpt-6-astra,high,32215,12160,0,125,14,32340,20055,0.21896
594,2026-09-20T21:08:21.456Z,galaxies,gpt-6-astra,high,36840,32000,0,121,0,36961,4840,0.08645
595,2026-09-20T21:08:26.854Z,galaxies,gpt-6-astra,high,49982,36608,0,121,14,50103,13374,0.176398
596,2026-09-20T21:08:57.459Z,galaxies,gpt-6-astra,high,53060,49792,0,904,13,53964,3268,0.127672
597,2026-09-20T21:09:03.535Z,galaxies,gpt-6-astra,high,54060,52864,0,115,9,54175,1196,0.070574
598,2026-09-20T21:09:15.625Z,galaxies,gpt-6-astra,high,57921,53888,0,348,11,58269,4033,0.111618
599,2026-09-20T21:09:33.687Z,galaxies,gpt-6-astra,high,62328,57728,0,377,49,62705,4600,0.122578
600,2026-09-20T21:10:14.651Z,galaxies,gpt-6-astra,high,65777,61952,0,1286,17,67063,3825,0.164502
601,2026-09-20T21:10:26.944Z,galaxies,gpt-6-astra,high,67494,65664,0,170,33,67664,1830,0.092464
602,2026-09-20T21:10:57.012Z,galaxies,gpt-6-astra,high,68863,67456,0,902,32,69765,1407,0.126626
603,2026-09-20T21:11:11.650Z,galaxies,gpt-6-astra,high,71584,68736,0,328,19,71912,2848,0.113616
604,2026-09-20T21:11:19.674Z,galaxies,gpt-6-astra,high,72636,71552,0,112,20,72748,1084,0.087992
605,2026-09-20T21:11:31.146Z,galaxies,gpt-6-astra,high,75702,72576,0,144,59,75846,3126,0.111036
606,2026-09-20T21:11:40.976Z,galaxies,gpt-6-astra,high,78238,75648,0,206,99,78444,2590,0.111848
607,2026-09-20T21:11:52.825Z,galaxies,gpt-6-astra,high,78639,78208,0,286,144,78925,431,0.096818
608,2026-09-20T21:12:25.517Z,galaxies,gpt-6-astra,high,81180,78592,0,982,96,82162,2588,0.153572
609,2026-09-20T21:12:39.771Z,galaxies,gpt-6-astra,high,82435,81152,0,304,24,82739,1283,0.109182
610,2026-09-20T21:12:49.305Z,galaxies,gpt-6-astra,high,82939,82304,0,171,8,83110,635,0.097204
611,2026-09-20T21:12:58.451Z,galaxies,gpt-6-astra,high,86069,82816,0,203,41,86272,3253,0.125496
612,2026-09-20T21:13:07.133Z,galaxies,gpt-6-astra,high,86588,86016,0,189,76,86777,572,0.101186
613,2026-09-20T21:13:15.031Z,galaxies,gpt-6-astra,high,87425,86528,0,162,10,87587,897,0.103598
614,2026-09-20T21:13:22.723Z,galaxies,gpt-6-astra,high,88937,87296,0,102,50,89039,1641,0.108806
615,2026-09-20T21:14:06.030Z,galaxies,gpt-6-astra,high,89896,88832,0,1319,41,91215,1064,0.165422
616,2026-09-20T21:14:17.293Z,galaxies,gpt-6-astra,high,91332,89856,0,251,9,91583,1476,0.117166
617,2026-09-20T21:14:29.328Z,galaxies,gpt-6-astra,high,91746,91264,0,189,28,91935,482,0.105534
618,2026-09-20T21:15:25.281Z,galaxies,gpt-6-astra,high,92349,91648,0,1636,551,93985,701,0.180458
619,2026-09-20T21:15:49.917Z,galaxies,gpt-6-astra,high,94159,92288,0,740,516,94899,1871,0.147998
620,2026-09-20T21:16:06.262Z,galaxies,gpt-6-astra,high,95408,94080,0,450,137,95858,1328,0.12986
621,2026-09-20T21:16:22.184Z,galaxies,gpt-6-astra,high,96102,95360,0,293,169,96395,742,0.11743
622,2026-09-20T21:16:45.441Z,galaxies,gpt-6-astra,high,98198,96000,0,647,15,98845,2198,0.15033
623,2026-09-20T21:16:58.843Z,galaxies,gpt-6-astra,high,99241,98176,0,311,72,99552,1065,0.124376
624,2026-09-20T21:17:17.158Z,galaxies,gpt-6-astra,high,99679,99200,0,346,128,100025,479,0.12129
625,2026-09-20T21:17:50.712Z,galaxies,gpt-6-astra,high,100271,99584,0,1003,439,101274,687,0.156604
626,2026-09-20T21:18:00.258Z,galaxies,gpt-6-astra,high,101408,100224,0,236,106,101644,1184,0.123864
627,2026-09-20T21:18:29.003Z,galaxies,gpt-6-astra,high,102111,101376,0,845,43,102956,735,0.150976
628,2026-09-20T21:18:52.901Z,galaxies,gpt-6-astra,high,103442,102016,0,671,516,104113,1426,0.149826
629,2026-09-20T21:19:08.992Z,galaxies,gpt-6-astra,high,104336,103424,0,284,98,104620,912,0.126744
630,2026-09-20T21:19:26.365Z,galaxies,gpt-6-astra,high,104987,104320,0,459,347,105446,667,0.13394
631,2026-09-20T21:19:37.829Z,galaxies,gpt-6-astra,high,105998,104960,0,311,10,106309,1038,0.13089
632,2026-09-20T21:20:31.327Z,galaxies,gpt-6-astra,high,106600,105984,0,1711,516,108311,616,0.197694
633,2026-09-20T21:20:38.219Z,galaxies,gpt-6-astra,high,108676,106496,0,144,28,108820,2180,0.135496
634,2026-09-20T21:20:44.542Z,galaxies,gpt-6-astra,high,108967,108544,0,141,21,109108,423,0.119824
635,2026-09-20T21:20:57.538Z,galaxies,gpt-6-astra,high,110403,108928,0,295,106,110698,1475,0.138428
636,2026-09-20T21:21:43.900Z,galaxies,gpt-6-astra,high,111432,110336,0,1307,389,112739,1096,0.186646
637,2026-09-20T21:22:30.346Z,galaxies,gpt-6-astra,high,112804,111360,0,1478,176,114282,1444,0.1997
638,2026-09-20T21:22:39.917Z,galaxies,gpt-6-astra,high,114620,112768,0,214,16,114834,1852,0.141988
639,2026-09-20T21:22:50.398Z,galaxies,gpt-6-astra,high,115161,114560,0,270,185,115431,601,0.13407
640,2026-09-20T21:23:04.981Z,galaxies,gpt-6-astra,high,117002,115072,0,359,0,117361,1930,0.152322
641,2026-09-20T21:23:24.669Z,galaxies,gpt-6-astra,high,122865,116992,0,582,197,123447,5873,0.204822
642,2026-09-20T21:24:46.712Z,galaxies,gpt-6-astra,high,124960,122752,0,2116,1902,127076,2208,0.250632
643,2026-09-20T21:25:11.516Z,galaxies,gpt-6-astra,high,127167,124928,0,747,24,127914,2239,0.184668
644,2026-09-20T21:26:55.936Z,galaxies,gpt-6-astra,high,127972,127104,0,3227,1552,131199,868,0.297134
645,2026-09-20T21:27:04.485Z,galaxies,gpt-6-astra,high,131256,127872,0,192,38,131448,3384,0.171312
646,2026-09-20T21:28:08.227Z,galaxies,gpt-6-astra,high,131603,131200,0,2004,1034,133607,403,0.23543
647,2026-09-20T21:28:21.289Z,galaxies,gpt-6-astra,high,133697,131584,0,287,112,133984,2113,0.167064
648,2026-09-20T21:29:48.278Z,galaxies,gpt-6-astra,high,134413,133632,0,2734,1034,137147,781,0.278142
649,2026-09-20T21:30:39.555Z,galaxies,gpt-6-astra,high,137222,134400,0,1104,516,138326,2822,0.21782
650,2026-09-20T21:30:59.473Z,galaxies,gpt-6-astra,high,138456,137088,0,350,46,138806,1368,0.168268
651,2026-09-20T21:31:10.979Z,galaxies,gpt-6-astra,high,139306,138368,0,122,75,139428,938,0.153848
652,2026-09-20T21:31:18.751Z,galaxies,gpt-6-astra,high,148707,139264,0,125,29,148832,9443,0.239944
653,2026-09-20T21:32:05.252Z,galaxies,gpt-6-astra,high,157825,148608,0,1182,1013,159007,9217,0.299878
654,2026-09-20T21:34:48.810Z,galaxies,gpt-6-astra,high,168138,157696,0,5319,3358,173457,10442,0.528066
655,2026-09-20T21:36:10.667Z,galaxies,gpt-6-astra,high,173601,61952,0,2439,898,176040,111649,1.300392
656,2026-09-20T21:36:20.776Z,galaxies,gpt-6-astra,high,176096,173568,0,195,15,176291,2528,0.208598
657,2026-09-20T21:37:35.087Z,galaxies,gpt-6-astra,high,177215,176000,0,2393,1034,179608,1215,0.3078
658,2026-09-20T21:38:03.325Z,galaxies,gpt-6-astra,high,180786,177152,0,416,253,181202,3634,0.234292
659,2026-09-20T21:39:11.353Z,galaxies,gpt-6-astra,high,185501,180736,0,2172,1034,187673,4765,0.336986
660,2026-09-20T21:39:34.314Z,galaxies,gpt-6-astra,high,187739,185472,0,627,462,188366,2267,0.239492
661,2026-09-20T21:39:49.932Z,galaxies,gpt-6-astra,high,192786,187648,0,327,295,193113,5138,0.255378
662,2026-09-20T21:40:25.989Z,galaxies,gpt-6-astra,high,199020,192768,0,980,799,200000,6252,0.304288
663,2026-09-20T21:40:32.759Z,galaxies,gpt-6-astra,high,200245,198912,0,65,9,200310,1333,0.215492
664,2026-09-20T21:41:55.844Z,galaxies,gpt-6-astra,high,203779,200192,0,2580,919,206359,3587,0.365062
665,2026-09-20T21:42:53.132Z,galaxies,gpt-6-astra,high,206417,203648,0,1796,55,208213,2769,0.321138
666,2026-09-20T21:43:05.151Z,galaxies,gpt-6-astra,high,208530,206336,0,294,101,208824,2194,0.242976
667,2026-09-20T21:43:23.977Z,galaxies,gpt-6-astra,high,209109,208512,0,512,363,209621,597,0.240082
668,2026-09-20T21:45:52.249Z,galaxies,gpt-6-astra,high,210108,209024,0,4020,3229,214128,1084,0.420864
669,2026-09-20T21:46:06.337Z,galaxies,gpt-6-astra,high,214218,210048,0,193,48,214411,4170,0.261398
670,2026-09-20T21:47:35.675Z,galaxies,gpt-6-astra,high,214663,214144,0,2827,1466,217490,519,0.360684
671,2026-09-20T21:48:05.704Z,galaxies,gpt-6-astra,high,217789,214656,0,883,204,218672,3133,0.290136
672,2026-09-20T21:49:20.171Z,galaxies,gpt-6-astra,high,218742,217728,0,2038,1813,220780,1014,0.329768
673,2026-09-20T21:51:02.816Z,galaxies,gpt-6-astra,high,220989,218624,0,3231,92,224220,2365,0.403824
674,2026-09-20T21:51:17.872Z,galaxies,gpt-6-astra,high,224277,220928,0,360,125,224637,3349,0.272418
675,2026-09-20T21:52:27.914Z,galaxies,gpt-6-astra,high,225206,224256,0,2021,1552,227227,950,0.334806
676,2026-09-20T21:53:22.128Z,galaxies,gpt-6-astra,high,231141,225152,0,1658,516,232799,5989,0.367942
677,2026-09-20T21:55:03.085Z,galaxies,gpt-6-astra,high,232857,231040,0,3238,766,236095,1817,0.41111
678,2026-09-20T21:55:15.320Z,galaxies,gpt-6-astra,high,236153,232832,0,270,39,236423,3321,0.279542
679,2026-09-20T21:55:41.581Z,galaxies,gpt-6-astra,high,236499,236032,0,746,405,237245,467,0.278002
680,2026-09-20T21:56:37.190Z,galaxies,gpt-6-astra,high,240220,236416,0,1630,1214,241850,3804,0.355956
681,2026-09-20T21:57:06.033Z,galaxies,gpt-6-astra,high,242636,240000,0,784,516,243420,2636,0.30556
682,2026-09-20T22:01:10.220Z,galaxies,gpt-6-astra,high,244020,242560,0,7823,0,251843,1460,0.64831
683,2026-09-20T22:01:18.498Z,galaxies,gpt-6-astra,high,30893,22784,0,77,0,30970,8109,0.107724
684,2026-09-20T22:01:29.535Z,galaxies,gpt-6-astra,high,35631,30720,0,201,9,35832,4911,0.08988
685,2026-09-20T22:01:37.054Z,galaxies,gpt-6-astra,high,38809,35456,0,111,20,38920,3353,0.074536
686,2026-09-20T22:01:43.813Z,galaxies,gpt-6-astra,high,42460,38656,0,110,31,42570,3804,0.082196
687,2026-09-20T22:01:53.916Z,galaxies,gpt-6-astra,high,44630,42240,0,203,135,44833,2390,0.07629
688,2026-09-20T22:02:15.452Z,galaxies,gpt-6-astra,high,50825,44416,0,551,10,51376,6409,0.136056
689,2026-09-20T22:02:26.678Z,galaxies,gpt-6-astra,high,51789,50688,0,157,13,51946,1101,0.069548
690,2026-09-20T22:03:02.568Z,galaxies,gpt-6-astra,high,52697,51584,0,1059,30,53756,1113,0.115664
691,2026-09-20T22:03:24.661Z,galaxies,gpt-6-astra,high,53945,52480,0,509,26,54454,1465,0.09258
692,2026-09-20T22:03:45.434Z,galaxies,gpt-6-astra,high,54638,53760,0,197,7,54835,878,0.07239
693,2026-09-20T22:04:03.546Z,galaxies,gpt-6-astra,high,58311,54400,0,175,28,58486,3911,0.10226
694,2026-09-20T22:04:24.895Z,galaxies,gpt-6-astra,high,66500,58112,0,267,16,66767,8388,0.155342
695,2026-09-20T22:04:37.432Z,galaxies,gpt-6-astra,high,66870,66304,0,142,8,67012,566,0.079064
696,2026-09-20T22:05:29.575Z,galaxies,gpt-6-astra,high,67327,66688,0,1065,13,68392,639,0.126328
697,2026-09-20T22:06:57.157Z,galaxies,gpt-6-astra,high,68483,67200,0,2354,219,70837,1283,0.19773
698,2026-09-20T22:07:09.612Z,galaxies,gpt-6-astra,high,71101,68352,0,276,8,71377,2749,0.109642
699,2026-09-20T22:07:23.903Z,galaxies,gpt-6-astra,high,71750,70912,0,326,147,72076,838,0.095592
700,2026-09-20T22:07:32.060Z,galaxies,gpt-6-astra,high,73887,71552,0,107,17,73994,2335,0.100252
701,2026-09-20T22:08:54.151Z,galaxies,gpt-6-astra,high,74604,73728,0,1895,154,76499,876,0.177238
702,2026-09-20T22:09:12.541Z,galaxies,gpt-6-astra,high,76653,74368,0,334,114,76987,2285,0.113918
703,2026-09-20T22:09:26.791Z,galaxies,gpt-6-astra,high,77368,76416,0,322,14,77690,952,0.102036
704,2026-09-20T22:09:39.741Z,galaxies,gpt-6-astra,high,78639,77184,0,162,62,78801,1455,0.099834
705,2026-09-20T22:10:19.147Z,galaxies,gpt-6-astra,high,80566,78464,0,1219,109,81785,2102,0.160434
706,2026-09-20T22:10:37.595Z,galaxies,gpt-6-astra,high,82740,80384,0,293,25,83033,2356,0.118594
707,2026-09-20T22:10:48.053Z,galaxies,gpt-6-astra,high,84709,82560,0,214,111,84923,2149,0.11475
708,2026-09-20T22:11:45.084Z,galaxies,gpt-6-astra,high,85740,84480,0,1249,278,86989,1260,0.15953
709,2026-09-20T22:12:18.704Z,galaxies,gpt-6-astra,high,87125,85504,0,957,11,88082,1621,0.149564
710,2026-09-20T22:13:12.337Z,galaxies,gpt-6-astra,high,88449,86912,0,1460,443,89909,1537,0.175282
711,2026-09-20T22:14:02.420Z,galaxies,gpt-6-astra,high,90028,88320,0,1547,92,91575,1708,0.18275
712,2026-09-20T22:14:17.250Z,galaxies,gpt-6-astra,high,93023,89856,0,360,183,93383,3167,0.139526
713,2026-09-20T22:14:24.204Z,galaxies,gpt-6-astra,high,93611,92928,0,114,0,93725,683,0.105458
714,2026-09-20T22:14:32.846Z,galaxies,gpt-6-astra,high,95297,93440,0,122,0,95419,1857,0.11811
715,2026-09-20T22:14:59.643Z,galaxies,gpt-6-astra,high,97885,95104,0,592,516,98477,2781,0.152514
716,2026-09-20T22:15:08.949Z,galaxies,gpt-6-astra,high,108174,97792,0,161,104,108335,10382,0.209662
717,2026-09-20T22:16:09.323Z,galaxies,gpt-6-astra,high,112922,108032,0,1877,516,114799,4890,0.250782
718,2026-09-20T22:16:13.508Z,galaxies,gpt-6-astra,high,114856,112768,0,54,16,114910,2088,0.136348
719,2026-09-20T22:16:27.290Z,galaxies,gpt-6-astra,high,115076,114688,0,323,183,115399,388,0.134718
720,2026-09-20T22:18:13.535Z,galaxies,gpt-6-astra,high,115458,114944,0,3399,209,118857,514,0.290034
721,2026-09-20T22:18:40.512Z,galaxies,gpt-6-astra,high,118961,115328,0,691,182,119652,3633,0.186208
722,2026-09-20T22:18:55.570Z,galaxies,gpt-6-astra,high,120257,118784,0,318,159,120575,1473,0.149414
723,2026-09-20T22:19:14.880Z,galaxies,gpt-6-astra,high,126793,120064,0,324,258,127117,6729,0.203554
724,2026-09-20T22:19:22.845Z,galaxies,gpt-6-astra,high,131626,126592,0,118,17,131744,5034,0.182832
725,2026-09-20T22:21:29.027Z,galaxies,gpt-6-astra,high,132697,131456,0,4104,190,136801,1241,0.349066
726,2026-09-20T22:21:41.344Z,galaxies,gpt-6-astra,high,136858,132608,0,305,75,137163,4250,0.190358
727,2026-09-20T22:21:48.836Z,galaxies,gpt-6-astra,high,137404,136704,0,132,84,137536,700,0.150304
728,2026-09-20T22:22:42.413Z,galaxies,gpt-6-astra,high,138098,137216,0,1630,490,139728,882,0.227536
729,2026-09-20T22:23:05.905Z,galaxies,gpt-6-astra,high,139785,137984,0,598,414,140383,1801,0.185894
730,2026-09-20T22:23:21.983Z,galaxies,gpt-6-astra,high,140904,42240,0,226,62,141130,98664,1.04018
731,2026-09-20T22:23:58.342Z,galaxies,gpt-6-astra,high,144453,140800,0,1068,504,145521,3653,0.23073
732,2026-09-20T22:24:19.934Z,galaxies,gpt-6-astra,high,145611,144128,0,497,404,146108,1483,0.183808
733,2026-09-20T22:24:32.462Z,galaxies,gpt-6-astra,high,146926,145408,0,342,94,147268,1518,0.177688
734,2026-09-20T22:24:43.871Z,galaxies,gpt-6-astra,high,147405,146688,0,296,13,147701,717,0.168658
735,2026-09-20T22:25:00.692Z,galaxies,gpt-6-astra,high,147925,147200,0,414,211,148339,725,0.17515
736,2026-09-20T22:26:16.202Z,galaxies,gpt-6-astra,high,150576,147712,0,2434,836,153010,2864,0.298052
737,2026-09-20T22:26:26.566Z,galaxies,gpt-6-astra,high,153540,150400,0,253,141,153793,3140,0.19445
738,2026-09-20T22:26:31.472Z,galaxies,gpt-6-astra,high,155387,153344,0,106,48,155493,2043,0.179074
739,2026-09-20T22:26:50.479Z,galaxies,gpt-6-astra,high,158888,155264,0,409,22,159297,3624,0.211954
740,2026-09-20T22:27:34.407Z,galaxies,gpt-6-astra,high,160222,158720,0,1367,641,161589,1502,0.24209
741,2026-09-20T22:27:44.142Z,galaxies,gpt-6-astra,high,161646,160000,0,227,50,161873,1646,0.18781
742,2026-09-20T22:27:58.814Z,galaxies,gpt-6-astra,high,162438,161408,0,400,79,162838,1030,0.191708
743,2026-09-20T22:28:10.188Z,galaxies,gpt-6-astra,high,162930,162304,0,233,37,163163,626,0.180214
744,2026-09-20T22:28:51.637Z,galaxies,gpt-6-astra,high,163565,162688,0,1304,487,164869,877,0.236658
745,2026-09-20T22:29:26.211Z,galaxies,gpt-6-astra,high,164961,163328,0,961,821,165922,1633,0.227708
746,2026-09-20T22:30:09.889Z,galaxies,gpt-6-astra,high,169262,164736,0,1375,311,170637,4526,0.278746
747,2026-09-20T22:30:27.439Z,galaxies,gpt-6-astra,high,170826,168704,0,390,267,171216,2122,0.209424
748,2026-09-20T22:31:21.496Z,galaxies,gpt-6-astra,high,171520,170752,0,1691,1461,173211,768,0.262982
749,2026-09-20T22:31:37.826Z,galaxies,gpt-6-astra,high,173392,171392,0,379,44,173771,2000,0.210342
750,2026-09-20T22:31:58.430Z,galaxies,gpt-6-astra,high,173895,173312,0,413,206,174308,583,0.199792
751,2026-09-20T22:32:14.015Z,galaxies,gpt-6-astra,high,174514,173824,0,367,11,174881,690,0.199074
752,2026-09-20T22:33:13.770Z,galaxies,gpt-6-astra,high,175333,174464,0,1664,1524,176997,869,0.266354
753,2026-09-20T22:33:48.771Z,galaxies,gpt-6-astra,high,179703,175232,0,895,732,180598,4471,0.264692
754,2026-09-20T22:35:15.614Z,galaxies,gpt-6-astra,high,182018,179584,0,2750,989,184768,2434,0.341424
755,2026-09-20T22:35:40.938Z,galaxies,gpt-6-astra,high,185044,181888,0,724,441,185768,3156,0.249648
756,2026-09-20T22:35:49.391Z,galaxies,gpt-6-astra,high,186199,184960,0,198,52,186397,1239,0.20725
757,2026-09-20T22:36:12.854Z,galaxies,gpt-6-astra,high,187133,186112,0,708,110,187841,1021,0.231722
758,2026-09-20T22:36:25.870Z,galaxies,gpt-6-astra,high,188284,187008,0,317,135,188601,1276,0.215618
759,2026-09-20T22:36:37.658Z,galaxies,gpt-6-astra,high,189753,188160,0,313,68,190066,1593,0.21974
760,2026-09-20T22:36:54.804Z,galaxies,gpt-6-astra,high,190225,189696,0,349,146,190574,529,0.212436
761,2026-09-20T22:37:03.369Z,galaxies,gpt-6-astra,high,190947,190080,0,202,68,191149,867,0.20885
762,2026-09-20T22:37:08.567Z,galaxies,gpt-6-astra,high,191278,190848,0,53,0,191331,430,0.197798
763,2026-09-20T22:37:45.517Z,galaxies,gpt-6-astra,high,193025,191232,0,1063,223,194088,1793,0.262312
764,2026-09-20T22:37:59.912Z,galaxies,gpt-6-astra,high,194549,192896,0,344,169,194893,1653,0.226626
765,2026-09-20T22:38:16.187Z,galaxies,gpt-6-astra,high,195077,194432,0,355,166,195432,645,0.218632
766,2026-09-20T22:38:52.779Z,galaxies,gpt-6-astra,high,195573,194944,0,1141,835,196714,629,0.258284
767,2026-09-20T22:39:14.721Z,galaxies,gpt-6-astra,high,196938,195456,0,592,317,197530,1482,0.239876
768,2026-09-20T22:40:08.667Z,galaxies,gpt-6-astra,high,197708,196864,0,1625,1454,199333,844,0.286554
769,2026-09-20T22:41:00.915Z,galaxies,gpt-6-astra,high,199488,197632,0,1653,645,201141,1856,0.298842
770,2026-09-20T22:41:10.172Z,galaxies,gpt-6-astra,high,201530,199424,0,221,18,201751,2106,0.231534
771,2026-09-20T22:42:15.423Z,galaxies,gpt-6-astra,high,203727,201472,0,2064,1034,205791,2255,0.327222
772,2026-09-20T22:42:50.376Z,galaxies,gpt-6-astra,high,205853,203392,0,974,792,206827,2461,0.276702
773,2026-09-20T22:43:47.051Z,galaxies,gpt-6-astra,high,207070,205824,0,1787,516,208857,1246,0.307634
774,2026-09-20T22:43:55.400Z,galaxies,gpt-6-astra,high,208941,206976,0,153,53,209094,1965,0.234276
775,2026-09-20T22:44:02.768Z,galaxies,gpt-6-astra,high,210666,208896,0,146,0,210812,1770,0.233896
776,2026-09-20T22:44:56.399Z,galaxies,gpt-6-astra,high,213340,210560,0,1635,1552,214975,2780,0.32011
777,2026-09-20T22:47:09.587Z,galaxies,gpt-6-astra,high,218298,213248,0,4351,516,222649,5050,0.481298
778,2026-09-20T22:47:44.421Z,galaxies,gpt-6-astra,high,222708,218240,0,1041,820,223749,4468,0.31497
779,2026-09-20T22:48:18.899Z,galaxies,gpt-6-astra,high,225541,222592,0,995,75,226536,2949,0.301832
780,2026-09-20T22:49:00.314Z,galaxies,gpt-6-astra,high,226728,140800,0,667,516,227395,85928,1.03343
781,2026-09-20T22:49:12.633Z,galaxies,gpt-6-astra,high,227652,226688,0,290,97,227942,964,0.250828
782,2026-09-20T22:49:22.365Z,galaxies,gpt-6-astra,high,229281,227584,0,254,170,229535,1697,0.257254
783,2026-09-20T22:50:43.159Z,galaxies,gpt-6-astra,high,231683,229120,0,2595,1314,234278,2563,0.3845
784,2026-09-20T22:50:57.585Z,galaxies,gpt-6-astra,high,234342,231552,0,343,228,234685,2790,0.276602
785,2026-09-20T22:53:28.730Z,galaxies,gpt-6-astra,high,234846,234240,0,4947,3003,239793,606,0.48765
786,2026-09-20T22:54:09.550Z,galaxies,gpt-6-astra,high,239849,234752,0,1133,1020,240982,5097,0.342372
787,2026-09-20T22:56:19.915Z,galaxies,gpt-6-astra,high,241729,239744,0,4228,1767,245957,1985,0.470994
788,2026-09-20T22:59:44.348Z,galaxies,gpt-6-astra,high,246031,241536,0,6667,0,252698,4495,0.619836
789,2026-09-20T22:59:49.013Z,galaxies,gpt-6-astra,high,29732,22784,0,96,0,29828,6948,0.097064
790,2026-09-20T22:59:57.109Z,galaxies,gpt-6-astra,high,31208,29568,0,221,15,31429,1640,0.057018
791,2026-09-20T23:00:05.613Z,galaxies,gpt-6-astra,high,40619,30976,0,211,15,40830,9643,0.137956
792,2026-09-20T23:00:17.810Z,galaxies,gpt-6-astra,high,47032,40448,0,302,30,47334,6584,0.121388
793,2026-09-20T23:00:29.652Z,galaxies,gpt-6-astra,high,53848,46848,0,288,38,54136,7000,0.131248
794,2026-09-20T23:00:40.964Z,galaxies,gpt-6-astra,high,55405,53632,0,313,17,55718,1773,0.087012
795,2026-09-20T23:00:49.670Z,galaxies,gpt-6-astra,high,59651,55168,0,196,74,59847,4483,0.109798
796,2026-09-20T23:01:15.274Z,galaxies,gpt-6-astra,high,65834,59520,0,704,83,66538,6314,0.15786
797,2026-09-20T23:01:23.564Z,galaxies,gpt-6-astra,high,67471,65536,0,166,35,67637,1935,0.093186
798,2026-09-20T23:01:36.020Z,galaxies,gpt-6-astra,high,67868,67328,0,348,83,68216,540,0.090128
799,2026-09-20T23:02:10.906Z,galaxies,gpt-6-astra,high,70986,67712,0,989,212,71975,3274,0.149902
800,2026-09-20T23:02:25.668Z,galaxies,gpt-6-astra,high,72246,70912,0,208,25,72454,1334,0.094652
801,2026-09-20T23:02:50.546Z,galaxies,gpt-6-astra,high,73237,72064,0,702,69,73939,1173,0.118894
802,2026-09-20T23:03:11.383Z,galaxies,gpt-6-astra,high,76370,73088,0,383,45,76753,3282,0.125058
803,2026-09-20T23:03:19.168Z,galaxies,gpt-6-astra,high,77563,76288,0,168,52,77731,1275,0.097438
804,2026-09-20T23:03:33.382Z,galaxies,gpt-6-astra,high,80803,77440,0,260,10,81063,3363,0.12407
805,2026-09-20T23:03:48.422Z,galaxies,gpt-6-astra,high,82414,80640,0,405,181,82819,1774,0.11863
806,2026-09-20T23:03:59.633Z,galaxies,gpt-6-astra,high,85983,82304,0,242,75,86225,3679,0.131194
807,2026-09-20T23:04:09.530Z,galaxies,gpt-6-astra,high,88872,85888,0,255,44,89127,2984,0.128478
808,2026-09-20T23:04:47.349Z,galaxies,gpt-6-astra,high,89754,88704,0,1177,162,90931,1050,0.158054
809,2026-09-20T23:05:02.075Z,galaxies,gpt-6-astra,high,91008,89600,0,318,31,91326,1408,0.11958
810,2026-09-20T23:05:11.975Z,galaxies,gpt-6-astra,high,91953,90880,0,224,0,92177,1073,0.11281
811,2026-09-20T23:05:45.510Z,galaxies,gpt-6-astra,high,92320,91776,0,939,266,93259,544,0.144166
812,2026-09-20T23:06:04.529Z,galaxies,gpt-6-astra,high,93429,92160,0,531,258,93960,1269,0.1314
813,2026-09-20T23:06:11.344Z,galaxies,gpt-6-astra,high,97181,93312,0,95,22,97276,3869,0.136752
814,2026-09-20T23:06:26.616Z,galaxies,gpt-6-astra,high,97691,96512,0,420,77,98111,1179,0.129302
815,2026-09-20T23:06:47.595Z,galaxies,gpt-6-astra,high,98256,97536,0,597,332,98853,720,0.134586
816,2026-09-20T23:07:00.811Z,galaxies,gpt-6-astra,high,99099,98176,0,181,45,99280,923,0.116456
817,2026-09-20T23:07:06.709Z,galaxies,gpt-6-astra,high,99539,98944,0,122,9,99661,595,0.110994
818,2026-09-20T23:07:11.946Z,galaxies,gpt-6-astra,high,100113,99456,0,86,0,100199,657,0.110326
819,2026-09-20T23:07:17.827Z,galaxies,gpt-6-astra,high,101527,99968,0,96,15,101623,1559,0.120358
820,2026-09-20T23:08:07.295Z,galaxies,gpt-6-astra,high,102059,101376,0,1523,484,103582,683,0.184356
821,2026-09-20T23:08:14.208Z,galaxies,gpt-6-astra,high,103638,101888,0,117,17,103755,1750,0.125238
822,2026-09-20T23:08:45.012Z,galaxies,gpt-6-astra,high,104797,46848,0,324,0,105121,57949,0.642538
823,2026-09-20T23:09:28.969Z,galaxies,gpt-6-astra,high,105274,104704,0,1223,261,106497,570,0.171554
824,2026-09-20T23:09:46.557Z,galaxies,gpt-6-astra,high,106948,105216,0,513,117,107461,1732,0.148186
825,2026-09-20T23:10:03.205Z,galaxies,gpt-6-astra,high,110958,106880,0,323,160,111281,4078,0.16381
826,2026-09-20T23:10:32.319Z,galaxies,gpt-6-astra,high,111580,110336,0,659,513,112239,1244,0.155726
827,2026-09-20T23:10:47.693Z,galaxies,gpt-6-astra,high,112381,111488,0,419,13,112800,893,0.141368
828,2026-09-20T23:11:26.946Z,galaxies,gpt-6-astra,high,113385,112256,0,807,614,114192,1129,0.163896
829,2026-09-20T23:12:04.900Z,galaxies,gpt-6-astra,high,114816,113280,0,1052,36,115868,1536,0.18124
830,2026-09-20T23:12:27.644Z,galaxies,gpt-6-astra,high,115960,114688,0,418,203,116378,1272,0.148308
831,2026-09-20T23:13:43.281Z,galaxies,gpt-6-astra,high,116545,115840,0,1853,516,118398,705,0.21554
832,2026-09-20T23:14:02.111Z,galaxies,gpt-6-astra,high,118513,116480,0,515,358,119028,2033,0.16256
833,2026-09-20T23:14:42.714Z,galaxies,gpt-6-astra,high,119846,118400,0,852,492,120698,1446,0.17546
834,2026-09-20T23:14:56.978Z,galaxies,gpt-6-astra,high,121257,119680,0,329,264,121586,1577,0.1519
835,2026-09-20T23:15:21.482Z,galaxies,gpt-6-astra,high,124734,121088,0,527,104,125261,3646,0.183898
836,2026-09-20T23:15:48.240Z,galaxies,gpt-6-astra,high,125352,124672,0,500,275,125852,680,0.156472
837,2026-09-20T23:16:23.943Z,galaxies,gpt-6-astra,high,126127,125184,0,480,138,126607,943,0.158614
838,2026-09-20T23:17:04.671Z,galaxies,gpt-6-astra,high,126701,126080,0,766,285,127467,621,0.17059
839,2026-09-20T23:17:34.537Z,galaxies,gpt-6-astra,high,128615,126592,0,544,262,129159,2023,0.174022
840,2026-09-20T23:18:11.608Z,galaxies,gpt-6-astra,high,131013,128512,0,618,516,131631,2501,0.184422
841,2026-09-20T23:18:33.625Z,galaxies,gpt-6-astra,high,132107,130944,0,279,15,132386,1163,0.156524
842,2026-09-20T23:18:52.101Z,galaxies,gpt-6-astra,high,132730,131968,0,366,133,133096,762,0.157888
843,2026-09-20T23:19:58.608Z,galaxies,gpt-6-astra,high,133364,132608,0,1198,432,134562,756,0.200068
844,2026-09-20T23:20:16.696Z,galaxies,gpt-6-astra,high,134887,133248,0,246,13,135133,1639,0.161938
845,2026-09-20T23:20:30.528Z,galaxies,gpt-6-astra,high,135511,134784,0,173,40,135684,727,0.150704
846,2026-09-20T23:20:59.223Z,galaxies,gpt-6-astra,high,137554,135424,0,646,429,138200,2130,0.189024
847,2026-09-20T23:21:11.523Z,galaxies,gpt-6-astra,high,138569,137344,0,281,183,138850,1225,0.163644
848,2026-09-20T23:22:07.414Z,galaxies,gpt-6-astra,high,141575,138368,0,992,233,142567,3207,0.220038
849,2026-09-20T23:22:29.099Z,galaxies,gpt-6-astra,high,142707,141440,0,193,17,142900,1267,0.16376
850,2026-09-20T23:22:44.394Z,galaxies,gpt-6-astra,high,143316,142592,0,261,35,143577,724,0.162882
851,2026-09-20T23:23:40.145Z,galaxies,gpt-6-astra,high,143721,143104,0,1111,854,144832,617,0.204824
852,2026-09-20T23:24:10.034Z,galaxies,gpt-6-astra,high,145448,143616,0,717,658,146165,1832,0.197786
853,2026-09-20T23:25:04.903Z,galaxies,gpt-6-astra,high,148737,145280,0,1704,516,150441,3457,0.26505
854,2026-09-20T23:25:20.056Z,galaxies,gpt-6-astra,high,150497,148608,0,336,126,150833,1889,0.184298
855,2026-09-20T23:25:53.318Z,galaxies,gpt-6-astra,high,151108,150400,0,855,586,151963,708,0.20023
856,2026-09-20T23:26:23.260Z,galaxies,gpt-6-astra,high,152392,150912,0,698,516,153090,1480,0.200612
857,2026-09-20T23:27:50.422Z,galaxies,gpt-6-astra,high,153376,152192,0,1942,72,155318,1184,0.261132
858,2026-09-20T23:28:20.976Z,galaxies,gpt-6-astra,high,155379,153216,0,449,277,155828,2163,0.197296
859,2026-09-20T23:28:49.580Z,galaxies,gpt-6-astra,high,156191,155264,0,472,451,156663,927,0.188134
860,2026-09-20T23:29:29.296Z,galaxies,gpt-6-astra,high,156686,156032,0,89,0,156775,654,0.167022
861,2026-09-20T23:30:59.136Z,galaxies,gpt-6-astra,high,156976,156544,0,2027,509,159003,432,0.262214
862,2026-09-20T23:31:08.575Z,galaxies,gpt-6-astra,high,159175,156800,0,76,27,159251,2375,0.18435
863,2026-09-20T23:31:34.221Z,galaxies,gpt-6-astra,high,159356,158976,0,339,219,159695,380,0.179726
864,2026-09-20T23:31:54.704Z,galaxies,gpt-6-astra,high,161267,159232,0,149,0,161416,2035,0.187032
865,2026-09-20T23:32:19.001Z,galaxies,gpt-6-astra,high,164942,161152,0,635,516,165577,3790,0.230802
866,2026-09-20T23:32:40.951Z,galaxies,gpt-6-astra,high,167563,164736,0,407,331,167970,2827,0.213356
867,2026-09-20T23:33:01.093Z,galaxies,gpt-6-astra,high,173218,167424,0,399,260,173617,5794,0.245314
868,2026-09-20T23:33:30.415Z,galaxies,gpt-6-astra,high,174017,173056,0,682,516,174699,961,0.216766
869,2026-09-20T23:34:10.071Z,galaxies,gpt-6-astra,high,175004,173824,0,1111,0,176115,1180,0.241174
870,2026-09-20T23:34:23.315Z,galaxies,gpt-6-astra,high,176274,174848,0,300,161,176574,1426,0.204108
871,2026-09-20T23:34:48.292Z,galaxies,gpt-6-astra,high,176721,176128,0,624,202,177345,593,0.213258
872,2026-09-20T23:35:29.865Z,galaxies,gpt-6-astra,high,177419,176512,0,865,793,178284,907,0.228832
873,2026-09-20T23:36:31.499Z,galaxies,gpt-6-astra,high,179588,177280,0,1887,195,181475,2308,0.29471
874,2026-09-20T23:38:45.226Z,galaxies,gpt-6-astra,high,181538,179456,0,3622,1456,185160,2082,0.381376
875,2026-09-20T23:39:43.946Z,galaxies,gpt-6-astra,high,185218,181376,0,972,418,186190,3842,0.268396
876,2026-09-20T23:40:45.489Z,galaxies,gpt-6-astra,high,186345,185088,0,890,583,187235,1257,0.242158
877,2026-09-20T23:41:49.150Z,galaxies,gpt-6-astra,high,190707,186240,0,1193,688,191900,4467,0.29056
878,2026-09-20T23:43:52.183Z,galaxies,gpt-6-astra,high,191958,190592,0,1908,1552,193866,1366,0.299652
879,2026-09-20T23:46:37.593Z,galaxies,gpt-6-astra,high,193977,191744,0,2864,1720,196841,2233,0.357274
880,2026-09-20T23:48:55.975Z,galaxies,gpt-6-astra,high,197062,193792,0,2326,2030,199388,3270,0.342792
881,2026-09-20T23:50:21.401Z,galaxies,gpt-6-astra,high,199970,196864,0,1752,920,201722,3106,0.315524
882,2026-09-20T23:51:46.677Z,galaxies,gpt-6-astra,high,201869,199808,0,1696,1596,203565,2061,0.305218
883,2026-09-20T23:52:02.588Z,galaxies,gpt-6-astra,high,203773,201728,0,318,0,204091,2045,0.238078
884,2026-09-20T23:52:38.424Z,galaxies,gpt-6-astra,high,204188,203648,0,805,587,204993,540,0.249298
885,2026-09-20T23:52:54.359Z,galaxies,gpt-6-astra,high,205305,204032,0,284,17,205589,1273,0.230962
886,2026-09-20T23:53:04.895Z,galaxies,gpt-6-astra,high,205939,205184,0,152,131,206091,755,0.220334
887,2026-09-20T23:54:01.628Z,galaxies,gpt-6-astra,high,206114,205824,0,172,0,206286,290,0.217324
888,2026-09-20T23:54:14.310Z,galaxies,gpt-6-astra,high,206485,205952,0,229,0,206714,533,0.222732
889,2026-09-20T23:55:12.832Z,galaxies,gpt-6-astra,high,206862,206336,0,1647,1458,208509,526,0.293946
890,2026-09-20T23:55:35.238Z,galaxies,gpt-6-astra,high,209124,206720,0,593,509,209717,2404,0.26041
891,2026-09-20T23:55:42.911Z,galaxies,gpt-6-astra,high,212559,209024,0,112,58,212671,3535,0.249974
892,2026-09-20T23:56:58.651Z,galaxies,gpt-6-astra,high,214213,212352,0,2378,2252,216591,1861,0.349862
893,2026-09-20T23:57:09.770Z,galaxies,gpt-6-astra,high,216739,214016,0,254,168,216993,2723,0.253946
894,2026-09-20T23:57:59.147Z,galaxies,gpt-6-astra,high,217016,216576,0,77,0,217093,440,0.224826
895,2026-09-20T23:58:56.160Z,galaxies,gpt-6-astra,high,217396,216832,0,1643,1387,219039,564,0.304622
896,2026-09-20T23:59:24.955Z,galaxies,gpt-6-astra,high,219147,217216,0,803,715,219950,1931,0.276676
897,2026-09-21T00:00:24.029Z,galaxies,gpt-6-astra,high,220072,219008,0,141,0,220213,1064,0.236698
898,2026-09-21T00:01:30.780Z,galaxies,gpt-6-astra,high,220381,219904,0,1974,516,222355,477,0.323374
899,2026-09-21T00:01:51.462Z,galaxies,gpt-6-astra,high,222413,220160,0,477,385,222890,2253,0.26654
900,2026-09-21T00:01:57.656Z,galaxies,gpt-6-astra,high,223202,222208,0,95,0,223297,994,0.236898
901,2026-09-21T00:02:11.276Z,galaxies,gpt-6-astra,high,223358,223104,0,169,0,223527,254,0.234094
902,2026-09-21T00:05:36.932Z,galaxies,gpt-6-astra,high,231017,135552,0,6481,0,237498,95465,1.414252
903,2026-09-21T00:05:43.255Z,galaxies,gpt-6-astra,high,29601,12160,0,61,0,29662,17441,0.18962
904,2026-09-21T00:05:52.420Z,galaxies,gpt-6-astra,high,36664,29440,0,217,11,36881,7224,0.11253
905,2026-09-21T00:06:05.720Z,galaxies,gpt-6-astra,high,45676,36480,0,388,208,46064,9196,0.14784
906,2026-09-21T00:06:10.930Z,galaxies,gpt-6-astra,high,46121,45440,0,89,0,46210,681,0.0567
907,2026-09-21T00:07:30.893Z,galaxies,gpt-6-astra,high,48923,45952,0,2490,12,51413,2971,0.200162
908,2026-09-21T00:08:38.156Z,galaxies,gpt-6-astra,high,51470,48768,0,2169,12,53639,2702,0.184238
909,2026-09-21T00:08:55.880Z,galaxies,gpt-6-astra,high,53728,51328,0,376,49,54104,2400,0.094128
910,2026-09-21T00:09:04.646Z,galaxies,gpt-6-astra,high,55366,53504,0,181,0,55547,1862,0.081174
911,2026-09-21T00:09:22.039Z,galaxies,gpt-6-astra,high,56193,55168,0,321,18,56514,1025,0.081468
912,2026-09-21T00:09:40.003Z,galaxies,gpt-6-astra,high,56898,56064,0,533,39,57431,834,0.091054
913,2026-09-21T00:09:54.591Z,galaxies,gpt-6-astra,high,59492,56832,0,392,19,59884,2660,0.103032
914,2026-09-21T00:10:06.786Z,galaxies,gpt-6-astra,high,60066,59392,0,243,59,60309,674,0.078282
915,2026-09-21T00:10:17.220Z,galaxies,gpt-6-astra,high,60785,59904,0,289,52,61074,881,0.083164
916,2026-09-21T00:10:34.249Z,galaxies,gpt-6-astra,high,61736,60672,0,181,30,61917,1064,0.080362
917,2026-09-21T00:10:43.489Z,galaxies,gpt-6-astra,high,62124,61568,0,199,69,62323,556,0.077078
918,2026-09-21T00:10:50.386Z,galaxies,gpt-6-astra,high,63465,61952,0,160,34,63625,1513,0.085082
919,2026-09-21T00:11:07.847Z,galaxies,gpt-6-astra,high,63781,63360,0,255,41,64036,421,0.08032
920,2026-09-21T00:11:13.586Z,galaxies,gpt-6-astra,high,64143,63616,0,101,12,64244,527,0.073936
921,2026-09-21T00:11:23.407Z,galaxies,gpt-6-astra,high,64956,64000,0,73,52,65029,956,0.07721
922,2026-09-21T00:11:59.048Z,galaxies,gpt-6-astra,high,65052,64896,0,139,0,65191,156,0.073406
923,2026-09-21T00:12:06.078Z,galaxies,gpt-6-astra,high,65328,64896,0,159,0,65487,432,0.077166
924,2026-09-21T00:12:16.831Z,galaxies,gpt-6-astra,high,65653,65152,0,254,49,65907,501,0.082862
925,2026-09-21T00:12:25.997Z,galaxies,gpt-6-astra,high,66274,65536,0,160,45,66434,738,0.080916
926,2026-09-21T00:12:30.961Z,galaxies,gpt-6-astra,high,67049,66176,0,52,31,67101,873,0.077506
927,2026-09-21T00:13:07.691Z,galaxies,gpt-6-astra,high,67124,66944,0,179,0,67303,180,0.077694
928,2026-09-21T00:13:17.001Z,galaxies,gpt-6-astra,high,67492,66944,0,224,0,67716,548,0.083624
929,2026-09-21T00:13:27.023Z,galaxies,gpt-6-astra,high,67863,67328,0,241,32,68104,535,0.084728
930,2026-09-21T00:13:34.419Z,galaxies,gpt-6-astra,high,68229,67712,0,124,39,68353,517,0.079082
931,2026-09-21T00:13:38.368Z,galaxies,gpt-6-astra,high,68787,68096,0,77,56,68864,691,0.078856
932,2026-09-21T00:14:14.347Z,galaxies,gpt-6-astra,high,68887,68608,0,134,0,69021,279,0.078098
933,2026-09-21T00:14:23.239Z,galaxies,gpt-6-astra,high,69167,68736,0,214,65,69381,431,0.083746
934,2026-09-21T00:14:33.517Z,galaxies,gpt-6-astra,high,71750,68992,0,194,60,71944,2758,0.106272
935,2026-09-21T00:14:44.488Z,galaxies,gpt-6-astra,high,72075,71680,0,229,57,72304,395,0.08708
936,2026-09-21T00:14:57.111Z,galaxies,gpt-6-astra,high,76108,71936,0,283,130,76391,4172,0.127806
937,2026-09-21T00:15:01.654Z,galaxies,gpt-6-astra,high,76775,76032,0,70,49,76845,743,0.086962
938,2026-09-21T00:15:39.397Z,galaxies,gpt-6-astra,high,76868,76672,0,180,55,77048,196,0.087632
939,2026-09-21T00:16:05.995Z,galaxies,gpt-6-astra,high,77281,76800,0,716,17,77997,481,0.11741
940,2026-09-21T00:16:22.102Z,galaxies,gpt-6-astra,high,78382,77184,0,213,44,78595,1198,0.099814
941,2026-09-21T00:16:28.218Z,galaxies,gpt-6-astra,high,78998,78336,0,71,50,79069,662,0.088506
942,2026-09-21T00:17:22.954Z,galaxies,gpt-6-astra,high,79092,78848,0,100,0,79192,244,0.086288
943,2026-09-21T00:17:32.190Z,galaxies,gpt-6-astra,high,79428,78976,0,227,82,79655,452,0.094846
944,2026-09-21T00:17:37.854Z,galaxies,gpt-6-astra,high,81046,79360,0,113,92,81159,1686,0.10187
945,2026-09-21T00:18:27.430Z,galaxies,gpt-6-astra,high,81182,81024,0,75,0,81257,158,0.086354
946,2026-09-21T00:18:39.961Z,galaxies,gpt-6-astra,high,81393,81152,0,131,60,81524,241,0.090112
947,2026-09-21T00:19:31.050Z,galaxies,gpt-6-astra,high,81547,81280,0,64,0,81611,267,0.08715
948,2026-09-21T00:19:36.863Z,galaxies,gpt-6-astra,high,81750,81536,0,113,92,81863,214,0.089326
949,2026-09-21T00:20:28.696Z,galaxies,gpt-6-astra,high,81886,81664,0,39,0,81925,222,0.085834
950,2026-09-21T00:20:59.209Z,galaxies,gpt-6-astra,high,82034,81792,0,961,17,82995,242,0.132262
951,2026-09-21T00:21:04.139Z,galaxies,gpt-6-astra,high,83095,81920,0,68,27,83163,1175,0.09707
952,2026-09-21T00:21:11.798Z,galaxies,gpt-6-astra,high,83249,83072,0,80,0,83329,177,0.088842
953,2026-09-21T00:21:24.080Z,galaxies,gpt-6-astra,high,84901,83200,0,243,0,85144,1701,0.11236
954,2026-09-21T00:21:38.918Z,galaxies,gpt-6-astra,high,94493,84864,0,334,36,94827,9629,0.197854
955,2026-09-21T00:21:47.786Z,galaxies,gpt-6-astra,high,105354,94464,0,218,162,105572,10890,0.214264
956,2026-09-21T00:21:58.229Z,galaxies,gpt-6-astra,high,109176,105344,0,247,86,109423,3832,0.156014
957,2026-09-21T00:22:17.138Z,galaxies,gpt-6-astra,high,111013,109056,0,557,215,111570,1957,0.156476
958,2026-09-21T00:23:17.961Z,galaxies,gpt-6-astra,high,113977,110976,0,1895,49,115872,3001,0.235736
959,2026-09-21T00:23:55.551Z,galaxies,gpt-6-astra,high,115931,113920,0,1113,61,117044,2011,0.18968
960,2026-09-21T00:24:08.502Z,galaxies,gpt-6-astra,high,117126,115840,0,346,37,117472,1286,0.146
961,2026-09-21T00:24:50.657Z,galaxies,gpt-6-astra,high,121101,117120,0,1233,95,122334,3981,0.21858
962,2026-09-21T00:25:02.303Z,galaxies,gpt-6-astra,high,122424,120576,0,261,103,122685,1848,0.152106
963,2026-09-21T00:25:09.089Z,galaxies,gpt-6-astra,high,123088,122240,0,111,12,123199,848,0.13627
964,2026-09-21T00:25:26.610Z,galaxies,gpt-6-astra,high,123883,122880,0,377,53,124260,1003,0.15176
965,2026-09-21T00:25:44.005Z,galaxies,gpt-6-astra,high,125356,123648,0,459,94,125815,1708,0.163678
966,2026-09-21T00:26:09.245Z,galaxies,gpt-6-astra,high,126095,125184,0,694,265,126789,911,0.168994
967,2026-09-21T00:26:18.110Z,galaxies,gpt-6-astra,high,126952,125952,0,179,77,127131,1000,0.144902
968,2026-09-21T00:26:28.838Z,galaxies,gpt-6-astra,high,128069,126720,0,272,123,128341,1349,0.15381
969,2026-09-21T00:26:55.200Z,galaxies,gpt-6-astra,high,128911,127872,0,787,88,129698,1039,0.177612
970,2026-09-21T00:27:02.607Z,galaxies,gpt-6-astra,high,129776,128768,0,136,34,129912,1008,0.145648
971,2026-09-21T00:27:26.027Z,galaxies,gpt-6-astra,high,130814,129536,0,532,313,131346,1278,0.168916
972,2026-09-21T00:27:36.272Z,galaxies,gpt-6-astra,high,131468,130688,0,233,114,131701,780,0.150138
973,2026-09-21T00:27:50.443Z,galaxies,gpt-6-astra,high,131987,131328,0,391,216,132378,659,0.157468
974,2026-09-21T00:27:59.567Z,galaxies,gpt-6-astra,high,132971,131840,0,64,43,133035,1131,0.14635
975,2026-09-21T00:28:37.308Z,galaxies,gpt-6-astra,high,133058,132736,0,91,0,133149,322,0.140506
976,2026-09-21T00:28:45.349Z,galaxies,gpt-6-astra,high,133511,132864,0,184,0,133695,647,0.148534
977,2026-09-21T00:29:16.602Z,galaxies,gpt-6-astra,high,133789,133376,0,899,330,134688,413,0.182456
978,2026-09-21T00:29:29.102Z,galaxies,gpt-6-astra,high,135250,133632,0,290,269,135540,1618,0.164312
979,2026-09-21T00:30:06.386Z,galaxies,gpt-6-astra,high,135563,135040,0,176,0,135739,523,0.14907
980,2026-09-21T00:30:27.644Z,galaxies,gpt-6-astra,high,135999,135424,0,294,273,136293,575,0.155874
981,2026-09-21T00:31:07.094Z,galaxies,gpt-6-astra,high,136316,135808,0,222,0,136538,508,0.151988
982,2026-09-21T00:31:18.222Z,galaxies,gpt-6-astra,high,136729,136192,0,222,0,136951,537,0.152662
983,2026-09-21T00:31:34.767Z,galaxies,gpt-6-astra,high,137095,136576,0,445,318,137540,519,0.164016
984,2026-09-21T00:31:44.940Z,galaxies,gpt-6-astra,high,137732,136960,0,230,129,137962,772,0.15618
985,2026-09-21T00:31:55.462Z,galaxies,gpt-6-astra,high,141991,137600,0,210,116,142201,4391,0.19201
986,2026-09-21T00:32:15.897Z,galaxies,gpt-6-astra,high,144144,141824,0,609,381,144753,2320,0.195474
987,2026-09-21T00:32:28.502Z,galaxies,gpt-6-astra,high,144874,144000,0,237,162,145111,874,0.16459
988,2026-09-21T00:33:17.981Z,galaxies,gpt-6-astra,high,145134,144640,0,60,0,145194,494,0.15258
989,2026-09-21T00:33:32.105Z,galaxies,gpt-6-astra,high,145385,144896,0,386,251,145771,489,0.169086
990,2026-09-21T00:34:15.358Z,galaxies,gpt-6-astra,high,146074,145152,0,1339,355,147413,922,0.221322
991,2026-09-21T00:34:30.280Z,galaxies,gpt-6-astra,high,147471,145920,0,337,263,147808,1551,0.17828
992,2026-09-21T00:34:48.037Z,galaxies,gpt-6-astra,high,147982,147328,0,331,310,148313,654,0.170418
993,2026-09-21T00:35:37.835Z,galaxies,gpt-6-astra,high,148336,147840,0,63,0,148399,496,0.15595
994,2026-09-21T00:36:05.155Z,galaxies,gpt-6-astra,high,148539,148096,0,796,301,149335,443,0.192326
995,2026-09-21T00:36:14.567Z,galaxies,gpt-6-astra,high,149490,148352,0,153,132,149643,1138,0.167382
996,2026-09-21T00:37:03.838Z,galaxies,gpt-6-astra,high,149666,149248,0,74,0,149740,418,0.157128
997,2026-09-21T00:37:24.157Z,galaxies,gpt-6-astra,high,149900,149504,0,552,474,150452,396,0.181064
998,2026-09-21T00:38:16.286Z,galaxies,gpt-6-astra,high,150475,149760,0,127,0,150602,715,0.16326
999,2026-09-21T00:39:03.936Z,galaxies,gpt-6-astra,high,150758,150272,0,1508,176,152266,486,0.230532
1000,2026-09-21T00:39:10.336Z,galaxies,gpt-6-astra,high,152374,150528,0,39,0,152413,1846,0.170938
1001,2026-09-21T00:39:15.921Z,galaxies,gpt-6-astra,high,152499,152192,0,81,0,152580,307,0.159312
1002,2026-09-21T00:39:34.396Z,galaxies,gpt-6-astra,high,154152,152320,0,424,87,154576,1832,0.19184
1003,2026-09-21T00:40:27.104Z,galaxies,gpt-6-astra,high,163428,153984,0,1534,1452,164962,9444,0.325124
1004,2026-09-21T00:41:24.320Z,galaxies,gpt-6-astra,high,166563,163200,0,1639,1551,168202,3363,0.27878
1005,2026-09-21T00:41:56.637Z,galaxies,gpt-6-astra,high,169117,166400,0,938,750,170055,2717,0.24047
1006,2026-09-21T00:43:58.323Z,galaxies,gpt-6-astra,high,170406,168960,0,3918,1136,174324,1446,0.37932
1007,2026-09-21T00:44:11.906Z,galaxies,gpt-6-astra,high,174387,170240,0,291,205,174678,4147,0.22626
1008,2026-09-21T00:45:27.741Z,galaxies,gpt-6-astra,high,174948,174208,0,2444,516,177392,740,0.303808
1009,2026-09-21T00:45:59.486Z,galaxies,gpt-6-astra,high,177468,174720,0,798,699,178266,2748,0.2421
1010,2026-09-21T00:46:38.404Z,galaxies,gpt-6-astra,high,181827,177280,0,1030,961,182857,4547,0.27425
1011,2026-09-21T00:46:51.699Z,galaxies,gpt-6-astra,high,182991,181632,0,338,256,183329,1359,0.212122
1012,2026-09-21T00:49:02.250Z,galaxies,gpt-6-astra,high,186090,59904,0,2382,0,188472,126186,1.440864
1013,2026-09-21T00:49:40.006Z,galaxies,gpt-6-astra,high,188530,185856,0,999,887,189529,2674,0.262546
1014,2026-09-21T00:50:17.292Z,galaxies,gpt-6-astra,high,190079,188288,0,986,92,191065,1791,0.255498
1015,2026-09-21T00:50:38.965Z,galaxies,gpt-6-astra,high,191196,189952,0,443,354,191639,1244,0.224542
1016,2026-09-21T00:50:49.877Z,galaxies,gpt-6-astra,high,191860,190976,0,234,0,192094,884,0.211516
1017,2026-09-21T00:51:23.449Z,galaxies,gpt-6-astra,high,192414,191616,0,841,734,193255,798,0.241646
1018,2026-09-21T00:51:35.131Z,galaxies,gpt-6-astra,high,193388,192256,0,220,37,193608,1132,0.214576
1019,2026-09-21T00:51:39.699Z,galaxies,gpt-6-astra,high,193926,193152,0,53,32,193979,774,0.203542
1020,2026-09-21T00:52:30.021Z,galaxies,gpt-6-astra,high,194002,193792,0,82,0,194084,210,0.199992
1021,2026-09-21T00:53:00.156Z,galaxies,gpt-6-astra,high,194235,193792,0,905,848,195140,443,0.243472
1022,2026-09-21T00:53:51.049Z,galaxies,gpt-6-astra,high,195163,194048,0,62,0,195225,1115,0.208298
1023,2026-09-21T00:53:58.064Z,galaxies,gpt-6-astra,high,195324,194944,0,125,0,195449,380,0.204994
1024,2026-09-21T00:54:43.955Z,galaxies,gpt-6-astra,high,195508,195200,0,1100,918,196608,308,0.25328
1025,2026-09-21T00:56:13.817Z,galaxies,gpt-6-astra,high,198124,195328,0,2805,1945,200929,2796,0.363538
1026,2026-09-21T00:56:28.871Z,galaxies,gpt-6-astra,high,201144,197888,0,329,32,201473,3256,0.246898
1027,2026-09-21T00:58:46.855Z,galaxies,gpt-6-astra,high,201615,200960,0,4472,1737,206087,655,0.43111
1028,2026-09-21T00:59:10.632Z,galaxies,gpt-6-astra,high,206144,201472,0,669,516,206813,4672,0.281642
1029,2026-09-21T01:00:00.790Z,galaxies,gpt-6-astra,high,207201,205952,0,1520,374,208721,1249,0.294442
1030,2026-09-21T01:00:40.301Z,galaxies,gpt-6-astra,high,208778,206976,0,1153,1015,209931,1802,0.282646
1031,2026-09-21T01:01:19.361Z,galaxies,gpt-6-astra,high,213072,208640,0,1157,861,214229,4432,0.31081
1032,2026-09-21T01:01:57.901Z,galaxies,gpt-6-astra,high,214288,212352,0,870,806,215158,1936,0.275212
1033,2026-09-21T01:02:58.241Z,galaxies,gpt-6-astra,high,215298,214144,0,1808,1034,217106,1154,0.316084
1034,2026-09-21T01:03:09.145Z,galaxies,gpt-6-astra,high,217163,215168,0,209,116,217372,1995,0.245568
1035,2026-09-21T01:03:21.043Z,galaxies,gpt-6-astra,high,217582,216960,0,204,120,217786,622,0.23338
1036,2026-09-21T01:04:28.839Z,galaxies,gpt-6-astra,high,217946,217472,0,1990,890,219936,474,0.321712
1037,2026-09-21T01:04:34.016Z,galaxies,gpt-6-astra,high,220093,217728,0,39,0,220132,2365,0.243328
1038,2026-09-21T01:04:40.545Z,galaxies,gpt-6-astra,high,220218,219904,0,74,0,220292,314,0.226744
1039,2026-09-21T01:04:52.280Z,galaxies,gpt-6-astra,high,221864,220032,0,296,0,222160,1832,0.253152
1040,2026-09-21T01:06:45.487Z,galaxies,gpt-6-astra,high,233282,221696,0,3158,3070,236440,11586,0.495456
1041,2026-09-21T01:07:00.624Z,galaxies,gpt-6-astra,high,245569,233088,0,271,131,245840,12481,0.371448
1042,2026-09-21T01:10:11.221Z,galaxies,gpt-6-astra,high,248764,238848,0,6160,0,254924,9916,0.646008
1043,2026-09-21T01:10:20.606Z,galaxies,gpt-6-astra,high,29284,22912,0,153,21,29437,6372,0.094282
1044,2026-09-21T01:10:31.901Z,galaxies,gpt-6-astra,high,32459,29056,0,303,47,32762,3403,0.078236
1045,2026-09-21T01:10:43.185Z,galaxies,gpt-6-astra,high,37290,32256,0,285,11,37575,5034,0.096846
1046,2026-09-21T01:10:57.126Z,galaxies,gpt-6-astra,high,37659,37120,0,357,18,38016,539,0.06036
1047,2026-09-21T01:11:05.635Z,galaxies,gpt-6-astra,high,38386,37504,0,191,9,38577,882,0.055874
1048,2026-09-21T01:11:10.475Z,galaxies,gpt-6-astra,high,38656,38144,0,71,0,38727,512,0.046814
1049,2026-09-21T01:11:19.224Z,galaxies,gpt-6-astra,high,40299,38528,0,168,0,40467,1771,0.064638
1050,2026-09-21T01:11:27.409Z,galaxies,gpt-6-astra,high,44750,40064,0,72,0,44822,4686,0.090524
1051,2026-09-21T01:11:37.440Z,galaxies,gpt-6-astra,high,55951,44544,0,275,32,56226,11407,0.172364
1052,2026-09-21T01:11:49.036Z,galaxies,gpt-6-astra,high,71305,55808,0,199,16,71504,15497,0.220728
1053,2026-09-21T01:12:18.297Z,galaxies,gpt-6-astra,high,83397,70912,0,298,18,83695,12485,0.210662
1054,2026-09-21T01:13:48.563Z,galaxies,gpt-6-astra,high,86696,83200,0,2924,0,89620,3496,0.26436
1055,2026-09-21T01:14:48.405Z,galaxies,gpt-6-astra,high,89644,86528,0,1909,62,91553,3116,0.213138
1056,2026-09-21T01:15:40.060Z,galaxies,gpt-6-astra,high,91611,89472,0,1541,71,93152,2139,0.187912
1057,2026-09-21T01:15:56.616Z,galaxies,gpt-6-astra,high,93245,91392,0,204,43,93449,1853,0.120122
1058,2026-09-21T01:16:12.213Z,galaxies,gpt-6-astra,high,94297,93056,0,319,30,94616,1241,0.121416
1059,2026-09-21T01:16:23.853Z,galaxies,gpt-6-astra,high,94743,94080,0,157,23,94900,663,0.10856
1060,2026-09-21T01:16:32.444Z,galaxies,gpt-6-astra,high,101301,94592,0,101,8,101402,6709,0.166732
1061,2026-09-21T01:16:59.446Z,galaxies,gpt-6-astra,high,106374,101120,0,772,167,107146,5254,0.19226
1062,2026-09-21T01:17:12.682Z,galaxies,gpt-6-astra,high,108279,105728,0,297,24,108576,2551,0.146088
1063,2026-09-21T01:17:29.820Z,galaxies,gpt-6-astra,high,113216,108160,0,355,61,113571,5056,0.17647
1064,2026-09-21T01:17:40.047Z,galaxies,gpt-6-astra,high,113822,113152,0,117,15,113939,670,0.125702
1065,2026-09-21T01:18:04.520Z,galaxies,gpt-6-astra,high,116227,113792,0,641,198,116868,2435,0.170192
1066,2026-09-21T01:18:15.321Z,galaxies,gpt-6-astra,high,117068,116096,0,228,88,117296,972,0.137216
1067,2026-09-21T01:18:52.470Z,galaxies,gpt-6-astra,high,119576,116992,0,1067,264,120643,2584,0.196182
1068,2026-09-21T01:19:17.633Z,galaxies,gpt-6-astra,high,121306,119552,0,404,17,121710,1754,0.157292
1069,2026-09-21T01:19:31.587Z,galaxies,gpt-6-astra,high,122177,121216,0,235,61,122412,961,0.142576
1070,2026-09-21T01:19:39.941Z,galaxies,gpt-6-astra,high,123557,122112,0,88,16,123645,1445,0.140962
1071,2026-09-21T01:19:54.938Z,galaxies,gpt-6-astra,high,128227,123520,0,116,40,128343,4707,0.17639
1072,2026-09-21T01:20:12.044Z,galaxies,gpt-6-astra,high,130823,128128,0,362,225,131185,2695,0.173178
1073,2026-09-21T01:20:26.738Z,galaxies,gpt-6-astra,high,131465,130688,0,183,90,131648,777,0.147608
1074,2026-09-21T01:20:42.951Z,galaxies,gpt-6-astra,high,132343,131328,0,380,8,132723,1015,0.160478
1075,2026-09-21T01:21:05.565Z,galaxies,gpt-6-astra,high,133945,132224,0,355,106,134300,1721,0.167184
1076,2026-09-21T01:21:32.654Z,galaxies,gpt-6-astra,high,134687,133888,0,618,410,135305,799,0.172778
1077,2026-09-21T01:22:04.696Z,galaxies,gpt-6-astra,high,135660,134656,0,845,130,136505,1004,0.186946
1078,2026-09-21T01:22:17.652Z,galaxies,gpt-6-astra,high,136819,135552,0,297,24,137116,1267,0.163072
1079,2026-09-21T01:22:32.588Z,galaxies,gpt-6-astra,high,137748,136704,0,271,41,138019,1044,0.160694
1080,2026-09-21T01:22:44.969Z,galaxies,gpt-6-astra,high,138164,137600,0,244,176,138408,564,0.15544
1081,2026-09-21T01:23:08.225Z,galaxies,gpt-6-astra,high,142711,137984,0,683,403,143394,4727,0.219404
1082,2026-09-21T01:24:59.464Z,galaxies,gpt-6-astra,high,143904,142592,0,3582,539,147486,1312,0.334812
1083,2026-09-21T01:25:31.909Z,galaxies,gpt-6-astra,high,147544,143744,0,527,390,148071,3800,0.208094
1084,2026-09-21T01:26:16.913Z,galaxies,gpt-6-astra,high,148444,147456,0,1379,410,149823,988,0.226286
1085,2026-09-21T01:26:33.990Z,galaxies,gpt-6-astra,high,150095,148352,0,373,77,150468,1743,0.184432
1086,2026-09-21T01:27:16.603Z,galaxies,gpt-6-astra,high,151454,119552,0,463,344,151917,31902,0.461722
1087,2026-09-21T01:27:42.434Z,galaxies,gpt-6-astra,high,155024,151296,0,667,377,155691,3728,0.221926
1088,2026-09-21T01:27:53.339Z,galaxies,gpt-6-astra,high,155854,154880,0,222,25,156076,974,0.17572
1089,2026-09-21T01:28:08.116Z,galaxies,gpt-6-astra,high,156346,155776,0,96,14,156442,570,0.166276
1090,2026-09-21T01:28:29.441Z,galaxies,gpt-6-astra,high,156840,156160,0,600,118,157440,680,0.19296
1091,2026-09-21T01:29:31.456Z,galaxies,gpt-6-astra,high,157763,156672,0,1463,1155,159226,1091,0.240732
1092,2026-09-21T01:29:40.268Z,galaxies,gpt-6-astra,high,159379,157696,0,181,14,159560,1683,0.183576
1093,2026-09-21T01:30:31.086Z,galaxies,gpt-6-astra,high,159754,159232,0,1370,516,161124,522,0.232952
1094,2026-09-21T01:31:33.951Z,galaxies,gpt-6-astra,high,161236,159616,0,2009,516,163245,1620,0.276266
1095,2026-09-21T01:31:46.421Z,galaxies,gpt-6-astra,high,163670,161152,0,226,102,163896,2518,0.197632
1096,2026-09-21T01:31:53.796Z,galaxies,gpt-6-astra,high,164388,163584,0,76,0,164464,804,0.175424
1097,2026-09-21T01:32:08.305Z,galaxies,gpt-6-astra,high,166036,164224,0,331,59,166367,1812,0.198894
1098,2026-09-21T01:34:56.063Z,galaxies,gpt-6-astra,high,170471,165888,0,5417,1509,175888,4583,0.482568
1099,2026-09-21T01:36:01.913Z,galaxies,gpt-6-astra,high,175947,170368,0,2080,516,178027,5579,0.330158
1100,2026-09-21T01:36:22.204Z,galaxies,gpt-6-astra,high,178117,175872,0,434,269,178551,2245,0.220022
1101,2026-09-21T01:36:39.372Z,galaxies,gpt-6-astra,high,178850,178048,0,381,43,179231,802,0.205118
1102,2026-09-21T01:36:52.710Z,galaxies,gpt-6-astra,high,179420,178688,0,261,88,179681,732,0.199058
1103,2026-09-21T01:37:20.443Z,galaxies,gpt-6-astra,high,181981,179328,0,778,516,182759,2653,0.244758
1104,2026-09-21T01:37:57.177Z,galaxies,gpt-6-astra,high,187314,181888,0,1046,152,188360,5426,0.288448
1105,2026-09-21T01:39:25.870Z,galaxies,gpt-6-astra,high,188890,187264,0,2147,1821,191037,1626,0.310874
1106,2026-09-21T01:41:02.486Z,galaxies,gpt-6-astra,high,191274,188800,0,3016,193,194290,2474,0.36434
1107,2026-09-21T01:41:28.910Z,galaxies,gpt-6-astra,high,194349,191232,0,576,459,194925,3117,0.251202
1108,2026-09-21T01:41:43.229Z,galaxies,gpt-6-astra,high,195500,194304,0,277,48,195777,1196,0.220114
1109,2026-09-21T01:42:01.679Z,galaxies,gpt-6-astra,high,196382,195456,0,390,101,196772,926,0.224216
1110,2026-09-21T01:42:54.915Z,galaxies,gpt-6-astra,high,197542,196224,0,1637,734,199179,1318,0.291254
1111,2026-09-21T01:43:29.144Z,galaxies,gpt-6-astra,high,199339,197504,0,948,516,200287,1835,0.263254
1112,2026-09-21T01:43:40.267Z,galaxies,gpt-6-astra,high,200730,199296,0,246,10,200976,1434,0.225936
1113,2026-09-21T01:43:56.497Z,galaxies,gpt-6-astra,high,201746,200576,0,379,23,202125,1170,0.231226
1114,2026-09-21T01:44:59.775Z,galaxies,gpt-6-astra,high,202914,201600,0,1424,693,204338,1314,0.28594
1115,2026-09-21T01:45:25.674Z,galaxies,gpt-6-astra,high,204396,202752,0,604,433,205000,1644,0.249392
1116,2026-09-21T01:45:41.086Z,galaxies,gpt-6-astra,high,205373,204288,0,340,92,205713,1085,0.232138
1117,2026-09-21T01:47:03.858Z,galaxies,gpt-6-astra,high,208932,205312,0,1958,1683,210890,3620,0.339412
1118,2026-09-21T01:47:12.839Z,galaxies,gpt-6-astra,high,211354,208896,0,188,34,211542,2458,0.242876
1119,2026-09-21T01:48:55.756Z,galaxies,gpt-6-astra,high,212235,211328,0,2090,1947,214325,907,0.324898
1120,2026-09-21T01:49:41.226Z,galaxies,gpt-6-astra,high,214506,212096,0,1098,1034,215604,2410,0.291096
1121,2026-09-21T01:50:01.457Z,galaxies,gpt-6-astra,high,216548,214400,0,561,204,217109,2148,0.26393
1122,2026-09-21T01:50:36.058Z,galaxies,gpt-6-astra,high,217276,216448,0,662,512,217938,828,0.257828
1123,2026-09-21T01:52:30.771Z,galaxies,gpt-6-astra,high,218287,217216,0,2688,2611,220975,1071,0.362326
1124,2026-09-21T01:53:47.369Z,galaxies,gpt-6-astra,high,221161,218240,0,1993,1658,223154,2921,0.3471
1125,2026-09-21T01:54:38.407Z,galaxies,gpt-6-astra,high,223324,221056,0,1250,1107,224574,2268,0.306236
1126,2026-09-21T01:55:34.776Z,galaxies,gpt-6-astra,high,224821,223232,0,1745,516,226566,1589,0.326372
1127,2026-09-21T01:56:40.288Z,galaxies,gpt-6-astra,high,226881,224768,0,1979,516,228860,2113,0.344848
1128,2026-09-21T01:57:03.613Z,galaxies,gpt-6-astra,high,229435,226816,0,477,354,229912,2619,0.276856
1129,2026-09-21T01:57:10.692Z,galaxies,gpt-6-astra,high,230189,229376,0,68,0,230257,813,0.240906
1130,2026-09-21T01:57:17.882Z,galaxies,gpt-6-astra,high,231829,230144,0,138,0,231967,1685,0.253894
1131,2026-09-21T01:57:48.113Z,galaxies,gpt-6-astra,high,235440,231680,0,755,684,236195,3760,0.30703
1132,2026-09-21T02:00:05.173Z,galaxies,gpt-6-astra,high,238419,235392,0,4374,1122,242793,3027,0.484362
1133,2026-09-21T02:00:31.640Z,galaxies,gpt-6-astra,high,242851,238336,0,730,130,243581,4515,0.319986
1134,2026-09-21T02:03:35.999Z,galaxies,gpt-6-astra,high,250828,68992,0,5887,0,256715,181836,2.181702
1135,2026-09-21T02:03:43.264Z,galaxies,gpt-6-astra,high,29009,22912,0,128,19,29137,6097,0.090282
1136,2026-09-21T02:03:53.495Z,galaxies,gpt-6-astra,high,37540,28800,0,271,42,37811,8740,0.12975
1137,2026-09-21T02:04:06.614Z,galaxies,gpt-6-astra,high,46889,37376,0,334,58,47223,9513,0.149206
1138,2026-09-21T02:04:17.918Z,galaxies,gpt-6-astra,high,51322,46720,0,262,77,51584,4602,0.10584
1139,2026-09-21T02:04:49.772Z,galaxies,gpt-6-astra,high,57583,51200,0,982,35,58565,6383,0.16413
1140,2026-09-21T02:05:00.166Z,galaxies,gpt-6-astra,high,58624,57344,0,231,16,58855,1280,0.081694
1141,2026-09-21T02:05:15.458Z,galaxies,gpt-6-astra,high,61244,58496,0,245,0,61489,2748,0.098226
1142,2026-09-21T02:05:25.428Z,galaxies,gpt-6-astra,high,63786,61056,0,133,12,63919,2730,0.095006
1143,2026-09-21T02:05:35.860Z,galaxies,gpt-6-astra,high,65768,63616,0,230,11,65998,2152,0.096636
1144,2026-09-21T02:05:49.223Z,galaxies,gpt-6-astra,high,68230,65536,0,346,22,68576,2694,0.109776
1145,2026-09-21T02:06:09.950Z,galaxies,gpt-6-astra,high,69215,68096,0,573,12,69788,1119,0.107936
1146,2026-09-21T02:06:20.688Z,galaxies,gpt-6-astra,high,70076,69120,0,214,32,70290,956,0.08938
1147,2026-09-21T02:06:28.433Z,galaxies,gpt-6-astra,high,70466,69888,0,157,11,70623,578,0.083518
1148,2026-09-21T02:06:45.650Z,galaxies,gpt-6-astra,high,70820,70272,0,269,20,71089,548,0.089202
1149,2026-09-21T02:07:05.505Z,galaxies,gpt-6-astra,high,71423,70656,0,517,24,71940,767,0.104176
1150,2026-09-21T02:07:15.812Z,galaxies,gpt-6-astra,high,72519,71296,0,221,17,72740,1223,0.094576
1151,2026-09-21T02:07:31.538Z,galaxies,gpt-6-astra,high,72912,72320,0,273,52,73185,592,0.09189
1152,2026-09-21T02:07:42.580Z,galaxies,gpt-6-astra,high,73792,72704,0,268,8,74060,1088,0.096984
1153,2026-09-21T02:07:51.663Z,galaxies,gpt-6-astra,high,75040,73600,0,236,52,75276,1440,0.0998
1154,2026-09-21T02:07:59.678Z,galaxies,gpt-6-astra,high,78279,74880,0,146,43,78425,3399,0.11617
1155,2026-09-21T02:08:10.124Z,galaxies,gpt-6-astra,high,78625,78080,0,131,41,78756,545,0.09008
1156,2026-09-21T02:08:31.864Z,galaxies,gpt-6-astra,high,79139,78464,0,642,110,79781,675,0.117314
1157,2026-09-21T02:08:48.188Z,galaxies,gpt-6-astra,high,80446,78976,0,267,149,80713,1470,0.107026
1158,2026-09-21T02:08:54.184Z,galaxies,gpt-6-astra,high,81086,80256,0,122,0,81208,830,0.094656
1159,2026-09-21T02:09:10.007Z,galaxies,gpt-6-astra,high,81468,80896,0,351,63,81819,572,0.104166
1160,2026-09-21T02:09:20.213Z,galaxies,gpt-6-astra,high,81999,81280,0,199,65,82198,719,0.09842
1161,2026-09-21T02:09:27.344Z,galaxies,gpt-6-astra,high,82386,81792,0,87,66,82473,594,0.092082
1162,2026-09-21T02:10:07.877Z,galaxies,gpt-6-astra,high,82496,82176,0,230,0,82726,320,0.096876
1163,2026-09-21T02:10:22.520Z,galaxies,gpt-6-astra,high,83022,82304,0,340,0,83362,718,0.106484
1164,2026-09-21T02:10:45.535Z,galaxies,gpt-6-astra,high,83578,82816,0,675,243,84253,762,0.124186
1165,2026-09-21T02:10:59.847Z,galaxies,gpt-6-astra,high,84645,83456,0,337,182,84982,1189,0.112196
1166,2026-09-21T02:11:08.409Z,galaxies,gpt-6-astra,high,88192,84480,0,173,152,88365,3712,0.13025
1167,2026-09-21T02:11:44.955Z,galaxies,gpt-6-astra,high,88388,88064,0,132,0,88520,324,0.097904
1168,2026-09-21T02:12:02.625Z,galaxies,gpt-6-astra,high,88690,88320,0,483,246,89173,370,0.11617
1169,2026-09-21T02:12:21.364Z,galaxies,gpt-6-astra,high,89481,88576,0,365,344,89846,905,0.115876
1170,2026-09-21T02:13:02.871Z,galaxies,gpt-6-astra,high,89869,89344,0,106,0,89975,525,0.099894
1171,2026-09-21T02:13:07.310Z,galaxies,gpt-6-astra,high,90097,89728,0,83,62,90180,369,0.097568
1172,2026-09-21T02:13:49.096Z,galaxies,gpt-6-astra,high,90203,89984,0,335,84,90538,219,0.108924
1173,2026-09-21T02:14:03.495Z,galaxies,gpt-6-astra,high,90645,90112,0,387,366,91032,533,0.114792
1174,2026-09-21T02:14:37.402Z,galaxies,gpt-6-astra,high,91055,90496,0,47,0,91102,559,0.098436
1175,2026-09-21T02:15:26.539Z,galaxies,gpt-6-astra,high,91179,91008,0,1392,376,92571,171,0.162318
1176,2026-09-21T02:15:31.545Z,galaxies,gpt-6-astra,high,92627,91136,0,87,66,92714,1491,0.110396
1177,2026-09-21T02:16:06.555Z,galaxies,gpt-6-astra,high,92737,92544,0,69,0,92806,193,0.097924
1178,2026-09-21T02:16:18.039Z,galaxies,gpt-6-astra,high,92933,92672,0,127,54,93060,261,0.101632
1179,2026-09-21T02:16:52.040Z,galaxies,gpt-6-astra,high,93083,92800,0,60,0,93143,283,0.09863
1180,2026-09-21T02:16:58.659Z,galaxies,gpt-6-astra,high,93265,92928,0,131,110,93396,337,0.102848
1181,2026-09-21T02:17:32.985Z,galaxies,gpt-6-astra,high,93419,93184,0,69,0,93488,235,0.098984
1182,2026-09-21T02:18:02.373Z,galaxies,gpt-6-astra,high,93634,93312,0,891,8,94525,322,0.141082
1183,2026-09-21T02:18:13.110Z,galaxies,gpt-6-astra,high,94687,93568,0,110,0,94797,1119,0.110258
1184,2026-09-21T02:18:21.325Z,galaxies,gpt-6-astra,high,94913,94592,0,132,48,95045,321,0.104402
1185,2026-09-21T02:18:33.416Z,galaxies,gpt-6-astra,high,96617,94848,0,250,113,96867,1769,0.125038
1186,2026-09-21T02:18:43.984Z,galaxies,gpt-6-astra,high,100483,96512,0,280,0,100763,3971,0.150222
1187,2026-09-21T02:19:18.509Z,galaxies,gpt-6-astra,high,107653,100352,0,1022,912,108675,7301,0.224462
1188,2026-09-21T02:19:39.137Z,galaxies,gpt-6-astra,high,115189,107520,0,592,354,115781,7669,0.21381
1189,2026-09-21T02:20:06.717Z,galaxies,gpt-6-astra,high,119055,115072,0,802,694,119857,3983,0.195002
1190,2026-09-21T02:20:14.746Z,galaxies,gpt-6-astra,high,120552,118912,0,152,10,120704,1640,0.142912
1191,2026-09-21T02:21:14.398Z,galaxies,gpt-6-astra,high,121384,120448,0,1884,34,123268,936,0.224008
1192,2026-09-21T02:21:37.594Z,galaxies,gpt-6-astra,high,123292,121216,0,467,385,123759,2076,0.165326
1193,2026-09-21T02:22:14.237Z,galaxies,gpt-6-astra,high,124082,123136,0,1098,97,125180,946,0.187496
1194,2026-09-21T02:22:42.707Z,galaxies,gpt-6-astra,high,125333,124032,0,795,659,126128,1301,0.176792
1195,2026-09-21T02:23:27.580Z,galaxies,gpt-6-astra,high,128340,125184,0,1359,358,129699,3156,0.224694
1196,2026-09-21T02:23:39.674Z,galaxies,gpt-6-astra,high,129840,128256,0,260,32,130100,1584,0.157096
1197,2026-09-21T02:23:48.911Z,galaxies,gpt-6-astra,high,130315,129792,0,225,157,130540,523,0.146272
1198,2026-09-21T02:24:21.278Z,galaxies,gpt-6-astra,high,132112,130176,0,947,516,133059,1936,0.196886
1199,2026-09-21T02:24:34.919Z,galaxies,gpt-6-astra,high,133344,131968,0,146,49,133490,1376,0.153028
1200,2026-09-21T02:25:00.815Z,galaxies,gpt-6-astra,high,134722,133248,0,743,516,135465,1474,0.185138
1201,2026-09-21T02:25:05.367Z,galaxies,gpt-6-astra,high,135524,134656,0,19,0,135543,868,0.144286
1202,2026-09-21T02:26:03.504Z,galaxies,gpt-6-astra,high,135566,135424,0,184,0,135750,142,0.146044
1203,2026-09-21T02:26:10.737Z,galaxies,gpt-6-astra,high,135865,135424,0,107,40,135972,441,0.145184
1204,2026-09-21T02:27:14.545Z,galaxies,gpt-6-astra,high,136027,70656,0,184,0,136211,65371,0.733566
1205,2026-09-21T02:27:20.753Z,galaxies,gpt-6-astra,high,136327,135936,0,95,23,136422,391,0.144596
1206,2026-09-21T02:28:19.547Z,galaxies,gpt-6-astra,high,136445,136192,0,219,0,136664,253,0.149672
1207,2026-09-21T02:28:25.468Z,galaxies,gpt-6-astra,high,136806,136320,0,98,29,136904,486,0.14608
1208,2026-09-21T02:29:22.643Z,galaxies,gpt-6-astra,high,136927,136704,0,184,0,137111,223,0.148134
1209,2026-09-21T02:29:30.850Z,galaxies,gpt-6-astra,high,137226,136832,0,171,89,137397,394,0.149322
1210,2026-09-21T02:30:27.871Z,galaxies,gpt-6-astra,high,137420,137088,0,164,0,137584,332,0.148608
1211,2026-09-21T02:30:37.209Z,galaxies,gpt-6-astra,high,137713,137344,0,233,159,137946,369,0.152684
1212,2026-09-21T02:31:41.897Z,galaxies,gpt-6-astra,high,137969,137600,0,431,0,138400,369,0.16284
1213,2026-09-21T02:31:49.129Z,galaxies,gpt-6-astra,high,138591,137856,0,104,46,138695,735,0.150406
1214,2026-09-21T02:32:09.922Z,galaxies,gpt-6-astra,high,140267,138496,0,607,474,140874,1771,0.186556
1215,2026-09-21T02:32:13.922Z,galaxies,gpt-6-astra,high,140996,140160,0,63,0,141059,836,0.15167
1216,2026-09-21T02:33:03.422Z,galaxies,gpt-6-astra,high,147653,140928,0,1394,1316,149047,6725,0.277878
1217,2026-09-21T02:33:31.333Z,galaxies,gpt-6-astra,high,150962,147584,0,756,656,151718,3378,0.219164
1218,2026-09-21T02:35:09.869Z,galaxies,gpt-6-astra,high,154565,150912,0,3209,801,157774,3653,0.347892
1219,2026-09-21T02:35:38.511Z,galaxies,gpt-6-astra,high,157798,154496,0,869,299,158667,3302,0.230966
1220,2026-09-21T02:36:01.930Z,galaxies,gpt-6-astra,high,158725,157696,0,603,516,159328,1029,0.198136
1221,2026-09-21T02:36:46.962Z,galaxies,gpt-6-astra,high,160048,158592,0,1389,79,161437,1456,0.242602
1222,2026-09-21T02:37:37.084Z,galaxies,gpt-6-astra,high,161494,160000,0,1510,256,163004,1494,0.25044
1223,2026-09-21T02:37:57.650Z,galaxies,gpt-6-astra,high,163100,161408,0,536,385,163636,1692,0.205128
1224,2026-09-21T02:38:12.428Z,galaxies,gpt-6-astra,high,164670,162944,0,372,288,165042,1726,0.198804
1225,2026-09-21T02:38:32.183Z,galaxies,gpt-6-astra,high,165256,164608,0,505,87,165761,648,0.196338
1226,2026-09-21T02:39:03.405Z,galaxies,gpt-6-astra,high,165981,165120,0,833,516,166814,861,0.21538
1227,2026-09-21T02:39:18.722Z,galaxies,gpt-6-astra,high,166939,165888,0,298,102,167237,1051,0.191298
1228,2026-09-21T02:40:11.047Z,galaxies,gpt-6-astra,high,169472,166784,0,1529,516,171001,2688,0.270114
1229,2026-09-21T02:40:33.968Z,galaxies,gpt-6-astra,high,171159,169216,0,618,296,171777,1943,0.219546
1230,2026-09-21T02:40:46.243Z,galaxies,gpt-6-astra,high,172351,171136,0,290,49,172641,1215,0.197786
1231,2026-09-21T02:41:02.364Z,galaxies,gpt-6-astra,high,172782,172288,0,401,313,173183,494,0.197278
1232,2026-09-21T02:41:11.467Z,galaxies,gpt-6-astra,high,173402,172672,0,239,0,173641,730,0.191922
1233,2026-09-21T02:41:27.927Z,galaxies,gpt-6-astra,high,174100,173312,0,339,125,174439,788,0.198142
1234,2026-09-21T02:42:00.687Z,galaxies,gpt-6-astra,high,174673,174080,0,667,508,175340,593,0.21336
1235,2026-09-21T02:42:07.644Z,galaxies,gpt-6-astra,high,175510,174592,0,108,23,175618,918,0.189172
1236,2026-09-21T02:42:13.596Z,galaxies,gpt-6-astra,high,176625,175488,0,116,48,176741,1137,0.192658
1237,2026-09-21T02:42:20.716Z,galaxies,gpt-6-astra,high,177265,176512,0,167,40,177432,753,0.192392
1238,2026-09-21T02:42:49.328Z,galaxies,gpt-6-astra,high,177852,177152,0,870,650,178722,700,0.227652
1239,2026-09-21T02:42:59.473Z,galaxies,gpt-6-astra,high,178817,177792,0,172,9,178989,1025,0.196642
1240,2026-09-21T02:43:32.069Z,galaxies,gpt-6-astra,high,179097,178688,0,1003,391,180100,409,0.232928
1241,2026-09-21T02:43:49.536Z,galaxies,gpt-6-astra,high,180322,179072,0,468,174,180790,1250,0.214972
1242,2026-09-21T02:44:09.825Z,galaxies,gpt-6-astra,high,180914,180224,0,527,352,181441,690,0.213474
1243,2026-09-21T02:44:32.163Z,galaxies,gpt-6-astra,high,181498,180864,0,621,379,182119,634,0.218254
1244,2026-09-21T02:44:47.675Z,galaxies,gpt-6-astra,high,182386,181376,0,389,75,182775,1010,0.210926
1245,2026-09-21T02:45:02.767Z,galaxies,gpt-6-astra,high,182907,182272,0,342,87,183249,635,0.205722
1246,2026-09-21T02:45:15.390Z,galaxies,gpt-6-astra,high,183558,182784,0,277,64,183835,774,0.204374
1247,2026-09-21T02:45:35.114Z,galaxies,gpt-6-astra,high,183992,183424,0,491,364,184483,568,0.213654
1248,2026-09-21T02:45:53.787Z,galaxies,gpt-6-astra,high,184687,183936,0,211,125,184898,751,0.201996
1249,2026-09-21T02:46:28.051Z,galaxies,gpt-6-astra,high,184921,184576,0,82,0,185003,345,0.192126
1250,2026-09-21T02:46:41.915Z,galaxies,gpt-6-astra,high,185167,184832,0,118,48,185285,335,0.194082
1251,2026-09-21T02:46:50.769Z,galaxies,gpt-6-astra,high,185971,185088,0,217,104,186188,883,0.204768
1252,2026-09-21T02:47:05.701Z,galaxies,gpt-6-astra,high,187700,185856,0,405,273,188105,1844,0.224546
1253,2026-09-21T02:47:31.825Z,galaxies,gpt-6-astra,high,189263,187648,0,748,320,190011,1615,0.241198
1254,2026-09-21T02:48:04.186Z,galaxies,gpt-6-astra,high,190159,189184,0,960,318,191119,975,0.246934
1255,2026-09-21T02:48:30.839Z,galaxies,gpt-6-astra,high,191221,190080,0,739,308,191960,1141,0.23844
1256,2026-09-21T02:48:42.233Z,galaxies,gpt-6-astra,high,192151,191104,0,225,89,192376,1047,0.212824
1257,2026-09-21T02:48:49.911Z,galaxies,gpt-6-astra,high,192656,192128,0,164,0,192820,528,0.205608
1258,2026-09-21T02:49:11.725Z,galaxies,gpt-6-astra,high,192936,192512,0,537,516,193473,424,0.223602
1259,2026-09-21T02:49:46.311Z,galaxies,gpt-6-astra,high,193496,192896,0,82,0,193578,600,0.202996
1260,2026-09-21T02:49:59.779Z,galaxies,gpt-6-astra,high,193777,193408,0,337,61,194114,369,0.213948
1261,2026-09-21T02:50:17.158Z,galaxies,gpt-6-astra,high,194242,193664,0,389,368,194631,578,0.218894
1262,2026-09-21T02:50:54.523Z,galaxies,gpt-6-astra,high,194654,194176,0,94,0,194748,478,0.203656
1263,2026-09-21T02:51:18.355Z,galaxies,gpt-6-astra,high,194924,194560,0,713,640,195637,364,0.23385
1264,2026-09-21T02:51:55.353Z,galaxies,gpt-6-astra,high,195660,194816,0,132,0,195792,844,0.209856
1265,2026-09-21T02:52:09.966Z,galaxies,gpt-6-astra,high,195889,195584,0,253,83,196142,305,0.211284
1266,2026-09-21T02:52:32.771Z,galaxies,gpt-6-astra,high,196252,195840,0,650,516,196902,412,0.23246
1267,2026-09-21T02:52:44.193Z,galaxies,gpt-6-astra,high,197118,12160,0,193,123,197311,184958,1.87139
1268,2026-09-21T02:53:23.529Z,galaxies,gpt-6-astra,high,197334,196992,0,177,0,197511,342,0.209262
1269,2026-09-21T02:53:33.424Z,galaxies,gpt-6-astra,high,197784,197248,0,220,118,198004,536,0.213608
1270,2026-09-21T02:53:53.630Z,galaxies,gpt-6-astra,high,198129,197760,0,537,516,198666,369,0.2283
1271,2026-09-21T02:54:29.480Z,galaxies,gpt-6-astra,high,198689,198016,0,104,0,198793,673,0.209946
1272,2026-09-21T02:54:45.714Z,galaxies,gpt-6-astra,high,198925,198656,0,336,0,199261,269,0.218146
1273,2026-09-21T02:55:32.966Z,galaxies,gpt-6-astra,high,199479,198784,0,1377,730,200856,695,0.274584
1274,2026-09-21T02:56:29.084Z,galaxies,gpt-6-astra,high,201060,199424,0,1717,516,202777,1636,0.301634
1275,2026-09-21T02:56:47.344Z,galaxies,gpt-6-astra,high,202902,200960,0,508,419,203410,1942,0.24578
1276,2026-09-21T02:57:22.935Z,galaxies,gpt-6-astra,high,203433,202880,0,125,0,203558,553,0.21466
1277,2026-09-21T02:57:47.895Z,galaxies,gpt-6-astra,high,203683,203392,0,699,678,204382,291,0.241252
1278,2026-09-21T02:58:29.948Z,galaxies,gpt-6-astra,high,204405,203648,0,168,41,204573,757,0.219618
1279,2026-09-21T02:59:03.672Z,galaxies,gpt-6-astra,high,204681,204288,0,826,805,205507,393,0.249518
1280,2026-09-21T02:59:39.446Z,galaxies,gpt-6-astra,high,205530,204544,0,73,0,205603,986,0.218054
1281,2026-09-21T03:00:06.953Z,galaxies,gpt-6-astra,high,205823,205440,0,583,516,206406,383,0.23842
1282,2026-09-21T03:00:41.735Z,galaxies,gpt-6-astra,high,206429,205696,0,41,0,206470,733,0.215076
1283,2026-09-21T03:01:02.560Z,galaxies,gpt-6-astra,high,206562,206336,0,537,516,207099,226,0.235446
1284,2026-09-21T03:01:37.526Z,galaxies,gpt-6-astra,high,207122,206464,0,47,0,207169,658,0.215394
1285,2026-09-21T03:01:52.112Z,galaxies,gpt-6-astra,high,207244,207104,0,223,153,207467,140,0.219654
1286,2026-09-21T03:02:29.432Z,galaxies,gpt-6-astra,high,207490,207104,0,41,0,207531,386,0.213014
1287,2026-09-21T03:02:37.463Z,galaxies,gpt-6-astra,high,207614,207360,0,93,21,207707,254,0.21455
1288,2026-09-21T03:02:50.937Z,galaxies,gpt-6-astra,high,208012,207488,0,360,200,208372,524,0.230728
1289,2026-09-21T03:03:17.583Z,galaxies,gpt-6-astra,high,208550,207872,0,678,516,209228,678,0.248552
1290,2026-09-21T03:03:25.780Z,galaxies,gpt-6-astra,high,209306,208512,0,172,43,209478,794,0.225052
1291,2026-09-21T03:04:12.688Z,galaxies,gpt-6-astra,high,209536,209280,0,1295,1274,210831,256,0.27659
1292,2026-09-21T03:04:49.712Z,galaxies,gpt-6-astra,high,210854,209408,0,102,0,210956,1446,0.228968
1293,2026-09-21T03:05:11.112Z,galaxies,gpt-6-astra,high,211067,210816,0,488,418,211555,251,0.237726
1294,2026-09-21T03:06:09.534Z,galaxies,gpt-6-astra,high,211578,210944,0,170,0,211748,634,0.225784
1295,2026-09-21T03:06:19.739Z,galaxies,gpt-6-astra,high,211897,211456,0,113,26,212010,441,0.221516
1296,2026-09-21T03:07:14.492Z,galaxies,gpt-6-astra,high,212033,211840,0,73,0,212106,193,0.21742
1297,2026-09-21T03:07:44.141Z,galaxies,gpt-6-astra,high,212260,211968,0,909,844,213169,292,0.260338
1298,2026-09-21T03:08:39.297Z,galaxies,gpt-6-astra,high,213192,212224,0,41,0,213233,968,0.223954
1299,2026-09-21T03:09:03.042Z,galaxies,gpt-6-astra,high,213327,213120,0,707,658,214034,207,0.25054
1300,2026-09-21T03:09:12.794Z,galaxies,gpt-6-astra,high,214110,213248,0,91,23,214201,862,0.226418
1301,2026-09-21T03:10:06.594Z,galaxies,gpt-6-astra,high,214224,214016,0,41,0,214265,208,0.218146
1302,2026-09-21T03:10:20.361Z,galaxies,gpt-6-astra,high,214359,214144,0,281,224,214640,215,0.230344
1303,2026-09-21T03:11:16.207Z,galaxies,gpt-6-astra,high,214663,214272,0,69,0,214732,391,0.221632
1304,2026-09-21T03:12:20.476Z,galaxies,gpt-6-astra,high,214875,214528,0,1929,516,216804,347,0.314448
1305,2026-09-21T03:12:45.886Z,galaxies,gpt-6-astra,high,217021,214784,0,607,495,217628,2237,0.267504
1306,2026-09-21T03:12:51.375Z,galaxies,gpt-6-astra,high,217746,216960,0,79,0,217825,786,0.22877
1307,2026-09-21T03:14:04.156Z,galaxies,gpt-6-astra,high,219397,217728,0,2037,1552,221434,1669,0.336268
1308,2026-09-21T03:14:09.081Z,galaxies,gpt-6-astra,high,221774,219264,0,40,19,221814,2510,0.246364
1309,2026-09-21T03:15:03.591Z,galaxies,gpt-6-astra,high,221837,221696,0,73,0,221910,141,0.226756
1310,2026-09-21T03:15:10.516Z,galaxies,gpt-6-astra,high,222106,221696,0,69,0,222175,410,0.229246
1311,2026-09-21T03:16:06.027Z,galaxies,gpt-6-astra,high,222198,222080,0,78,0,222276,118,0.22716
1312,2026-09-21T03:16:12.429Z,galaxies,gpt-6-astra,high,222381,222080,0,70,11,222451,301,0.22859
1313,2026-09-21T03:17:06.726Z,galaxies,gpt-6-astra,high,222474,222336,0,78,0,222552,138,0.227616
1314,2026-09-21T03:17:13.962Z,galaxies,gpt-6-astra,high,222657,222336,0,72,0,222729,321,0.229146
1315,2026-09-21T03:18:15.614Z,galaxies,gpt-6-astra,high,222942,12160,0,78,0,223020,210782,2.12388
1316,2026-09-21T03:18:23.816Z,galaxies,gpt-6-astra,high,223125,222848,0,185,123,223310,277,0.234868
1317,2026-09-21T03:19:22.025Z,galaxies,gpt-6-astra,high,223333,0,0,78,0,223411,223333,2.23723
1318,2026-09-21T03:19:43.416Z,galaxies,gpt-6-astra,high,223516,223232,0,533,464,224049,284,0.252722
1319,2026-09-21T03:20:37.787Z,galaxies,gpt-6-astra,high,224072,223488,0,78,0,224150,584,0.233228
1320,2026-09-21T03:20:42.077Z,galaxies,gpt-6-astra,high,224255,224000,0,68,0,224323,255,0.22995
1321,2026-09-21T03:21:36.101Z,galaxies,gpt-6-astra,high,224346,224128,0,78,0,224424,218,0.230208
1322,2026-09-21T03:21:41.946Z,galaxies,gpt-6-astra,high,224529,224256,0,88,21,224617,273,0.231386
1323,2026-09-21T03:22:36.217Z,galaxies,gpt-6-astra,high,224640,224512,0,78,0,224718,128,0.229692
1324,2026-09-21T03:23:15.942Z,galaxies,gpt-6-astra,high,224823,224512,0,1169,1092,225992,311,0.286072
1325,2026-09-21T03:24:12.656Z,galaxies,gpt-6-astra,high,226015,224768,0,78,0,226093,1247,0.241138
1326,2026-09-21T03:24:49.793Z,galaxies,gpt-6-astra,high,226198,225920,0,1094,1034,227292,278,0.2834
1327,2026-09-21T03:25:44.484Z,galaxies,gpt-6-astra,high,227315,226176,0,78,0,227393,1139,0.241466
1328,2026-09-21T03:26:06.718Z,galaxies,gpt-6-astra,high,227498,227200,0,593,516,228091,298,0.25983
1329,2026-09-21T03:27:04.473Z,galaxies,gpt-6-astra,high,228114,227456,0,78,0,228192,658,0.237936
1330,2026-09-21T03:27:19.972Z,galaxies,gpt-6-astra,high,228297,228096,0,180,115,228477,201,0.239106
1331,2026-09-21T03:28:23.304Z,galaxies,gpt-6-astra,high,228500,228224,0,196,0,228696,276,0.240784
1332,2026-09-21T03:28:33.764Z,galaxies,gpt-6-astra,high,228925,228480,0,151,99,229076,445,0.24048
1333,2026-09-21T03:29:17.025Z,galaxies,gpt-6-astra,high,230648,228864,0,1179,1034,231827,1784,0.305654
1334,2026-09-21T03:29:23.117Z,galaxies,gpt-6-astra,high,232065,230528,0,76,55,232141,1537,0.249698
1335,2026-09-21T03:30:21.823Z,galaxies,gpt-6-astra,high,232164,231936,0,73,0,232237,228,0.237866
1336,2026-09-21T03:30:29.458Z,galaxies,gpt-6-astra,high,232433,232064,0,67,0,232500,369,0.239104
1337,2026-09-21T03:31:24.497Z,galaxies,gpt-6-astra,high,232523,232320,0,73,0,232596,203,0.238
1338,2026-09-21T03:31:36.917Z,galaxies,gpt-6-astra,high,232792,232448,0,213,153,233005,344,0.246538
1339,2026-09-21T03:32:32.799Z,galaxies,gpt-6-astra,high,233028,232704,0,90,0,233118,324,0.240444
1340,2026-09-21T03:32:39.613Z,galaxies,gpt-6-astra,high,233200,232960,0,55,0,233255,240,0.23811
1341,2026-09-21T03:33:40.252Z,galaxies,gpt-6-astra,high,233278,233088,0,90,0,233368,190,0.239488
1342,2026-09-21T03:33:49.958Z,galaxies,gpt-6-astra,high,233450,233216,0,126,48,233576,234,0.241856
1343,2026-09-21T03:34:48.066Z,galaxies,gpt-6-astra,high,233599,233344,0,90,0,233689,255,0.240394
1344,2026-09-21T03:35:13.248Z,galaxies,gpt-6-astra,high,233771,233472,0,424,360,234195,299,0.257662
1345,2026-09-21T03:36:16.398Z,galaxies,gpt-6-astra,high,234218,233728,0,133,0,234351,490,0.245278
1346,2026-09-21T03:36:28.028Z,galaxies,gpt-6-astra,high,234482,234112,0,196,122,234678,370,0.247612
1347,2026-09-21T03:37:26.082Z,galaxies,gpt-6-astra,high,234701,234368,0,133,0,234834,333,0.244348
1348,2026-09-21T03:37:47.413Z,galaxies,gpt-6-astra,high,234965,234624,0,539,480,235504,341,0.264984
1349,2026-09-21T03:38:47.684Z,galaxies,gpt-6-astra,high,235527,234880,0,152,0,235679,647,0.24895
1350,2026-09-21T03:38:55.735Z,galaxies,gpt-6-astra,high,235810,235392,0,91,13,235901,418,0.244122
1351,2026-09-21T03:39:48.430Z,galaxies,gpt-6-astra,high,235924,235776,0,17,0,235941,148,0.238106
1352,2026-09-21T03:39:56.436Z,galaxies,gpt-6-astra,high,236072,235904,0,71,13,236143,168,0.241134
1353,2026-09-21T03:40:44.154Z,galaxies,gpt-6-astra,high,236166,236032,0,17,0,236183,134,0.238222
1354,2026-09-21T03:40:54.378Z,galaxies,gpt-6-astra,high,236314,236032,0,92,32,236406,282,0.243452
1355,2026-09-21T03:41:43.676Z,galaxies,gpt-6-astra,high,236429,236288,0,17,0,236446,141,0.238548
1356,2026-09-21T03:41:49.831Z,galaxies,gpt-6-astra,high,236577,236288,0,106,30,236683,289,0.244478
1357,2026-09-21T03:42:38.124Z,galaxies,gpt-6-astra,high,236706,236544,0,17,0,236723,162,0.239014
1358,2026-09-21T03:42:43.899Z,galaxies,gpt-6-astra,high,236854,236672,0,50,0,236904,182,0.240992
1359,2026-09-21T03:43:32.661Z,galaxies,gpt-6-astra,high,236927,236800,0,17,0,236944,127,0.23892
1360,2026-09-21T03:43:41.044Z,galaxies,gpt-6-astra,high,237075,236800,0,110,47,237185,275,0.24505
1361,2026-09-21T03:44:29.695Z,galaxies,gpt-6-astra,high,237208,237056,0,17,0,237225,152,0.239426
1362,2026-09-21T03:44:52.447Z,galaxies,gpt-6-astra,high,237354,237184,0,612,536,237966,170,0.269484
1363,2026-09-21T03:45:40.055Z,galaxies,gpt-6-astra,high,237989,237312,0,17,0,238006,677,0.244932
1364,2026-09-21T03:45:47.272Z,galaxies,gpt-6-astra,high,238135,237952,0,96,46,238231,183,0.244582
1365,2026-09-21T03:46:35.844Z,galaxies,gpt-6-astra,high,238254,238080,0,17,0,238271,174,0.24067
1366,2026-09-21T03:46:40.844Z,galaxies,gpt-6-astra,high,238402,238208,0,72,0,238474,194,0.243748
1367,2026-09-21T03:47:30.154Z,galaxies,gpt-6-astra,high,238497,238336,0,17,0,238514,161,0.240796
1368,2026-09-21T03:47:36.497Z,galaxies,gpt-6-astra,high,238645,238464,0,54,0,238699,181,0.242974
1369,2026-09-21T03:48:25.805Z,galaxies,gpt-6-astra,high,238722,238592,0,17,0,238739,130,0.240742
1370,2026-09-21T03:48:35.604Z,galaxies,gpt-6-astra,high,238870,238592,0,183,126,239053,278,0.250522
1371,2026-09-21T03:49:26.967Z,galaxies,gpt-6-astra,high,239076,238848,0,17,0,239093,228,0.241978
1372,2026-09-21T03:49:33.613Z,galaxies,gpt-6-astra,high,239224,238976,0,104,26,239328,248,0.246656
1373,2026-09-21T03:50:21.022Z,galaxies,gpt-6-astra,high,239351,239104,0,17,0,239368,247,0.242424
1374,2026-09-21T03:50:26.124Z,galaxies,gpt-6-astra,high,239499,239232,0,51,0,239550,267,0.244452
1375,2026-09-21T03:51:15.526Z,galaxies,gpt-6-astra,high,239573,239360,0,17,0,239590,213,0.24234
1376,2026-09-21T03:51:46.558Z,galaxies,gpt-6-astra,high,239721,239488,0,918,867,240639,233,0.287718
1377,2026-09-21T03:52:34.281Z,galaxies,gpt-6-astra,high,240662,239616,0,17,0,240679,1046,0.250926
1378,2026-09-21T03:52:43.320Z,galaxies,gpt-6-astra,high,240810,240640,0,151,74,240961,170,0.24989
1379,2026-09-21T03:53:32.118Z,galaxies,gpt-6-astra,high,240984,240768,0,17,0,241001,216,0.243778
1380,2026-09-21T03:53:38.993Z,galaxies,gpt-6-astra,high,241132,240896,0,51,0,241183,236,0.245806
1381,2026-09-21T03:54:27.335Z,galaxies,gpt-6-astra,high,241206,241024,0,17,0,241223,182,0.243694
1382,2026-09-21T03:54:33.301Z,galaxies,gpt-6-astra,high,241354,241152,0,77,0,241431,202,0.247022
1383,2026-09-21T03:55:22.323Z,galaxies,gpt-6-astra,high,241454,241280,0,17,0,241471,174,0.24387
1384,2026-09-21T03:55:28.580Z,galaxies,gpt-6-astra,high,241602,241408,0,108,48,241710,194,0.248748
1385,2026-09-21T03:56:16.192Z,galaxies,gpt-6-astra,high,241733,241536,0,17,0,241750,197,0.244356
1386,2026-09-21T03:56:23.755Z,galaxies,gpt-6-astra,high,241881,241664,0,47,0,241928,217,0.246184
1387,2026-09-21T03:57:11.661Z,galaxies,gpt-6-astra,high,241951,241792,0,17,0,241968,159,0.244232
1388,2026-09-21T03:57:48.298Z,galaxies,gpt-6-astra,high,242099,241920,0,1025,950,243124,179,0.29496
1389,2026-09-21T03:58:35.858Z,galaxies,gpt-6-astra,high,243147,242048,0,17,0,243164,1099,0.253888
1390,2026-09-21T03:58:42.973Z,galaxies,gpt-6-astra,high,243295,243072,0,73,15,243368,223,0.248952
1391,2026-09-21T03:59:33.169Z,galaxies,gpt-6-astra,high,243391,243200,0,17,0,243408,191,0.24596
1392,2026-09-21T03:59:40.150Z,galaxies,gpt-6-astra,high,243539,243328,0,52,0,243591,211,0.248038
1393,2026-09-21T04:00:30.407Z,galaxies,gpt-6-astra,high,243614,243456,0,17,0,243631,158,0.245886
1394,2026-09-21T04:00:36.194Z,galaxies,gpt-6-astra,high,243762,243584,0,82,0,243844,178,0.249464
1395,2026-09-21T04:01:26.736Z,galaxies,gpt-6-astra,high,243867,243712,0,17,0,243884,155,0.246112
1396,2026-09-21T04:01:32.120Z,galaxies,gpt-6-astra,high,244015,243840,0,71,12,244086,175,0.24914
1397,2026-09-21T04:02:20.016Z,galaxies,gpt-6-astra,high,244109,243968,0,17,0,244126,141,0.246228
1398,2026-09-21T04:02:28.168Z,galaxies,gpt-6-astra,high,244257,243968,0,68,0,244325,289,0.250258
1399,2026-09-21T04:03:15.621Z,galaxies,gpt-6-astra,high,244348,244224,0,17,0,244365,124,0.246314
1400,2026-09-21T04:03:25.160Z,galaxies,gpt-6-astra,high,244496,244224,0,156,90,244652,272,0.254744
1401,2026-09-21T04:04:12.766Z,galaxies,gpt-6-astra,high,244675,244352,0,17,0,244692,323,0.248432
1402,2026-09-21T04:07:26.447Z,galaxies,gpt-6-astra,high,244729,244608,0,6219,0,250948,121,0.556768
1403,2026-09-21T04:07:32.048Z,galaxies,gpt-6-astra,high,29335,12160,0,55,0,29390,17175,0.18666
1404,2026-09-21T04:07:41.373Z,galaxies,gpt-6-astra,high,33812,29184,0,208,71,34020,4628,0.085864
1405,2026-09-21T04:07:54.330Z,galaxies,gpt-6-astra,high,39345,33664,0,389,90,39734,5681,0.109924
1406,2026-09-21T04:08:03.103Z,galaxies,gpt-6-astra,high,42842,39168,0,156,89,42998,3674,0.083708
1407,2026-09-21T04:08:08.321Z,galaxies,gpt-6-astra,high,44570,42624,0,122,0,44692,1946,0.068184
1408,2026-09-21T04:08:13.519Z,galaxies,gpt-6-astra,high,45479,44416,0,109,25,45588,1063,0.060496
1409,2026-09-21T04:08:27.409Z,galaxies,gpt-6-astra,high,49337,45312,0,100,33,49437,4025,0.090562
1410,2026-09-21T04:08:30.724Z,galaxies,gpt-6-astra,high,52685,49152,0,29,8,52714,3533,0.085932
1411,2026-09-21T04:09:18.671Z,galaxies,gpt-6-astra,high,52737,52480,0,51,0,52788,257,0.0576
1412,2026-09-21T04:09:23.405Z,galaxies,gpt-6-astra,high,55778,52608,0,91,15,55869,3170,0.088858
1413,2026-09-21T04:10:10.212Z,galaxies,gpt-6-astra,high,55892,55552,0,17,0,55909,340,0.059802
1414,2026-09-21T04:10:14.380Z,galaxies,gpt-6-astra,high,56040,55680,0,94,27,56134,360,0.06398
1415,2026-09-21T04:11:01.063Z,galaxies,gpt-6-astra,high,56157,55808,0,17,0,56174,349,0.060148
1416,2026-09-21T04:11:10.057Z,galaxies,gpt-6-astra,high,56316,55936,0,253,0,56569,380,0.072386
1417,2026-09-21T04:11:19.969Z,galaxies,gpt-6-astra,high,56930,56192,0,158,19,57088,738,0.071472
1418,2026-09-21T04:11:24.528Z,galaxies,gpt-6-astra,high,57580,56704,0,89,0,57669,876,0.069914
1419,2026-09-21T04:11:30.062Z,galaxies,gpt-6-astra,high,63252,57344,0,120,43,63372,5908,0.122424
1420,2026-09-21T04:11:37.989Z,galaxies,gpt-6-astra,high,65393,63104,0,173,0,65566,2289,0.094644
1421,2026-09-21T04:11:45.678Z,galaxies,gpt-6-astra,high,66436,65152,0,144,70,66580,1284,0.085192
1422,2026-09-21T04:11:58.121Z,galaxies,gpt-6-astra,high,70866,66304,0,368,204,71234,4562,0.130324
1423,2026-09-21T04:12:10.260Z,galaxies,gpt-6-astra,high,72686,70656,0,355,96,73041,2030,0.108706
1424,2026-09-21T04:12:22.592Z,galaxies,gpt-6-astra,high,73100,72448,0,312,132,73412,652,0.094568
1425,2026-09-21T04:12:27.659Z,galaxies,gpt-6-astra,high,74524,72960,0,119,0,74643,1564,0.09455
1426,2026-09-21T04:12:41.342Z,galaxies,gpt-6-astra,high,80579,74368,0,361,240,80940,6211,0.154528
1427,2026-09-21T04:12:54.030Z,galaxies,gpt-6-astra,high,83801,79872,0,323,239,84124,3929,0.135312
1428,2026-09-21T04:13:15.073Z,galaxies,gpt-6-astra,high,86689,83712,0,627,21,87316,2977,0.144832
1429,2026-09-21T04:13:33.819Z,galaxies,gpt-6-astra,high,89221,86528,0,542,79,89763,2693,0.140558
1430,2026-09-21T04:13:44.532Z,galaxies,gpt-6-astra,high,90300,89088,0,200,10,90500,1212,0.111208
1431,2026-09-21T04:13:53.636Z,galaxies,gpt-6-astra,high,91092,90112,0,217,23,91309,980,0.110762
1432,2026-09-21T04:14:09.891Z,galaxies,gpt-6-astra,high,92685,91008,0,325,58,93010,1677,0.124028
1433,2026-09-21T04:14:16.495Z,galaxies,gpt-6-astra,high,93133,92544,0,116,16,93249,589,0.104234
1434,2026-09-21T04:14:41.560Z,galaxies,gpt-6-astra,high,93588,93056,0,685,75,94273,532,0.132626
1435,2026-09-21T04:15:04.698Z,galaxies,gpt-6-astra,high,94363,93440,0,682,73,95045,923,0.13677
1436,2026-09-21T04:15:11.224Z,galaxies,gpt-6-astra,high,95186,94208,0,151,0,95337,978,0.111538
1437,2026-09-21T04:15:22.734Z,galaxies,gpt-6-astra,high,95412,95104,0,242,126,95654,308,0.110284
1438,2026-09-21T04:15:35.035Z,galaxies,gpt-6-astra,high,95770,95232,0,184,58,95954,538,0.109812
1439,2026-09-21T04:15:48.613Z,galaxies,gpt-6-astra,high,97659,95616,0,356,77,98015,2043,0.133846
1440,2026-09-21T04:15:54.501Z,galaxies,gpt-6-astra,high,98146,97280,0,108,29,98254,866,0.11134
1441,2026-09-21T04:16:06.223Z,galaxies,gpt-6-astra,high,99185,97920,0,338,111,99523,1265,0.12747
1442,2026-09-21T04:16:13.311Z,galaxies,gpt-6-astra,high,99621,98944,0,120,43,99741,677,0.111714
1443,2026-09-21T04:16:21.057Z,galaxies,gpt-6-astra,high,101585,99456,0,200,70,101785,2129,0.130746
1444,2026-09-21T04:16:54.368Z,galaxies,gpt-6-astra,high,101926,101376,0,832,127,102758,550,0.148476
1445,2026-09-21T04:17:00.582Z,galaxies,gpt-6-astra,high,102828,101760,0,136,8,102964,1068,0.11924
1446,2026-09-21T04:17:11.030Z,galaxies,gpt-6-astra,high,103160,102656,0,299,13,103459,504,0.122646
1447,2026-09-21T04:17:26.398Z,galaxies,gpt-6-astra,high,103585,102912,0,293,104,103878,673,0.124292
1448,2026-09-21T04:17:40.504Z,galaxies,gpt-6-astra,high,105247,103424,0,336,162,105583,1823,0.138454
1449,2026-09-21T04:18:20.343Z,galaxies,gpt-6-astra,high,107207,105088,0,1238,68,108445,2119,0.188178
1450,2026-09-21T04:18:34.907Z,galaxies,gpt-6-astra,high,109852,45312,0,215,89,110067,64540,0.701462
1451,2026-09-21T04:18:49.322Z,galaxies,gpt-6-astra,high,110850,109440,0,226,47,111076,1410,0.13484
1452,2026-09-21T04:19:09.158Z,galaxies,gpt-6-astra,high,111249,110720,0,246,34,111495,529,0.12831
1453,2026-09-21T04:19:21.348Z,galaxies,gpt-6-astra,high,111821,111104,0,283,38,112104,717,0.132424
1454,2026-09-21T04:19:31.999Z,galaxies,gpt-6-astra,high,112426,111744,0,93,72,112519,682,0.123214
1455,2026-09-21T04:20:22.216Z,galaxies,gpt-6-astra,high,112542,112384,0,115,0,112657,158,0.119714
1456,2026-09-21T04:20:33.828Z,galaxies,gpt-6-astra,high,112988,112384,0,256,13,113244,604,0.131224
1457,2026-09-21T04:20:47.489Z,galaxies,gpt-6-astra,high,113393,112896,0,277,81,113670,497,0.131716
1458,2026-09-21T04:21:01.248Z,galaxies,gpt-6-astra,high,113988,113280,0,282,261,114270,708,0.13446
1459,2026-09-21T04:21:55.351Z,galaxies,gpt-6-astra,high,114293,113920,0,257,0,114550,373,0.1305
1460,2026-09-21T04:22:06.899Z,galaxies,gpt-6-astra,high,114903,114176,0,306,180,115209,727,0.136746
1461,2026-09-21T04:22:14.878Z,galaxies,gpt-6-astra,high,115463,114816,0,171,150,115634,647,0.129836
1462,2026-09-21T04:23:06.718Z,galaxies,gpt-6-astra,high,115657,115328,0,208,0,115865,329,0.129018
1463,2026-09-21T04:23:19.729Z,galaxies,gpt-6-astra,high,116272,115584,0,340,29,116612,688,0.139464
1464,2026-09-21T04:24:10.175Z,galaxies,gpt-6-astra,high,116799,116224,0,1582,268,118381,575,0.201074
1465,2026-09-21T04:24:18.750Z,galaxies,gpt-6-astra,high,118497,116736,0,179,158,118676,1761,0.143296
1466,2026-09-21T04:25:09.268Z,galaxies,gpt-6-astra,high,118699,118400,0,127,0,118826,299,0.12774
1467,2026-09-21T04:25:37.484Z,galaxies,gpt-6-astra,high,119122,118656,0,714,638,119836,466,0.159016
1468,2026-09-21T04:26:25.584Z,galaxies,gpt-6-astra,high,119859,119040,0,54,0,119913,819,0.12993
1469,2026-09-21T04:26:52.942Z,galaxies,gpt-6-astra,high,120112,119808,0,670,597,120782,304,0.156348
1470,2026-09-21T04:27:42.949Z,galaxies,gpt-6-astra,high,120805,120064,0,120,0,120925,741,0.133474
1471,2026-09-21T04:28:05.669Z,galaxies,gpt-6-astra,high,121051,120704,0,536,398,121587,347,0.150974
1472,2026-09-21T04:28:11.398Z,galaxies,gpt-6-astra,high,121698,120960,0,86,20,121784,738,0.13264
1473,2026-09-21T04:28:58.700Z,galaxies,gpt-6-astra,high,121807,121600,0,45,0,121852,207,0.12592
1474,2026-09-21T04:29:09.984Z,galaxies,gpt-6-astra,high,122032,121728,0,156,102,122188,304,0.132568
1475,2026-09-21T04:29:58.731Z,galaxies,gpt-6-astra,high,122211,121984,0,77,0,122288,227,0.128104
1476,2026-09-21T04:30:28.168Z,galaxies,gpt-6-astra,high,122432,122112,0,690,630,123122,320,0.159812
1477,2026-09-21T04:31:16.673Z,galaxies,gpt-6-astra,high,123145,122368,0,68,0,123213,777,0.133538
1478,2026-09-21T04:31:22.001Z,galaxies,gpt-6-astra,high,123338,123008,0,70,14,123408,330,0.129808
1479,2026-09-21T04:31:58.397Z,galaxies,gpt-6-astra,high,123637,123264,0,1139,224,124776,373,0.183944
1480,2026-09-21T04:32:04.279Z,galaxies,gpt-6-astra,high,125132,123520,0,88,17,125220,1612,0.14404
1481,2026-09-21T04:32:09.950Z,galaxies,gpt-6-astra,high,125471,125056,0,104,0,125575,415,0.134406
1482,2026-09-21T04:32:17.138Z,galaxies,gpt-6-astra,high,127147,125312,0,141,41,127288,1835,0.150712
1483,2026-09-21T04:32:32.175Z,galaxies,gpt-6-astra,high,128443,127104,0,436,415,128879,1339,0.162294
1484,2026-09-21T04:33:19.009Z,galaxies,gpt-6-astra,high,128902,128384,0,17,0,128919,518,0.134414
1485,2026-09-21T04:33:30.556Z,galaxies,gpt-6-astra,high,129075,128768,0,233,0,129308,307,0.143488
1486,2026-09-21T04:33:41.557Z,galaxies,gpt-6-astra,high,129406,129024,0,262,152,129668,382,0.145944
1487,2026-09-21T04:33:49.462Z,galaxies,gpt-6-astra,high,131360,129280,0,136,69,131496,2080,0.15688
1488,2026-09-21T04:33:57.388Z,galaxies,gpt-6-astra,high,131644,131200,0,194,0,131838,444,0.14534
1489,2026-09-21T04:34:41.831Z,galaxies,gpt-6-astra,high,133316,131584,0,1385,1011,134701,1732,0.218154
1490,2026-09-21T04:34:57.416Z,galaxies,gpt-6-astra,high,136093,133248,0,415,12,136508,2845,0.182448
1491,2026-09-21T04:35:09.003Z,galaxies,gpt-6-astra,high,136779,135808,0,304,199,137083,971,0.160718
1492,2026-09-21T04:35:47.940Z,galaxies,gpt-6-astra,high,139642,136576,0,1126,516,140768,3066,0.223536
1493,2026-09-21T04:35:58.306Z,galaxies,gpt-6-astra,high,140828,139520,0,223,47,141051,1308,0.16375
1494,2026-09-21T04:36:45.500Z,galaxies,gpt-6-astra,high,143226,140672,0,1490,516,144716,2554,0.240712
1495,2026-09-21T04:37:05.303Z,galaxies,gpt-6-astra,high,145762,143104,0,592,230,146354,2658,0.199284
1496,2026-09-21T04:37:28.978Z,galaxies,gpt-6-astra,high,146411,145536,0,675,303,147086,875,0.188036
1497,2026-09-21T04:37:38.602Z,galaxies,gpt-6-astra,high,147282,146176,0,202,85,147484,1106,0.167336
1498,2026-09-21T04:38:13.646Z,galaxies,gpt-6-astra,high,149223,147072,0,1064,429,150287,2151,0.221782
1499,2026-09-21T04:38:50.054Z,galaxies,gpt-6-astra,high,150448,149120,0,1126,516,151574,1328,0.2187
1500,2026-09-21T04:39:05.680Z,galaxies,gpt-6-astra,high,151784,150272,0,432,257,152216,1512,0.186992
1501,2026-09-21T04:39:25.098Z,galaxies,gpt-6-astra,high,152271,151680,0,537,516,152808,591,0.18444
1502,2026-09-21T04:40:12.499Z,galaxies,gpt-6-astra,high,152831,152192,0,17,0,152848,639,0.159432
1503,2026-09-21T04:40:20.358Z,galaxies,gpt-6-astra,high,153008,152704,0,177,106,153185,304,0.164594
1504,2026-09-21T04:41:09.322Z,galaxies,gpt-6-astra,high,153208,152832,0,17,0,153225,376,0.157442
1505,2026-09-21T04:41:30.055Z,galaxies,gpt-6-astra,high,153385,153088,0,575,509,153960,297,0.184808
1506,2026-09-21T04:42:17.032Z,galaxies,gpt-6-astra,high,153983,153216,0,17,0,154000,767,0.161736
1507,2026-09-21T04:42:26.784Z,galaxies,gpt-6-astra,high,154172,153856,0,234,0,154406,316,0.168716
1508,2026-09-21T04:42:39.353Z,galaxies,gpt-6-astra,high,154504,153984,0,279,159,154783,520,0.173134
1509,2026-09-21T04:42:51.761Z,galaxies,gpt-6-astra,high,155007,154368,0,235,0,155242,639,0.172508
1510,2026-09-21T04:43:44.110Z,galaxies,gpt-6-astra,high,157215,154880,0,1646,1382,158861,2335,0.26053
1511,2026-09-21T04:44:07.203Z,galaxies,gpt-6-astra,high,160161,157056,0,681,621,160842,3105,0.222156
1512,2026-09-21T04:44:13.668Z,galaxies,gpt-6-astra,high,161974,160000,0,107,32,162081,1974,0.18509
1513,2026-09-21T04:44:32.263Z,galaxies,gpt-6-astra,high,163390,161792,0,505,312,163895,1598,0.203022
1514,2026-09-21T04:45:16.456Z,galaxies,gpt-6-astra,high,164003,163200,0,1384,133,165387,803,0.24043
1515,2026-09-21T04:45:22.605Z,galaxies,gpt-6-astra,high,165444,163840,0,98,27,165542,1604,0.18478
1516,2026-09-21T04:45:33.662Z,galaxies,gpt-6-astra,high,167574,165248,0,166,91,167740,2326,0.196808
1517,2026-09-21T04:46:03.028Z,galaxies,gpt-6-astra,high,168425,167424,0,864,484,169289,1001,0.220634
1518,2026-09-21T04:47:05.850Z,galaxies,gpt-6-astra,high,169347,168320,0,1994,770,171341,1027,0.27829
1519,2026-09-21T04:47:21.639Z,galaxies,gpt-6-astra,high,171398,169216,0,321,165,171719,2182,0.207086
1520,2026-09-21T04:47:41.683Z,galaxies,gpt-6-astra,high,171916,171264,0,566,378,172482,652,0.206084
1521,2026-09-21T04:47:50.877Z,galaxies,gpt-6-astra,high,172619,171776,0,186,0,172805,843,0.189506
1522,2026-09-21T04:48:33.753Z,galaxies,gpt-6-astra,high,172864,172544,0,1329,919,174193,320,0.242194
1523,2026-09-21T04:48:54.879Z,galaxies,gpt-6-astra,high,174410,172672,0,578,461,174988,1738,0.218952
1524,2026-09-21T04:49:18.174Z,galaxies,gpt-6-astra,high,179282,174336,0,631,492,179913,4946,0.255346
1525,2026-09-21T04:50:06.778Z,galaxies,gpt-6-astra,high,181152,178944,0,1447,950,182599,2208,0.273374
1526,2026-09-21T04:50:23.406Z,galaxies,gpt-6-astra,high,182658,181120,0,392,195,183050,1538,0.2161
1527,2026-09-21T04:50:55.803Z,galaxies,gpt-6-astra,high,183324,182528,0,919,828,184243,796,0.236438
1528,2026-09-21T04:51:11.739Z,galaxies,gpt-6-astra,high,184568,183296,0,396,62,184964,1272,0.215816
1529,2026-09-21T04:52:21.749Z,galaxies,gpt-6-astra,high,185127,184448,0,2041,1402,187168,679,0.293288
1530,2026-09-21T04:53:34.960Z,galaxies,gpt-6-astra,high,187366,185088,0,2111,398,189477,2278,0.313418
1531,2026-09-21T04:54:11.153Z,galaxies,gpt-6-astra,high,189571,187264,0,1082,913,190653,2307,0.264434
1532,2026-09-21T04:54:18.825Z,galaxies,gpt-6-astra,high,190789,189440,0,96,20,190885,1349,0.20773
1533,2026-09-21T04:54:33.566Z,galaxies,gpt-6-astra,high,191362,190720,0,253,102,191615,642,0.20979
1534,2026-09-21T04:54:51.788Z,galaxies,gpt-6-astra,high,192328,191232,0,492,199,192820,1096,0.226792
1535,2026-09-21T04:55:34.457Z,galaxies,gpt-6-astra,high,193957,192256,0,1278,516,195235,1701,0.273166
1536,2026-09-21T04:56:34.726Z,galaxies,gpt-6-astra,high,195448,193920,0,1534,922,196982,1528,0.2859
1537,2026-09-21T04:57:27.988Z,galaxies,gpt-6-astra,high,197041,195328,0,1664,1493,198705,1713,0.295658
1538,2026-09-21T04:57:49.803Z,galaxies,gpt-6-astra,high,198864,196992,0,569,240,199433,1872,0.244162
1539,2026-09-21T04:58:13.621Z,galaxies,gpt-6-astra,high,199594,198784,0,578,192,200172,810,0.235784
1540,2026-09-21T04:58:36.803Z,galaxies,gpt-6-astra,high,200712,199552,0,595,462,201307,1160,0.240902
1541,2026-09-21T04:59:01.156Z,galaxies,gpt-6-astra,high,201504,200576,0,701,516,202205,928,0.244906
1542,2026-09-21T04:59:11.188Z,galaxies,gpt-6-astra,high,202262,201472,0,160,26,202422,790,0.217372
1543,2026-09-21T04:59:30.669Z,galaxies,gpt-6-astra,high,202682,202240,0,493,212,203175,442,0.23131
1544,2026-09-21T05:00:17.404Z,galaxies,gpt-6-astra,high,203631,202624,0,1279,1207,204910,1007,0.276644
1545,2026-09-21T05:01:09.463Z,galaxies,gpt-6-astra,high,204933,203520,0,110,0,205043,1413,0.22315
1546,2026-09-21T05:01:23.677Z,galaxies,gpt-6-astra,high,205268,204800,0,363,167,205631,468,0.22763
1547,2026-09-21T05:01:39.571Z,galaxies,gpt-6-astra,high,205777,205184,0,315,56,206092,593,0.226864
1548,2026-09-21T05:03:42.766Z,galaxies,gpt-6-astra,high,206565,113920,0,3223,2956,209788,92645,1.20152
1549,2026-09-21T05:04:01.010Z,galaxies,gpt-6-astra,high,210158,206464,0,518,163,210676,3694,0.269304
1550,2026-09-21T05:05:36.965Z,galaxies,gpt-6-astra,high,210866,210048,0,3072,1631,213938,818,0.371828
1551,2026-09-21T05:06:29.708Z,galaxies,gpt-6-astra,high,214058,210816,0,1625,1435,215683,3242,0.324486
1552,2026-09-21T05:07:21.888Z,galaxies,gpt-6-astra,high,216151,214016,0,1290,1222,217441,2135,0.299866
1553,2026-09-21T05:08:10.554Z,galaxies,gpt-6-astra,high,217464,216064,0,47,0,217511,1400,0.232414
1554,2026-09-21T05:09:21.615Z,galaxies,gpt-6-astra,high,217587,217344,0,1898,1827,219485,243,0.314674
1555,2026-09-21T05:10:13.477Z,galaxies,gpt-6-astra,high,219508,217472,0,130,0,219638,2036,0.244332
1556,2026-09-21T05:10:54.140Z,galaxies,gpt-6-astra,high,219781,219392,0,940,882,220721,389,0.270282
1557,2026-09-21T05:11:42.893Z,galaxies,gpt-6-astra,high,220744,219648,0,47,0,220791,1096,0.232958
1558,2026-09-21T05:11:47.202Z,galaxies,gpt-6-astra,high,220866,220672,0,72,0,220938,194,0.226212
1559,2026-09-21T05:13:05.337Z,galaxies,gpt-6-astra,high,221494,220800,0,2528,1552,224022,694,0.35414
1560,2026-09-21T05:13:27.542Z,galaxies,gpt-6-astra,high,224081,221440,0,600,501,224681,2641,0.27785
1561,2026-09-21T05:13:32.710Z,galaxies,gpt-6-astra,high,224941,224000,0,100,0,225041,941,0.23841
1562,2026-09-21T05:13:41.658Z,galaxies,gpt-6-astra,high,226613,224896,0,103,0,226716,1717,0.247216
1563,2026-09-21T05:13:48.215Z,galaxies,gpt-6-astra,high,228023,226560,0,102,49,228125,1463,0.24629
1564,2026-09-21T05:14:52.958Z,galaxies,gpt-6-astra,high,229878,227968,0,2065,1892,231943,1910,0.350318
1565,2026-09-21T05:16:36.217Z,galaxies,gpt-6-astra,high,232543,229760,0,3344,1547,235887,2783,0.42479
1566,2026-09-21T05:17:32.022Z,galaxies,gpt-6-astra,high,235957,232448,0,1747,138,237704,3509,0.354888
1567,2026-09-21T05:17:41.126Z,galaxies,gpt-6-astra,high,237798,235904,0,158,78,237956,1894,0.262744
1568,2026-09-21T05:18:09.780Z,galaxies,gpt-6-astra,high,238909,237696,0,817,760,239726,1213,0.290676
1569,2026-09-21T05:18:29.954Z,galaxies,gpt-6-astra,high,241208,238848,0,493,436,241701,2360,0.287098
1570,2026-09-21T05:18:36.958Z,galaxies,gpt-6-astra,high,241876,241152,0,117,50,241993,724,0.254242
1571,2026-09-21T05:20:27.355Z,galaxies,gpt-6-astra,high,243073,241792,0,3600,1918,246673,1281,0.434602
1572,2026-09-21T05:24:30.676Z,galaxies,gpt-6-astra,high,246710,242944,0,7975,0,254685,3766,0.679354
1573,2026-09-21T05:24:38.457Z,galaxies,gpt-6-astra,high,31088,12160,0,185,44,31273,18928,0.21069
1574,2026-09-21T05:24:41.538Z,galaxies,gpt-6-astra,high,32538,30848,0,63,0,32601,1690,0.050898
1575,2026-09-21T05:24:54.062Z,galaxies,gpt-6-astra,high,37867,32384,0,377,25,38244,5483,0.106064
1576,2026-09-21T05:24:59.566Z,galaxies,gpt-6-astra,high,38456,37632,0,81,0,38537,824,0.049922
1577,2026-09-21T05:25:06.447Z,galaxies,gpt-6-astra,high,40109,38272,0,165,0,40274,1837,0.064892
1578,2026-09-21T05:25:18.168Z,galaxies,gpt-6-astra,high,49725,39936,0,264,22,49989,9789,0.151026
1579,2026-09-21T05:25:26.027Z,galaxies,gpt-6-astra,high,56174,49536,0,220,36,56394,6638,0.126916
1580,2026-09-21T05:25:55.212Z,galaxies,gpt-6-astra,high,61150,55936,0,920,160,62070,5214,0.154076
1581,2026-09-21T05:26:03.112Z,galaxies,gpt-6-astra,high,62129,60928,0,170,20,62299,1201,0.081438
1582,2026-09-21T05:26:12.766Z,galaxies,gpt-6-astra,high,65278,61952,0,242,63,65520,3326,0.107312
1583,2026-09-21T05:27:16.897Z,galaxies,gpt-6-astra,high,67966,65152,0,1918,197,69884,2814,0.189192
1584,2026-09-21T05:28:02.733Z,galaxies,gpt-6-astra,high,69942,67840,0,1432,154,71374,2102,0.16046
1585,2026-09-21T05:28:11.807Z,galaxies,gpt-6-astra,high,71463,69760,0,231,10,71694,1703,0.09834
1586,2026-09-21T05:28:19.492Z,galaxies,gpt-6-astra,high,72170,71296,0,207,0,72377,874,0.090386
1587,2026-09-21T05:28:27.173Z,galaxies,gpt-6-astra,high,72759,71936,0,176,0,72935,823,0.088966
1588,2026-09-21T05:28:42.063Z,galaxies,gpt-6-astra,high,72994,72576,0,413,114,73407,418,0.097406
1589,2026-09-21T05:29:10.645Z,galaxies,gpt-6-astra,high,74048,72832,0,900,23,74948,1216,0.129992
1590,2026-09-21T05:29:27.116Z,galaxies,gpt-6-astra,high,75006,73856,0,473,24,75479,1150,0.109006
1591,2026-09-21T05:29:34.987Z,galaxies,gpt-6-astra,high,75738,74880,0,167,68,75905,858,0.09181
1592,2026-09-21T05:29:41.176Z,galaxies,gpt-6-astra,high,77088,75520,0,120,15,77208,1568,0.0972
1593,2026-09-21T05:29:51.126Z,galaxies,gpt-6-astra,high,80220,76928,0,222,48,80442,3292,0.120948
1594,2026-09-21T05:30:07.644Z,galaxies,gpt-6-astra,high,81004,79488,0,400,184,81404,1516,0.114648
1595,2026-09-21T05:30:31.672Z,galaxies,gpt-6-astra,high,83137,80896,0,755,94,83892,2241,0.141056
1596,2026-09-21T05:30:39.429Z,galaxies,gpt-6-astra,high,83949,82944,0,217,32,84166,1005,0.103844
1597,2026-09-21T05:31:01.437Z,galaxies,gpt-6-astra,high,84282,83840,0,681,448,84963,442,0.12231
1598,2026-09-21T05:31:08.185Z,galaxies,gpt-6-astra,high,86590,84096,0,133,65,86723,2494,0.115686
1599,2026-09-21T05:31:22.928Z,galaxies,gpt-6-astra,high,89631,86400,0,436,65,90067,3231,0.14051
1600,2026-09-21T05:31:29.166Z,galaxies,gpt-6-astra,high,90158,89472,0,146,62,90304,686,0.103632
1601,2026-09-21T05:31:44.250Z,galaxies,gpt-6-astra,high,90393,89984,0,372,70,90765,409,0.112674
1602,2026-09-21T05:31:50.564Z,galaxies,gpt-6-astra,high,91227,90240,0,113,92,91340,987,0.10576
1603,2026-09-21T05:32:43.507Z,galaxies,gpt-6-astra,high,91363,91008,0,221,0,91584,355,0.105608
1604,2026-09-21T05:32:53.492Z,galaxies,gpt-6-astra,high,91869,91264,0,259,14,92128,605,0.110264
1605,2026-09-21T05:33:12.706Z,galaxies,gpt-6-astra,high,92208,91648,0,548,34,92756,560,0.124648
1606,2026-09-21T05:33:22.461Z,galaxies,gpt-6-astra,high,93211,92032,0,281,73,93492,1179,0.117872
1607,2026-09-21T05:33:30.364Z,galaxies,gpt-6-astra,high,94602,93056,0,182,98,94784,1546,0.117616
1608,2026-09-21T05:33:41.020Z,galaxies,gpt-6-astra,high,97698,94464,0,311,71,98009,3234,0.142354
1609,2026-09-21T05:33:53.870Z,galaxies,gpt-6-astra,high,98099,97536,0,343,124,98442,563,0.120316
1610,2026-09-21T05:34:04.832Z,galaxies,gpt-6-astra,high,101543,97920,0,290,136,101833,3623,0.14865
1611,2026-09-21T05:34:22.412Z,galaxies,gpt-6-astra,high,101992,101248,0,349,251,102341,744,0.126138
1612,2026-09-21T05:34:29.017Z,galaxies,gpt-6-astra,high,103082,101888,0,155,18,103237,1194,0.121578
1613,2026-09-21T05:34:43.596Z,galaxies,gpt-6-astra,high,103468,103040,0,260,28,103728,428,0.12032
1614,2026-09-21T05:34:50.186Z,galaxies,gpt-6-astra,high,104301,103424,0,153,13,104454,877,0.119844
1615,2026-09-21T05:35:08.897Z,galaxies,gpt-6-astra,high,104546,104192,0,536,13,105082,354,0.134532
1616,2026-09-21T05:35:30.430Z,galaxies,gpt-6-astra,high,107248,104448,0,664,80,107912,2800,0.165648
1617,2026-09-21T05:35:38.738Z,galaxies,gpt-6-astra,high,108012,107136,0,213,12,108225,876,0.126546
1618,2026-09-21T05:35:52.664Z,galaxies,gpt-6-astra,high,108347,107904,0,371,97,108718,443,0.130884
1619,2026-09-21T05:36:04.155Z,galaxies,gpt-6-astra,high,108870,108288,0,257,84,109127,582,0.126958
1620,2026-09-21T05:36:13.132Z,galaxies,gpt-6-astra,high,109530,108800,0,226,114,109756,730,0.1274
1621,2026-09-21T05:36:23.008Z,galaxies,gpt-6-astra,high,109901,109440,0,241,146,110142,461,0.1261
1622,2026-09-21T05:36:32.021Z,galaxies,gpt-6-astra,high,113550,109824,0,183,0,113733,3726,0.156234
1623,2026-09-21T05:36:37.785Z,galaxies,gpt-6-astra,high,113837,113408,0,94,52,113931,429,0.122398
1624,2026-09-21T05:36:47.105Z,galaxies,gpt-6-astra,high,115334,113664,0,232,146,115566,1670,0.141964
1625,2026-09-21T05:36:52.972Z,galaxies,gpt-6-astra,high,115623,115200,0,143,34,115766,423,0.12658
1626,2026-09-21T05:37:04.170Z,galaxies,gpt-6-astra,high,115913,115456,0,290,175,116203,457,0.134526
1627,2026-09-21T05:37:10.710Z,galaxies,gpt-6-astra,high,116553,115712,0,124,60,116677,841,0.130322
1628,2026-09-21T05:37:30.838Z,galaxies,gpt-6-astra,high,117509,116352,0,593,39,118102,1157,0.157572
1629,2026-09-21T05:37:38.882Z,galaxies,gpt-6-astra,high,118160,117376,0,178,65,118338,784,0.134116
1630,2026-09-21T05:37:51.002Z,galaxies,gpt-6-astra,high,118657,118016,0,265,82,118922,641,0.137676
1631,2026-09-21T05:38:04.526Z,galaxies,gpt-6-astra,high,120220,118528,0,165,74,120385,1692,0.143698
1632,2026-09-21T05:38:31.241Z,galaxies,gpt-6-astra,high,120549,120064,0,658,334,121207,485,0.157814
1633,2026-09-21T05:38:51.299Z,galaxies,gpt-6-astra,high,121572,120320,0,369,24,121941,1252,0.15129
1634,2026-09-21T05:39:07.266Z,galaxies,gpt-6-astra,high,122073,121344,0,426,405,122499,729,0.149934
1635,2026-09-21T05:39:59.652Z,galaxies,gpt-6-astra,high,122522,121856,0,146,0,122668,666,0.135816
1636,2026-09-21T05:40:14.627Z,galaxies,gpt-6-astra,high,123175,122368,0,282,74,123457,807,0.144538
1637,2026-09-21T05:40:34.050Z,galaxies,gpt-6-astra,high,123603,123008,0,519,353,124122,595,0.154908
1638,2026-09-21T05:40:54.583Z,galaxies,gpt-6-astra,high,125119,123392,0,453,306,125572,1727,0.163312
1639,2026-09-21T05:41:02.845Z,galaxies,gpt-6-astra,high,125692,124928,0,171,100,125863,764,0.141118
1640,2026-09-21T05:41:12.428Z,galaxies,gpt-6-astra,high,127493,125568,0,261,13,127754,1925,0.157868
1641,2026-09-21T05:41:27.569Z,galaxies,gpt-6-astra,high,128295,127360,0,237,96,128532,935,0.14856
1642,2026-09-21T05:41:50.302Z,galaxies,gpt-6-astra,high,129081,128128,0,635,506,129716,953,0.169408
1643,2026-09-21T05:41:59.449Z,galaxies,gpt-6-astra,high,131139,128896,0,228,46,131367,2243,0.162726
1644,2026-09-21T05:42:05.347Z,galaxies,gpt-6-astra,high,131646,130944,0,108,87,131754,702,0.143364
1645,2026-09-21T05:42:58.760Z,galaxies,gpt-6-astra,high,131777,131456,0,234,0,132011,321,0.146366
1646,2026-09-21T05:43:17.468Z,galaxies,gpt-6-astra,high,132291,131584,0,520,76,132811,707,0.164654
1647,2026-09-21T05:43:39.108Z,galaxies,gpt-6-astra,high,133042,132096,0,612,516,133654,946,0.172156
1648,2026-09-21T05:43:46.453Z,galaxies,gpt-6-astra,high,135650,132864,0,150,99,135800,2786,0.168224
1649,2026-09-21T05:44:03.831Z,galaxies,gpt-6-astra,high,138703,135424,0,517,352,139220,3279,0.194064
1650,2026-09-21T05:45:03.285Z,galaxies,gpt-6-astra,high,139607,138496,0,1921,154,141528,1111,0.245656
1651,2026-09-21T05:45:20.423Z,galaxies,gpt-6-astra,high,141620,139392,0,481,215,142101,2228,0.185722
1652,2026-09-21T05:45:33.822Z,galaxies,gpt-6-astra,high,142252,141440,0,206,9,142458,812,0.15986
1653,2026-09-21T05:45:51.374Z,galaxies,gpt-6-astra,high,142650,142080,0,512,438,143162,570,0.17338
1654,2026-09-21T05:46:46.994Z,galaxies,gpt-6-astra,high,143185,142464,0,132,0,143317,721,0.156274
1655,2026-09-21T05:47:25.211Z,galaxies,gpt-6-astra,high,143462,142976,0,1057,506,144519,486,0.200686
1656,2026-09-21T05:48:00.552Z,galaxies,gpt-6-astra,high,144996,143232,0,1012,936,146008,1764,0.211472
1657,2026-09-21T05:48:55.078Z,galaxies,gpt-6-astra,high,146031,144768,0,232,0,146263,1263,0.168998
1658,2026-09-21T05:50:25.193Z,galaxies,gpt-6-astra,high,146465,145920,0,2778,879,149243,545,0.29027
1659,2026-09-21T05:50:34.084Z,galaxies,gpt-6-astra,high,149299,146304,0,210,75,149509,2995,0.186754
1660,2026-09-21T05:51:17.720Z,galaxies,gpt-6-astra,high,149648,149120,0,1146,1009,150794,528,0.2117
1661,2026-09-21T05:51:25.108Z,galaxies,gpt-6-astra,high,150936,149504,0,137,71,151073,1432,0.170674
1662,2026-09-21T05:51:50.555Z,galaxies,gpt-6-astra,high,151130,150784,0,739,413,151869,346,0.191194
1663,2026-09-21T05:51:59.232Z,galaxies,gpt-6-astra,high,152208,151040,0,126,0,152334,1168,0.16902
1664,2026-09-21T05:52:19.279Z,galaxies,gpt-6-astra,high,153906,152064,0,485,135,154391,1842,0.194734
1665,2026-09-21T05:52:58.280Z,galaxies,gpt-6-astra,high,159564,153728,0,1219,1034,160783,5836,0.273038
1666,2026-09-21T05:53:18.982Z,galaxies,gpt-6-astra,high,162377,159488,0,624,502,163001,2889,0.219578
1667,2026-09-21T05:54:48.844Z,galaxies,gpt-6-astra,high,164064,162304,0,2919,1440,166983,1760,0.325854
1668,2026-09-21T05:55:05.470Z,galaxies,gpt-6-astra,high,167040,163968,0,248,172,167288,3072,0.207088
1669,2026-09-21T05:56:37.693Z,galaxies,gpt-6-astra,high,169801,166912,0,2966,691,172767,2889,0.344102
1670,2026-09-21T05:57:25.459Z,galaxies,gpt-6-astra,high,172823,169728,0,1498,805,174321,3095,0.275578
1671,2026-09-21T05:58:16.116Z,galaxies,gpt-6-astra,high,174524,172672,0,1567,1499,176091,1852,0.269542
1672,2026-09-21T06:00:25.834Z,galaxies,gpt-6-astra,high,178311,174464,0,4234,1104,182545,3847,0.424634
1673,2026-09-21T06:00:34.566Z,galaxies,gpt-6-astra,high,182603,178176,0,197,143,182800,4427,0.232296
1674,2026-09-21T06:01:16.498Z,galaxies,gpt-6-astra,high,183683,182528,0,1324,516,185007,1155,0.260278
1675,2026-09-21T06:01:29.354Z,galaxies,gpt-6-astra,high,185339,183552,0,246,165,185585,1787,0.213722
1676,2026-09-21T06:01:37.805Z,galaxies,gpt-6-astra,high,188450,185216,0,189,111,188639,3234,0.227006
1677,2026-09-21T06:01:51.486Z,galaxies,gpt-6-astra,high,191855,188288,0,344,277,192199,3567,0.241158
1678,2026-09-21T06:03:42.794Z,galaxies,gpt-6-astra,high,194912,191744,0,3590,1996,198502,3168,0.402924
1679,2026-09-21T06:03:56.981Z,galaxies,gpt-6-astra,high,198712,75520,0,201,72,198913,123192,1.31749
1680,2026-09-21T06:05:05.162Z,galaxies,gpt-6-astra,high,199245,198656,0,2185,1034,201430,589,0.313796
1681,2026-09-21T06:05:39.028Z,galaxies,gpt-6-astra,high,201707,199168,0,1053,38,202760,2539,0.277208
1682,2026-09-21T06:05:55.496Z,galaxies,gpt-6-astra,high,202817,201600,0,321,255,203138,1217,0.22982
1683,2026-09-21T06:07:19.548Z,galaxies,gpt-6-astra,high,204418,202752,0,2730,1034,207148,1666,0.355912
1684,2026-09-21T06:07:30.719Z,galaxies,gpt-6-astra,high,207206,204288,0,250,44,207456,2918,0.245968
1685,2026-09-21T06:07:41.208Z,galaxies,gpt-6-astra,high,207615,207104,0,224,148,207839,511,0.223414
1686,2026-09-21T06:08:13.562Z,galaxies,gpt-6-astra,high,208865,207488,0,1014,816,209879,1377,0.271958
1687,2026-09-21T06:08:21.860Z,galaxies,gpt-6-astra,high,209948,208768,0,168,30,210116,1180,0.228968
1688,2026-09-21T06:09:01.429Z,galaxies,gpt-6-astra,high,214799,209792,0,1234,932,216033,5007,0.321562
1689,2026-09-21T06:10:30.154Z,galaxies,gpt-6-astra,high,216242,214656,0,2692,2588,218934,1586,0.365116
1690,2026-09-21T06:11:09.800Z,galaxies,gpt-6-astra,high,219129,216192,0,1212,90,220341,2937,0.306162
1691,2026-09-21T06:11:55.309Z,galaxies,gpt-6-astra,high,220399,219008,0,1309,1200,221708,1391,0.298368
1692,2026-09-21T06:12:44.369Z,galaxies,gpt-6-astra,high,221828,220288,0,1489,1175,223317,1540,0.310138
1693,2026-09-21T06:13:00.200Z,galaxies,gpt-6-astra,high,223463,221696,0,431,92,223894,1767,0.260916
1694,2026-09-21T06:13:08.713Z,galaxies,gpt-6-astra,high,224166,223360,0,151,31,224317,806,0.23897
1695,2026-09-21T06:14:04.499Z,galaxies,gpt-6-astra,high,224854,224128,0,1750,1034,226604,726,0.318888
1696,2026-09-21T06:14:44.527Z,galaxies,gpt-6-astra,high,226674,224640,0,1188,934,227862,2034,0.30438
1697,2026-09-21T06:15:23.117Z,galaxies,gpt-6-astra,high,228002,226560,0,1097,889,229099,1442,0.29583
1698,2026-09-21T06:16:00.003Z,galaxies,gpt-6-astra,high,229347,227840,0,1154,932,230501,1507,0.30061
1699,2026-09-21T06:16:46.081Z,galaxies,gpt-6-astra,high,230576,229120,0,1268,1247,231844,1456,0.30708
1700,2026-09-21T06:17:37.194Z,galaxies,gpt-6-astra,high,231867,230400,0,137,0,232004,1467,0.25192
1701,2026-09-21T06:17:55.334Z,galaxies,gpt-6-astra,high,232373,231680,0,374,152,232747,693,0.25731
1702,2026-09-21T06:18:38.663Z,galaxies,gpt-6-astra,high,232852,232192,0,1230,1209,234082,660,0.300292
1703,2026-09-21T06:19:34.969Z,galaxies,gpt-6-astra,high,234105,232704,0,254,0,234359,1401,0.259414
1704,2026-09-21T06:19:51.243Z,galaxies,gpt-6-astra,high,234558,233984,0,429,79,234987,574,0.261174
1705,2026-09-21T06:20:52.597Z,galaxies,gpt-6-astra,high,235251,234368,0,1694,1517,236945,883,0.327898
1706,2026-09-21T06:20:58.724Z,galaxies,gpt-6-astra,high,237317,235136,0,87,66,237404,2181,0.261296
1707,2026-09-21T06:21:53.393Z,galaxies,gpt-6-astra,high,237427,237184,0,233,0,237660,243,0.251264
1708,2026-09-21T06:22:26.369Z,galaxies,gpt-6-astra,high,237963,237312,0,946,516,238909,651,0.291122
1709,2026-09-21T06:22:50.977Z,galaxies,gpt-6-astra,high,239162,12160,0,536,339,239698,227002,2.30898
1710,2026-09-21T06:23:16.078Z,galaxies,gpt-6-astra,high,240352,238976,0,651,290,241003,1376,0.285286
1711,2026-09-21T06:24:25.806Z,galaxies,gpt-6-astra,high,241116,240128,0,1779,1440,242895,988,0.338958
1712,2026-09-21T06:26:16.875Z,galaxies,gpt-6-astra,high,243161,240896,0,3586,1492,246747,2265,0.442846
1713,2026-09-21T06:30:04.770Z,galaxies,gpt-6-astra,high,246784,242944,0,7457,0,254241,3840,0.654194
1714,2026-09-21T06:30:12.827Z,galaxies,gpt-6-astra,high,30585,12160,0,81,0,30666,18425,0.20046
1715,2026-09-21T06:30:21.037Z,galaxies,gpt-6-astra,high,35706,30464,0,183,34,35889,5242,0.092034
1716,2026-09-21T06:30:31.551Z,galaxies,gpt-6-astra,high,37824,35584,0,256,19,38080,2240,0.070784
1717,2026-09-21T06:30:40.752Z,galaxies,gpt-6-astra,high,40295,37632,0,176,21,40471,2663,0.073062
1718,2026-09-21T06:30:45.922Z,galaxies,gpt-6-astra,high,40648,40064,0,40,0,40688,584,0.047904
1719,2026-09-21T06:30:49.862Z,galaxies,gpt-6-astra,high,40804,40448,0,71,0,40875,356,0.047558
1720,2026-09-21T06:30:57.225Z,galaxies,gpt-6-astra,high,42447,40576,0,144,0,42591,1871,0.066486
1721,2026-09-21T06:31:21.118Z,galaxies,gpt-6-astra,high,54264,42240,0,674,39,54938,12024,0.19618
1722,2026-09-21T06:31:27.248Z,galaxies,gpt-6-astra,high,62251,54144,0,117,0,62368,8107,0.141064
1723,2026-09-21T06:31:37.682Z,galaxies,gpt-6-astra,high,66133,62080,0,235,31,66368,4053,0.11436
1724,2026-09-21T06:31:46.116Z,galaxies,gpt-6-astra,high,72486,65920,0,170,33,72656,6566,0.14008
1725,2026-09-21T06:31:53.632Z,galaxies,gpt-6-astra,high,83079,72320,0,112,15,83191,10759,0.18551
1726,2026-09-21T06:32:02.047Z,galaxies,gpt-6-astra,high,87715,82944,0,219,31,87934,4771,0.141604
1727,2026-09-21T06:32:26.129Z,galaxies,gpt-6-astra,high,88740,87552,0,636,408,89376,1188,0.131232
1728,2026-09-21T06:33:56.412Z,galaxies,gpt-6-astra,high,94211,93824,0,1781,0,95992,387,0.186744
1729,2026-09-21T06:34:44.533Z,galaxies,gpt-6-astra,high,96050,94080,0,1421,109,97471,1970,0.18483
1730,2026-09-21T06:34:56.171Z,galaxies,gpt-6-astra,high,99209,95872,0,315,29,99524,3337,0.144992
1731,2026-09-21T06:35:09.519Z,galaxies,gpt-6-astra,high,103064,99072,0,345,68,103409,3992,0.156242
1732,2026-09-21T06:35:16.888Z,galaxies,gpt-6-astra,high,104598,102912,0,92,14,104690,1686,0.124372
1733,2026-09-21T06:35:56.744Z,galaxies,gpt-6-astra,high,109120,104448,0,1225,64,110345,4672,0.212418
1734,2026-09-21T06:36:05.719Z,galaxies,gpt-6-astra,high,110403,108928,0,223,17,110626,1475,0.134828
1735,2026-09-21T06:36:22.047Z,galaxies,gpt-6-astra,high,111526,110208,0,225,53,111751,1318,0.134638
1736,2026-09-21T06:36:31.839Z,galaxies,gpt-6-astra,high,112350,111360,0,215,0,112565,990,0.13201
1737,2026-09-21T06:36:44.550Z,galaxies,gpt-6-astra,high,113435,112128,0,309,128,113744,1307,0.140648
1738,2026-09-21T06:36:53.707Z,galaxies,gpt-6-astra,high,115528,113280,0,124,27,115652,2248,0.14196
1739,2026-09-21T06:37:03.822Z,galaxies,gpt-6-astra,high,117340,115328,0,168,37,117508,2012,0.143848
1740,2026-09-21T06:37:15.929Z,galaxies,gpt-6-astra,high,122026,117120,0,163,23,122189,4906,0.17433
1741,2026-09-21T06:37:22.620Z,galaxies,gpt-6-astra,high,127659,121600,0,96,22,127755,6059,0.18699
1742,2026-09-21T06:37:35.825Z,galaxies,gpt-6-astra,high,129669,127616,0,325,122,129994,2053,0.164396
1743,2026-09-21T06:38:08.446Z,galaxies,gpt-6-astra,high,130052,129536,0,950,48,131002,516,0.182196
1744,2026-09-21T06:38:23.161Z,galaxies,gpt-6-astra,high,131163,129920,0,319,25,131482,1243,0.1583
1745,2026-09-21T06:38:39.590Z,galaxies,gpt-6-astra,high,131689,131072,0,255,24,131944,617,0.149992
1746,2026-09-21T06:39:12.991Z,galaxies,gpt-6-astra,high,133575,102912,0,513,0,134088,30663,0.435192
1747,2026-09-21T06:39:27.694Z,galaxies,gpt-6-astra,high,134284,133376,0,200,61,134484,908,0.152456
1748,2026-09-21T06:39:39.409Z,galaxies,gpt-6-astra,high,135258,134144,0,246,20,135504,1114,0.157584
1749,2026-09-21T06:39:55.781Z,galaxies,gpt-6-astra,high,135683,135040,0,262,100,135945,643,0.15457
1750,2026-09-21T06:40:11.590Z,galaxies,gpt-6-astra,high,136160,135552,0,349,236,136509,608,0.159082
1751,2026-09-21T06:40:27.882Z,galaxies,gpt-6-astra,high,136758,136064,0,304,156,137062,694,0.158204
1752,2026-09-21T06:40:39.749Z,galaxies,gpt-6-astra,high,137672,136576,0,274,138,137946,1096,0.161236
1753,2026-09-21T06:40:52.819Z,galaxies,gpt-6-astra,high,138972,135040,0,146,26,139118,3932,0.18166
1754,2026-09-21T06:41:16.049Z,galaxies,gpt-6-astra,high,139352,138752,0,549,248,139901,600,0.172202
1755,2026-09-21T06:41:28.079Z,galaxies,gpt-6-astra,high,140105,139136,0,160,119,140265,969,0.156826
1756,2026-09-21T06:41:43.086Z,galaxies,gpt-6-astra,high,140322,139904,0,117,0,140439,418,0.149934
1757,2026-09-21T06:41:58.041Z,galaxies,gpt-6-astra,high,140522,140160,0,270,18,140792,362,0.15728
1758,2026-09-21T06:42:11.841Z,galaxies,gpt-6-astra,high,141693,140416,0,175,17,141868,1277,0.161936
1759,2026-09-21T06:42:38.003Z,galaxies,gpt-6-astra,high,141977,141568,0,748,261,142725,409,0.183058
1760,2026-09-21T06:43:00.003Z,galaxies,gpt-6-astra,high,142920,141824,0,586,356,143506,1096,0.182084
1761,2026-09-21T06:44:03.510Z,galaxies,gpt-6-astra,high,143685,142720,0,2035,174,145720,965,0.25412
1762,2026-09-21T06:44:16.068Z,galaxies,gpt-6-astra,high,145778,143488,0,301,97,146079,2290,0.181438
1763,2026-09-21T06:44:30.625Z,galaxies,gpt-6-astra,high,146268,145664,0,335,0,146603,604,0.168454
1764,2026-09-21T06:44:47.595Z,galaxies,gpt-6-astra,high,146804,146048,0,432,245,147236,756,0.175208
1765,2026-09-21T06:45:03.241Z,galaxies,gpt-6-astra,high,148078,146688,0,454,267,148532,1390,0.183288
1766,2026-09-21T06:45:09.054Z,galaxies,gpt-6-astra,high,148724,147968,0,61,20,148785,756,0.158578
1767,2026-09-21T06:45:43.928Z,galaxies,gpt-6-astra,high,148814,148608,0,63,30,148877,206,0.153818
1768,2026-09-21T06:45:58.045Z,galaxies,gpt-6-astra,high,148906,148608,0,52,19,148958,298,0.154188
1769,2026-09-21T06:46:09.212Z,galaxies,gpt-6-astra,high,149015,148736,0,264,51,149279,279,0.164726
1770,2026-09-21T06:46:36.311Z,galaxies,gpt-6-astra,high,149418,148864,0,813,516,150231,554,0.195054
1771,2026-09-21T06:46:42.225Z,galaxies,gpt-6-astra,high,150507,149248,0,109,15,150616,1259,0.167288
1772,2026-09-21T06:47:11.805Z,galaxies,gpt-6-astra,high,150738,150400,0,632,514,151370,338,0.18538
1773,2026-09-21T06:48:09.573Z,galaxies,gpt-6-astra,high,151428,150528,0,194,66,151622,900,0.169228
1774,2026-09-21T06:48:27.044Z,galaxies,gpt-6-astra,high,151773,151296,0,473,349,152246,477,0.179716
1775,2026-09-21T06:49:40.408Z,galaxies,gpt-6-astra,high,152304,151552,0,582,516,152886,752,0.188172
1776,2026-09-21T06:49:53.636Z,galaxies,gpt-6-astra,high,153533,152192,0,282,191,153815,1341,0.179702
1777,2026-09-21T06:51:20.111Z,galaxies,gpt-6-astra,high,153875,153344,0,905,516,154780,531,0.203904
1778,2026-09-21T06:51:37.582Z,galaxies,gpt-6-astra,high,154925,153728,0,452,115,155377,1197,0.188298
1779,2026-09-21T06:51:49.780Z,galaxies,gpt-6-astra,high,155539,154752,0,251,123,155790,787,0.175172
1780,2026-09-21T06:52:25.643Z,galaxies,gpt-6-astra,high,155846,155392,0,70,8,155916,454,0.163432
1781,2026-09-21T06:52:33.889Z,galaxies,gpt-6-astra,high,156073,155648,0,157,0,156230,425,0.167748
1782,2026-09-21T06:52:40.910Z,galaxies,gpt-6-astra,high,156807,155904,0,148,0,156955,903,0.172334
1783,2026-09-21T06:53:09.092Z,galaxies,gpt-6-astra,high,158527,156672,0,823,516,159350,1855,0.216372
1784,2026-09-21T06:53:32.132Z,galaxies,gpt-6-astra,high,163372,158336,0,667,516,164039,5036,0.242046
1785,2026-09-21T06:54:02.314Z,galaxies,gpt-6-astra,high,172702,163200,0,759,516,173461,9502,0.29617
1786,2026-09-21T06:54:10.182Z,galaxies,gpt-6-astra,high,175736,172544,0,187,43,175923,3192,0.213814
1787,2026-09-21T06:56:39.248Z,galaxies,gpt-6-astra,high,176421,175616,0,4870,436,181291,805,0.427166
1788,2026-09-21T06:57:17.165Z,galaxies,gpt-6-astra,high,181315,176256,0,1177,516,182492,5059,0.285696
1789,2026-09-21T06:57:25.018Z,galaxies,gpt-6-astra,high,182549,181120,0,136,86,182685,1429,0.20221
1790,2026-09-21T06:57:33.955Z,galaxies,gpt-6-astra,high,186244,182400,0,213,129,186457,3844,0.23149
1791,2026-09-21T06:58:13.619Z,galaxies,gpt-6-astra,high,186588,186112,0,1097,516,187685,476,0.245722
1792,2026-09-21T06:58:30.443Z,galaxies,gpt-6-astra,high,187742,186368,0,445,27,188187,1374,0.222358
1793,2026-09-21T06:59:03.194Z,galaxies,gpt-6-astra,high,188328,187648,0,929,462,189257,680,0.240898
1794,2026-09-21T06:59:15.382Z,galaxies,gpt-6-astra,high,189654,188160,0,113,43,189767,1494,0.20875
1795,2026-09-21T06:59:29.719Z,galaxies,gpt-6-astra,high,190969,189440,0,342,171,191311,1529,0.22183
1796,2026-09-21T06:59:42.315Z,galaxies,gpt-6-astra,high,191402,190848,0,306,55,191708,554,0.211688
1797,2026-09-21T07:00:02.706Z,galaxies,gpt-6-astra,high,192117,191232,0,569,314,192686,885,0.228532
1798,2026-09-21T07:00:25.450Z,galaxies,gpt-6-astra,high,192937,192000,0,506,228,193443,937,0.22667
1799,2026-09-21T07:01:12.661Z,galaxies,gpt-6-astra,high,196754,192768,0,1396,516,198150,3986,0.302428
1800,2026-09-21T07:01:22.581Z,galaxies,gpt-6-astra,high,198542,196608,0,201,38,198743,1934,0.225998
1801,2026-09-21T07:01:53.360Z,galaxies,gpt-6-astra,high,199162,198400,0,830,516,199992,762,0.24752
1802,2026-09-21T07:02:22.638Z,galaxies,gpt-6-astra,high,200283,199040,0,678,516,200961,1243,0.24537
1803,2026-09-21T07:02:47.694Z,galaxies,gpt-6-astra,high,201101,200064,0,628,516,201729,1037,0.241834
1804,2026-09-21T07:03:46.176Z,galaxies,gpt-6-astra,high,201935,200960,0,1001,806,202936,975,0.26076
1805,2026-09-21T07:04:06.829Z,galaxies,gpt-6-astra,high,203147,201728,0,570,516,203717,1419,0.244418
1806,2026-09-21T07:04:15.488Z,galaxies,gpt-6-astra,high,203774,203008,0,176,0,203950,766,0.219468
1807,2026-09-21T07:04:25.006Z,galaxies,gpt-6-astra,high,204274,203648,0,240,26,204514,626,0.221908
1808,2026-09-21T07:05:10.590Z,galaxies,gpt-6-astra,high,204872,204032,0,1258,1034,206130,840,0.275332
1809,2026-09-21T07:06:40.779Z,galaxies,gpt-6-astra,high,206300,204672,0,2893,928,209193,1628,0.365602
1810,2026-09-21T07:06:55.330Z,galaxies,gpt-6-astra,high,209352,206080,0,347,10,209699,3272,0.25615
1811,2026-09-21T07:07:43.339Z,galaxies,gpt-6-astra,high,209899,209152,0,1220,1034,211119,747,0.277622
1812,2026-09-21T07:08:49.791Z,galaxies,gpt-6-astra,high,211276,209664,0,1806,1752,213082,1612,0.316084
1813,2026-09-21T07:08:59.691Z,galaxies,gpt-6-astra,high,213138,211072,0,206,24,213344,2066,0.242032
1814,2026-09-21T07:09:39.312Z,galaxies,gpt-6-astra,high,213581,212992,0,1034,926,214615,589,0.270582
1815,2026-09-21T07:11:23.580Z,galaxies,gpt-6-astra,high,214673,213376,0,1599,1420,216272,1297,0.306296
1816,2026-09-21T07:12:21.875Z,galaxies,gpt-6-astra,high,216433,214528,0,1576,1457,218009,1905,0.312378
1817,2026-09-21T07:14:10.681Z,galaxies,gpt-6-astra,high,218067,216192,0,1587,1527,219654,1875,0.314292
1818,2026-09-21T07:14:21.038Z,galaxies,gpt-6-astra,high,219792,217856,0,133,42,219925,1936,0.243866
1819,2026-09-21T07:14:58.242Z,galaxies,gpt-6-astra,high,219981,219648,0,60,0,220041,333,0.225978
1820,2026-09-21T07:15:15.420Z,galaxies,gpt-6-astra,high,220182,219776,0,283,0,220465,406,0.237986
1821,2026-09-21T07:15:21.006Z,galaxies,gpt-6-astra,high,220760,220032,0,87,0,220847,728,0.231662
1822,2026-09-21T07:15:49.528Z,galaxies,gpt-6-astra,high,222419,220544,0,780,440,223199,1875,0.278294
1823,2026-09-21T07:16:19.956Z,galaxies,gpt-6-astra,high,226266,222208,0,916,844,227182,4058,0.308588
1824,2026-09-21T07:17:36.385Z,galaxies,gpt-6-astra,high,228654,226048,0,2431,516,231085,2606,0.373658
1825,2026-09-21T07:18:52.447Z,galaxies,gpt-6-astra,high,231144,228480,0,2262,1552,233406,2664,0.36822
1826,2026-09-21T07:18:59.640Z,galaxies,gpt-6-astra,high,233637,230912,0,126,81,233763,2725,0.264462
1827,2026-09-21T07:19:38.765Z,galaxies,gpt-6-astra,high,234244,233472,0,1159,255,235403,772,0.299142
1828,2026-09-21T07:20:12.305Z,galaxies,gpt-6-astra,high,235461,234112,0,1012,514,236473,1349,0.298202
1829,2026-09-21T07:20:44.422Z,galaxies,gpt-6-astra,high,236587,235264,0,894,68,237481,1323,0.293194
1830,2026-09-21T07:21:45.527Z,galaxies,gpt-6-astra,high,237594,236416,0,1812,516,239406,1178,0.338796
1831,2026-09-21T07:23:18.998Z,galaxies,gpt-6-astra,high,239464,237440,0,2706,2570,242170,2024,0.39298
1832,2026-09-21T07:24:35.976Z,galaxies,gpt-6-astra,high,242246,239232,0,2089,1857,244335,3014,0.373822
1833,2026-09-21T07:25:01.446Z,galaxies,gpt-6-astra,high,244524,242048,0,590,516,245114,2476,0.296308
1834,2026-09-21T07:28:38.320Z,galaxies,gpt-6-astra,high,245151,244352,0,7117,0,252268,799,0.608192
1835,2026-09-21T07:28:48.229Z,galaxies,gpt-6-astra,high,30240,22912,0,140,25,30380,7328,0.103192
1836,2026-09-21T07:29:01.081Z,galaxies,gpt-6-astra,high,35841,30080,0,355,44,36196,5761,0.10544
1837,2026-09-21T07:29:07.951Z,galaxies,gpt-6-astra,high,36316,35712,0,81,0,36397,604,0.045802
1838,2026-09-21T07:29:15.313Z,galaxies,gpt-6-astra,high,37969,36096,0,143,0,38112,1873,0.061976
1839,2026-09-21T07:29:21.219Z,galaxies,gpt-6-astra,high,46875,37760,0,100,0,46975,9115,0.13391
1840,2026-09-21T07:29:42.150Z,galaxies,gpt-6-astra,high,49390,46720,0,548,0,49938,2670,0.10082
1841,2026-09-21T07:29:57.265Z,galaxies,gpt-6-astra,high,50266,49152,0,199,36,50465,1114,0.070242
1842,2026-09-21T07:30:05.961Z,galaxies,gpt-6-astra,high,56716,50048,0,156,8,56872,6668,0.124528
1843,2026-09-21T07:30:15.802Z,galaxies,gpt-6-astra,high,59139,56576,0,181,11,59320,2563,0.091256
1844,2026-09-21T07:30:33.560Z,galaxies,gpt-6-astra,high,62674,59008,0,439,0,63113,3666,0.117618
1845,2026-09-21T07:30:44.916Z,galaxies,gpt-6-astra,high,64205,62464,0,262,9,64467,1741,0.092974
1846,2026-09-21T07:30:52.531Z,galaxies,gpt-6-astra,high,66877,64000,0,114,17,66991,2877,0.09847
1847,2026-09-21T07:31:01.516Z,galaxies,gpt-6-astra,high,69677,66688,0,115,28,69792,2989,0.102328
1848,2026-09-21T07:31:06.931Z,galaxies,gpt-6-astra,high,72545,69504,0,119,40,72664,3041,0.105864
1849,2026-09-21T07:31:12.746Z,galaxies,gpt-6-astra,high,75665,72320,0,115,12,75780,3345,0.11152
1850,2026-09-21T07:31:30.282Z,galaxies,gpt-6-astra,high,77082,75520,0,310,121,77392,1562,0.10664
1851,2026-09-21T07:31:39.240Z,galaxies,gpt-6-astra,high,79258,76928,0,105,27,79363,2330,0.105478
1852,2026-09-21T07:31:52.578Z,galaxies,gpt-6-astra,high,82847,79104,0,320,26,83167,3743,0.132534
1853,2026-09-21T07:31:59.211Z,galaxies,gpt-6-astra,high,83224,82688,0,103,21,83327,536,0.093198
1854,2026-09-21T07:32:13.261Z,galaxies,gpt-6-astra,high,85200,83072,0,338,14,85538,2128,0.121252
1855,2026-09-21T07:32:35.236Z,galaxies,gpt-6-astra,high,85626,84992,0,570,15,86196,634,0.119832
1856,2026-09-21T07:32:46.196Z,galaxies,gpt-6-astra,high,86253,85504,0,105,33,86358,749,0.098244
1857,2026-09-21T07:32:52.781Z,galaxies,gpt-6-astra,high,86700,86016,0,107,0,86807,684,0.098206
1858,2026-09-21T07:33:08.989Z,galaxies,gpt-6-astra,high,93960,86528,0,228,18,94188,7432,0.172248
1859,2026-09-21T07:33:22.088Z,galaxies,gpt-6-astra,high,94390,93312,0,294,33,94684,1078,0.118792
1860,2026-09-21T07:33:32.527Z,galaxies,gpt-6-astra,high,95863,94336,0,197,31,96060,1527,0.119456
1861,2026-09-21T07:33:45.571Z,galaxies,gpt-6-astra,high,97772,95744,0,195,14,97967,2028,0.125774
1862,2026-09-21T07:34:14.718Z,galaxies,gpt-6-astra,high,99766,97664,0,535,68,100301,2102,0.145434
1863,2026-09-21T07:34:26.568Z,galaxies,gpt-6-astra,high,101067,99456,0,181,27,101248,1611,0.124616
1864,2026-09-21T07:34:36.894Z,galaxies,gpt-6-astra,high,101751,100992,0,224,17,101975,759,0.119782
1865,2026-09-21T07:34:53.319Z,galaxies,gpt-6-astra,high,103368,101632,0,233,56,103601,1736,0.130642
1866,2026-09-21T07:35:11.990Z,galaxies,gpt-6-astra,high,105369,103296,0,449,52,105818,2073,0.146476
1867,2026-09-21T07:35:22.696Z,galaxies,gpt-6-astra,high,106074,105344,0,200,50,106274,730,0.122644
1868,2026-09-21T07:35:40.132Z,galaxies,gpt-6-astra,high,106926,105984,0,456,69,107382,942,0.138204
1869,2026-09-21T07:36:08.292Z,galaxies,gpt-6-astra,high,107791,106880,0,389,90,108180,911,0.13544
1870,2026-09-21T07:36:20.024Z,galaxies,gpt-6-astra,high,108613,107776,0,307,42,108920,837,0.131496
1871,2026-09-21T07:36:37.471Z,galaxies,gpt-6-astra,high,109069,108544,0,385,156,109454,525,0.133044
1872,2026-09-21T07:36:47.188Z,galaxies,gpt-6-astra,high,109952,109056,0,256,10,110208,896,0.130816
1873,2026-09-21T07:36:58.558Z,galaxies,gpt-6-astra,high,110341,109824,0,118,25,110459,517,0.120894
1874,2026-09-21T07:37:09.282Z,galaxies,gpt-6-astra,high,111265,110336,0,147,13,111412,929,0.126976
1875,2026-09-21T07:37:20.120Z,galaxies,gpt-6-astra,high,111688,111232,0,219,100,111907,456,0.126742
1876,2026-09-21T07:38:36.319Z,galaxies,gpt-6-astra,high,112071,111616,0,2354,165,114425,455,0.233866
1877,2026-09-21T07:38:44.678Z,galaxies,gpt-6-astra,high,114482,112000,0,217,13,114699,2482,0.14767
1878,2026-09-21T07:38:59.590Z,galaxies,gpt-6-astra,high,114977,114432,0,318,0,115295,545,0.135782
1879,2026-09-21T07:39:23.340Z,galaxies,gpt-6-astra,high,115481,114944,0,621,461,116102,537,0.151364
1880,2026-09-21T07:39:49.522Z,galaxies,gpt-6-astra,high,116264,115456,0,679,220,116943,808,0.157486
1881,2026-09-21T07:39:59.949Z,galaxies,gpt-6-astra,high,117116,116224,0,165,34,117281,892,0.133394
1882,2026-09-21T07:40:17.107Z,galaxies,gpt-6-astra,high,117465,116992,0,183,162,117648,473,0.130872
1883,2026-09-21T07:41:00.831Z,galaxies,gpt-6-astra,high,117672,111616,0,146,0,117818,6056,0.179476
1884,2026-09-21T07:41:21.713Z,galaxies,gpt-6-astra,high,117988,117632,0,569,452,118557,356,0.149642
1885,2026-09-21T07:41:38.275Z,galaxies,gpt-6-astra,high,119238,117888,0,289,168,119527,1350,0.145838
1886,2026-09-21T07:41:59.767Z,galaxies,gpt-6-astra,high,121224,119168,0,647,101,121871,2056,0.172078
1887,2026-09-21T07:42:09.034Z,galaxies,gpt-6-astra,high,121929,121216,0,185,81,122114,713,0.137596
1888,2026-09-21T07:42:32.644Z,galaxies,gpt-6-astra,high,122382,121856,0,484,431,122866,526,0.151316
1889,2026-09-21T07:42:53.082Z,galaxies,gpt-6-astra,high,122895,122368,0,549,516,123444,527,0.155088
1890,2026-09-21T07:43:03.802Z,galaxies,gpt-6-astra,high,123473,122880,0,157,65,123630,593,0.13666
1891,2026-09-21T07:43:08.188Z,galaxies,gpt-6-astra,high,123659,123392,0,47,14,123706,267,0.128412
1892,2026-09-21T07:43:36.092Z,galaxies,gpt-6-astra,high,123762,123648,0,398,377,124160,114,0.144688
1893,2026-09-21T07:44:26.407Z,galaxies,gpt-6-astra,high,124183,123648,0,95,0,124278,535,0.133748
1894,2026-09-21T07:44:48.718Z,galaxies,gpt-6-astra,high,124467,124160,0,452,126,124919,307,0.14983
1895,2026-09-21T07:45:01.315Z,galaxies,gpt-6-astra,high,124986,124416,0,283,171,125269,570,0.144266
1896,2026-09-21T07:45:09.474Z,galaxies,gpt-6-astra,high,125298,124928,0,99,66,125397,370,0.133578
1897,2026-09-21T07:45:40.731Z,galaxies,gpt-6-astra,high,125426,125184,0,549,516,125975,242,0.155054
1898,2026-09-21T07:45:56.887Z,galaxies,gpt-6-astra,high,126031,125312,0,140,119,126171,719,0.139502
1899,2026-09-21T07:46:31.799Z,galaxies,gpt-6-astra,high,126194,125952,0,94,0,126288,242,0.133072
1900,2026-09-21T07:46:52.563Z,galaxies,gpt-6-astra,high,126454,126080,0,213,102,126667,374,0.14047
1901,2026-09-21T07:47:16.025Z,galaxies,gpt-6-astra,high,126696,126336,0,549,516,127245,360,0.157386
1902,2026-09-21T07:47:20.654Z,galaxies,gpt-6-astra,high,127301,126592,0,87,10,127388,709,0.138032
1903,2026-09-21T07:47:29.523Z,galaxies,gpt-6-astra,high,127481,127232,0,169,21,127650,249,0.138172
1904,2026-09-21T07:47:36.836Z,galaxies,gpt-6-astra,high,128181,127360,0,141,41,128322,821,0.14262
1905,2026-09-21T07:47:55.686Z,galaxies,gpt-6-astra,high,129894,128128,0,543,87,130437,1766,0.172938
1906,2026-09-21T07:48:05.421Z,galaxies,gpt-6-astra,high,132234,129792,0,185,98,132419,2442,0.163462
1907,2026-09-21T07:48:15.659Z,galaxies,gpt-6-astra,high,136474,132224,0,257,97,136731,4250,0.187574
1908,2026-09-21T07:48:30.133Z,galaxies,gpt-6-astra,high,140296,136448,0,304,194,140600,3848,0.190128
1909,2026-09-21T07:48:38.292Z,galaxies,gpt-6-astra,high,142767,140288,0,166,72,142933,2479,0.173378
1910,2026-09-21T07:48:48.662Z,galaxies,gpt-6-astra,high,146367,142720,0,178,11,146545,3647,0.18809
1911,2026-09-21T07:49:13.477Z,galaxies,gpt-6-astra,high,147115,146304,0,725,547,147840,811,0.190664
1912,2026-09-21T07:50:04.933Z,galaxies,gpt-6-astra,high,150591,147072,0,1603,516,152194,3519,0.262412
1913,2026-09-21T07:50:19.724Z,galaxies,gpt-6-astra,high,152303,150528,0,368,64,152671,1775,0.186678
1914,2026-09-21T07:51:59.758Z,galaxies,gpt-6-astra,high,152797,152192,0,3145,1034,155942,605,0.315492
1915,2026-09-21T07:52:22.066Z,galaxies,gpt-6-astra,high,156005,152704,0,538,344,156543,3301,0.212614
1916,2026-09-21T07:53:34.374Z,galaxies,gpt-6-astra,high,156769,155904,0,2113,538,158882,865,0.270204
1917,2026-09-21T07:53:46.509Z,galaxies,gpt-6-astra,high,159050,156672,0,302,206,159352,2378,0.195552
1918,2026-09-21T07:54:15.938Z,galaxies,gpt-6-astra,high,162372,158976,0,826,516,163198,3396,0.234236
1919,2026-09-21T07:54:47.744Z,galaxies,gpt-6-astra,high,163305,162304,0,918,468,164223,1001,0.218214
1920,2026-09-21T07:55:10.035Z,galaxies,gpt-6-astra,high,164379,163200,0,608,278,164987,1179,0.20539
1921,2026-09-21T07:55:28.313Z,galaxies,gpt-6-astra,high,165157,164352,0,476,262,165633,805,0.196202
1922,2026-09-21T07:55:34.696Z,galaxies,gpt-6-astra,high,165927,165120,0,67,0,165994,807,0.17654
1923,2026-09-21T07:55:50.859Z,galaxies,gpt-6-astra,high,167566,165888,0,326,56,167892,1678,0.198968
1924,2026-09-21T07:56:29.800Z,galaxies,gpt-6-astra,high,168286,167552,0,1020,926,169306,734,0.225892
1925,2026-09-21T07:56:41.396Z,galaxies,gpt-6-astra,high,171682,168192,0,207,88,171889,3490,0.213442
1926,2026-09-21T07:56:49.189Z,galaxies,gpt-6-astra,high,173415,171648,0,176,22,173591,1767,0.198118
1927,2026-09-21T07:58:19.919Z,galaxies,gpt-6-astra,high,173776,173312,0,2899,370,176675,464,0.322902
1928,2026-09-21T07:58:59.051Z,galaxies,gpt-6-astra,high,176733,173696,0,1144,358,177877,3037,0.261266
1929,2026-09-21T07:59:39.827Z,galaxies,gpt-6-astra,high,177935,176640,0,1239,300,179174,1295,0.25154
1930,2026-09-21T08:00:46.450Z,galaxies,gpt-6-astra,high,179267,177920,0,1674,1527,180941,1347,0.27509
1931,2026-09-21T08:00:54.417Z,galaxies,gpt-6-astra,high,181698,179200,0,177,41,181875,2498,0.21303
1932,2026-09-21T08:01:11.427Z,galaxies,gpt-6-astra,high,183242,181632,0,337,106,183579,1610,0.214582
1933,2026-09-21T08:02:16.312Z,galaxies,gpt-6-astra,high,186240,183168,0,2038,516,188278,3072,0.315788
1934,2026-09-21T08:02:42.519Z,galaxies,gpt-6-astra,high,188335,185728,0,669,505,189004,2607,0.245248
1935,2026-09-21T08:03:20.003Z,galaxies,gpt-6-astra,high,189266,188160,0,1129,439,190395,1106,0.25567
1936,2026-09-21T08:03:34.736Z,galaxies,gpt-6-astra,high,190452,189184,0,227,38,190679,1268,0.213214
1937,2026-09-21T08:04:00.538Z,galaxies,gpt-6-astra,high,191020,190336,0,727,516,191747,684,0.233526
1938,2026-09-21T08:04:46.808Z,galaxies,gpt-6-astra,high,191932,190848,0,1138,883,193070,1084,0.258588
1939,2026-09-21T08:05:30.809Z,galaxies,gpt-6-astra,high,193253,191872,0,1357,1034,194610,1381,0.273532
1940,2026-09-21T08:06:14.879Z,galaxies,gpt-6-astra,high,195170,193152,0,1297,516,196467,2018,0.278182
1941,2026-09-21T08:06:41.932Z,galaxies,gpt-6-astra,high,196999,194944,0,774,377,197773,2055,0.254194
1942,2026-09-21T08:06:59.166Z,galaxies,gpt-6-astra,high,197843,196864,0,357,90,198200,979,0.224504
1943,2026-09-21T08:07:11.746Z,galaxies,gpt-6-astra,high,198421,197632,0,85,0,198506,789,0.209772
1944,2026-09-21T08:07:39.029Z,galaxies,gpt-6-astra,high,200078,198272,0,789,516,200867,1806,0.255782
1945,2026-09-21T08:07:57.091Z,galaxies,gpt-6-astra,high,201256,199936,0,247,93,201503,1320,0.225486
1946,2026-09-21T08:09:28.220Z,galaxies,gpt-6-astra,high,202396,201088,0,2890,1359,205286,1308,0.358668
1947,2026-09-21T08:10:21.623Z,galaxies,gpt-6-astra,high,205358,202240,0,1628,777,206986,3118,0.31482
1948,2026-09-21T08:11:08.748Z,galaxies,gpt-6-astra,high,207044,205184,0,1171,977,208215,1860,0.282334
1949,2026-09-21T08:11:36.182Z,galaxies,gpt-6-astra,high,208521,206848,0,742,430,209263,1673,0.260678
1950,2026-09-21T08:12:05.259Z,galaxies,gpt-6-astra,high,209552,208384,0,791,479,210343,1168,0.259614
1951,2026-09-21T08:12:56.498Z,galaxies,gpt-6-astra,high,210525,117888,0,1058,886,211583,92637,1.097158
1952,2026-09-21T08:13:24.003Z,galaxies,gpt-6-astra,high,211752,210304,0,639,562,212391,1448,0.256734
1953,2026-09-21T08:13:59.773Z,galaxies,gpt-6-astra,high,212414,211584,0,106,0,212520,830,0.225184
1954,2026-09-21T08:14:26.801Z,galaxies,gpt-6-astra,high,212686,212224,0,708,413,213394,462,0.252244
1955,2026-09-21T08:14:40.383Z,galaxies,gpt-6-astra,high,213591,212480,0,300,158,213891,1111,0.23859
1956,2026-09-21T08:15:39.291Z,galaxies,gpt-6-astra,high,214116,213376,0,1698,1418,215814,740,0.305676
1957,2026-09-21T08:16:21.999Z,galaxies,gpt-6-astra,high,215889,213888,0,1197,1034,217086,2001,0.293748
1958,2026-09-21T08:17:24.977Z,galaxies,gpt-6-astra,high,217337,215680,0,1638,1552,218975,1657,0.31415
1959,2026-09-21T08:18:13.287Z,galaxies,gpt-6-astra,high,218998,217216,0,128,0,219126,1782,0.241436
1960,2026-09-21T08:18:46.195Z,galaxies,gpt-6-astra,high,219301,218752,0,866,845,220167,549,0.267542
1961,2026-09-21T08:19:44.537Z,galaxies,gpt-6-astra,high,220190,219136,0,124,0,220314,1054,0.235876
1962,2026-09-21T08:20:04.296Z,galaxies,gpt-6-astra,high,220416,220032,0,511,92,220927,384,0.249422
1963,2026-09-21T08:20:45.501Z,galaxies,gpt-6-astra,high,220985,220288,0,1099,1034,222084,697,0.282208
1964,2026-09-21T08:21:03.713Z,galaxies,gpt-6-astra,high,222275,220800,0,360,148,222635,1475,0.25355
1965,2026-09-21T08:21:58.347Z,galaxies,gpt-6-astra,high,223049,222080,0,1586,1297,224635,969,0.31107
1966,2026-09-21T08:22:14.688Z,galaxies,gpt-6-astra,high,224832,222848,0,327,58,225159,1984,0.259038
1967,2026-09-21T08:23:06.549Z,galaxies,gpt-6-astra,high,227856,224640,0,1295,1199,229151,3216,0.32155
1968,2026-09-21T08:24:03.144Z,galaxies,gpt-6-astra,high,229724,227200,0,1746,516,231470,2524,0.33974
1969,2026-09-21T08:24:24.511Z,galaxies,gpt-6-astra,high,231541,229632,0,547,388,232088,1909,0.276072
1970,2026-09-21T08:24:39.604Z,galaxies,gpt-6-astra,high,232355,231424,0,364,36,232719,931,0.258934
1971,2026-09-21T08:25:46.605Z,galaxies,gpt-6-astra,high,232821,232192,0,1874,1764,234695,629,0.332182
1972,2026-09-21T08:26:01.119Z,galaxies,gpt-6-astra,high,235075,232704,0,264,27,235339,2371,0.269614
1973,2026-09-21T08:27:17.511Z,galaxies,gpt-6-astra,high,235433,235008,0,2399,58,237832,425,0.359208
1974,2026-09-21T08:27:27.901Z,galaxies,gpt-6-astra,high,237888,235392,0,258,39,238146,2496,0.273252
1975,2026-09-21T08:27:49.781Z,galaxies,gpt-6-astra,high,238560,237824,0,481,34,239041,736,0.269234
1976,2026-09-21T08:28:52.132Z,galaxies,gpt-6-astra,high,239258,238464,0,1793,1617,241051,794,0.336054
1977,2026-09-21T08:29:55.386Z,galaxies,gpt-6-astra,high,241210,239104,0,1949,1410,243159,2106,0.357614
1978,2026-09-21T08:30:10.896Z,galaxies,gpt-6-astra,high,243382,241152,0,250,88,243632,2230,0.275952
1979,2026-09-21T08:33:05.787Z,galaxies,gpt-6-astra,high,243971,243328,0,4441,4335,248412,643,0.471808
1980,2026-09-21T08:36:32.489Z,galaxies,gpt-6-astra,high,248449,243840,0,6584,0,255033,4609,0.61913
1981,2026-09-21T08:36:40.834Z,galaxies,gpt-6-astra,high,29706,12160,0,137,23,29843,17546,0.19447
1982,2026-09-21T08:36:47.553Z,galaxies,gpt-6-astra,high,33852,29568,0,130,23,33982,4284,0.078908
1983,2026-09-21T08:37:07.843Z,galaxies,gpt-6-astra,high,43298,33664,0,430,34,43728,9634,0.151504
1984,2026-09-21T08:37:20.949Z,galaxies,gpt-6-astra,high,44114,43136,0,330,10,44444,978,0.069416
1985,2026-09-21T08:37:32.005Z,galaxies,gpt-6-astra,high,44738,43904,0,262,12,45000,834,0.065344
1986,2026-09-21T08:37:46.474Z,galaxies,gpt-6-astra,high,45090,44544,0,403,27,45493,546,0.070154
1987,2026-09-21T08:37:58.138Z,galaxies,gpt-6-astra,high,45579,44928,0,321,19,45900,651,0.067488
1988,2026-09-21T08:38:16.544Z,galaxies,gpt-6-astra,high,45960,45440,0,390,14,46350,520,0.07014
1989,2026-09-21T08:38:21.309Z,galaxies,gpt-6-astra,high,46485,45824,0,77,0,46562,661,0.056284
1990,2026-09-21T08:38:29.910Z,galaxies,gpt-6-astra,high,48134,46336,0,106,0,48240,1798,0.069616
1991,2026-09-21T08:38:45.465Z,galaxies,gpt-6-astra,high,60968,48000,0,396,46,61364,12968,0.19748
1992,2026-09-21T08:38:51.035Z,galaxies,gpt-6-astra,high,67085,60800,0,128,31,67213,6285,0.13005
1993,2026-09-21T08:39:01.139Z,galaxies,gpt-6-astra,high,71116,66944,0,278,81,71394,4172,0.122564
1994,2026-09-21T08:39:18.155Z,galaxies,gpt-6-astra,high,75740,70912,0,460,235,76200,4828,0.142192
1995,2026-09-21T08:40:24.707Z,galaxies,gpt-6-astra,high,77305,75520,0,2115,16,79420,1785,0.19912
1996,2026-09-21T08:40:33.521Z,galaxies,gpt-6-astra,high,79480,77184,0,160,75,79640,2296,0.108144
1997,2026-09-21T08:40:50.419Z,galaxies,gpt-6-astra,high,80296,79360,0,404,284,80700,936,0.10892
1998,2026-09-21T08:40:59.367Z,galaxies,gpt-6-astra,high,84953,80128,0,178,37,85131,4825,0.137278
1999,2026-09-21T08:41:11.843Z,galaxies,gpt-6-astra,high,86311,84736,0,279,110,86590,1575,0.114436
2000,2026-09-21T08:41:18.063Z,galaxies,gpt-6-astra,high,87866,86144,0,127,21,87993,1722,0.109714
2001,2026-09-21T08:41:37.390Z,galaxies,gpt-6-astra,high,90237,87680,0,506,223,90743,2557,0.13855
2002,2026-09-21T08:41:48.394Z,galaxies,gpt-6-astra,high,90801,90112,0,228,27,91029,689,0.108402
2003,2026-09-21T08:42:24.729Z,galaxies,gpt-6-astra,high,91186,90624,0,1109,103,92295,562,0.151694
2004,2026-09-21T08:42:32.044Z,galaxies,gpt-6-astra,high,92515,91008,0,143,48,92658,1507,0.113228
2005,2026-09-21T08:42:36.787Z,galaxies,gpt-6-astra,high,93173,92288,0,60,0,93233,885,0.104138
2006,2026-09-21T08:42:58.360Z,galaxies,gpt-6-astra,high,94805,93056,0,588,235,95393,1749,0.139946
2007,2026-09-21T08:43:16.760Z,galaxies,gpt-6-astra,high,97701,94592,0,493,333,98194,3109,0.150332
2008,2026-09-21T08:44:45.621Z,galaxies,gpt-6-astra,high,99208,97536,0,2878,327,102086,1672,0.258156
2009,2026-09-21T08:44:54.041Z,galaxies,gpt-6-astra,high,102145,99072,0,59,12,102204,3073,0.132752
2010,2026-09-21T08:45:04.744Z,galaxies,gpt-6-astra,high,102628,102016,0,279,113,102907,612,0.122086
2011,2026-09-21T08:45:11.229Z,galaxies,gpt-6-astra,high,103575,102400,0,125,45,103700,1175,0.1204
2012,2026-09-21T08:45:29.572Z,galaxies,gpt-6-astra,high,104529,103424,0,393,130,104922,1105,0.134124
2013,2026-09-21T08:45:58.667Z,galaxies,gpt-6-astra,high,104985,104320,0,834,142,105819,665,0.15267
2014,2026-09-21T08:46:16.037Z,galaxies,gpt-6-astra,high,105878,104832,0,472,346,106350,1046,0.138892
2015,2026-09-21T08:46:26.349Z,galaxies,gpt-6-astra,high,109001,105728,0,277,161,109278,3273,0.152308
2016,2026-09-21T08:47:22.678Z,galaxies,gpt-6-astra,high,113678,108800,0,1687,428,115365,4878,0.24193
2017,2026-09-21T08:47:39.667Z,galaxies,gpt-6-astra,high,115424,113536,0,379,227,115803,1888,0.151366
2018,2026-09-21T08:48:30.745Z,galaxies,gpt-6-astra,high,117655,115200,0,1612,465,119267,2455,0.22035
2019,2026-09-21T08:48:47.950Z,galaxies,gpt-6-astra,high,119358,117504,0,457,200,119815,1854,0.158894
2020,2026-09-21T08:48:56.823Z,galaxies,gpt-6-astra,high,120265,119168,0,161,25,120426,1097,0.138188
2021,2026-09-21T08:49:12.073Z,galaxies,gpt-6-astra,high,124468,120064,0,390,134,124858,4404,0.183604
2022,2026-09-21T08:49:50.843Z,galaxies,gpt-6-astra,high,125430,124288,0,1193,149,126623,1142,0.195358
2023,2026-09-21T08:50:02.190Z,galaxies,gpt-6-astra,high,126715,125312,0,253,101,126968,1403,0.151992
2024,2026-09-21T08:50:23.456Z,galaxies,gpt-6-astra,high,127416,126592,0,559,116,127975,824,0.162782
2025,2026-09-21T08:50:40.954Z,galaxies,gpt-6-astra,high,128065,127232,0,175,79,128240,833,0.144312
2026,2026-09-21T08:50:56.791Z,galaxies,gpt-6-astra,high,128750,127872,0,340,86,129090,878,0.153652
2027,2026-09-21T08:51:03.133Z,galaxies,gpt-6-astra,high,129736,128512,0,127,54,129863,1224,0.147102
2028,2026-09-21T08:51:20.921Z,galaxies,gpt-6-astra,high,130128,129664,0,504,142,130632,464,0.159504
2029,2026-09-21T08:51:36.762Z,galaxies,gpt-6-astra,high,131039,130048,0,382,175,131421,991,0.159058
2030,2026-09-21T08:51:58.101Z,galaxies,gpt-6-astra,high,131700,130944,0,309,184,132009,756,0.153954
2031,2026-09-21T08:52:08.095Z,galaxies,gpt-6-astra,high,132344,131584,0,258,70,132602,760,0.152084
2032,2026-09-21T08:52:27.011Z,galaxies,gpt-6-astra,high,132905,132224,0,344,133,133249,681,0.156234
2033,2026-09-21T08:52:45.352Z,galaxies,gpt-6-astra,high,134078,132736,0,501,375,134579,1342,0.171206
2034,2026-09-21T08:53:00.127Z,galaxies,gpt-6-astra,high,134782,134016,0,256,57,135038,766,0.154476
2035,2026-09-21T08:53:14.491Z,galaxies,gpt-6-astra,high,135143,134656,0,315,151,135458,487,0.155276
2036,2026-09-21T08:53:25.124Z,galaxies,gpt-6-astra,high,135603,135040,0,285,97,135888,563,0.15492
2037,2026-09-21T08:53:37.240Z,galaxies,gpt-6-astra,high,136159,135424,0,257,42,136416,735,0.155624
2038,2026-09-21T08:55:06.528Z,galaxies,gpt-6-astra,high,136739,136064,0,2864,457,139603,675,0.286014
2039,2026-09-21T08:55:17.101Z,galaxies,gpt-6-astra,high,139660,136576,0,258,35,139918,3084,0.180316
2040,2026-09-21T08:55:38.577Z,galaxies,gpt-6-astra,high,140198,139520,0,617,48,140815,678,0.17715
2041,2026-09-21T08:56:06.307Z,galaxies,gpt-6-astra,high,141050,140032,0,581,516,141631,1018,0.179262
2042,2026-09-21T08:56:58.751Z,galaxies,gpt-6-astra,high,141654,140928,0,184,0,141838,726,0.157388
2043,2026-09-21T08:57:29.583Z,galaxies,gpt-6-astra,high,142093,141568,0,619,552,142712,525,0.177768
2044,2026-09-21T08:58:22.530Z,galaxies,gpt-6-astra,high,142735,141952,0,153,0,142888,783,0.157432
2045,2026-09-21T08:58:48.063Z,galaxies,gpt-6-astra,high,143235,142592,0,529,460,143764,643,0.175472
2046,2026-09-21T08:59:42.516Z,galaxies,gpt-6-astra,high,143787,143104,0,102,0,143889,683,0.155034
2047,2026-09-21T09:00:17.557Z,galaxies,gpt-6-astra,high,144063,143616,0,855,792,144918,447,0.190836
2048,2026-09-21T09:01:08.218Z,galaxies,gpt-6-astra,high,144941,144000,0,92,0,145033,941,0.15801
2049,2026-09-21T09:01:25.998Z,galaxies,gpt-6-astra,high,145188,144768,0,286,211,145474,420,0.163268
2050,2026-09-21T09:02:18.186Z,galaxies,gpt-6-astra,high,145497,145024,0,92,0,145589,473,0.154354
2051,2026-09-21T09:02:46.536Z,galaxies,gpt-6-astra,high,145747,145408,0,605,546,146352,339,0.179048
2052,2026-09-21T09:03:38.335Z,galaxies,gpt-6-astra,high,146375,145664,0,92,0,146467,711,0.157374
2053,2026-09-21T09:03:58.945Z,galaxies,gpt-6-astra,high,146623,146304,0,429,215,147052,319,0.170944
2054,2026-09-21T09:04:07.898Z,galaxies,gpt-6-astra,high,147176,146560,0,119,37,147295,616,0.15867
2055,2026-09-21T09:04:59.797Z,galaxies,gpt-6-astra,high,147318,147072,0,92,0,147410,246,0.154132
2056,2026-09-21T09:05:05.851Z,galaxies,gpt-6-astra,high,147563,147200,0,134,16,147697,363,0.15753
2057,2026-09-21T09:05:16.388Z,galaxies,gpt-6-astra,high,147756,147456,0,216,124,147972,300,0.161256
2058,2026-09-21T09:05:22.355Z,galaxies,gpt-6-astra,high,148321,147584,0,80,0,148401,737,0.158954
2059,2026-09-21T09:06:00.683Z,galaxies,gpt-6-astra,high,149973,148224,0,892,516,150865,1749,0.210314
2060,2026-09-21T09:07:25.146Z,galaxies,gpt-6-astra,high,155378,149888,0,2395,2326,157773,5490,0.324538
2061,2026-09-21T09:08:22.245Z,galaxies,gpt-6-astra,high,157796,155264,0,287,0,158083,2532,0.194934
2062,2026-09-21T09:08:27.396Z,galaxies,gpt-6-astra,high,158244,157696,0,59,0,158303,548,0.166126
2063,2026-09-21T09:08:58.494Z,galaxies,gpt-6-astra,high,159875,158080,0,874,516,160749,1795,0.21973
2064,2026-09-21T09:09:06.511Z,galaxies,gpt-6-astra,high,160966,159744,0,19,0,160985,1222,0.172914
2065,2026-09-21T09:10:03.099Z,galaxies,gpt-6-astra,high,161008,160896,0,226,0,161234,112,0.173316
2066,2026-09-21T09:10:09.415Z,galaxies,gpt-6-astra,high,161370,160896,0,92,54,161462,474,0.170236
2067,2026-09-21T09:10:44.459Z,galaxies,gpt-6-astra,high,163034,161280,0,903,591,163937,1754,0.22397
2068,2026-09-21T09:10:47.373Z,galaxies,gpt-6-astra,high,164085,162944,0,19,0,164104,1141,0.175304
2069,2026-09-21T09:11:44.925Z,galaxies,gpt-6-astra,high,164127,163968,0,225,0,164352,159,0.176808
2070,2026-09-21T09:11:50.186Z,galaxies,gpt-6-astra,high,164488,163968,0,68,14,164556,520,0.172568
2071,2026-09-21T09:12:49.393Z,galaxies,gpt-6-astra,high,166128,164352,0,1624,1308,167752,1776,0.263312
2072,2026-09-21T09:12:58.005Z,galaxies,gpt-6-astra,high,167954,99072,0,19,0,167973,68882,0.788842
2073,2026-09-21T09:13:51.952Z,galaxies,gpt-6-astra,high,167996,167808,0,225,0,168221,188,0.180938
2074,2026-09-21T09:13:57.908Z,galaxies,gpt-6-astra,high,168357,167808,0,114,65,168471,549,0.178998
2075,2026-09-21T09:14:20.565Z,galaxies,gpt-6-astra,high,170043,168192,0,649,331,170692,1851,0.219152
2076,2026-09-21T09:14:23.103Z,galaxies,gpt-6-astra,high,170839,169856,0,19,0,170858,983,0.180636
2077,2026-09-21T09:15:20.825Z,galaxies,gpt-6-astra,high,170881,170752,0,188,0,171069,129,0.181442
2078,2026-09-21T09:15:28.277Z,galaxies,gpt-6-astra,high,171248,170752,0,134,80,171382,496,0.182412
2079,2026-09-21T09:16:27.628Z,galaxies,gpt-6-astra,high,171405,171136,0,188,0,171593,269,0.183226
2080,2026-09-21T09:16:41.642Z,galaxies,gpt-6-astra,high,171771,171264,0,325,254,172096,507,0.192584
2081,2026-09-21T09:17:35.032Z,galaxies,gpt-6-astra,high,172119,171648,0,188,0,172307,471,0.185758
2082,2026-09-21T09:18:01.808Z,galaxies,gpt-6-astra,high,172484,172032,0,714,358,173198,452,0.212252
2083,2026-09-21T09:18:11.389Z,galaxies,gpt-6-astra,high,173255,172416,0,19,0,173274,839,0.181756
2084,2026-09-21T09:18:55.303Z,galaxies,gpt-6-astra,high,173297,173184,0,36,0,173333,113,0.176114
2085,2026-09-21T09:19:02.463Z,galaxies,gpt-6-astra,high,173474,173184,0,129,62,173603,290,0.182534
2086,2026-09-21T09:19:52.507Z,galaxies,gpt-6-astra,high,173626,173312,0,36,0,173662,314,0.178252
2087,2026-09-21T09:19:58.899Z,galaxies,gpt-6-astra,high,173804,173440,0,85,37,173889,364,0.18133
2088,2026-09-21T09:20:47.095Z,galaxies,gpt-6-astra,high,173912,173696,0,36,0,173948,216,0.177656
2089,2026-09-21T09:21:02.790Z,galaxies,gpt-6-astra,high,174090,173824,0,317,259,174407,266,0.192334
2090,2026-09-21T09:21:52.983Z,galaxies,gpt-6-astra,high,174430,173952,0,36,0,174466,478,0.180532
2091,2026-09-21T09:22:35.234Z,galaxies,gpt-6-astra,high,174607,174336,0,1076,1002,175683,271,0.230846
2092,2026-09-21T09:23:23.758Z,galaxies,gpt-6-astra,high,175706,174464,0,36,0,175742,1242,0.188684
2093,2026-09-21T09:23:30.669Z,galaxies,gpt-6-astra,high,175884,175616,0,157,108,176041,268,0.186146
2094,2026-09-21T09:24:19.379Z,galaxies,gpt-6-astra,high,176064,175744,0,36,0,176100,320,0.180744
2095,2026-09-21T09:24:26.065Z,galaxies,gpt-6-astra,high,176241,176000,0,79,12,176320,241,0.18236
2096,2026-09-21T09:25:14.658Z,galaxies,gpt-6-astra,high,176343,176128,0,36,0,176379,215,0.180078
2097,2026-09-21T09:25:20.920Z,galaxies,gpt-6-astra,high,176520,176256,0,73,16,176593,264,0.182546
2098,2026-09-21T09:26:09.450Z,galaxies,gpt-6-astra,high,176616,176384,0,36,0,176652,232,0.180504
2099,2026-09-21T09:26:14.304Z,galaxies,gpt-6-astra,high,176794,176512,0,89,33,176883,282,0.183782
2100,2026-09-21T09:27:04.463Z,galaxies,gpt-6-astra,high,176906,176640,0,36,0,176942,266,0.1811
2101,2026-09-21T09:27:09.163Z,galaxies,gpt-6-astra,high,177084,176768,0,84,19,177168,316,0.184128
2102,2026-09-21T09:27:59.269Z,galaxies,gpt-6-astra,high,177191,176896,0,36,0,177227,295,0.181646
2103,2026-09-21T09:28:04.195Z,galaxies,gpt-6-astra,high,177368,177024,0,85,40,177453,344,0.184714
2104,2026-09-21T09:28:54.292Z,galaxies,gpt-6-astra,high,177476,177280,0,36,0,177512,196,0.18104
2105,2026-09-21T09:29:03.820Z,galaxies,gpt-6-astra,high,177653,177408,0,184,123,177837,245,0.189058
2106,2026-09-21T09:29:53.571Z,galaxies,gpt-6-astra,high,177860,177536,0,36,0,177896,324,0.182576
2107,2026-09-21T09:29:59.192Z,galaxies,gpt-6-astra,high,178040,177792,0,92,27,178132,248,0.184872
2108,2026-09-21T09:30:48.902Z,galaxies,gpt-6-astra,high,178155,177920,0,36,0,178191,235,0.18207
2109,2026-09-21T09:31:00.688Z,galaxies,gpt-6-astra,high,178333,178048,0,243,189,178576,285,0.193048
2110,2026-09-21T09:31:51.356Z,galaxies,gpt-6-astra,high,178599,178176,0,36,0,178635,423,0.184206
2111,2026-09-21T09:31:57.261Z,galaxies,gpt-6-astra,high,178777,178432,0,104,42,178881,345,0.187082
2112,2026-09-21T09:32:45.882Z,galaxies,gpt-6-astra,high,178904,178688,0,36,0,178940,216,0.182648
2113,2026-09-21T09:32:51.584Z,galaxies,gpt-6-astra,high,179083,178816,0,84,21,179167,267,0.185686
2114,2026-09-21T09:33:44.558Z,galaxies,gpt-6-astra,high,179190,178944,0,36,0,179226,246,0.183204
2115,2026-09-21T09:33:50.249Z,galaxies,gpt-6-astra,high,179368,179072,0,82,22,179450,296,0.186132
2116,2026-09-21T09:34:39.672Z,galaxies,gpt-6-astra,high,179473,179200,0,36,0,179509,273,0.18373
2117,2026-09-21T09:34:48.267Z,galaxies,gpt-6-astra,high,179653,179328,0,118,45,179771,325,0.188478
2118,2026-09-21T09:35:09.938Z,galaxies,gpt-6-astra,high,179794,179584,0,282,0,180076,210,0.195784
2119,2026-09-21T09:35:17.305Z,galaxies,gpt-6-astra,high,180164,179712,0,139,65,180303,452,0.191182
2120,2026-09-21T09:35:29.314Z,galaxies,gpt-6-astra,high,182563,180096,0,220,81,182783,2467,0.215766
2121,2026-09-21T09:35:58.663Z,galaxies,gpt-6-astra,high,183743,182400,0,790,278,184533,1343,0.23533
2122,2026-09-21T09:36:10.039Z,galaxies,gpt-6-astra,high,184591,183680,0,254,36,184845,911,0.20549
2123,2026-09-21T09:36:24.608Z,galaxies,gpt-6-astra,high,186558,184448,0,388,197,186946,2110,0.224948
2124,2026-09-21T09:36:47.245Z,galaxies,gpt-6-astra,high,191037,186496,0,395,170,191432,4541,0.251656
2125,2026-09-21T09:37:09.944Z,galaxies,gpt-6-astra,high,193259,190848,0,438,144,193697,2411,0.236858
2126,2026-09-21T09:37:21.070Z,galaxies,gpt-6-astra,high,194290,193152,0,254,141,194544,1138,0.217232
2127,2026-09-21T09:37:48.284Z,galaxies,gpt-6-astra,high,195074,194176,0,782,305,195856,898,0.242256
2128,2026-09-21T09:38:01.374Z,galaxies,gpt-6-astra,high,196052,194944,0,276,175,196328,1108,0.219824
2129,2026-09-21T09:38:18.034Z,galaxies,gpt-6-astra,high,198621,195968,0,460,348,199081,2653,0.245498
2130,2026-09-21T09:38:35.749Z,galaxies,gpt-6-astra,high,201147,198528,0,440,305,201587,2619,0.246718
2131,2026-09-21T09:38:50.424Z,galaxies,gpt-6-astra,high,202880,200960,0,376,304,203256,1920,0.23896
2132,2026-09-21T09:39:11.786Z,galaxies,gpt-6-astra,high,205485,202752,0,626,24,206111,2733,0.261382
2133,2026-09-21T09:39:39.324Z,galaxies,gpt-6-astra,high,206170,205312,0,791,553,206961,858,0.253442
2134,2026-09-21T09:40:04.350Z,galaxies,gpt-6-astra,high,207336,206080,0,668,487,208004,1256,0.25204
2135,2026-09-21T09:41:04.267Z,galaxies,gpt-6-astra,high,213745,169856,0,1431,485,215176,43889,0.680296
2136,2026-09-21T09:41:23.052Z,galaxies,gpt-6-astra,high,215312,213632,0,450,363,215762,1680,0.252932
2137,2026-09-21T09:41:38.623Z,galaxies,gpt-6-astra,high,216502,215168,0,327,115,216829,1334,0.244858
2138,2026-09-21T09:42:06.199Z,galaxies,gpt-6-astra,high,217374,216320,0,720,406,218094,1054,0.26286
2139,2026-09-21T09:43:11.009Z,galaxies,gpt-6-astra,high,218807,217088,0,2020,730,220827,1719,0.335278
2140,2026-09-21T09:43:42.706Z,galaxies,gpt-6-astra,high,220883,218752,0,882,516,221765,2131,0.284162
2141,2026-09-21T09:44:06.912Z,galaxies,gpt-6-astra,high,221935,220800,0,556,445,222491,1135,0.25995
2142,2026-09-21T09:44:42.367Z,galaxies,gpt-6-astra,high,223915,221824,0,734,386,224649,2091,0.279434
2143,2026-09-21T09:45:09.754Z,galaxies,gpt-6-astra,high,225068,223744,0,748,637,225816,1324,0.274384
2144,2026-09-21T09:45:27.947Z,galaxies,gpt-6-astra,high,226014,224896,0,504,335,226518,1118,0.261276
2145,2026-09-21T09:45:40.695Z,galaxies,gpt-6-astra,high,226717,225920,0,278,36,226995,797,0.24779
2146,2026-09-21T09:47:24.741Z,galaxies,gpt-6-astra,high,227223,226560,0,3336,597,230559,663,0.39999
2147,2026-09-21T09:47:37.066Z,galaxies,gpt-6-astra,high,230615,227072,0,315,69,230930,3543,0.278252
2148,2026-09-21T09:48:03.345Z,galaxies,gpt-6-astra,high,231270,230528,0,714,111,231984,742,0.273648
2149,2026-09-21T09:48:53.722Z,galaxies,gpt-6-astra,high,232287,231168,0,1254,1192,233541,1119,0.305058
2150,2026-09-21T09:49:41.811Z,galaxies,gpt-6-astra,high,233564,232192,0,196,0,233760,1372,0.255712
2151,2026-09-21T09:50:27.415Z,galaxies,gpt-6-astra,high,234054,233472,0,1059,985,235113,582,0.292242
2152,2026-09-21T09:51:14.739Z,galaxies,gpt-6-astra,high,235136,233984,0,135,0,235271,1152,0.252254
2153,2026-09-21T09:51:48.741Z,galaxies,gpt-6-astra,high,235563,235008,0,684,618,236247,555,0.274758
2154,2026-09-21T09:52:38.319Z,galaxies,gpt-6-astra,high,236270,235392,0,81,0,236351,878,0.248222
2155,2026-09-21T09:53:18.083Z,galaxies,gpt-6-astra,high,236567,236160,0,1021,949,237588,407,0.29128
2156,2026-09-21T09:54:09.392Z,galaxies,gpt-6-astra,high,237611,236416,0,89,0,237700,1195,0.252816
2157,2026-09-21T09:54:43.377Z,galaxies,gpt-6-astra,high,237858,237440,0,820,762,238678,418,0.28262
2158,2026-09-21T09:55:32.033Z,galaxies,gpt-6-astra,high,238701,237696,0,81,0,238782,1005,0.251796
2159,2026-09-21T09:56:08.188Z,galaxies,gpt-6-astra,high,238998,238592,0,802,728,239800,406,0.282752
2160,2026-09-21T09:57:19.527Z,galaxies,gpt-6-astra,high,239877,213632,0,89,0,239966,26245,0.480532
2161,2026-09-21T09:57:28.887Z,galaxies,gpt-6-astra,high,240121,239744,0,158,51,240279,377,0.251414
2162,2026-09-21T09:57:48.722Z,galaxies,gpt-6-astra,high,240337,240000,0,436,353,240773,337,0.26517
2163,2026-09-21T09:58:24.475Z,galaxies,gpt-6-astra,high,241052,240256,0,1072,728,242124,796,0.301816
2164,2026-09-21T09:58:36.008Z,galaxies,gpt-6-astra,high,242213,240896,0,252,110,242465,1317,0.266666
2165,2026-09-21T09:59:06.829Z,galaxies,gpt-6-astra,high,243396,242048,0,888,734,244284,1348,0.299928
2166,2026-09-21T09:59:40.983Z,galaxies,gpt-6-astra,high,244597,243328,0,880,809,245477,1269,0.300018
2167,2026-09-21T10:03:11.878Z,galaxies,gpt-6-astra,high,245514,244480,0,6940,0,252454,1034,0.60182
2168,2026-09-21T10:03:20.132Z,galaxies,gpt-6-astra,high,30064,22912,0,189,65,30253,7152,0.103882
2169,2026-09-21T10:03:25.757Z,galaxies,gpt-6-astra,high,37254,29824,0,132,62,37386,7430,0.110724
2170,2026-09-21T10:03:42.746Z,galaxies,gpt-6-astra,high,41019,37120,0,323,0,41342,3899,0.09226
2171,2026-09-21T10:03:56.536Z,galaxies,gpt-6-astra,high,41895,40832,0,359,28,42254,1063,0.069412
2172,2026-09-21T10:04:12.510Z,galaxies,gpt-6-astra,high,42583,41728,0,293,14,42876,855,0.064928
2173,2026-09-21T10:04:25.433Z,galaxies,gpt-6-astra,high,44242,42368,0,335,13,44577,1874,0.077858
2174,2026-09-21T10:04:29.494Z,galaxies,gpt-6-astra,high,44923,44032,0,76,0,44999,891,0.056742
2175,2026-09-21T10:04:36.961Z,galaxies,gpt-6-astra,high,46571,44800,0,137,0,46708,1771,0.06936
2176,2026-09-21T10:04:43.701Z,galaxies,gpt-6-astra,high,55455,46336,0,170,0,55625,9119,0.146026
2177,2026-09-21T10:04:50.792Z,galaxies,gpt-6-astra,high,62227,55296,0,137,44,62364,6931,0.131456
2178,2026-09-21T10:04:58.739Z,galaxies,gpt-6-astra,high,66357,62080,0,208,74,66565,4277,0.11525
2179,2026-09-21T10:05:17.163Z,galaxies,gpt-6-astra,high,72939,66176,0,481,13,73420,6763,0.157856
2180,2026-09-21T10:05:25.209Z,galaxies,gpt-6-astra,high,78112,72704,0,179,33,78291,5408,0.135734
2181,2026-09-21T10:05:39.940Z,galaxies,gpt-6-astra,high,86440,77952,0,178,40,86618,8488,0.171732
2182,2026-09-21T10:05:48.176Z,galaxies,gpt-6-astra,high,93422,86272,0,151,20,93573,7150,0.165322
2183,2026-09-21T10:06:00.007Z,galaxies,gpt-6-astra,high,98614,92928,0,249,133,98863,5686,0.162238
2184,2026-09-21T10:06:05.899Z,galaxies,gpt-6-astra,high,101737,98432,0,137,48,101874,3305,0.138332
2185,2026-09-21T10:07:01.415Z,galaxies,gpt-6-astra,high,105969,101632,0,1792,43,107761,4337,0.234602
2186,2026-09-21T10:07:16.027Z,galaxies,gpt-6-astra,high,107917,105856,0,312,109,108229,2061,0.142066
2187,2026-09-21T10:07:25.182Z,galaxies,gpt-6-astra,high,109953,107776,0,148,30,110101,2177,0.136946
2188,2026-09-21T10:08:21.157Z,galaxies,gpt-6-astra,high,110942,109824,0,1748,20,112690,1118,0.208404
2189,2026-09-21T10:08:36.150Z,galaxies,gpt-6-astra,high,112780,110848,0,242,20,113022,1932,0.142268
2190,2026-09-21T10:08:52.784Z,galaxies,gpt-6-astra,high,113976,112640,0,467,17,114443,1336,0.14935
2191,2026-09-21T10:09:12.333Z,galaxies,gpt-6-astra,high,120484,113792,0,433,89,120917,6692,0.202362
2192,2026-09-21T10:09:30.524Z,galaxies,gpt-6-astra,high,121354,119808,0,184,41,121538,1546,0.144468
2193,2026-09-21T10:09:59.818Z,galaxies,gpt-6-astra,high,123207,121216,0,783,82,123990,1991,0.180276
2194,2026-09-21T10:10:15.658Z,galaxies,gpt-6-astra,high,128272,123136,0,285,157,128557,5136,0.188746
2195,2026-09-21T10:10:35.526Z,galaxies,gpt-6-astra,high,128988,128128,0,110,22,129098,860,0.142228
2196,2026-09-21T10:10:43.408Z,galaxies,gpt-6-astra,high,129274,128768,0,182,38,129456,506,0.142928
2197,2026-09-21T10:10:55.835Z,galaxies,gpt-6-astra,high,129807,129152,0,229,18,130036,655,0.147152
2198,2026-09-21T10:11:14.762Z,galaxies,gpt-6-astra,high,132388,129664,0,417,71,132805,2724,0.177754
2199,2026-09-21T10:11:35.532Z,galaxies,gpt-6-astra,high,134716,132224,0,405,295,135121,2492,0.177394
2200,2026-09-21T10:11:49.009Z,galaxies,gpt-6-astra,high,137549,134528,0,254,20,137803,3021,0.177438
2201,2026-09-21T10:13:27.213Z,galaxies,gpt-6-astra,high,138232,137344,0,3101,516,141333,888,0.301274
2202,2026-09-21T10:13:38.345Z,galaxies,gpt-6-astra,high,141680,138112,0,237,140,141917,3568,0.185642
2203,2026-09-21T10:14:00.737Z,galaxies,gpt-6-astra,high,142101,141440,0,670,42,142771,661,0.18155
2204,2026-09-21T10:14:20.533Z,galaxies,gpt-6-astra,high,142980,141952,0,508,47,143488,1028,0.177632
2205,2026-09-21T10:14:32.267Z,galaxies,gpt-6-astra,high,145528,142848,0,211,115,145739,2680,0.180198
2206,2026-09-21T10:14:50.899Z,galaxies,gpt-6-astra,high,151787,145408,0,352,120,152139,6379,0.226798
2207,2026-09-21T10:15:18.949Z,galaxies,gpt-6-astra,high,152483,151552,0,788,516,153271,931,0.200262
2208,2026-09-21T10:16:59.716Z,galaxies,gpt-6-astra,high,153410,152320,0,3284,345,156694,1090,0.32742
2209,2026-09-21T10:17:10.510Z,galaxies,gpt-6-astra,high,156751,153216,0,267,61,157018,3535,0.201916
2210,2026-09-21T10:17:35.518Z,galaxies,gpt-6-astra,high,157638,156544,0,739,20,158377,1094,0.204434
2211,2026-09-21T10:18:23.554Z,galaxies,gpt-6-astra,high,159030,157440,0,1403,169,160433,1590,0.24349
2212,2026-09-21T10:18:48.728Z,galaxies,gpt-6-astra,high,161494,158848,0,705,516,162199,2646,0.220558
2213,2026-09-21T10:19:14.475Z,galaxies,gpt-6-astra,high,162794,161280,0,596,441,163390,1514,0.20622
2214,2026-09-21T10:19:31.041Z,galaxies,gpt-6-astra,high,164259,162560,0,427,207,164686,1699,0.2009
2215,2026-09-21T10:20:41.931Z,galaxies,gpt-6-astra,high,168859,164096,0,1854,472,170713,4763,0.304426
2216,2026-09-21T10:21:01.503Z,galaxies,gpt-6-astra,high,170844,168704,0,377,244,171221,2140,0.208954
2217,2026-09-21T10:21:59.475Z,galaxies,gpt-6-astra,high,171797,170624,0,1762,516,173559,1173,0.270454
2218,2026-09-21T10:22:13.071Z,galaxies,gpt-6-astra,high,173713,171648,0,179,28,173892,2065,0.201248
2219,2026-09-21T10:22:29.025Z,galaxies,gpt-6-astra,high,176017,173568,0,372,121,176389,2449,0.216658
2220,2026-09-21T10:22:42.662Z,galaxies,gpt-6-astra,high,176527,175872,0,188,52,176715,655,0.191822
2221,2026-09-21T10:23:04.865Z,galaxies,gpt-6-astra,high,177072,176384,0,657,326,177729,688,0.216114
2222,2026-09-21T10:23:30.019Z,galaxies,gpt-6-astra,high,177848,176896,0,602,442,178450,952,0.216516
2223,2026-09-21T10:23:34.676Z,galaxies,gpt-6-astra,high,178683,177664,0,49,28,178732,1019,0.190304
2224,2026-09-21T10:24:27.605Z,galaxies,gpt-6-astra,high,178755,178560,0,97,0,178852,195,0.18536
2225,2026-09-21T10:25:14.482Z,galaxies,gpt-6-astra,high,179040,178688,0,1211,516,180251,352,0.242758
2226,2026-09-21T10:25:38.603Z,galaxies,gpt-6-astra,high,180376,12160,0,403,148,180779,168216,1.71447
2227,2026-09-21T10:25:41.979Z,galaxies,gpt-6-astra,high,180997,180224,0,42,21,181039,773,0.190054
2228,2026-09-21T10:26:35.393Z,galaxies,gpt-6-astra,high,181062,180864,0,79,0,181141,198,0.186794
2229,2026-09-21T10:26:43.328Z,galaxies,gpt-6-astra,high,181288,180992,0,190,66,181478,296,0.193452
2230,2026-09-21T10:26:57.203Z,galaxies,gpt-6-astra,high,181536,181120,0,306,48,181842,416,0.20058
2231,2026-09-21T10:27:08.918Z,galaxies,gpt-6-astra,high,182365,181376,0,306,187,182671,989,0.206566
2232,2026-09-21T10:27:25.366Z,galaxies,gpt-6-astra,high,184243,182272,0,441,89,184684,1971,0.224032
2233,2026-09-21T10:27:34.211Z,galaxies,gpt-6-astra,high,187904,184064,0,92,0,187996,3840,0.227064
2234,2026-09-21T10:27:56.065Z,galaxies,gpt-6-astra,high,194761,187776,0,597,516,195358,6985,0.287476
2235,2026-09-21T10:28:08.027Z,galaxies,gpt-6-astra,high,200935,194688,0,318,247,201253,6247,0.273058
2236,2026-09-21T10:29:45.163Z,galaxies,gpt-6-astra,high,205689,200832,0,3137,516,208826,4857,0.406252
2237,2026-09-21T10:31:03.297Z,galaxies,gpt-6-astra,high,208884,205568,0,2463,516,211347,3316,0.361878
2238,2026-09-21T10:32:02.099Z,galaxies,gpt-6-astra,high,211407,208768,0,1817,516,213224,2639,0.326008
2239,2026-09-21T10:32:20.094Z,galaxies,gpt-6-astra,high,213315,211328,0,465,206,213780,1987,0.254448
2240,2026-09-21T10:32:53.690Z,galaxies,gpt-6-astra,high,214122,213248,0,958,304,215080,874,0.269888
2241,2026-09-21T10:33:13.777Z,galaxies,gpt-6-astra,high,215334,214016,0,518,129,215852,1318,0.253096
2242,2026-09-21T10:33:25.344Z,galaxies,gpt-6-astra,high,216278,215168,0,160,76,216438,1110,0.234268
2243,2026-09-21T10:33:58.923Z,galaxies,gpt-6-astra,high,216906,216192,0,1044,27,217950,714,0.275532
2244,2026-09-21T10:34:26.592Z,galaxies,gpt-6-astra,high,218692,12160,0,663,186,219355,206532,2.11063
2245,2026-09-21T10:34:36.311Z,galaxies,gpt-6-astra,high,219835,216832,0,205,40,220040,3003,0.257112
2246,2026-09-21T10:34:54.244Z,galaxies,gpt-6-astra,high,220614,219776,0,379,114,220993,838,0.247106
2247,2026-09-21T10:35:07.097Z,galaxies,gpt-6-astra,high,221156,220416,0,241,122,221397,740,0.239866
2248,2026-09-21T10:35:39.191Z,galaxies,gpt-6-astra,high,221953,218624,0,348,101,222301,3329,0.269314
2249,2026-09-21T10:36:05.646Z,galaxies,gpt-6-astra,high,222612,221056,0,770,516,223382,1556,0.275116
2250,2026-09-21T10:36:24.011Z,galaxies,gpt-6-astra,high,223525,222464,0,234,68,223759,1061,0.244774
2251,2026-09-21T10:36:48.268Z,galaxies,gpt-6-astra,high,224014,221696,0,186,8,224200,2318,0.254176
2252,2026-09-21T10:37:10.172Z,galaxies,gpt-6-astra,high,224326,223488,0,625,361,224951,838,0.263118
2253,2026-09-21T10:38:48.012Z,galaxies,gpt-6-astra,high,225603,223872,0,2963,487,228566,1731,0.389332
2254,2026-09-21T10:38:59.912Z,galaxies,gpt-6-astra,high,228623,225536,0,251,38,228874,3087,0.268956
2255,2026-09-21T10:39:24.473Z,galaxies,gpt-6-astra,high,229088,228480,0,592,88,229680,608,0.26416
2256,2026-09-21T10:39:53.232Z,galaxies,gpt-6-astra,high,229841,228992,0,769,603,230610,849,0.275932
2257,2026-09-21T10:40:04.893Z,galaxies,gpt-6-astra,high,231086,229760,0,134,57,231220,1326,0.24972
2258,2026-09-21T10:40:44.381Z,galaxies,gpt-6-astra,high,233738,231040,0,1194,680,234932,2698,0.31772
2259,2026-09-21T10:40:54.546Z,galaxies,gpt-6-astra,high,235070,233600,0,212,92,235282,1470,0.2589
2260,2026-09-21T10:41:04.402Z,galaxies,gpt-6-astra,high,237393,235008,0,138,16,237531,2385,0.265758
2261,2026-09-21T10:41:18.367Z,galaxies,gpt-6-astra,high,237899,237312,0,189,22,238088,587,0.252632
2262,2026-09-21T10:42:31.028Z,galaxies,gpt-6-astra,high,238649,237824,0,2284,516,240933,825,0.360274
2263,2026-09-21T10:42:58.071Z,galaxies,gpt-6-astra,high,240957,238592,0,760,383,241717,2365,0.300242
2264,2026-09-21T10:43:21.350Z,galaxies,gpt-6-astra,high,241956,240896,0,580,40,242536,1060,0.280496
2265,2026-09-21T10:45:06.255Z,galaxies,gpt-6-astra,high,243959,241920,0,3294,1207,247253,2039,0.42701
2266,2026-09-21T10:49:03.458Z,galaxies,gpt-6-astra,high,248599,12160,0,7438,0,256037,236439,2.74845
2267,2026-09-21T10:49:13.368Z,galaxies,gpt-6-astra,high,30567,12160,0,167,38,30734,18407,0.20458
2268,2026-09-21T10:49:26.830Z,galaxies,gpt-6-astra,high,36681,12160,0,398,57,37079,24521,0.27727
2269,2026-09-21T10:49:34.201Z,galaxies,gpt-6-astra,high,37440,36480,0,124,17,37564,960,0.05228
2270,2026-09-21T10:49:50.110Z,galaxies,gpt-6-astra,high,39408,37248,0,340,47,39748,2160,0.075848
2271,2026-09-21T10:49:56.017Z,galaxies,gpt-6-astra,high,40049,39168,0,81,0,40130,881,0.052028
2272,2026-09-21T10:50:03.955Z,galaxies,gpt-6-astra,high,41702,39808,0,208,0,41910,1894,0.069148
2273,2026-09-21T10:50:09.754Z,galaxies,gpt-6-astra,high,51634,41472,0,131,25,51765,10162,0.149642
2274,2026-09-21T10:50:19.966Z,galaxies,gpt-6-astra,high,57366,51456,0,212,41,57578,5910,0.121156
2275,2026-09-21T10:50:39.538Z,galaxies,gpt-6-astra,high,68405,57216,0,520,318,68925,11189,0.195106
2276,2026-09-21T10:50:49.655Z,galaxies,gpt-6-astra,high,72624,68224,0,275,95,72899,4400,0.125974
2277,2026-09-21T10:51:27.288Z,galaxies,gpt-6-astra,high,79189,72448,0,1183,124,80372,6741,0.199008
2278,2026-09-21T10:52:41.989Z,galaxies,gpt-6-astra,high,80430,78976,0,2392,483,82822,1454,0.213116
2279,2026-09-21T10:52:54.352Z,galaxies,gpt-6-astra,high,82878,80256,0,343,98,83221,2622,0.123626
2280,2026-09-21T10:53:39.088Z,galaxies,gpt-6-astra,high,87508,82688,0,1377,309,88885,4820,0.199738
2281,2026-09-21T10:54:21.324Z,galaxies,gpt-6-astra,high,88962,87296,0,1325,91,90287,1666,0.170206
2282,2026-09-21T10:54:27.015Z,galaxies,gpt-6-astra,high,90459,88832,0,139,22,90598,1627,0.112052
2283,2026-09-21T10:54:38.517Z,galaxies,gpt-6-astra,high,90781,90240,0,262,172,91043,541,0.10875
2284,2026-09-21T10:54:57.577Z,galaxies,gpt-6-astra,high,92615,90624,0,525,335,93140,1991,0.136784
2285,2026-09-21T10:55:08.602Z,galaxies,gpt-6-astra,high,102512,92416,0,296,192,102808,10096,0.208176
2286,2026-09-21T10:55:25.407Z,galaxies,gpt-6-astra,high,105517,102272,0,379,199,105896,3245,0.153672
2287,2026-09-21T10:55:34.222Z,galaxies,gpt-6-astra,high,106191,105344,0,168,12,106359,847,0.122214
2288,2026-09-21T10:55:43.128Z,galaxies,gpt-6-astra,high,107059,105984,0,203,126,107262,1075,0.126884
2289,2026-09-21T10:56:10.607Z,galaxies,gpt-6-astra,high,109782,106880,0,827,764,110609,2902,0.17725
2290,2026-09-21T10:56:58.953Z,galaxies,gpt-6-astra,high,111272,109568,0,1515,120,112787,1704,0.202358
2291,2026-09-21T10:57:19.513Z,galaxies,gpt-6-astra,high,112846,111104,0,564,75,113410,1742,0.156724
2292,2026-09-21T10:57:32.351Z,galaxies,gpt-6-astra,high,113720,80256,0,323,268,114043,33464,0.431046
2293,2026-09-21T10:57:55.585Z,galaxies,gpt-6-astra,high,117226,113536,0,660,592,117886,3690,0.183436
2294,2026-09-21T10:58:24.682Z,galaxies,gpt-6-astra,high,118026,116992,0,830,433,118856,1034,0.168832
2295,2026-09-21T10:58:36.025Z,galaxies,gpt-6-astra,high,118913,117888,0,258,173,119171,1025,0.141038
2296,2026-09-21T10:58:53.211Z,galaxies,gpt-6-astra,high,120178,118784,0,447,310,120625,1394,0.155074
2297,2026-09-21T10:59:30.001Z,galaxies,gpt-6-astra,high,122404,119936,0,1124,308,123528,2468,0.200816
2298,2026-09-21T10:59:38.210Z,galaxies,gpt-6-astra,high,123669,122240,0,177,110,123846,1429,0.14538
2299,2026-09-21T11:00:01.135Z,galaxies,gpt-6-astra,high,125418,123520,0,579,293,125997,1898,0.17145
2300,2026-09-21T11:00:10.080Z,galaxies,gpt-6-astra,high,133125,125184,0,196,39,133321,7941,0.214394
2301,2026-09-21T11:00:57.030Z,galaxies,gpt-6-astra,high,134024,132992,0,1397,266,135421,1032,0.213162
2302,2026-09-21T11:01:19.013Z,galaxies,gpt-6-astra,high,137257,133888,0,502,395,137759,3369,0.192678
2303,2026-09-21T11:02:05.196Z,galaxies,gpt-6-astra,high,138821,137088,0,1238,70,140059,1733,0.216318
2304,2026-09-21T11:02:19.563Z,galaxies,gpt-6-astra,high,140118,138624,0,192,14,140310,1494,0.163164
2305,2026-09-21T11:02:32.521Z,galaxies,gpt-6-astra,high,141920,139904,0,288,148,142208,2016,0.174464
2306,2026-09-21T11:02:51.641Z,galaxies,gpt-6-astra,high,143073,141824,0,522,39,143595,1249,0.180414
2307,2026-09-21T11:03:20.903Z,galaxies,gpt-6-astra,high,143863,142976,0,773,279,144636,887,0.190496
2308,2026-09-21T11:03:26.023Z,galaxies,gpt-6-astra,high,144727,143744,0,75,9,144802,983,0.157324
2309,2026-09-21T11:03:34.470Z,galaxies,gpt-6-astra,high,145749,144640,0,141,27,145890,1109,0.16278
2310,2026-09-21T11:03:46.129Z,galaxies,gpt-6-astra,high,146644,145664,0,260,26,146904,980,0.168464
2311,2026-09-21T11:04:04.585Z,galaxies,gpt-6-astra,high,147032,146560,0,283,72,147315,472,0.16543
2312,2026-09-21T11:04:25.326Z,galaxies,gpt-6-astra,high,147876,146944,0,505,362,148381,932,0.181514
2313,2026-09-21T11:04:51.236Z,galaxies,gpt-6-astra,high,149509,147840,0,786,171,150295,1669,0.20383
2314,2026-09-21T11:05:06.953Z,galaxies,gpt-6-astra,high,150506,149376,0,381,144,150887,1130,0.179726
2315,2026-09-21T11:05:26.484Z,galaxies,gpt-6-astra,high,151355,150400,0,329,61,151684,955,0.1764
2316,2026-09-21T11:05:35.553Z,galaxies,gpt-6-astra,high,152113,151296,0,183,56,152296,817,0.168616
2317,2026-09-21T11:05:53.535Z,galaxies,gpt-6-astra,high,152793,152064,0,523,385,153316,729,0.185504
2318,2026-09-21T11:07:19.000Z,galaxies,gpt-6-astra,high,154027,152704,0,2442,86,156469,1323,0.288034
2319,2026-09-21T11:07:33.011Z,galaxies,gpt-6-astra,high,156525,153856,0,309,185,156834,2669,0.195996
2320,2026-09-21T11:07:48.696Z,galaxies,gpt-6-astra,high,157109,156416,0,345,44,157454,693,0.180596
2321,2026-09-21T11:08:01.916Z,galaxies,gpt-6-astra,high,157838,156928,0,237,30,158075,910,0.177878
2322,2026-09-21T11:08:12.457Z,galaxies,gpt-6-astra,high,158440,157696,0,224,19,158664,744,0.176336
2323,2026-09-21T11:08:21.598Z,galaxies,gpt-6-astra,high,159046,158336,0,142,121,159188,710,0.172536
2324,2026-09-21T11:09:01.411Z,galaxies,gpt-6-astra,high,159211,158848,0,220,0,159431,363,0.173478
2325,2026-09-21T11:09:20.382Z,galaxies,gpt-6-astra,high,159660,159104,0,521,105,160181,556,0.190714
2326,2026-09-21T11:09:47.819Z,galaxies,gpt-6-astra,high,160367,159488,0,784,575,161151,879,0.207478
2327,2026-09-21T11:10:02.938Z,galaxies,gpt-6-astra,high,161325,160256,0,339,318,161664,1069,0.187896
2328,2026-09-21T11:11:01.051Z,galaxies,gpt-6-astra,high,161687,161152,0,136,0,161823,535,0.173302
2329,2026-09-21T11:11:30.848Z,galaxies,gpt-6-astra,high,162270,161536,0,832,407,163102,734,0.210476
2330,2026-09-21T11:11:42.212Z,galaxies,gpt-6-astra,high,163186,162176,0,302,281,163488,1010,0.187376
2331,2026-09-21T11:12:41.216Z,galaxies,gpt-6-astra,high,163511,163072,0,189,0,163700,439,0.176912
2332,2026-09-21T11:12:51.749Z,galaxies,gpt-6-astra,high,163913,163328,0,258,183,164171,585,0.182078
2333,2026-09-21T11:13:50.994Z,galaxies,gpt-6-astra,high,164194,163712,0,154,0,164348,482,0.176232
2334,2026-09-21T11:14:05.612Z,galaxies,gpt-6-astra,high,164503,164096,0,129,71,164632,407,0.174616
2335,2026-09-21T11:15:00.783Z,galaxies,gpt-6-astra,high,164655,164352,0,110,0,164765,303,0.172882
2336,2026-09-21T11:15:13.016Z,galaxies,gpt-6-astra,high,164945,164480,0,343,284,165288,465,0.18628
2337,2026-09-21T11:16:10.242Z,galaxies,gpt-6-astra,high,165311,164736,0,121,0,165432,575,0.176536
2338,2026-09-21T11:16:24.626Z,galaxies,gpt-6-astra,high,165579,165120,0,337,272,165916,459,0.18656
2339,2026-09-21T11:17:21.537Z,galaxies,gpt-6-astra,high,165939,165376,0,56,0,165995,563,0.173806
2340,2026-09-21T11:17:40.994Z,galaxies,gpt-6-astra,high,166123,165760,0,388,310,166511,363,0.18879
2341,2026-09-21T11:18:35.426Z,galaxies,gpt-6-astra,high,166534,166016,0,69,0,166603,518,0.174646
2342,2026-09-21T11:18:39.111Z,galaxies,gpt-6-astra,high,166746,166400,0,62,14,166808,346,0.17296
2343,2026-09-21T11:18:55.922Z,galaxies,gpt-6-astra,high,166916,166656,0,412,216,167328,260,0.189856
2344,2026-09-21T11:19:01.927Z,galaxies,gpt-6-astra,high,167795,166784,0,82,0,167877,1011,0.180994
2345,2026-09-21T11:19:32.119Z,galaxies,gpt-6-astra,high,169449,167680,0,880,516,170329,1769,0.22937
2346,2026-09-21T11:19:38.573Z,galaxies,gpt-6-astra,high,170494,169344,0,103,82,170597,1150,0.185994
2347,2026-09-21T11:20:34.879Z,galaxies,gpt-6-astra,high,170620,170368,0,128,0,170748,252,0.179288
2348,2026-09-21T11:20:38.502Z,galaxies,gpt-6-astra,high,170949,170496,0,44,0,170993,453,0.177226
2349,2026-09-21T11:21:00.015Z,galaxies,gpt-6-astra,high,172565,170752,0,630,404,173195,1813,0.220382
2350,2026-09-21T11:21:04.267Z,galaxies,gpt-6-astra,high,173480,172416,0,19,0,173499,1064,0.184006
2351,2026-09-21T11:22:02.418Z,galaxies,gpt-6-astra,high,173522,173312,0,143,0,173665,210,0.182562
2352,2026-09-21T11:22:10.957Z,galaxies,gpt-6-astra,high,173779,173312,0,181,138,173960,467,0.187032
2353,2026-09-21T11:22:29.201Z,galaxies,gpt-6-astra,high,175532,173568,0,536,319,176068,1964,0.220008
2354,2026-09-21T11:22:31.700Z,galaxies,gpt-6-astra,high,176277,175360,0,19,0,176296,917,0.18548
2355,2026-09-21T11:23:28.013Z,galaxies,gpt-6-astra,high,176319,176128,0,143,0,176462,191,0.185188
2356,2026-09-21T11:23:33.243Z,galaxies,gpt-6-astra,high,176575,176128,0,55,18,176630,447,0.183348
2357,2026-09-21T11:23:58.239Z,galaxies,gpt-6-astra,high,178202,176384,0,643,481,178845,1818,0.226714
2358,2026-09-21T11:24:01.174Z,galaxies,gpt-6-astra,high,179047,178048,0,19,0,179066,999,0.188988
2359,2026-09-21T11:24:56.969Z,galaxies,gpt-6-astra,high,179089,178944,0,127,0,179216,145,0.186744
2360,2026-09-21T11:25:00.253Z,galaxies,gpt-6-astra,high,179324,178944,0,37,0,179361,380,0.184594
2361,2026-09-21T11:25:30.337Z,galaxies,gpt-6-astra,high,180933,179200,0,897,731,181830,1733,0.24138
2362,2026-09-21T11:25:32.638Z,galaxies,gpt-6-astra,high,182033,180736,0,19,0,182052,1297,0.194656
2363,2026-09-21T11:26:28.272Z,galaxies,gpt-6-astra,high,182075,181888,0,127,0,182202,187,0.190108
2364,2026-09-21T11:26:33.186Z,galaxies,gpt-6-astra,high,182308,181888,0,86,48,182394,420,0.190388
2365,2026-09-21T11:26:41.187Z,galaxies,gpt-6-astra,high,183966,182144,0,175,9,184141,1822,0.209114
2366,2026-09-21T11:26:46.678Z,galaxies,gpt-6-astra,high,184344,183808,0,19,0,184363,536,0.190118
2367,2026-09-21T11:27:44.756Z,galaxies,gpt-6-astra,high,184386,184192,0,127,0,184513,194,0.192482
2368,2026-09-21T11:27:49.628Z,galaxies,gpt-6-astra,high,184619,184192,0,75,31,184694,427,0.192212
2369,2026-09-21T11:28:20.550Z,galaxies,gpt-6-astra,high,186266,184448,0,937,775,187203,1818,0.249478
2370,2026-09-21T11:28:25.675Z,galaxies,gpt-6-astra,high,187405,186112,0,19,0,187424,1293,0.199992
2371,2026-09-21T11:29:22.706Z,galaxies,gpt-6-astra,high,187447,187264,0,127,0,187574,183,0.195444
2372,2026-09-21T11:29:26.519Z,galaxies,gpt-6-astra,high,187679,187264,0,36,0,187715,415,0.193214
2373,2026-09-21T11:29:53.659Z,galaxies,gpt-6-astra,high,189287,187520,0,826,663,190113,1767,0.24649
2374,2026-09-21T11:29:56.556Z,galaxies,gpt-6-astra,high,190316,189184,0,19,0,190335,1132,0.201454
2375,2026-09-21T11:30:52.359Z,galaxies,gpt-6-astra,high,190358,190208,0,127,0,190485,150,0.198058
2376,2026-09-21T11:30:58.857Z,galaxies,gpt-6-astra,high,190591,190208,0,89,29,190680,383,0.198488
2377,2026-09-21T11:31:56.105Z,galaxies,gpt-6-astra,high,190703,190464,0,127,0,190830,239,0.199204
2378,2026-09-21T11:32:02.411Z,galaxies,gpt-6-astra,high,190935,190592,0,61,21,190996,343,0.197072
2379,2026-09-21T11:32:26.441Z,galaxies,gpt-6-astra,high,192568,190720,0,679,516,193247,1848,0.24315
2380,2026-09-21T11:32:30.341Z,galaxies,gpt-6-astra,high,193449,192384,0,19,0,193468,1065,0.203984
2381,2026-09-21T11:33:27.982Z,galaxies,gpt-6-astra,high,193491,193280,0,127,0,193618,211,0.20174
2382,2026-09-21T11:33:31.464Z,galaxies,gpt-6-astra,high,193724,193280,0,32,0,193756,444,0.19932
2383,2026-09-21T11:33:40.346Z,galaxies,gpt-6-astra,high,195328,193536,0,208,49,195536,1792,0.221856
2384,2026-09-21T11:33:44.856Z,galaxies,gpt-6-astra,high,195738,195200,0,19,0,195757,538,0.20153
2385,2026-09-21T11:34:40.635Z,galaxies,gpt-6-astra,high,195780,195584,0,127,0,195907,196,0.203894
2386,2026-09-21T11:34:44.892Z,galaxies,gpt-6-astra,high,196013,195584,0,36,0,196049,429,0.201674
2387,2026-09-21T11:35:00.625Z,galaxies,gpt-6-astra,high,197621,195840,0,390,230,198011,1781,0.23315
2388,2026-09-21T11:35:07.481Z,galaxies,gpt-6-astra,high,198214,197504,0,19,0,198233,710,0.205554
2389,2026-09-21T11:36:03.030Z,galaxies,gpt-6-astra,high,198256,198016,0,127,0,198383,240,0.206766
2390,2026-09-21T11:36:07.316Z,galaxies,gpt-6-astra,high,198489,198144,0,32,0,198521,345,0.203194
2391,2026-09-21T11:36:17.019Z,galaxies,gpt-6-astra,high,200093,198400,0,197,30,200290,1693,0.22518
2392,2026-09-21T11:36:20.737Z,galaxies,gpt-6-astra,high,200492,199936,0,19,0,200511,556,0.206446
2393,2026-09-21T11:37:18.053Z,galaxies,gpt-6-astra,high,200534,200320,0,127,0,200661,214,0.20881
2394,2026-09-21T11:37:21.457Z,galaxies,gpt-6-astra,high,200767,200320,0,32,0,200799,447,0.20639
2395,2026-09-21T11:37:56.004Z,galaxies,gpt-6-astra,high,202467,113536,0,252,89,202719,88931,1.015446
2396,2026-09-21T11:37:59.317Z,galaxies,gpt-6-astra,high,202920,202368,0,19,0,202939,552,0.208838
2397,2026-09-21T11:38:59.818Z,galaxies,gpt-6-astra,high,202962,202752,0,127,0,203089,210,0.211202
2398,2026-09-21T11:39:05.102Z,galaxies,gpt-6-astra,high,203194,202752,0,34,0,203228,442,0.208872
2399,2026-09-21T11:39:20.418Z,galaxies,gpt-6-astra,high,204800,203008,0,326,111,205126,1792,0.237228
2400,2026-09-21T11:39:30.673Z,galaxies,gpt-6-astra,high,205421,204672,0,252,231,205673,749,0.224762
2401,2026-09-21T11:40:27.090Z,galaxies,gpt-6-astra,high,205696,205312,0,127,0,205823,384,0.215502
2402,2026-09-21T11:40:31.137Z,galaxies,gpt-6-astra,high,205929,205568,0,38,0,205967,361,0.211078
2403,2026-09-21T11:40:40.543Z,galaxies,gpt-6-astra,high,207539,205824,0,232,69,207771,1715,0.234574
2404,2026-09-21T11:40:43.268Z,galaxies,gpt-6-astra,high,207972,207360,0,19,0,207991,612,0.21443
2405,2026-09-21T11:41:38.471Z,galaxies,gpt-6-astra,high,208014,207872,0,127,0,208141,142,0.215642
2406,2026-09-21T11:41:41.848Z,galaxies,gpt-6-astra,high,208248,207872,0,36,0,208284,376,0.213432
2407,2026-09-21T11:42:06.949Z,galaxies,gpt-6-astra,high,209856,208128,0,754,560,210610,1728,0.263108
2408,2026-09-21T11:42:11.344Z,galaxies,gpt-6-astra,high,210821,209664,0,19,0,210840,1157,0.222184
2409,2026-09-21T11:43:06.973Z,galaxies,gpt-6-astra,high,210863,210688,0,127,0,210990,175,0.218788
2410,2026-09-21T11:43:12.735Z,galaxies,gpt-6-astra,high,211096,210688,0,45,0,211141,408,0.217018
2411,2026-09-21T11:43:27.094Z,galaxies,gpt-6-astra,high,212713,210944,0,361,200,213074,1769,0.246684
2412,2026-09-21T11:43:30.706Z,galaxies,gpt-6-astra,high,213275,212608,0,19,0,213294,667,0.220228
2413,2026-09-21T11:44:27.603Z,galaxies,gpt-6-astra,high,213317,213120,0,127,0,213444,197,0.22144
2414,2026-09-21T11:44:31.064Z,galaxies,gpt-6-astra,high,213549,213120,0,36,0,213585,429,0.21921
2415,2026-09-21T11:44:48.273Z,galaxies,gpt-6-astra,high,215157,213376,0,313,269,215470,1781,0.246836
2416,2026-09-21T11:45:44.714Z,galaxies,gpt-6-astra,high,215493,215040,0,128,0,215621,453,0.22597
2417,2026-09-21T11:45:52.469Z,galaxies,gpt-6-astra,high,215822,215296,0,33,0,215855,526,0.222206
2418,2026-09-21T11:45:59.814Z,galaxies,gpt-6-astra,high,217427,215680,0,102,57,217529,1747,0.23825
2419,2026-09-21T11:46:56.584Z,galaxies,gpt-6-astra,high,217552,217216,0,128,0,217680,336,0.226976
2420,2026-09-21T11:47:03.283Z,galaxies,gpt-6-astra,high,217882,217344,0,32,0,217914,538,0.224324
2421,2026-09-21T11:47:19.389Z,galaxies,gpt-6-astra,high,219486,217728,0,378,334,219864,1758,0.254208
2422,2026-09-21T11:48:16.917Z,galaxies,gpt-6-astra,high,219887,219392,0,128,0,220015,495,0.230742
2423,2026-09-21T11:48:20.774Z,galaxies,gpt-6-astra,high,220217,219776,0,32,0,220249,441,0.225786
2424,2026-09-21T11:48:29.724Z,galaxies,gpt-6-astra,high,221821,220032,0,148,104,221969,1789,0.245322
2425,2026-09-21T11:49:25.906Z,galaxies,gpt-6-astra,high,221992,221696,0,128,0,222120,296,0.231056
2426,2026-09-21T11:49:29.230Z,galaxies,gpt-6-astra,high,222321,221824,0,36,0,222357,497,0.228594
2427,2026-09-21T11:49:56.720Z,galaxies,gpt-6-astra,high,223929,222208,0,737,685,224666,1721,0.276268
2428,2026-09-21T11:50:55.021Z,galaxies,gpt-6-astra,high,224689,223744,0,128,0,224817,945,0.239594
2429,2026-09-21T11:50:59.427Z,galaxies,gpt-6-astra,high,225018,224512,0,31,0,225049,506,0.231122
2430,2026-09-21T11:51:04.205Z,galaxies,gpt-6-astra,high,226621,224896,0,72,28,226693,1725,0.245746
2431,2026-09-21T11:52:00.076Z,galaxies,gpt-6-astra,high,226716,226432,0,128,0,226844,284,0.235672
2432,2026-09-21T11:52:04.966Z,galaxies,gpt-6-astra,high,227045,226560,0,36,0,227081,485,0.23321
2433,2026-09-21T11:52:27.190Z,galaxies,gpt-6-astra,high,228653,226944,0,643,591,229296,1709,0.276184
2434,2026-09-21T11:53:25.111Z,galaxies,gpt-6-astra,high,229319,228480,0,128,0,229447,839,0.24327
2435,2026-09-21T11:53:32.242Z,galaxies,gpt-6-astra,high,229648,229120,0,32,0,229680,528,0.236
2436,2026-09-21T11:53:50.825Z,galaxies,gpt-6-astra,high,231252,229504,0,479,434,231731,1748,0.270934
2437,2026-09-21T11:54:47.876Z,galaxies,gpt-6-astra,high,231754,231040,0,128,0,231882,714,0.24458
2438,2026-09-21T11:54:55.643Z,galaxies,gpt-6-astra,high,232084,231552,0,31,0,232115,532,0.238422
2439,2026-09-21T11:55:03.350Z,galaxies,gpt-6-astra,high,233687,231936,0,61,17,233748,1751,0.252496
2440,2026-09-21T11:55:58.969Z,galaxies,gpt-6-astra,high,233771,233472,0,128,0,233899,299,0.242862
2441,2026-09-21T11:56:02.278Z,galaxies,gpt-6-astra,high,234100,233600,0,36,0,234136,500,0.2404
2442,2026-09-21T11:56:18.772Z,galaxies,gpt-6-astra,high,235708,233984,0,366,322,236074,1724,0.269524
2443,2026-09-21T11:57:15.846Z,galaxies,gpt-6-astra,high,236097,235520,0,128,0,236225,577,0.24769
2444,2026-09-21T11:57:20.216Z,galaxies,gpt-6-astra,high,236428,235904,0,32,0,236460,524,0.242744
2445,2026-09-21T11:57:29.124Z,galaxies,gpt-6-astra,high,238032,236288,0,105,61,238137,1744,0.258978
2446,2026-09-21T11:58:29.881Z,galaxies,gpt-6-astra,high,238160,237824,0,128,0,238288,336,0.247584
2447,2026-09-21T11:58:33.282Z,galaxies,gpt-6-astra,high,238489,237952,0,32,0,238521,537,0.244922
2448,2026-09-21T11:58:52.781Z,galaxies,gpt-6-astra,high,240093,238336,0,511,467,240604,1757,0.281456
2449,2026-09-21T11:59:49.463Z,galaxies,gpt-6-astra,high,240627,240000,0,128,0,240755,627,0.25267
2450,2026-09-21T11:59:53.718Z,galaxies,gpt-6-astra,high,240959,240512,0,32,0,240991,447,0.246582
2451,2026-09-21T12:00:05.472Z,galaxies,gpt-6-astra,high,242563,240768,0,238,194,242801,1795,0.270618
2452,2026-09-21T12:01:04.123Z,galaxies,gpt-6-astra,high,242824,242432,0,128,0,242952,392,0.252752
2453,2026-09-21T12:01:10.524Z,galaxies,gpt-6-astra,high,243154,242688,0,36,0,243190,466,0.249148
2454,2026-09-21T12:01:27.701Z,galaxies,gpt-6-astra,high,244762,242944,0,335,290,245097,1818,0.277874
2455,2026-09-21T12:06:18.314Z,galaxies,gpt-6-astra,high,245158,113536,0,7769,0,252927,131622,1.818206
2456,2026-09-21T12:06:24.244Z,galaxies,gpt-6-astra,high,30887,22912,0,62,0,30949,7975,0.105762
2457,2026-09-21T12:06:41.333Z,galaxies,gpt-6-astra,high,37554,30720,0,471,70,38025,6834,0.12261
2458,2026-09-21T12:06:56.777Z,galaxies,gpt-6-astra,high,38385,37376,0,396,0,38781,1009,0.067266
2459,2026-09-21T12:07:01.779Z,galaxies,gpt-6-astra,high,40084,38144,0,86,0,40170,1940,0.061844
2460,2026-09-21T12:07:09.633Z,galaxies,gpt-6-astra,high,41742,39936,0,167,39,41909,1806,0.066346
2461,2026-09-21T12:07:14.858Z,galaxies,gpt-6-astra,high,47382,41600,0,109,25,47491,5782,0.10487
2462,2026-09-21T12:07:20.918Z,galaxies,gpt-6-astra,high,55332,47232,0,105,31,55437,8100,0.133482
2463,2026-09-21T12:07:35.684Z,galaxies,gpt-6-astra,high,57916,55168,0,201,51,58117,2748,0.092698
2464,2026-09-21T12:08:48.334Z,galaxies,gpt-6-astra,high,60918,57728,0,2253,206,63171,3190,0.202278
2465,2026-09-21T12:09:24.331Z,galaxies,gpt-6-astra,high,63195,60800,0,1026,186,64221,2395,0.13605
2466,2026-09-21T12:09:30.877Z,galaxies,gpt-6-astra,high,64289,62976,0,85,21,64374,1313,0.080356
2467,2026-09-21T12:10:23.169Z,galaxies,gpt-6-astra,high,66170,64128,0,1519,285,67689,2042,0.160498
2468,2026-09-21T12:10:46.653Z,galaxies,gpt-6-astra,high,67795,66048,0,572,101,68367,1747,0.112118
2469,2026-09-21T12:11:02.560Z,galaxies,gpt-6-astra,high,68685,67584,0,341,133,69026,1101,0.095644
2470,2026-09-21T12:11:10.410Z,galaxies,gpt-6-astra,high,69130,68480,0,71,12,69201,650,0.07853
2471,2026-09-21T12:11:15.677Z,galaxies,gpt-6-astra,high,69630,68992,0,122,58,69752,638,0.081472
2472,2026-09-21T12:11:30.100Z,galaxies,gpt-6-astra,high,71324,69504,0,354,221,71678,1820,0.105404
2473,2026-09-21T12:11:41.936Z,galaxies,gpt-6-astra,high,76392,71168,0,255,155,76647,5224,0.136158
2474,2026-09-21T12:11:52.406Z,galaxies,gpt-6-astra,high,78761,76160,0,131,32,78892,2601,0.10872
2475,2026-09-21T12:12:04.656Z,galaxies,gpt-6-astra,high,81110,78592,0,164,38,81274,2518,0.111972
2476,2026-09-21T12:12:59.372Z,galaxies,gpt-6-astra,high,81579,80896,0,1780,275,83359,683,0.176726
2477,2026-09-21T12:13:06.979Z,galaxies,gpt-6-astra,high,83383,81408,0,149,75,83532,1975,0.108608
2478,2026-09-21T12:13:44.944Z,galaxies,gpt-6-astra,high,84332,83200,0,1073,34,85405,1132,0.14817
2479,2026-09-21T12:14:23.033Z,galaxies,gpt-6-astra,high,85491,84096,0,1008,251,86499,1395,0.148446
2480,2026-09-21T12:14:43.212Z,galaxies,gpt-6-astra,high,86682,85376,0,243,80,86925,1306,0.110586
2481,2026-09-21T12:15:05.337Z,galaxies,gpt-6-astra,high,89159,86528,0,573,283,89732,2631,0.141488
2482,2026-09-21T12:15:09.740Z,galaxies,gpt-6-astra,high,89824,88960,0,38,0,89862,864,0.0995
2483,2026-09-21T12:15:13.156Z,galaxies,gpt-6-astra,high,89948,89600,0,60,0,90008,348,0.09608
2484,2026-09-21T12:15:32.858Z,galaxies,gpt-6-astra,high,91580,89728,0,513,159,92093,1852,0.133898
2485,2026-09-21T12:15:38.713Z,galaxies,gpt-6-astra,high,92315,91392,0,19,0,92334,923,0.101572
2486,2026-09-21T12:16:39.173Z,galaxies,gpt-6-astra,high,92357,92160,0,185,0,92542,197,0.10338
2487,2026-09-21T12:16:42.765Z,galaxies,gpt-6-astra,high,92634,92160,0,38,0,92672,474,0.0988
2488,2026-09-21T12:16:52.024Z,galaxies,gpt-6-astra,high,94244,92416,0,203,0,94447,1828,0.120846
2489,2026-09-21T12:17:00.317Z,galaxies,gpt-6-astra,high,94535,94080,0,19,0,94554,455,0.09958
2490,2026-09-21T12:18:09.505Z,galaxies,gpt-6-astra,high,94577,94336,0,208,0,94785,241,0.107146
2491,2026-09-21T12:18:15.006Z,galaxies,gpt-6-astra,high,94876,94336,0,32,0,94908,540,0.101336
2492,2026-09-21T12:18:23.906Z,galaxies,gpt-6-astra,high,96480,94720,0,229,15,96709,1760,0.12377
2493,2026-09-21T12:18:27.589Z,galaxies,gpt-6-astra,high,96796,96256,0,19,0,96815,540,0.102606
2494,2026-09-21T12:19:26.764Z,galaxies,gpt-6-astra,high,96838,96640,0,208,0,97046,198,0.10902
2495,2026-09-21T12:19:32.120Z,galaxies,gpt-6-astra,high,97137,96640,0,32,0,97169,497,0.10321
2496,2026-09-21T12:19:43.985Z,galaxies,gpt-6-astra,high,98741,96896,0,228,24,98969,1845,0.126746
2497,2026-09-21T12:19:48.031Z,galaxies,gpt-6-astra,high,99057,98560,0,19,0,99076,497,0.10448
2498,2026-09-21T12:20:47.715Z,galaxies,gpt-6-astra,high,99099,98816,0,208,0,99307,283,0.112046
2499,2026-09-21T12:20:52.658Z,galaxies,gpt-6-astra,high,99398,98944,0,37,0,99435,454,0.105334
2500,2026-09-21T12:21:01.781Z,galaxies,gpt-6-astra,high,101007,99200,0,213,9,101220,1807,0.12792
2501,2026-09-21T12:21:04.365Z,galaxies,gpt-6-astra,high,101309,100864,0,19,0,101328,445,0.106264
2502,2026-09-21T12:22:02.375Z,galaxies,gpt-6-astra,high,101351,101120,0,208,0,101559,231,0.11383
2503,2026-09-21T12:22:06.891Z,galaxies,gpt-6-astra,high,101650,101120,0,28,0,101678,530,0.10782
2504,2026-09-21T12:22:17.100Z,galaxies,gpt-6-astra,high,103250,101504,0,230,24,103480,1746,0.130464
2505,2026-09-21T12:22:19.586Z,galaxies,gpt-6-astra,high,103568,103040,0,19,0,103587,528,0.10927
2506,2026-09-21T12:23:21.499Z,galaxies,gpt-6-astra,high,103610,103424,0,208,0,103818,186,0.115684
2507,2026-09-21T12:23:27.070Z,galaxies,gpt-6-astra,high,103908,103424,0,31,0,103939,484,0.109814
2508,2026-09-21T12:23:38.004Z,galaxies,gpt-6-astra,high,105511,103680,0,239,27,105750,1831,0.13394
2509,2026-09-21T12:23:43.165Z,galaxies,gpt-6-astra,high,105837,105344,0,19,0,105856,493,0.111224
2510,2026-09-21T12:24:41.742Z,galaxies,gpt-6-astra,high,105879,105600,0,208,0,106087,279,0.11879
2511,2026-09-21T12:24:46.141Z,galaxies,gpt-6-astra,high,106178,105728,0,32,0,106210,450,0.111828
2512,2026-09-21T12:24:55.653Z,galaxies,gpt-6-astra,high,107782,105984,0,207,0,107989,1798,0.134314
2513,2026-09-21T12:24:58.207Z,galaxies,gpt-6-astra,high,108076,107648,0,19,0,108095,428,0.112878
2514,2026-09-21T12:25:56.169Z,galaxies,gpt-6-astra,high,108118,107904,0,208,0,108326,214,0.120444
2515,2026-09-21T12:25:59.989Z,galaxies,gpt-6-astra,high,108419,107904,0,29,0,108448,515,0.114504
2516,2026-09-21T12:26:23.013Z,galaxies,gpt-6-astra,high,110020,108288,0,677,465,110697,1732,0.159458
2517,2026-09-21T12:26:27.708Z,galaxies,gpt-6-astra,high,110785,109824,0,19,0,110804,961,0.120384
2518,2026-09-21T12:27:26.458Z,galaxies,gpt-6-astra,high,110827,110592,0,208,0,111035,235,0.123342
2519,2026-09-21T12:27:32.680Z,galaxies,gpt-6-astra,high,111126,110592,0,31,0,111157,534,0.117482
2520,2026-09-21T12:27:41.810Z,galaxies,gpt-6-astra,high,112729,110976,0,201,0,112930,1753,0.138556
2521,2026-09-21T12:27:44.836Z,galaxies,gpt-6-astra,high,113018,112512,0,19,0,113037,506,0.118522
2522,2026-09-21T12:28:43.696Z,galaxies,gpt-6-astra,high,113060,112896,0,208,0,113268,164,0.124936
2523,2026-09-21T12:28:48.109Z,galaxies,gpt-6-astra,high,113361,112896,0,32,0,113393,465,0.119146
2524,2026-09-21T12:29:00.618Z,galaxies,gpt-6-astra,high,114965,113152,0,283,71,115248,1813,0.145432
2525,2026-09-21T12:29:08.166Z,galaxies,gpt-6-astra,high,115336,114816,0,19,0,115355,520,0.120966
2526,2026-09-21T12:30:06.083Z,galaxies,gpt-6-astra,high,115378,115200,0,208,0,115586,178,0.12738
2527,2026-09-21T12:30:10.299Z,galaxies,gpt-6-astra,high,115678,115200,0,35,0,115713,478,0.12173
2528,2026-09-21T12:30:22.740Z,galaxies,gpt-6-astra,high,117285,115456,0,255,50,117540,1829,0.146496
2529,2026-09-21T12:30:25.041Z,galaxies,gpt-6-astra,high,117628,117120,0,19,0,117647,508,0.12315
2530,2026-09-21T12:31:24.469Z,galaxies,gpt-6-astra,high,117670,117504,0,208,0,117878,166,0.129564
2531,2026-09-21T12:31:31.571Z,galaxies,gpt-6-astra,high,117969,117504,0,31,0,118000,465,0.123704
2532,2026-09-21T12:31:42.703Z,galaxies,gpt-6-astra,high,119572,117760,0,224,20,119796,1812,0.14708
2533,2026-09-21T12:31:49.461Z,galaxies,gpt-6-astra,high,119882,119424,0,19,0,119901,458,0.124954
2534,2026-09-21T12:32:58.578Z,galaxies,gpt-6-astra,high,119924,119680,0,208,0,120132,244,0.13252
2535,2026-09-21T12:33:02.565Z,galaxies,gpt-6-astra,high,120225,119808,0,28,0,120253,417,0.125378
2536,2026-09-21T12:33:12.562Z,galaxies,gpt-6-astra,high,121825,120064,0,251,39,122076,1761,0.150224
2537,2026-09-21T12:33:15.309Z,galaxies,gpt-6-astra,high,122163,121600,0,19,0,122182,563,0.12818
2538,2026-09-21T12:34:13.901Z,galaxies,gpt-6-astra,high,122205,121984,0,208,0,122413,221,0.134594
2539,2026-09-21T12:34:20.527Z,galaxies,gpt-6-astra,high,122504,121984,0,28,0,122532,520,0.128584
2540,2026-09-21T12:34:29.717Z,galaxies,gpt-6-astra,high,124104,122368,0,233,22,124337,1736,0.151378
2541,2026-09-21T12:34:32.621Z,galaxies,gpt-6-astra,high,124424,123904,0,19,0,124443,520,0.130054
2542,2026-09-21T12:35:30.974Z,galaxies,gpt-6-astra,high,124466,124288,0,208,0,124674,178,0.136468
2543,2026-09-21T12:35:37.422Z,galaxies,gpt-6-astra,high,124765,124288,0,31,0,124796,477,0.130608
2544,2026-09-21T12:35:46.447Z,galaxies,gpt-6-astra,high,126368,124544,0,222,21,126590,1824,0.153884
2545,2026-09-21T12:35:56.473Z,galaxies,gpt-6-astra,high,126677,126208,0,19,0,126696,469,0.131848
2546,2026-09-21T12:37:08.896Z,galaxies,gpt-6-astra,high,126719,12160,0,208,0,126927,114559,1.16815
2547,2026-09-21T12:37:22.819Z,galaxies,gpt-6-astra,high,127020,126592,0,28,0,127048,428,0.132272
2548,2026-09-21T12:37:42.896Z,galaxies,gpt-6-astra,high,128620,126848,0,294,34,128914,1772,0.159268
2549,2026-09-21T12:38:00.236Z,galaxies,gpt-6-astra,high,129035,12160,0,19,0,129054,116875,1.18186
2550,2026-09-21T12:38:58.488Z,galaxies,gpt-6-astra,high,129077,128896,0,208,0,129285,181,0.141106
2551,2026-09-21T12:39:04.594Z,galaxies,gpt-6-astra,high,129376,128896,0,30,0,129406,480,0.135196
2552,2026-09-21T12:39:35.056Z,galaxies,gpt-6-astra,high,130978,129152,0,841,516,131819,1826,0.189462
2553,2026-09-21T12:39:40.979Z,galaxies,gpt-6-astra,high,131955,12160,0,38,0,131993,119795,1.21201
2554,2026-09-21T12:40:16.746Z,galaxies,gpt-6-astra,high,132022,131840,0,78,45,132100,182,0.13756
2555,2026-09-21T12:40:35.911Z,galaxies,gpt-6-astra,high,132236,131840,0,99,13,132335,396,0.14075
2556,2026-09-21T12:40:40.773Z,galaxies,gpt-6-astra,high,132364,132096,0,31,0,132395,268,0.136326
2557,2026-09-21T12:41:35.198Z,galaxies,gpt-6-astra,high,132532,132224,0,111,20,132643,308,0.140854
2558,2026-09-21T12:41:43.920Z,galaxies,gpt-6-astra,high,132672,132352,0,31,0,132703,320,0.137102
2559,2026-09-21T12:42:29.869Z,galaxies,gpt-6-astra,high,132842,132480,0,116,39,132958,362,0.1419
2560,2026-09-21T12:42:33.765Z,galaxies,gpt-6-astra,high,132987,132608,0,31,0,133018,379,0.137948
2561,2026-09-21T12:43:37.193Z,galaxies,gpt-6-astra,high,133155,12160,0,438,226,133593,120995,1.24401
2562,2026-09-21T12:44:43.252Z,galaxies,gpt-6-astra,high,134837,132992,0,2041,516,136878,1845,0.253492
2563,2026-09-21T12:44:53.033Z,galaxies,gpt-6-astra,high,136902,134656,0,230,42,137132,2246,0.168616
2564,2026-09-21T12:45:34.571Z,galaxies,gpt-6-astra,high,138653,136704,0,1305,334,139958,1949,0.221444
2565,2026-09-21T12:45:41.733Z,galaxies,gpt-6-astra,high,140035,138496,0,77,13,140112,1539,0.157736
2566,2026-09-21T12:45:59.269Z,galaxies,gpt-6-astra,high,141720,139904,0,321,171,142041,1816,0.174114
2567,2026-09-21T12:46:26.122Z,galaxies,gpt-6-astra,high,143403,141568,0,584,260,143987,1835,0.189118
2568,2026-09-21T12:46:33.263Z,galaxies,gpt-6-astra,high,144092,143232,0,66,0,144158,860,0.155132
2569,2026-09-21T12:46:54.104Z,galaxies,gpt-6-astra,high,144357,144000,0,402,299,144759,357,0.16767
2570,2026-09-21T12:47:03.856Z,galaxies,gpt-6-astra,high,144788,144256,0,31,0,144819,532,0.151126
2571,2026-09-21T12:47:55.351Z,galaxies,gpt-6-astra,high,144957,144640,0,111,27,145068,317,0.15336
2572,2026-09-21T12:48:02.680Z,galaxies,gpt-6-astra,high,145097,144768,0,31,0,145128,329,0.149608
2573,2026-09-21T12:48:51.391Z,galaxies,gpt-6-astra,high,145347,130816,0,104,27,145451,14531,0.281326
2574,2026-09-21T12:48:57.317Z,galaxies,gpt-6-astra,high,145480,145280,0,31,0,145511,200,0.14883
2575,2026-09-21T12:49:46.937Z,galaxies,gpt-6-astra,high,145648,145408,0,135,50,145783,240,0.154558
2576,2026-09-21T12:49:52.223Z,galaxies,gpt-6-astra,high,145812,145536,0,31,0,145843,276,0.149846
2577,2026-09-21T12:50:58.026Z,galaxies,gpt-6-astra,high,145980,145664,0,599,516,146579,316,0.178774
2578,2026-09-21T12:51:01.531Z,galaxies,gpt-6-astra,high,146608,145792,0,31,0,146639,816,0.155502
2579,2026-09-21T12:51:55.607Z,galaxies,gpt-6-astra,high,146857,146432,0,198,111,147055,425,0.160582
2580,2026-09-21T12:51:59.605Z,galaxies,gpt-6-astra,high,147084,146688,0,31,0,147115,396,0.152198
2581,2026-09-21T12:52:55.045Z,galaxies,gpt-6-astra,high,147251,145024,0,144,69,147395,2227,0.174494
2582,2026-09-21T12:52:59.723Z,galaxies,gpt-6-astra,high,147424,147072,0,31,0,147455,352,0.152142
2583,2026-09-21T12:53:50.344Z,galaxies,gpt-6-astra,high,147590,147328,0,105,18,147695,262,0.155198
2584,2026-09-21T12:53:56.714Z,galaxies,gpt-6-astra,high,147724,147456,0,31,0,147755,268,0.151686
2585,2026-09-21T12:54:48.766Z,galaxies,gpt-6-astra,high,147972,147584,0,174,90,148146,388,0.160164
2586,2026-09-21T12:54:52.730Z,galaxies,gpt-6-astra,high,148175,147840,0,31,0,148206,335,0.15274
2587,2026-09-21T12:55:55.885Z,galaxies,gpt-6-astra,high,148343,148096,0,472,386,148815,247,0.174166
2588,2026-09-21T12:56:00.613Z,galaxies,gpt-6-astra,high,148844,148224,0,31,0,148875,620,0.155974
2589,2026-09-21T12:56:53.348Z,galaxies,gpt-6-astra,high,149011,148736,0,160,78,149171,275,0.159486
2590,2026-09-21T12:57:00.634Z,galaxies,gpt-6-astra,high,149200,148864,0,31,0,149231,336,0.153774
2591,2026-09-21T12:57:48.520Z,galaxies,gpt-6-astra,high,149448,149120,0,113,20,149561,328,0.15805
2592,2026-09-21T12:57:53.914Z,galaxies,gpt-6-astra,high,149590,149376,0,31,0,149621,214,0.153066
2593,2026-09-21T12:58:45.365Z,galaxies,gpt-6-astra,high,149759,149504,0,131,56,149890,255,0.158604
2594,2026-09-21T12:58:49.880Z,galaxies,gpt-6-astra,high,149919,149632,0,31,0,149950,287,0.154052
2595,2026-09-21T12:59:46.485Z,galaxies,gpt-6-astra,high,150089,149760,0,239,155,150328,329,0.165
2596,2026-09-21T12:59:54.379Z,galaxies,gpt-6-astra,high,150357,150016,0,31,0,150388,341,0.154976
2597,2026-09-21T13:00:44.846Z,galaxies,gpt-6-astra,high,150605,150272,0,131,40,150736,333,0.160152
2598,2026-09-21T13:00:50.893Z,galaxies,gpt-6-astra,high,150765,150528,0,31,0,150796,237,0.154448
2599,2026-09-21T13:01:45.894Z,galaxies,gpt-6-astra,high,150933,150656,0,205,117,151138,277,0.163676
2600,2026-09-21T13:01:50.634Z,galaxies,gpt-6-astra,high,151167,150784,0,31,0,151198,383,0.156164
2601,2026-09-21T13:02:44.006Z,galaxies,gpt-6-astra,high,151336,151040,0,116,33,151452,296,0.1598
2602,2026-09-21T13:02:51.709Z,galaxies,gpt-6-astra,high,151481,151168,0,31,0,151512,313,0.155848
2603,2026-09-21T13:03:41.945Z,galaxies,gpt-6-astra,high,151648,151296,0,186,99,151834,352,0.164116
2604,2026-09-21T13:03:48.970Z,galaxies,gpt-6-astra,high,151863,151552,0,31,0,151894,311,0.156212
2605,2026-09-21T13:04:43.338Z,galaxies,gpt-6-astra,high,152110,151680,0,226,153,152336,430,0.16728
2606,2026-09-21T13:04:48.430Z,galaxies,gpt-6-astra,high,152365,151936,0,31,0,152396,429,0.157776
2607,2026-09-21T13:05:39.580Z,galaxies,gpt-6-astra,high,152531,152192,0,133,44,152664,339,0.162232
2608,2026-09-21T13:05:47.109Z,galaxies,gpt-6-astra,high,152693,152448,0,31,0,152724,245,0.156448
2609,2026-09-21T13:06:42.950Z,galaxies,gpt-6-astra,high,152860,152576,0,358,272,153218,284,0.173316
2610,2026-09-21T13:06:48.183Z,galaxies,gpt-6-astra,high,153247,152704,0,31,0,153278,543,0.159684
2611,2026-09-21T13:07:49.606Z,galaxies,gpt-6-astra,high,153495,153088,0,386,300,153881,407,0.176458
2612,2026-09-21T13:07:59.208Z,galaxies,gpt-6-astra,high,153910,153344,0,31,0,153941,566,0.160554
2613,2026-09-21T13:08:59.510Z,galaxies,gpt-6-astra,high,154226,129280,0,51,0,154277,24946,0.38129
2614,2026-09-21T13:09:04.911Z,galaxies,gpt-6-astra,high,154306,154112,0,31,0,154337,194,0.157602
2615,2026-09-21T13:10:00.301Z,galaxies,gpt-6-astra,high,154555,154240,0,302,217,154857,315,0.17249
2616,2026-09-21T13:10:05.011Z,galaxies,gpt-6-astra,high,154886,154368,0,31,0,154917,518,0.161098
2617,2026-09-21T13:11:08.548Z,galaxies,gpt-6-astra,high,155055,154752,0,483,398,155538,303,0.181932
2618,2026-09-21T13:11:15.293Z,galaxies,gpt-6-astra,high,155567,154880,0,31,0,155598,687,0.1633
2619,2026-09-21T13:12:19.589Z,galaxies,gpt-6-astra,high,155817,155392,0,576,495,156393,425,0.188442
2620,2026-09-21T13:12:24.653Z,galaxies,gpt-6-astra,high,156422,155648,0,31,0,156453,774,0.164938
2621,2026-09-21T13:13:23.436Z,galaxies,gpt-6-astra,high,156591,156288,0,362,276,156953,303,0.177418
2622,2026-09-21T13:13:29.432Z,galaxies,gpt-6-astra,high,156982,156416,0,31,0,157013,566,0.163626
2623,2026-09-21T13:14:21.534Z,galaxies,gpt-6-astra,high,157231,156800,0,123,48,157354,431,0.16726
2624,2026-09-21T13:14:29.016Z,galaxies,gpt-6-astra,high,157383,157056,0,31,0,157414,327,0.161876
2625,2026-09-21T13:15:16.950Z,galaxies,gpt-6-astra,high,157551,157312,0,78,0,157629,239,0.163602
2626,2026-09-21T13:15:22.984Z,galaxies,gpt-6-astra,high,157658,157440,0,31,0,157689,218,0.16117
2627,2026-09-21T13:16:12.009Z,galaxies,gpt-6-astra,high,157828,157568,0,80,0,157908,260,0.164168
2628,2026-09-21T13:16:17.714Z,galaxies,gpt-6-astra,high,157937,157696,0,31,0,157968,241,0.161656
2629,2026-09-21T13:17:11.104Z,galaxies,gpt-6-astra,high,158105,157824,0,111,26,158216,281,0.166184
2630,2026-09-21T13:17:17.046Z,galaxies,gpt-6-astra,high,158245,157952,0,31,0,158276,293,0.162432
2631,2026-09-21T13:18:07.029Z,galaxies,gpt-6-astra,high,158493,158080,0,71,0,158564,413,0.16576
2632,2026-09-21T13:18:14.451Z,galaxies,gpt-6-astra,high,158593,158336,0,31,0,158624,257,0.162456
2633,2026-09-21T13:19:04.127Z,galaxies,gpt-6-astra,high,158762,158464,0,172,87,158934,298,0.170044
2634,2026-09-21T13:19:10.509Z,galaxies,gpt-6-astra,high,158963,158592,0,31,0,158994,371,0.163852
2635,2026-09-21T13:19:58.268Z,galaxies,gpt-6-astra,high,159130,158848,0,76,0,159206,282,0.165468
2636,2026-09-21T13:20:02.072Z,galaxies,gpt-6-astra,high,159235,158976,0,31,0,159266,259,0.163116
2637,2026-09-21T13:20:54.874Z,galaxies,gpt-6-astra,high,159404,159104,0,117,35,159521,300,0.167954
2638,2026-09-21T13:20:58.965Z,galaxies,gpt-6-astra,high,159550,159232,0,31,0,159581,318,0.163962
2639,2026-09-21T13:21:57.531Z,galaxies,gpt-6-astra,high,159801,159360,0,98,13,159899,441,0.16867
2640,2026-09-21T13:22:04.412Z,galaxies,gpt-6-astra,high,159928,159616,0,31,0,159959,312,0.164286
2641,2026-09-21T13:22:53.790Z,galaxies,gpt-6-astra,high,160097,159744,0,121,32,160218,353,0.169324
2642,2026-09-21T13:22:59.904Z,galaxies,gpt-6-astra,high,160247,160000,0,31,0,160278,247,0.16402
2643,2026-09-21T13:23:49.383Z,galaxies,gpt-6-astra,high,160416,160128,0,82,6,160498,288,0.167108
2644,2026-09-21T13:23:55.277Z,galaxies,gpt-6-astra,high,160527,160256,0,31,0,160558,271,0.164516
2645,2026-09-21T13:24:56.130Z,galaxies,gpt-6-astra,high,160779,160384,0,429,341,161208,395,0.185784
2646,2026-09-21T13:25:05.159Z,galaxies,gpt-6-astra,high,161237,160640,0,31,0,161268,597,0.16816
2647,2026-09-21T13:26:01.757Z,galaxies,gpt-6-astra,high,161404,161152,0,280,199,161684,252,0.177672
2648,2026-09-21T13:26:07.014Z,galaxies,gpt-6-astra,high,161713,161280,0,31,0,161744,433,0.16716
2649,2026-09-21T13:27:12.216Z,galaxies,gpt-6-astra,high,161963,161536,0,516,431,162479,427,0.191606
2650,2026-09-21T13:27:18.410Z,galaxies,gpt-6-astra,high,162508,161792,0,31,0,162539,716,0.170502
2651,2026-09-21T13:28:08.660Z,galaxies,gpt-6-astra,high,162676,162432,0,81,6,162757,244,0.168922
2652,2026-09-21T13:28:16.211Z,galaxies,gpt-6-astra,high,162786,162560,0,31,0,162817,226,0.16637
2653,2026-09-21T13:29:04.581Z,galaxies,gpt-6-astra,high,162954,162688,0,125,40,163079,266,0.171598
2654,2026-09-21T13:29:08.834Z,galaxies,gpt-6-astra,high,163108,162816,0,31,0,163139,292,0.167286
2655,2026-09-21T13:30:03.733Z,galaxies,gpt-6-astra,high,163357,162944,0,208,130,163565,413,0.177474
2656,2026-09-21T13:30:10.471Z,galaxies,gpt-6-astra,high,163594,163200,0,31,0,163625,394,0.16869
2657,2026-09-21T13:31:00.743Z,galaxies,gpt-6-astra,high,163762,163456,0,109,23,163871,306,0.171966
2658,2026-09-21T13:31:06.192Z,galaxies,gpt-6-astra,high,163900,163584,0,31,0,163931,316,0.168294
2659,2026-09-21T13:32:23.728Z,galaxies,gpt-6-astra,high,164069,163712,0,849,708,164918,357,0.209732
2660,2026-09-21T13:32:39.731Z,galaxies,gpt-6-astra,high,165195,163968,0,161,39,165356,1227,0.184288
2661,2026-09-21T13:33:15.896Z,galaxies,gpt-6-astra,high,165722,165120,0,1043,600,166765,602,0.22329
2662,2026-09-21T13:33:26.577Z,galaxies,gpt-6-astra,high,166854,165632,0,66,0,166920,1222,0.181152
2663,2026-09-21T13:33:45.738Z,galaxies,gpt-6-astra,high,167121,166784,0,354,265,167475,337,0.187854
2664,2026-09-21T13:33:49.596Z,galaxies,gpt-6-astra,high,167504,167040,0,31,0,167535,464,0.17323
2665,2026-09-21T13:34:46.271Z,galaxies,gpt-6-astra,high,167753,167424,0,117,31,167870,329,0.176564
2666,2026-09-21T13:34:52.251Z,galaxies,gpt-6-astra,high,167899,167680,0,31,0,167930,219,0.17142
2667,2026-09-21T13:35:41.454Z,galaxies,gpt-6-astra,high,168069,167808,0,95,19,168164,261,0.175168
2668,2026-09-21T13:35:47.822Z,galaxies,gpt-6-astra,high,168193,167936,0,31,0,168224,257,0.172056
2669,2026-09-21T13:36:52.166Z,galaxies,gpt-6-astra,high,168361,168064,0,519,436,168880,297,0.196984
2670,2026-09-21T13:36:57.756Z,galaxies,gpt-6-astra,high,168909,168192,0,31,0,168940,717,0.176912
2671,2026-09-21T13:37:49.667Z,galaxies,gpt-6-astra,high,169158,168832,0,173,87,169331,326,0.180742
2672,2026-09-21T13:37:54.841Z,galaxies,gpt-6-astra,high,169360,169088,0,31,0,169391,272,0.173358
2673,2026-09-21T13:39:05.913Z,galaxies,gpt-6-astra,high,169529,169216,0,458,373,169987,313,0.195246
2674,2026-09-21T13:39:12.889Z,galaxies,gpt-6-astra,high,170016,169344,0,31,0,170047,672,0.177614
2675,2026-09-21T13:40:08.006Z,galaxies,gpt-6-astra,high,170266,169856,0,121,47,170387,410,0.180006
2676,2026-09-21T13:40:12.669Z,galaxies,gpt-6-astra,high,170416,170112,0,31,0,170447,304,0.174702
2677,2026-09-21T13:41:15.376Z,galaxies,gpt-6-astra,high,170585,170240,0,368,278,170953,345,0.19209
2678,2026-09-21T13:41:23.013Z,galaxies,gpt-6-astra,high,170982,170496,0,31,0,171013,486,0.176906
2679,2026-09-21T13:42:30.131Z,galaxies,gpt-6-astra,high,171231,170880,0,540,460,171771,351,0.20139
2680,2026-09-21T13:42:36.528Z,galaxies,gpt-6-astra,high,171800,171136,0,31,0,171831,664,0.179326
2681,2026-09-21T13:43:27.336Z,galaxies,gpt-6-astra,high,171969,171648,0,155,70,172124,321,0.182608
2682,2026-09-21T13:43:33.556Z,galaxies,gpt-6-astra,high,172153,171904,0,31,0,172184,249,0.175944
2683,2026-09-21T13:44:35.263Z,galaxies,gpt-6-astra,high,172404,172032,0,281,191,172685,372,0.189802
2684,2026-09-21T13:44:42.532Z,galaxies,gpt-6-astra,high,172714,172288,0,31,0,172745,426,0.178098
2685,2026-09-21T13:45:47.896Z,galaxies,gpt-6-astra,high,172884,172544,0,471,390,173355,340,0.199494
2686,2026-09-21T13:45:56.678Z,galaxies,gpt-6-astra,high,173384,172800,0,31,0,173415,584,0.18019
2687,2026-09-21T13:46:59.139Z,galaxies,gpt-6-astra,high,173633,173312,0,476,388,174109,321,0.200322
2688,2026-09-21T13:47:05.548Z,galaxies,gpt-6-astra,high,174138,173568,0,31,0,174169,570,0.180818
2689,2026-09-21T13:47:54.866Z,galaxies,gpt-6-astra,high,174306,173952,0,92,18,174398,354,0.182092
2690,2026-09-21T13:48:00.437Z,galaxies,gpt-6-astra,high,174427,174208,0,31,0,174458,219,0.177948
2691,2026-09-21T13:49:10.934Z,galaxies,gpt-6-astra,high,174677,174336,0,609,516,175286,341,0.208196
2692,2026-09-21T13:49:20.334Z,galaxies,gpt-6-astra,high,175315,174592,0,31,0,175346,723,0.183372
2693,2026-09-21T13:50:05.685Z,galaxies,gpt-6-astra,high,175483,175232,0,81,6,175564,251,0.181792
2694,2026-09-21T13:50:14.010Z,galaxies,gpt-6-astra,high,175593,175360,0,31,0,175624,233,0.17924
2695,2026-09-21T13:51:17.210Z,galaxies,gpt-6-astra,high,175844,175488,0,605,516,176449,356,0.209298
2696,2026-09-21T13:51:26.571Z,galaxies,gpt-6-astra,high,176478,175744,0,31,0,176509,734,0.184634
2697,2026-09-21T13:52:23.227Z,galaxies,gpt-6-astra,high,176647,176384,0,363,288,177010,263,0.197164
2698,2026-09-21T13:52:32.704Z,galaxies,gpt-6-astra,high,177039,176512,0,31,0,177070,527,0.183332
2699,2026-09-21T13:53:19.405Z,galaxies,gpt-6-astra,high,177288,176896,0,116,28,177404,392,0.186616
2700,2026-09-21T13:53:27.718Z,galaxies,gpt-6-astra,high,177433,177152,0,31,0,177464,281,0.181512
2701,2026-09-21T13:54:17.821Z,galaxies,gpt-6-astra,high,177602,177280,0,118,33,177720,322,0.1864
2702,2026-09-21T13:54:22.470Z,galaxies,gpt-6-astra,high,177749,177536,0,31,0,177780,213,0.181216
2703,2026-09-21T13:54:50.612Z,galaxies,gpt-6-astra,high,177836,177664,0,339,52,178175,172,0.196334
2704,2026-09-21T13:55:06.549Z,galaxies,gpt-6-astra,high,178312,177664,0,149,66,178461,648,0.191594
2705,2026-09-21T13:55:14.259Z,galaxies,gpt-6-astra,high,178490,178176,0,31,0,178521,314,0.182866
2706,2026-09-21T13:56:16.662Z,galaxies,gpt-6-astra,high,178658,178304,0,424,342,179082,354,0.203044
2707,2026-09-21T13:56:22.855Z,galaxies,gpt-6-astra,high,179111,178560,0,31,0,179142,551,0.18562
2708,2026-09-21T13:57:12.171Z,galaxies,gpt-6-astra,high,179362,178944,0,115,24,179477,418,0.188874
2709,2026-09-21T13:57:19.489Z,galaxies,gpt-6-astra,high,179506,179200,0,31,0,179537,306,0.18381
2710,2026-09-21T13:58:12.488Z,galaxies,gpt-6-astra,high,179674,179328,0,142,58,179816,346,0.189888
2711,2026-09-21T13:58:22.096Z,galaxies,gpt-6-astra,high,181156,179584,0,167,114,181323,1572,0.203654
2712,2026-09-21T13:58:32.132Z,galaxies,gpt-6-astra,high,181352,180992,0,31,0,181383,360,0.186142
2713,2026-09-21T13:59:22.992Z,galaxies,gpt-6-astra,high,181521,181248,0,106,12,181627,273,0.189278
2714,2026-09-21T13:59:45.827Z,galaxies,gpt-6-astra,high,181656,181376,0,31,0,181687,280,0.185726
2715,2026-09-21T14:00:21.729Z,galaxies,gpt-6-astra,high,181915,181504,0,431,51,182346,411,0.207164
2716,2026-09-21T14:00:50.043Z,galaxies,gpt-6-astra,high,182508,181760,0,665,516,183173,748,0.22249
2717,2026-09-21T14:01:13.328Z,galaxies,gpt-6-astra,high,184449,182400,0,318,229,184767,2049,0.21879
2718,2026-09-21T14:01:26.790Z,galaxies,gpt-6-astra,high,187685,184320,0,225,67,187910,3365,0.22922
2719,2026-09-21T14:02:20.710Z,galaxies,gpt-6-astra,high,190140,187520,0,1639,1034,191779,2620,0.29567
2720,2026-09-21T14:04:38.480Z,galaxies,gpt-6-astra,high,192014,189952,0,4392,1935,196406,2062,0.430172
2721,2026-09-21T14:05:13.925Z,galaxies,gpt-6-astra,high,196430,191872,0,861,516,197291,4558,0.280502
2722,2026-09-21T14:05:26.706Z,galaxies,gpt-6-astra,high,197350,196352,0,269,193,197619,998,0.219782
2723,2026-09-21T14:05:45.538Z,galaxies,gpt-6-astra,high,198082,197248,0,386,75,198468,834,0.224888
2724,2026-09-21T14:06:43.244Z,galaxies,gpt-6-astra,high,198527,198016,0,1679,1456,200206,511,0.287076
2725,2026-09-21T14:06:54.559Z,galaxies,gpt-6-astra,high,201385,198400,0,202,39,201587,2985,0.23835
2726,2026-09-21T14:07:07.969Z,galaxies,gpt-6-astra,high,204924,201216,0,204,70,205128,3708,0.248496
2727,2026-09-21T14:07:36.439Z,galaxies,gpt-6-astra,high,207461,204800,0,733,654,208194,2661,0.26806
2728,2026-09-21T14:08:25.276Z,galaxies,gpt-6-astra,high,210017,207360,0,1358,516,211375,2657,0.30183
2729,2026-09-21T14:08:43.535Z,galaxies,gpt-6-astra,high,211433,209920,0,317,124,211750,1513,0.2409
2730,2026-09-21T14:09:22.873Z,galaxies,gpt-6-astra,high,212004,211328,0,1186,762,213190,676,0.277388
2731,2026-09-21T14:10:42.121Z,galaxies,gpt-6-astra,high,213334,154880,0,2319,1026,215653,58454,0.85537
2732,2026-09-21T14:10:49.700Z,galaxies,gpt-6-astra,high,215747,213248,0,72,15,215819,2499,0.241838
2733,2026-09-21T14:11:15.277Z,galaxies,gpt-6-astra,high,216275,215680,0,737,513,217012,595,0.25848
2734,2026-09-21T14:11:31.908Z,galaxies,gpt-6-astra,high,218334,216192,0,410,309,218744,2142,0.258112
2735,2026-09-21T14:12:43.762Z,galaxies,gpt-6-astra,high,220729,217984,0,2229,318,222958,2745,0.356884
2736,2026-09-21T14:14:00.393Z,galaxies,gpt-6-astra,high,222982,220672,0,2377,856,225359,2310,0.362622
2737,2026-09-21T14:14:47.205Z,galaxies,gpt-6-astra,high,225534,222848,0,1467,202,227001,2686,0.323058
2738,2026-09-21T14:16:01.398Z,galaxies,gpt-6-astra,high,227060,225408,0,2135,1992,229195,1652,0.348678
2739,2026-09-21T14:16:56.137Z,galaxies,gpt-6-astra,high,230835,226944,0,1672,1457,232507,3891,0.349454
2740,2026-09-21T14:17:46.183Z,galaxies,gpt-6-astra,high,235300,230528,0,1386,514,236686,4772,0.347548
2741,2026-09-21T14:18:16.766Z,galaxies,gpt-6-astra,high,236710,235264,0,910,613,237620,1446,0.295224
2742,2026-09-21T14:19:45.504Z,galaxies,gpt-6-astra,high,238020,236672,0,2831,1552,240851,1348,0.391702
2743,2026-09-21T14:20:55.496Z,galaxies,gpt-6-astra,high,240908,237952,0,2161,1626,243069,2956,0.375562
2744,2026-09-21T14:21:36.448Z,galaxies,gpt-6-astra,high,243129,240768,0,1218,1122,244347,2361,0.325278
2745,2026-09-21T14:25:20.893Z,galaxies,gpt-6-astra,high,244384,243072,0,7354,0,251738,1312,0.623892
2746,2026-09-21T14:25:24.875Z,galaxies,gpt-6-astra,high,30480,12160,0,39,0,30519,18320,0.19731
2747,2026-09-21T14:25:33.308Z,galaxies,gpt-6-astra,high,31930,30336,0,221,52,32151,1594,0.057326
2748,2026-09-21T14:25:46.610Z,galaxies,gpt-6-astra,high,34774,31744,0,386,26,35160,3030,0.081344
2749,2026-09-21T14:26:01.122Z,galaxies,gpt-6-astra,high,39049,34560,0,308,13,39357,4489,0.09485
2750,2026-09-21T14:26:05.847Z,galaxies,gpt-6-astra,high,39413,38912,0,60,18,39473,501,0.046922
2751,2026-09-21T14:26:16.808Z,galaxies,gpt-6-astra,high,39874,39296,0,302,13,40176,578,0.060176
2752,2026-09-21T14:26:21.680Z,galaxies,gpt-6-astra,high,40253,39680,0,84,0,40337,573,0.04961
2753,2026-09-21T14:26:28.925Z,galaxies,gpt-6-astra,high,41909,40064,0,157,0,42066,1845,0.066364
2754,2026-09-21T14:26:38.436Z,galaxies,gpt-6-astra,high,51533,41728,0,256,17,51789,9805,0.152578
2755,2026-09-21T14:26:49.243Z,galaxies,gpt-6-astra,high,60991,51328,0,191,11,61182,9663,0.157508
2756,2026-09-21T14:26:56.321Z,galaxies,gpt-6-astra,high,69086,60800,0,128,16,69214,8286,0.15006
2757,2026-09-21T14:27:10.212Z,galaxies,gpt-6-astra,high,75706,68864,0,228,18,75934,6842,0.148684
2758,2026-09-21T14:27:26.093Z,galaxies,gpt-6-astra,high,80710,75520,0,284,55,80994,5190,0.14162
2759,2026-09-21T14:27:57.293Z,galaxies,gpt-6-astra,high,85573,80512,0,851,33,86424,5061,0.173672
2760,2026-09-21T14:28:27.122Z,galaxies,gpt-6-astra,high,87177,85376,0,873,9,88050,1801,0.147036
2761,2026-09-21T14:28:36.307Z,galaxies,gpt-6-astra,high,88326,87040,0,214,0,88540,1286,0.1106
2762,2026-09-21T14:29:35.940Z,galaxies,gpt-6-astra,high,93561,88192,0,1867,15,95428,5369,0.235232
2763,2026-09-21T14:29:42.277Z,galaxies,gpt-6-astra,high,95555,93440,0,144,10,95699,2115,0.12179
2764,2026-09-21T14:30:10.482Z,galaxies,gpt-6-astra,high,97283,97024,0,324,0,97607,259,0.115814
2765,2026-09-21T14:30:19.530Z,galaxies,gpt-6-astra,high,100049,97152,0,137,21,100186,2897,0.132972
2766,2026-09-21T14:30:24.614Z,galaxies,gpt-6-astra,high,101289,99840,0,82,9,101371,1449,0.11843
2767,2026-09-21T14:30:43.291Z,galaxies,gpt-6-astra,high,105208,101120,0,494,27,105702,4088,0.1667
2768,2026-09-21T14:30:52.185Z,galaxies,gpt-6-astra,high,107856,105088,0,92,22,107948,2768,0.137368
2769,2026-09-21T14:31:09.086Z,galaxies,gpt-6-astra,high,110836,107648,0,423,55,111259,3188,0.160678
2770,2026-09-21T14:31:52.097Z,galaxies,gpt-6-astra,high,112534,110720,0,882,30,113416,1814,0.17296
2771,2026-09-21T14:32:04.869Z,galaxies,gpt-6-astra,high,113994,112384,0,186,30,114180,1610,0.137784
2772,2026-09-21T14:32:14.474Z,galaxies,gpt-6-astra,high,116290,113792,0,174,21,116464,2498,0.147472
2773,2026-09-21T14:32:30.700Z,galaxies,gpt-6-astra,high,116556,116096,0,189,55,116745,460,0.130146
2774,2026-09-21T14:32:39.289Z,galaxies,gpt-6-astra,high,117105,116352,0,125,19,117230,753,0.130132
2775,2026-09-21T14:32:46.308Z,galaxies,gpt-6-astra,high,121989,116864,0,117,32,122106,5125,0.173964
2776,2026-09-21T14:33:02.970Z,galaxies,gpt-6-astra,high,122352,121600,0,248,51,122600,752,0.14152
2777,2026-09-21T14:33:10.297Z,galaxies,gpt-6-astra,high,126078,122240,0,131,9,126209,3838,0.16717
2778,2026-09-21T14:33:37.080Z,galaxies,gpt-6-astra,high,127288,125952,0,548,98,127836,1336,0.166712
2779,2026-09-21T14:33:54.791Z,galaxies,gpt-6-astra,high,127928,127232,0,350,161,128278,696,0.151692
2780,2026-09-21T14:34:23.466Z,galaxies,gpt-6-astra,high,128908,127872,0,844,110,129752,1036,0.180432
2781,2026-09-21T14:34:33.284Z,galaxies,gpt-6-astra,high,130243,128896,0,156,16,130399,1347,0.150166
2782,2026-09-21T14:34:40.475Z,galaxies,gpt-6-astra,high,132114,130176,0,145,12,132259,1938,0.156806
2783,2026-09-21T14:35:13.442Z,galaxies,gpt-6-astra,high,133702,132096,0,649,74,134351,1606,0.180606
2784,2026-09-21T14:35:22.524Z,galaxies,gpt-6-astra,high,134426,133504,0,172,24,134598,922,0.151324
2785,2026-09-21T14:35:41.060Z,galaxies,gpt-6-astra,high,136698,134272,0,305,32,137003,2426,0.173782
2786,2026-09-21T14:35:55.725Z,galaxies,gpt-6-astra,high,137512,136576,0,260,22,137772,936,0.158936
2787,2026-09-21T14:36:09.665Z,galaxies,gpt-6-astra,high,139053,137344,0,286,73,139339,1709,0.168734
2788,2026-09-21T14:36:20.937Z,galaxies,gpt-6-astra,high,142001,138880,0,167,27,142168,3121,0.17844
2789,2026-09-21T14:36:36.136Z,galaxies,gpt-6-astra,high,142409,141824,0,205,36,142614,585,0.157924
2790,2026-09-21T14:36:56.094Z,galaxies,gpt-6-astra,high,144711,142208,0,551,205,145262,2503,0.194788
2791,2026-09-21T14:37:13.738Z,galaxies,gpt-6-astra,high,145512,144512,0,470,50,145982,1000,0.178012
2792,2026-09-21T14:38:17.028Z,galaxies,gpt-6-astra,high,146315,145408,0,1941,212,148256,907,0.251528
2793,2026-09-21T14:38:29.825Z,galaxies,gpt-6-astra,high,148314,146176,0,227,38,148541,2138,0.178906
2794,2026-09-21T14:38:41.228Z,galaxies,gpt-6-astra,high,149035,148096,0,156,30,149191,939,0.165286
2795,2026-09-21T14:38:47.135Z,galaxies,gpt-6-astra,high,150959,148864,0,83,13,151042,2095,0.173964
2796,2026-09-21T14:39:19.167Z,galaxies,gpt-6-astra,high,152787,150784,0,862,116,153649,2003,0.213914
2797,2026-09-21T14:39:35.690Z,galaxies,gpt-6-astra,high,153740,152576,0,116,19,153856,1164,0.170016
2798,2026-09-21T14:39:47.096Z,galaxies,gpt-6-astra,high,154132,153600,0,252,8,154384,532,0.17152
2799,2026-09-21T14:40:01.899Z,galaxies,gpt-6-astra,high,154843,153984,0,299,80,155142,859,0.177524
2800,2026-09-21T14:40:19.234Z,galaxies,gpt-6-astra,high,160327,154624,0,331,135,160658,5703,0.228204
2801,2026-09-21T14:40:43.155Z,galaxies,gpt-6-astra,high,162689,160128,0,558,83,163247,2561,0.213638
2802,2026-09-21T14:41:04.835Z,galaxies,gpt-6-astra,high,163461,162560,0,603,386,164064,901,0.20172
2803,2026-09-21T14:41:24.489Z,galaxies,gpt-6-astra,high,165442,163328,0,563,268,166005,2114,0.212618
2804,2026-09-21T14:41:46.220Z,galaxies,gpt-6-astra,high,166460,165248,0,561,323,167021,1212,0.205418
2805,2026-09-21T14:42:10.511Z,galaxies,gpt-6-astra,high,167645,166272,0,670,22,168315,1373,0.213502
2806,2026-09-21T14:42:46.597Z,galaxies,gpt-6-astra,high,168535,167424,0,856,382,169391,1111,0.221334
2807,2026-09-21T14:43:16.377Z,galaxies,gpt-6-astra,high,169617,168320,0,803,516,170420,1297,0.22144
2808,2026-09-21T14:43:31.290Z,galaxies,gpt-6-astra,high,172737,169472,0,392,194,173129,3265,0.221722
2809,2026-09-21T14:44:41.657Z,galaxies,gpt-6-astra,high,173743,172544,0,2220,506,175963,1199,0.295534
2810,2026-09-21T14:44:54.665Z,galaxies,gpt-6-astra,high,176149,173568,0,353,48,176502,2581,0.217028
2811,2026-09-21T14:46:21.074Z,galaxies,gpt-6-astra,high,176595,176000,0,2591,516,179186,595,0.3115
2812,2026-09-21T14:46:42.327Z,galaxies,gpt-6-astra,high,179519,176384,0,353,98,179872,3135,0.225384
2813,2026-09-21T14:47:19.203Z,galaxies,gpt-6-astra,high,180059,179328,0,991,516,181050,731,0.236188
2814,2026-09-21T14:47:34.527Z,galaxies,gpt-6-astra,high,181144,179840,0,199,69,181343,1304,0.20283
2815,2026-09-21T14:48:07.403Z,galaxies,gpt-6-astra,high,181541,180992,0,688,516,182229,549,0.220882
2816,2026-09-21T14:48:16.998Z,galaxies,gpt-6-astra,high,182362,181376,0,51,30,182413,986,0.193786
2817,2026-09-21T14:48:57.086Z,galaxies,gpt-6-astra,high,182436,182144,0,87,0,182523,292,0.189414
2818,2026-09-21T14:49:25.343Z,galaxies,gpt-6-astra,high,182674,182272,0,650,574,183324,402,0.218792
2819,2026-09-21T14:50:01.677Z,galaxies,gpt-6-astra,high,183347,182528,0,87,0,183434,819,0.195068
2820,2026-09-21T14:51:03.933Z,galaxies,gpt-6-astra,high,183583,183168,0,537,516,184120,415,0.214168
2821,2026-09-21T14:51:45.140Z,galaxies,gpt-6-astra,high,184143,183424,0,87,0,184230,719,0.194964
2822,2026-09-21T14:52:06.315Z,galaxies,gpt-6-astra,high,184378,183936,0,300,224,184678,442,0.203356
2823,2026-09-21T14:52:43.269Z,galaxies,gpt-6-astra,high,184701,184192,0,87,0,184788,509,0.193632
2824,2026-09-21T14:53:03.887Z,galaxies,gpt-6-astra,high,184937,184576,0,241,136,185178,361,0.200236
2825,2026-09-21T14:53:26.642Z,galaxies,gpt-6-astra,high,185718,184832,0,537,516,186255,886,0.220542
2826,2026-09-21T14:54:11.667Z,galaxies,gpt-6-astra,high,186278,185600,0,87,0,186365,678,0.19673
2827,2026-09-21T14:54:20.859Z,galaxies,gpt-6-astra,high,186500,186112,0,144,25,186644,388,0.197192
2828,2026-09-21T14:55:24.461Z,galaxies,gpt-6-astra,high,186930,186368,0,1919,458,188849,562,0.287938
2829,2026-09-21T14:55:42.568Z,galaxies,gpt-6-astra,high,189104,186752,0,450,314,189554,2352,0.232772
2830,2026-09-21T14:56:01.120Z,galaxies,gpt-6-astra,high,189875,188928,0,511,144,190386,947,0.223948
2831,2026-09-21T14:56:04.779Z,galaxies,gpt-6-astra,high,190574,189696,0,21,0,190595,878,0.199526
2832,2026-09-21T14:56:23.051Z,galaxies,gpt-6-astra,high,191193,190464,0,514,359,191707,729,0.223454
2833,2026-09-21T15:09:41.051Z,galaxies,gpt-6-astra,high,192611,99840,0,264,0,192875,92771,1.04075
2834,2026-09-21T15:09:57.454Z,galaxies,gpt-6-astra,high,202403,192384,0,404,244,202807,10019,0.312774
2835,2026-09-21T15:10:10.667Z,galaxies,gpt-6-astra,high,210313,202240,0,320,13,210633,8073,0.29897
2836,2026-09-21T15:10:26.468Z,galaxies,gpt-6-astra,high,214968,210176,0,307,11,215275,4792,0.273446
2837,2026-09-21T15:10:37.501Z,galaxies,gpt-6-astra,high,215662,214784,0,202,13,215864,878,0.233664
2838,2026-09-21T15:10:59.798Z,galaxies,gpt-6-astra,high,216936,215552,0,528,183,217464,1384,0.255792
2839,2026-09-21T15:11:25.147Z,galaxies,gpt-6-astra,high,221410,216832,0,651,516,222061,4578,0.295162
2840,2026-09-21T15:11:46.558Z,galaxies,gpt-6-astra,high,222201,221184,0,469,158,222670,1017,0.254804
2841,2026-09-21T15:15:24.533Z,galaxies,gpt-6-astra,high,228789,222080,0,7086,0,235875,6709,0.64347
2842,2026-09-21T15:15:29.103Z,galaxies,gpt-6-astra,high,31060,12160,0,52,0,31112,18900,0.20376
2843,2026-09-21T15:15:41.738Z,galaxies,gpt-6-astra,high,37358,30848,0,331,12,37689,6510,0.112498
2844,2026-09-21T15:15:51.997Z,galaxies,gpt-6-astra,high,40075,37120,0,178,31,40253,2955,0.07557
2845,2026-09-21T15:16:07.542Z,galaxies,gpt-6-astra,high,50813,39936,0,303,17,51116,10877,0.163856
2846,2026-09-21T15:16:29.283Z,galaxies,gpt-6-astra,high,59053,50688,0,137,16,59190,8365,0.141188
2847,2026-09-21T15:16:41.594Z,galaxies,gpt-6-astra,high,62482,58880,0,356,13,62838,3602,0.1127
2848,2026-09-21T15:16:58.050Z,galaxies,gpt-6-astra,high,65049,62336,0,474,167,65523,2713,0.113166
2849,2026-09-21T15:17:16.370Z,galaxies,gpt-6-astra,high,73651,64896,0,513,103,74164,8755,0.178096
2850,2026-09-21T15:17:40.349Z,galaxies,gpt-6-astra,high,80384,73472,0,651,516,81035,6912,0.175142
2851,2026-09-21T15:17:48.144Z,galaxies,gpt-6-astra,high,82459,80256,0,178,74,82637,2203,0.111186
2852,2026-09-21T15:18:01.369Z,galaxies,gpt-6-astra,high,90122,82304,0,353,55,90475,7818,0.178134
2853,2026-09-21T15:18:11.702Z,galaxies,gpt-6-astra,high,91471,89984,0,211,60,91682,1487,0.115404
2854,2026-09-21T15:18:22.819Z,galaxies,gpt-6-astra,high,94876,91264,0,297,190,95173,3612,0.142234
2855,2026-09-21T15:18:33.561Z,galaxies,gpt-6-astra,high,100109,94720,0,275,83,100384,5389,0.16236
2856,2026-09-21T15:18:43.006Z,galaxies,gpt-6-astra,high,103147,99968,0,129,29,103276,3179,0.138208
2857,2026-09-21T15:19:00.812Z,galaxies,gpt-6-astra,high,108450,102912,0,477,297,108927,5538,0.182142
2858,2026-09-21T15:19:14.184Z,galaxies,gpt-6-astra,high,110639,108288,0,148,16,110787,2351,0.139198
2859,2026-09-21T15:20:31.125Z,galaxies,gpt-6-astra,high,111551,110464,0,2454,0,114005,1087,0.244034
2860,2026-09-21T15:22:25.630Z,galaxies,gpt-6-astra,high,114075,111360,0,3729,14,117804,2715,0.32496
2861,2026-09-21T15:25:18.596Z,galaxies,gpt-6-astra,high,117861,113920,0,5667,516,123528,3941,0.43668
2862,2026-09-21T15:28:19.248Z,galaxies,gpt-6-astra,high,123589,117632,0,5811,12,129400,5957,0.467752
2863,2026-09-21T15:28:27.985Z,galaxies,gpt-6-astra,high,129457,123392,0,212,66,129669,6065,0.194642
2864,2026-09-21T15:28:58.122Z,galaxies,gpt-6-astra,high,129790,129280,0,906,230,130696,510,0.17968
2865,2026-09-21T15:29:09.454Z,galaxies,gpt-6-astra,high,131558,129664,0,276,112,131834,1894,0.162404
2866,2026-09-21T15:29:30.556Z,galaxies,gpt-6-astra,high,141899,131328,0,613,207,142512,10571,0.267688
2867,2026-09-21T15:29:40.336Z,galaxies,gpt-6-astra,high,146810,141696,0,184,82,146994,5114,0.202036
2868,2026-09-21T15:29:47.072Z,galaxies,gpt-6-astra,high,154466,146688,0,144,42,154610,7778,0.231668
2869,2026-09-21T15:29:55.131Z,galaxies,gpt-6-astra,high,161870,154240,0,138,36,162008,7630,0.23744
2870,2026-09-21T15:30:00.219Z,galaxies,gpt-6-astra,high,168976,161664,0,99,0,169075,7312,0.239734
2871,2026-09-21T15:30:23.022Z,galaxies,gpt-6-astra,high,175154,168832,0,677,156,175831,6322,0.265902
2872,2026-09-21T15:30:40.522Z,galaxies,gpt-6-astra,high,175987,174976,0,502,190,176489,1011,0.210186
2873,2026-09-21T15:30:51.372Z,galaxies,gpt-6-astra,high,179059,175872,0,253,40,179312,3187,0.220392
2874,2026-09-21T15:31:15.939Z,galaxies,gpt-6-astra,high,182585,178944,0,588,516,183173,3641,0.244754
2875,2026-09-21T15:32:18.102Z,galaxies,gpt-6-astra,high,190153,182272,0,1909,172,192062,7881,0.356532
2876,2026-09-21T15:33:31.808Z,galaxies,gpt-6-astra,high,192176,189696,0,2283,198,194459,2480,0.328646
2877,2026-09-21T15:34:49.730Z,galaxies,gpt-6-astra,high,195191,192000,0,2491,11,197682,3191,0.34846
2878,2026-09-21T15:35:12.049Z,galaxies,gpt-6-astra,high,197760,194944,0,618,267,198378,2816,0.254004
2879,2026-09-21T15:35:19.985Z,galaxies,gpt-6-astra,high,199934,197632,0,92,35,200026,2302,0.225252
2880,2026-09-21T15:36:49.201Z,galaxies,gpt-6-astra,high,201510,199808,0,2726,908,204236,1702,0.353128
2881,2026-09-21T15:38:25.111Z,galaxies,gpt-6-astra,high,204315,201344,0,3061,516,207376,2971,0.384104
2882,2026-09-21T15:38:40.722Z,galaxies,gpt-6-astra,high,207433,204160,0,318,199,207751,3273,0.25279
2883,2026-09-21T15:38:48.319Z,galaxies,gpt-6-astra,high,208514,207232,0,134,14,208648,1282,0.226752
2884,2026-09-21T15:39:29.609Z,galaxies,gpt-6-astra,high,211854,208384,0,1110,516,212964,3470,0.298584
2885,2026-09-21T15:40:06.172Z,galaxies,gpt-6-astra,high,216222,211712,0,1062,528,217284,4510,0.309912
2886,2026-09-21T15:40:16.587Z,galaxies,gpt-6-astra,high,218872,216064,0,221,98,219093,2808,0.255194
2887,2026-09-21T15:40:44.067Z,galaxies,gpt-6-astra,high,223138,218624,0,811,333,223949,4514,0.304314
2888,2026-09-21T15:40:59.357Z,galaxies,gpt-6-astra,high,224162,222976,0,398,219,224560,1186,0.254736
2889,2026-09-21T15:41:17.732Z,galaxies,gpt-6-astra,high,224742,224000,0,444,272,225186,742,0.25362
2890,2026-09-21T15:41:25.387Z,galaxies,gpt-6-astra,high,227951,224512,0,164,19,228115,3439,0.267102
2891,2026-09-21T15:43:04.592Z,galaxies,gpt-6-astra,high,228481,227712,0,3034,1034,231515,769,0.387102
2892,2026-09-21T15:43:54.476Z,galaxies,gpt-6-astra,high,231782,228352,0,1491,701,233273,3430,0.337202
2893,2026-09-21T15:44:08.715Z,galaxies,gpt-6-astra,high,233977,231552,0,359,150,234336,2425,0.273752
2894,2026-09-21T15:44:33.545Z,galaxies,gpt-6-astra,high,235103,233728,0,570,63,235673,1375,0.275978
2895,2026-09-21T15:44:45.232Z,galaxies,gpt-6-astra,high,235771,234880,0,229,46,236000,891,0.25524
2896,2026-09-21T15:45:15.333Z,galaxies,gpt-6-astra,high,236887,235520,0,811,260,237698,1367,0.28974
2897,2026-09-21T15:45:31.279Z,galaxies,gpt-6-astra,high,237904,236672,0,337,141,238241,1232,0.265842
2898,2026-09-21T15:45:46.798Z,galaxies,gpt-6-astra,high,238631,237696,0,408,134,239039,935,0.267446
2899,2026-09-21T15:46:12.155Z,galaxies,gpt-6-astra,high,239890,238464,0,679,308,240569,1426,0.286674
2900,2026-09-21T15:46:30.695Z,galaxies,gpt-6-astra,high,240805,239744,0,255,113,241060,1061,0.263104
2901,2026-09-21T15:46:49.502Z,galaxies,gpt-6-astra,high,241694,240640,0,473,291,242167,1054,0.27483
2902,2026-09-21T15:47:44.298Z,galaxies,gpt-6-astra,high,242579,241536,0,1630,1324,244209,1043,0.333466
2903,2026-09-21T15:47:57.130Z,galaxies,gpt-6-astra,high,244582,242432,0,311,81,244893,2150,0.279482
2904,2026-09-21T15:50:54.001Z,galaxies,gpt-6-astra,high,245708,180096,0,5571,0,251279,65612,1.114766
2905,2026-09-21T15:50:59.631Z,galaxies,gpt-6-astra,high,29548,23808,0,117,0,29665,5740,0.087058
2906,2026-09-21T15:51:10.747Z,galaxies,gpt-6-astra,high,30712,29312,0,203,17,30915,1400,0.053462
2907,2026-09-21T15:51:25.286Z,galaxies,gpt-6-astra,high,35419,30592,0,330,14,35749,4827,0.095362
2908,2026-09-21T15:51:36.964Z,galaxies,gpt-6-astra,high,35876,35200,0,171,27,36047,676,0.05051
2909,2026-09-21T15:51:43.058Z,galaxies,gpt-6-astra,high,42453,35712,0,129,25,42582,6741,0.109572
2910,2026-09-21T15:51:55.051Z,galaxies,gpt-6-astra,high,43180,42240,0,209,50,43389,940,0.06209
2911,2026-09-21T15:52:06.951Z,galaxies,gpt-6-astra,high,47063,42880,0,287,62,47350,4183,0.09906
2912,2026-09-21T15:52:16.007Z,galaxies,gpt-6-astra,high,47872,46976,0,182,43,48054,896,0.065036
2913,2026-09-21T15:52:32.814Z,galaxies,gpt-6-astra,high,51774,47744,0,283,56,52057,4030,0.102194
2914,2026-09-21T15:52:41.267Z,galaxies,gpt-6-astra,high,52774,51584,0,198,17,52972,1190,0.073384
2915,2026-09-21T15:52:48.861Z,galaxies,gpt-6-astra,high,53629,52608,0,168,77,53797,1021,0.071218
2916,2026-09-21T15:52:52.966Z,galaxies,gpt-6-astra,high,57574,53504,0,85,14,57659,4070,0.098454
2917,2026-09-21T15:53:05.422Z,galaxies,gpt-6-astra,high,57784,57472,0,183,162,57967,312,0.069742
2918,2026-09-21T15:53:29.723Z,galaxies,gpt-6-astra,high,57990,57600,0,56,0,58046,390,0.0643
2919,2026-09-21T15:53:37.433Z,galaxies,gpt-6-astra,high,58155,57856,0,83,0,58238,299,0.064996
2920,2026-09-21T15:53:49.124Z,galaxies,gpt-6-astra,high,58518,57984,0,285,23,58803,534,0.077574
2921,2026-09-21T15:54:01.289Z,galaxies,gpt-6-astra,high,59059,58368,0,167,31,59226,691,0.073628
2922,2026-09-21T15:54:06.308Z,galaxies,gpt-6-astra,high,61261,58880,0,94,73,61355,2381,0.08739
2923,2026-09-21T15:54:34.206Z,galaxies,gpt-6-astra,high,61378,61184,0,201,0,61579,194,0.073174
2924,2026-09-21T15:54:44.349Z,galaxies,gpt-6-astra,high,61910,61184,0,241,56,62151,726,0.080494
2925,2026-09-21T15:54:57.252Z,galaxies,gpt-6-astra,high,62248,61824,0,143,56,62391,424,0.073214
2926,2026-09-21T15:55:34.696Z,galaxies,gpt-6-astra,high,62414,62080,0,201,0,62615,334,0.07547
2927,2026-09-21T15:55:49.494Z,galaxies,gpt-6-astra,high,62807,62336,0,366,0,63173,471,0.085346
2928,2026-09-21T15:56:02.913Z,galaxies,gpt-6-astra,high,63333,62720,0,110,12,63443,613,0.07435
2929,2026-09-21T15:56:15.360Z,galaxies,gpt-6-astra,high,65229,63232,0,264,107,65493,1997,0.096402
2930,2026-09-21T15:56:31.893Z,galaxies,gpt-6-astra,high,65603,64768,0,460,242,66063,835,0.096118
2931,2026-09-21T15:56:49.596Z,galaxies,gpt-6-astra,high,66393,65408,0,454,221,66847,985,0.097958
2932,2026-09-21T15:56:57.258Z,galaxies,gpt-6-astra,high,67014,66176,0,196,175,67210,838,0.084356
2933,2026-09-21T15:57:43.995Z,galaxies,gpt-6-astra,high,67233,66816,0,141,0,67374,417,0.078036
2934,2026-09-21T15:57:53.295Z,galaxies,gpt-6-astra,high,67523,67072,0,249,43,67772,451,0.084032
2935,2026-09-21T15:58:44.713Z,galaxies,gpt-6-astra,high,69063,67328,0,1565,99,70628,1735,0.162928
2936,2026-09-21T15:58:55.097Z,galaxies,gpt-6-astra,high,70652,68864,0,269,248,70921,1788,0.100194
2937,2026-09-21T15:59:30.989Z,galaxies,gpt-6-astra,high,70944,70528,0,79,0,71023,416,0.078638
2938,2026-09-21T15:59:41.629Z,galaxies,gpt-6-astra,high,71202,70784,0,249,131,71451,418,0.087414
2939,2026-09-21T15:59:49.287Z,galaxies,gpt-6-astra,high,72208,71040,0,106,66,72314,1168,0.08802
2940,2026-09-21T15:59:56.559Z,galaxies,gpt-6-astra,high,77743,72064,0,141,79,77884,5679,0.135904
2941,2026-09-21T16:00:02.403Z,galaxies,gpt-6-astra,high,79329,77568,0,96,75,79425,1761,0.099978
2942,2026-09-21T16:00:46.702Z,galaxies,gpt-6-astra,high,79448,79104,0,63,0,79511,344,0.085694
2943,2026-09-21T16:01:07.487Z,galaxies,gpt-6-astra,high,79627,79232,0,430,236,80057,395,0.104682
2944,2026-09-21T16:01:15.632Z,galaxies,gpt-6-astra,high,80626,79488,0,112,91,80738,1138,0.096468
2945,2026-09-21T16:02:02.059Z,galaxies,gpt-6-astra,high,80761,80384,0,57,0,80818,377,0.087004
2946,2026-09-21T16:02:18.847Z,galaxies,gpt-6-astra,high,80930,80640,0,455,326,81385,290,0.10629
2947,2026-09-21T16:02:29.398Z,galaxies,gpt-6-astra,high,83018,80768,0,172,151,83190,2250,0.111868
2948,2026-09-21T16:03:15.525Z,galaxies,gpt-6-astra,high,83213,82944,0,57,0,83270,269,0.088484
2949,2026-09-21T16:03:47.673Z,galaxies,gpt-6-astra,high,83383,83072,0,954,558,84337,311,0.133882
2950,2026-09-21T16:03:58.355Z,galaxies,gpt-6-astra,high,84419,46976,0,77,19,84496,37443,0.425256
2951,2026-09-21T16:04:02.554Z,galaxies,gpt-6-astra,high,84606,84352,0,47,9,84653,254,0.089242
2952,2026-09-21T16:04:10.632Z,galaxies,gpt-6-astra,high,84810,84480,0,108,61,84918,330,0.09318
2953,2026-09-21T16:04:39.477Z,galaxies,gpt-6-astra,high,86213,84736,0,826,287,87039,1477,0.140806
2954,2026-09-21T16:04:54.993Z,galaxies,gpt-6-astra,high,87130,86144,0,397,110,87527,986,0.115854
2955,2026-09-21T16:05:08.914Z,galaxies,gpt-6-astra,high,87785,87040,0,305,134,88090,745,0.10974
2956,2026-09-21T16:05:27.099Z,galaxies,gpt-6-astra,high,88349,87680,0,408,11,88757,669,0.11477
2957,2026-09-21T16:05:50.820Z,galaxies,gpt-6-astra,high,88915,88192,0,639,141,89554,723,0.127372
2958,2026-09-21T16:06:25.699Z,galaxies,gpt-6-astra,high,89858,88832,0,862,330,90720,1026,0.142192
2959,2026-09-21T16:06:32.612Z,galaxies,gpt-6-astra,high,90840,89728,0,100,24,90940,1112,0.105848
2960,2026-09-21T16:06:38.539Z,galaxies,gpt-6-astra,high,91184,90752,0,99,12,91283,432,0.100022
2961,2026-09-21T16:06:47.702Z,galaxies,gpt-6-astra,high,91494,91008,0,147,0,91641,486,0.103218
2962,2026-09-21T16:07:02.232Z,galaxies,gpt-6-astra,high,91734,91392,0,326,305,92060,342,0.111112
2963,2026-09-21T16:07:38.514Z,galaxies,gpt-6-astra,high,92083,91648,0,101,0,92184,435,0.101048
2964,2026-09-21T16:07:50.816Z,galaxies,gpt-6-astra,high,92440,91904,0,316,0,92756,536,0.113064
2965,2026-09-21T16:08:02.597Z,galaxies,gpt-6-astra,high,92881,92288,0,133,57,93014,593,0.104868
2966,2026-09-21T16:08:49.039Z,galaxies,gpt-6-astra,high,93037,92800,0,96,0,93133,237,0.09997
2967,2026-09-21T16:09:05.914Z,galaxies,gpt-6-astra,high,93276,92928,0,434,370,93710,348,0.118108
2968,2026-09-21T16:09:13.360Z,galaxies,gpt-6-astra,high,93927,93184,0,95,19,94022,743,0.105364
2969,2026-09-21T16:09:43.737Z,galaxies,gpt-6-astra,high,94045,93824,0,107,0,94152,221,0.101384
2970,2026-09-21T16:09:50.292Z,galaxies,gpt-6-astra,high,94342,93952,0,99,0,94441,390,0.102802
2971,2026-09-21T16:09:58.045Z,galaxies,gpt-6-astra,high,94543,94208,0,66,45,94609,335,0.100858
2972,2026-09-21T16:10:37.536Z,galaxies,gpt-6-astra,high,94632,94464,0,218,0,94850,168,0.107044
2973,2026-09-21T16:10:56.923Z,galaxies,gpt-6-astra,high,95128,94464,0,333,254,95461,664,0.117754
2974,2026-09-21T16:11:34.259Z,galaxies,gpt-6-astra,high,95484,94976,0,182,0,95666,508,0.109156
2975,2026-09-21T16:11:51.737Z,galaxies,gpt-6-astra,high,95961,95360,0,441,0,96402,601,0.12342
2976,2026-09-21T16:12:23.077Z,galaxies,gpt-6-astra,high,96566,95872,0,822,694,97388,694,0.143912
2977,2026-09-21T16:12:37.303Z,galaxies,gpt-6-astra,high,97495,96384,0,303,41,97798,1111,0.122644
2978,2026-09-21T16:12:45.515Z,galaxies,gpt-6-astra,high,97895,97408,0,192,171,98087,487,0.111878
2979,2026-09-21T16:13:36.522Z,galaxies,gpt-6-astra,high,98110,97792,0,122,0,98232,318,0.107072
2980,2026-09-21T16:14:00.666Z,galaxies,gpt-6-astra,high,98352,98048,0,595,516,98947,304,0.130838
2981,2026-09-21T16:14:51.043Z,galaxies,gpt-6-astra,high,98970,98176,0,122,0,99092,794,0.112216
2982,2026-09-21T16:15:15.406Z,galaxies,gpt-6-astra,high,99245,98816,0,642,566,99887,429,0.135206
2983,2026-09-21T16:16:04.455Z,galaxies,gpt-6-astra,high,99910,99072,0,65,0,99975,838,0.110702
2984,2026-09-21T16:16:38.950Z,galaxies,gpt-6-astra,high,100215,99840,0,978,904,101193,375,0.15249
2985,2026-09-21T16:17:27.839Z,galaxies,gpt-6-astra,high,101216,100096,0,57,0,101273,1120,0.114146
2986,2026-09-21T16:17:48.142Z,galaxies,gpt-6-astra,high,101384,101120,0,595,466,101979,264,0.13351
2987,2026-09-21T16:17:58.040Z,galaxies,gpt-6-astra,high,102035,101248,0,235,155,102270,787,0.120868
2988,2026-09-21T16:18:48.360Z,galaxies,gpt-6-astra,high,102293,101888,0,57,0,102350,405,0.108788
2989,2026-09-21T16:19:05.686Z,galaxies,gpt-6-astra,high,102463,102144,0,414,393,102877,319,0.126034
2990,2026-09-21T16:19:19.399Z,galaxies,gpt-6-astra,high,102900,102400,0,61,0,102961,500,0.11045
2991,2026-09-21T16:20:08.492Z,galaxies,gpt-6-astra,high,102984,102784,0,57,0,103041,200,0.107634
2992,2026-09-21T16:20:14.176Z,galaxies,gpt-6-astra,high,103152,102912,0,126,105,103278,240,0.111612
2993,2026-09-21T16:20:33.632Z,galaxies,gpt-6-astra,high,103301,103040,0,56,0,103357,261,0.10845
2994,2026-09-21T16:21:24.815Z,galaxies,gpt-6-astra,high,103380,103168,0,57,0,103437,212,0.108138
2995,2026-09-21T16:21:52.676Z,galaxies,gpt-6-astra,high,103549,103296,0,710,649,104259,253,0.141326
2996,2026-09-21T16:22:41.212Z,galaxies,gpt-6-astra,high,104282,103424,0,57,0,104339,858,0.114854
2997,2026-09-21T16:22:50.553Z,galaxies,gpt-6-astra,high,104450,104192,0,238,217,104688,258,0.118672
2998,2026-09-21T16:23:08.900Z,galaxies,gpt-6-astra,high,104711,104320,0,105,38,104816,391,0.11348
2999,2026-09-21T16:23:57.325Z,galaxies,gpt-6-astra,high,104839,104576,0,57,0,104896,263,0.110056
3000,2026-09-21T16:24:20.605Z,galaxies,gpt-6-astra,high,105014,104704,0,703,10,105717,310,0.142954
3001,2026-09-21T16:24:28.381Z,galaxies,gpt-6-astra,high,105881,104832,0,164,14,106045,1049,0.123522
3002,2026-09-21T16:24:36.685Z,galaxies,gpt-6-astra,high,106180,105728,0,194,0,106374,452,0.119948
3003,2026-09-21T16:29:26.334Z,galaxies,gpt-6-astra,high,110940,86144,0,189,0,111129,24796,0.343554
3004,2026-09-21T16:30:23.586Z,galaxies,gpt-6-astra,high,118080,110848,0,1736,1552,119816,7232,0.269968
3005,2026-09-21T16:31:25.186Z,galaxies,gpt-6-astra,high,123329,118016,0,1890,101,125219,5313,0.265646
3006,2026-09-21T16:32:39.080Z,galaxies,gpt-6-astra,high,125276,123264,0,2293,1034,127569,2012,0.258034
3007,2026-09-21T16:33:04.798Z,galaxies,gpt-6-astra,high,127659,125184,0,702,385,128361,2475,0.185034
3008,2026-09-21T16:33:11.523Z,galaxies,gpt-6-astra,high,128589,127488,0,68,9,128657,1101,0.141898
3009,2026-09-21T16:33:31.879Z,galaxies,gpt-6-astra,high,133316,128512,0,556,496,133872,4804,0.204352
3010,2026-09-21T16:34:10.584Z,galaxies,gpt-6-astra,high,133951,133248,0,1146,498,135097,703,0.197578
3011,2026-09-21T16:34:36.137Z,galaxies,gpt-6-astra,high,135194,133888,0,736,516,135930,1306,0.183748
3012,2026-09-21T16:34:48.330Z,galaxies,gpt-6-astra,high,136959,135040,0,224,111,137183,1919,0.16543
3013,2026-09-21T16:36:17.441Z,galaxies,gpt-6-astra,high,137326,136832,0,2731,1552,140057,494,0.278322
3014,2026-09-21T16:36:28.626Z,galaxies,gpt-6-astra,high,140116,137216,0,185,91,140301,2900,0.175466
3015,2026-09-21T16:37:09.602Z,galaxies,gpt-6-astra,high,141340,140032,0,1286,516,142626,1308,0.217412
3016,2026-09-21T16:37:45.880Z,galaxies,gpt-6-astra,high,142719,141184,0,828,516,143547,1535,0.197934
3017,2026-09-21T16:37:56.543Z,galaxies,gpt-6-astra,high,143813,142592,0,217,46,144030,1221,0.165652
3018,2026-09-21T16:38:35.621Z,galaxies,gpt-6-astra,high,144615,143744,0,1169,516,145784,871,0.210904
3019,2026-09-21T16:38:51.130Z,galaxies,gpt-6-astra,high,145842,144512,0,405,224,146247,1330,0.178062
3020,2026-09-21T16:39:10.523Z,galaxies,gpt-6-astra,high,146459,145792,0,508,0,146967,667,0.177862
3021,2026-09-21T16:40:00.910Z,galaxies,gpt-6-astra,high,147128,146432,0,1402,1292,148530,696,0.223492
3022,2026-09-21T16:40:20.632Z,galaxies,gpt-6-astra,high,148753,147072,0,415,23,149168,1681,0.184632
3023,2026-09-21T16:40:50.837Z,galaxies,gpt-6-astra,high,149996,148736,0,764,516,150760,1260,0.199536
3024,2026-09-21T16:41:10.344Z,galaxies,gpt-6-astra,high,151068,149888,0,449,428,151517,1180,0.184138
3025,2026-09-21T16:41:46.418Z,galaxies,gpt-6-astra,high,151540,151040,0,107,0,151647,500,0.16139
3026,2026-09-21T16:42:24.298Z,galaxies,gpt-6-astra,high,151827,151424,0,1069,988,152896,403,0.208904
3027,2026-09-21T16:43:09.131Z,galaxies,gpt-6-astra,high,152919,151808,0,98,0,153017,1111,0.167818
3028,2026-09-21T16:43:15.860Z,galaxies,gpt-6-astra,high,153276,152832,0,99,0,153375,444,0.162222
3029,2026-09-21T16:43:45.303Z,galaxies,gpt-6-astra,high,153501,153216,0,772,573,154273,285,0.194666
3030,2026-09-21T16:44:29.622Z,galaxies,gpt-6-astra,high,154720,153472,0,1055,1034,155775,1248,0.218702
3031,2026-09-21T16:45:05.252Z,galaxies,gpt-6-astra,high,155798,154624,0,216,0,156014,1174,0.177164
3032,2026-09-21T16:45:33.416Z,galaxies,gpt-6-astra,high,156469,155776,0,797,312,157266,693,0.202556
3033,2026-09-21T16:45:56.751Z,galaxies,gpt-6-astra,high,157703,156416,0,552,279,158255,1287,0.196886
3034,2026-09-21T16:46:43.661Z,galaxies,gpt-6-astra,high,158561,157696,0,1468,1156,160029,865,0.239746
3035,2026-09-21T16:46:59.433Z,galaxies,gpt-6-astra,high,160336,158464,0,417,131,160753,1872,0.198034
3036,2026-09-21T16:48:10.735Z,galaxies,gpt-6-astra,high,160928,160256,0,2210,994,163138,672,0.277476
3037,2026-09-21T16:48:35.154Z,galaxies,gpt-6-astra,high,163264,160896,0,594,516,163858,2368,0.214276
3038,2026-09-21T16:49:29.188Z,galaxies,gpt-6-astra,high,163881,163200,0,149,0,164030,681,0.17746
3039,2026-09-21T16:50:43.283Z,galaxies,gpt-6-astra,high,164401,163840,0,2118,2049,166519,561,0.27535
3040,2026-09-21T16:51:32.493Z,galaxies,gpt-6-astra,high,166542,164352,0,58,0,166600,2190,0.189152
3041,2026-09-21T16:51:46.960Z,galaxies,gpt-6-astra,high,166711,166528,0,347,115,167058,183,0.185708
3042,2026-09-21T16:52:39.839Z,galaxies,gpt-6-astra,high,167117,166656,0,1363,1297,168480,461,0.239416
3043,2026-09-21T16:53:29.626Z,galaxies,gpt-6-astra,high,168503,167040,0,58,0,168561,1463,0.18457
3044,2026-09-21T16:53:34.908Z,galaxies,gpt-6-astra,high,168672,168448,0,49,28,168721,224,0.173138
3045,2026-09-21T16:53:50.963Z,galaxies,gpt-6-astra,high,168744,168576,0,73,0,168817,168,0.173906
3046,2026-09-21T16:54:42.726Z,galaxies,gpt-6-astra,high,168840,168704,0,58,0,168898,136,0.172964
3047,2026-09-21T16:55:34.525Z,galaxies,gpt-6-astra,high,169010,168832,0,1386,1327,170396,178,0.239912
3048,2026-09-21T16:56:26.215Z,galaxies,gpt-6-astra,high,170419,168960,0,58,0,170477,1459,0.18645
3049,2026-09-21T16:56:46.483Z,galaxies,gpt-6-astra,high,170595,170368,0,491,12,171086,227,0.197188
3050,2026-09-21T16:56:54.745Z,galaxies,gpt-6-astra,high,171228,170496,0,118,0,171346,732,0.183716
3051,2026-09-21T16:57:02.729Z,galaxies,gpt-6-astra,high,171467,171136,0,86,0,171553,331,0.178746
3052,2026-09-21T17:02:36.131Z,galaxies,gpt-6-astra,high,171720,118016,0,230,0,171950,53704,0.666556
3053,2026-09-21T17:02:41.137Z,galaxies,gpt-6-astra,high,180374,171648,0,52,0,180426,8726,0.261508
3054,2026-09-21T17:03:51.671Z,galaxies,gpt-6-astra,high,192293,180352,0,2206,2070,194499,11941,0.410062
3055,2026-09-21T17:08:48.000Z,galaxies,gpt-6-astra,high,196594,192256,0,5369,0,201963,4338,0.504086
3056,2026-09-21T17:08:52.371Z,galaxies,gpt-6-astra,high,29581,12160,0,48,0,29629,17421,0.18877
3057,2026-09-21T17:08:58.540Z,galaxies,gpt-6-astra,high,40559,29440,0,144,50,40703,11119,0.14783
3058,2026-09-21T17:09:11.715Z,galaxies,gpt-6-astra,high,50154,40320,0,359,253,50513,9834,0.15661
3059,2026-09-21T17:10:43.155Z,galaxies,gpt-6-astra,high,56020,49920,0,2947,9,58967,6100,0.25827
3060,2026-09-21T17:11:43.276Z,galaxies,gpt-6-astra,high,59025,55808,0,1900,181,60925,3217,0.182978
3061,2026-09-21T17:11:54.396Z,galaxies,gpt-6-astra,high,60984,58880,0,269,0,61253,2104,0.09337
3062,2026-09-21T17:12:05.911Z,galaxies,gpt-6-astra,high,61377,60800,0,258,105,61635,577,0.07947
3063,2026-09-21T17:12:13.680Z,galaxies,gpt-6-astra,high,63603,61184,0,162,21,63765,2419,0.093474
3064,2026-09-21T17:12:38.028Z,galaxies,gpt-6-astra,high,63940,63488,0,329,68,64269,452,0.084458
3065,2026-09-21T17:12:52.037Z,galaxies,gpt-6-astra,high,64346,63744,0,192,17,64538,602,0.079364
3066,2026-09-21T17:13:21.988Z,galaxies,gpt-6-astra,high,65464,64128,0,948,155,66412,1336,0.124888
3067,2026-09-21T17:13:48.939Z,galaxies,gpt-6-astra,high,66503,65280,0,763,87,67266,1223,0.11566
3068,2026-09-21T17:14:05.642Z,galaxies,gpt-6-astra,high,67413,66304,0,417,301,67830,1109,0.098244
3069,2026-09-21T17:14:46.648Z,galaxies,gpt-6-astra,high,74586,67200,0,1263,430,75849,7386,0.20421
3070,2026-09-21T17:15:09.138Z,galaxies,gpt-6-astra,high,75906,74368,0,594,10,76500,1538,0.119448
3071,2026-09-21T17:15:24.210Z,galaxies,gpt-6-astra,high,77731,75776,0,326,167,78057,1955,0.111626
3072,2026-09-21T17:15:34.699Z,galaxies,gpt-6-astra,high,80384,77568,0,249,100,80633,2816,0.118178
3073,2026-09-21T17:15:47.180Z,galaxies,gpt-6-astra,high,81782,80000,0,321,44,82103,1782,0.11387
3074,2026-09-21T17:16:12.319Z,galaxies,gpt-6-astra,high,82238,81664,0,704,17,82942,574,0.122604
3075,2026-09-21T17:16:20.970Z,galaxies,gpt-6-astra,high,82999,82048,0,174,44,83173,951,0.100258
3076,2026-09-21T17:16:36.566Z,galaxies,gpt-6-astra,high,83454,82816,0,428,0,83882,638,0.110596
3077,2026-09-21T17:16:53.177Z,galaxies,gpt-6-astra,high,84093,83328,0,304,164,84397,765,0.106178
3078,2026-09-21T17:17:16.307Z,galaxies,gpt-6-astra,high,85028,83968,0,677,251,85705,1060,0.128418
3079,2026-09-21T17:17:30.644Z,galaxies,gpt-6-astra,high,86008,84864,0,286,99,86294,1144,0.110604
3080,2026-09-21T17:17:41.019Z,galaxies,gpt-6-astra,high,87271,85888,0,154,59,87425,1383,0.107418
3081,2026-09-21T17:18:05.287Z,galaxies,gpt-6-astra,high,87962,87168,0,675,550,88637,794,0.128858
3082,2026-09-21T17:18:15.485Z,galaxies,gpt-6-astra,high,89269,87808,0,234,49,89503,1461,0.114118
3083,2026-09-21T17:18:22.567Z,galaxies,gpt-6-astra,high,89933,89088,0,150,67,90083,845,0.105038
3084,2026-09-21T17:18:30.514Z,galaxies,gpt-6-astra,high,90338,89856,0,159,138,90497,482,0.102626
3085,2026-09-21T17:19:14.741Z,galaxies,gpt-6-astra,high,90520,90240,0,53,0,90573,280,0.09569
3086,2026-09-21T17:19:27.164Z,galaxies,gpt-6-astra,high,90706,90496,0,352,284,91058,210,0.110196
3087,2026-09-21T17:20:18.358Z,galaxies,gpt-6-astra,high,91081,90624,0,141,0,91222,457,0.102244
3088,2026-09-21T17:20:26.922Z,galaxies,gpt-6-astra,high,91791,91008,0,214,0,92005,783,0.109538
3089,2026-09-21T17:20:40.263Z,galaxies,gpt-6-astra,high,92148,91776,0,322,87,92470,372,0.111596
3090,2026-09-21T17:20:49.515Z,galaxies,gpt-6-astra,high,92686,92032,0,208,15,92894,654,0.108972
3091,2026-09-21T17:20:58.049Z,galaxies,gpt-6-astra,high,93328,92672,0,157,72,93485,656,0.107082
3092,2026-09-21T17:21:14.858Z,galaxies,gpt-6-astra,high,93543,93312,0,339,318,93882,231,0.112572
3093,2026-09-21T17:22:11.953Z,galaxies,gpt-6-astra,high,93905,93440,0,211,0,94116,465,0.10864
3094,2026-09-21T17:22:26.092Z,galaxies,gpt-6-astra,high,94585,93824,0,368,0,94953,761,0.119834
3095,2026-09-21T17:22:47.952Z,galaxies,gpt-6-astra,high,95116,94464,0,520,161,95636,652,0.126984
3096,2026-09-21T17:23:16.607Z,galaxies,gpt-6-astra,high,95808,94976,0,807,516,96615,832,0.143646
3097,2026-09-21T17:23:23.399Z,galaxies,gpt-6-astra,high,97108,95744,0,121,10,97229,1364,0.115434
3098,2026-09-21T17:23:36.405Z,galaxies,gpt-6-astra,high,97728,97024,0,372,154,98100,704,0.122664
3099,2026-09-21T17:24:02.934Z,galaxies,gpt-6-astra,high,98179,97664,0,765,541,98944,515,0.141064
3100,2026-09-21T17:24:09.733Z,galaxies,gpt-6-astra,high,99089,98048,0,65,9,99154,1041,0.111708
3101,2026-09-21T17:24:32.733Z,galaxies,gpt-6-astra,high,100970,99072,0,683,478,101653,1898,0.152202
3102,2026-09-21T17:24:42.900Z,galaxies,gpt-6-astra,high,101711,100864,0,235,163,101946,847,0.121084
3103,2026-09-21T17:24:49.111Z,galaxies,gpt-6-astra,high,102039,101632,0,122,101,102161,407,0.111802
3104,2026-09-21T17:25:23.571Z,galaxies,gpt-6-astra,high,102184,102016,0,89,0,102273,168,0.108146
3105,2026-09-21T17:25:35.146Z,galaxies,gpt-6-astra,high,102552,102144,0,305,156,102857,408,0.121474
3106,2026-09-21T17:26:10.115Z,galaxies,gpt-6-astra,high,103233,102528,0,911,383,104144,705,0.155128
3107,2026-09-21T17:26:35.066Z,galaxies,gpt-6-astra,high,104203,12160,0,659,508,104862,92043,0.96554
3108,2026-09-21T17:26:55.404Z,galaxies,gpt-6-astra,high,105021,104064,0,596,471,105617,957,0.143434
3109,2026-09-21T17:27:14.218Z,galaxies,gpt-6-astra,high,105738,104960,0,526,241,106264,778,0.13904
3110,2026-09-21T17:27:33.953Z,galaxies,gpt-6-astra,high,106357,105600,0,537,516,106894,757,0.14002
3111,2026-09-21T17:28:22.575Z,galaxies,gpt-6-astra,high,106917,106240,0,68,0,106985,677,0.11641
3112,2026-09-21T17:29:12.637Z,galaxies,gpt-6-astra,high,109759,106880,0,1614,516,111373,2879,0.21637
3113,2026-09-21T17:29:19.452Z,galaxies,gpt-6-astra,high,111464,109696,0,171,113,111635,1768,0.135926
3114,2026-09-21T17:30:13.928Z,galaxies,gpt-6-astra,high,111658,111360,0,167,0,111825,298,0.12269
3115,2026-09-21T17:30:22.913Z,galaxies,gpt-6-astra,high,112354,111616,0,216,150,112570,738,0.129796
3116,2026-09-21T17:30:38.148Z,galaxies,gpt-6-astra,high,112664,112256,0,371,139,113035,408,0.134886
3117,2026-09-21T17:31:13.299Z,galaxies,gpt-6-astra,high,113153,112640,0,1094,1013,114247,513,0.17247
3118,2026-09-21T17:32:02.120Z,galaxies,gpt-6-astra,high,114270,113024,0,71,0,114341,1246,0.129034
3119,2026-09-21T17:32:23.793Z,galaxies,gpt-6-astra,high,114516,114176,0,632,516,115148,340,0.149176
3120,2026-09-21T17:32:35.818Z,galaxies,gpt-6-astra,high,115240,114432,0,339,318,115579,808,0.139462
3121,2026-09-21T17:33:24.268Z,galaxies,gpt-6-astra,high,115602,115200,0,62,0,115664,402,0.12232
3122,2026-09-21T17:33:59.393Z,galaxies,gpt-6-astra,high,115883,115584,0,1029,963,116912,299,0.170024
3123,2026-09-21T17:34:42.197Z,galaxies,gpt-6-astra,high,116935,115840,0,71,0,117006,1095,0.13034
3124,2026-09-21T17:34:58.729Z,galaxies,gpt-6-astra,high,117150,116864,0,450,17,117600,286,0.142224
3125,2026-09-21T17:35:07.537Z,galaxies,gpt-6-astra,high,117716,117120,0,198,0,117914,596,0.13298
3126,2026-09-21T17:35:12.750Z,galaxies,gpt-6-astra,high,118272,117632,0,101,0,118373,640,0.129082
3127,2026-09-21T17:35:19.186Z,galaxies,gpt-6-astra,high,118391,118144,0,98,0,118489,247,0.125514
3128,2026-09-21T17:35:42.685Z,galaxies,gpt-6-astra,high,119859,118272,0,716,260,120575,1587,0.169942
3129,2026-09-21T17:35:48.271Z,galaxies,gpt-6-astra,high,120632,119808,0,78,36,120710,824,0.131948
3130,2026-09-21T17:35:57.698Z,galaxies,gpt-6-astra,high,120853,120576,0,67,25,120920,277,0.126696
3131,2026-09-21T17:36:03.079Z,galaxies,gpt-6-astra,high,121073,120832,0,54,0,121127,241,0.125942
3132,2026-09-21T17:39:30.693Z,galaxies,gpt-6-astra,high,121248,24064,0,84,0,121332,97184,1.000104
3133,2026-09-21T17:39:43.272Z,galaxies,gpt-6-astra,high,121480,121216,0,271,58,121751,264,0.137406
3134,2026-09-21T17:39:48.367Z,galaxies,gpt-6-astra,high,121809,121344,0,79,37,121888,465,0.129944
3135,2026-09-21T17:39:55.572Z,galaxies,gpt-6-astra,high,129132,121728,0,122,0,129254,7404,0.201868
3136,2026-09-21T17:41:09.568Z,response,gpt-6-astra,xhigh,129298,12160,0,127,0,129425,117138,1.18989
3137,2026-09-21T17:41:39.630Z,response,gpt-6-astra,xhigh,138063,129280,0,934,516,138997,8783,0.26381
3138,2026-09-21T17:42:14.400Z,response,gpt-6-astra,xhigh,144423,137984,0,952,516,145375,6439,0.249974
3139,2026-09-21T17:42:38.412Z,response,gpt-6-astra,xhigh,155038,144384,0,645,215,155683,10654,0.283174
3140,2026-09-21T17:42:58.333Z,response,gpt-6-astra,xhigh,165513,155008,0,308,56,165821,10505,0.275458
3141,2026-09-21T17:43:18.574Z,response,gpt-6-astra,xhigh,174668,165376,0,507,111,175175,9292,0.283646
3142,2026-09-21T17:43:33.834Z,response,gpt-6-astra,xhigh,184860,174592,0,390,77,185250,10268,0.296772
3143,2026-09-21T17:44:52.887Z,response,gpt-6-astra,xhigh,195973,184832,0,2438,2169,198411,11141,0.418142
3144,2026-09-21T17:47:43.504Z,response,gpt-6-astra,xhigh,211231,195840,0,5102,376,216333,15391,0.60485
3145,2026-09-21T17:49:51.694Z,response,gpt-6-astra,xhigh,216505,211200,0,4129,1034,220634,5305,0.4707
3146,2026-09-21T17:50:01.214Z,response,gpt-6-astra,xhigh,220755,216448,0,167,71,220922,4307,0.267868
3147,2026-09-21T17:53:24.684Z,response,gpt-6-astra,xhigh,226376,220672,0,6613,0,232989,5704,0.608362
3148,2026-09-21T17:53:31.517Z,response,gpt-6-astra,xhigh,30919,12160,0,159,0,31078,18759,0.2077
3149,2026-09-21T17:53:41.516Z,response,gpt-6-astra,xhigh,35766,30720,0,242,32,36008,5046,0.09328
3150,2026-09-21T17:53:53.505Z,response,gpt-6-astra,xhigh,44398,35584,0,326,83,44724,8814,0.140024
3151,2026-09-21T17:54:01.261Z,response,gpt-6-astra,xhigh,50924,44160,0,186,115,51110,6764,0.1211
3152,2026-09-21T17:54:23.718Z,response,gpt-6-astra,xhigh,54677,50688,0,638,516,55315,3989,0.122478
3153,2026-09-21T17:55:31.283Z,response,gpt-6-astra,xhigh,61879,54528,0,2080,227,63959,7351,0.232038
3154,2026-09-21T17:55:43.634Z,response,gpt-6-astra,xhigh,64077,61696,0,243,0,64320,2381,0.097656
3155,2026-09-21T17:55:50.331Z,response,gpt-6-astra,xhigh,68563,63872,0,125,15,68688,4691,0.117032
3156,2026-09-21T17:56:01.533Z,response,gpt-6-astra,xhigh,73070,68352,0,126,31,73196,4718,0.121832
3157,2026-09-21T17:56:14.893Z,response,gpt-6-astra,xhigh,73278,72832,0,195,68,73473,446,0.087042
3158,2026-09-21T17:56:19.941Z,response,gpt-6-astra,xhigh,73529,73088,0,57,13,73586,441,0.080348
3159,2026-09-21T17:56:29.163Z,response,gpt-6-astra,xhigh,76456,73344,0,138,19,76594,3112,0.111364
3160,2026-09-21T17:56:37.381Z,response,gpt-6-astra,xhigh,81427,76288,0,108,10,81535,5139,0.133078
3161,2026-09-21T17:58:07.978Z,response,gpt-6-astra,xhigh,84534,81280,0,2846,516,87380,3254,0.25612
3162,2026-09-21T17:58:18.200Z,response,gpt-6-astra,xhigh,88492,83840,0,257,93,88749,4652,0.14321
3163,2026-09-21T17:58:23.772Z,response,gpt-6-astra,xhigh,89525,88320,0,121,13,89646,1205,0.10642
3164,2026-09-21T17:59:03.352Z,response,gpt-6-astra,xhigh,89750,89344,0,1191,1034,90941,406,0.152954
3165,2026-09-21T17:59:35.651Z,response,gpt-6-astra,xhigh,94419,89600,0,978,868,95397,4819,0.18669
3166,2026-09-21T18:00:42.573Z,response,gpt-6-astra,xhigh,97440,94336,0,1986,235,99426,3104,0.224676
3167,2026-09-21T18:00:55.207Z,response,gpt-6-astra,xhigh,99548,97280,0,280,92,99828,2268,0.13396
3168,2026-09-21T18:01:20.708Z,response,gpt-6-astra,xhigh,100234,99456,0,734,516,100968,778,0.143936
3169,2026-09-21T18:03:42.366Z,response,gpt-6-astra,xhigh,110369,100096,0,4644,235,115013,10273,0.435026
3170,2026-09-21T18:06:12.081Z,response,gpt-6-astra,xhigh,115037,110208,0,4923,327,119960,4829,0.404648
3171,2026-09-21T18:06:20.774Z,response,gpt-6-astra,xhigh,119984,114944,0,155,13,120139,5040,0.173094
3172,2026-09-21T18:06:42.552Z,response,gpt-6-astra,xhigh,123303,119808,0,647,329,123950,3495,0.187108
3173,2026-09-21T18:06:59.486Z,response,gpt-6-astra,xhigh,124042,123136,0,451,45,124493,906,0.154746
3174,2026-09-21T18:08:02.892Z,response,gpt-6-astra,xhigh,125251,123904,0,2008,485,127259,1347,0.237774
3175,2026-09-21T18:08:17.374Z,response,gpt-6-astra,xhigh,127338,125056,0,330,81,127668,2282,0.164376
3176,2026-09-21T18:08:32.960Z,response,gpt-6-astra,xhigh,128677,127232,0,364,223,129041,1445,0.159882
3177,2026-09-21T18:08:37.588Z,response,gpt-6-astra,xhigh,130934,128512,0,79,8,131013,2422,0.156682
3178,2026-09-21T18:08:58.177Z,response,gpt-6-astra,xhigh,133265,130816,0,603,511,133868,2449,0.185456
3179,2026-09-21T18:09:51.869Z,response,gpt-6-astra,xhigh,138498,132864,0,1705,311,140203,5634,0.274454
3180,2026-09-21T18:10:04.452Z,response,gpt-6-astra,xhigh,142914,138368,0,250,48,143164,4546,0.196328
3181,2026-09-21T18:10:25.401Z,response,gpt-6-astra,xhigh,144325,54528,0,395,153,144720,89797,0.972248
3182,2026-09-21T18:10:38.700Z,response,gpt-6-astra,xhigh,145757,144256,0,356,89,146113,1501,0.177066
3183,2026-09-21T18:10:50.523Z,response,gpt-6-astra,xhigh,146311,145664,0,258,107,146569,647,0.165034
3184,2026-09-21T18:11:23.699Z,response,gpt-6-astra,xhigh,149751,146176,0,718,441,150469,3575,0.217826
3185,2026-09-21T18:12:11.355Z,response,gpt-6-astra,xhigh,150895,149632,0,1184,1034,152079,1263,0.221462
3186,2026-09-21T18:13:32.334Z,response,gpt-6-astra,xhigh,152455,150784,0,2425,71,154880,1671,0.288744
3187,2026-09-21T18:14:50.812Z,response,gpt-6-astra,xhigh,154904,152320,0,2437,516,157341,2584,0.30001
3188,2026-09-21T18:14:58.716Z,response,gpt-6-astra,xhigh,157476,154752,0,157,24,157633,2724,0.189842
3189,2026-09-21T18:15:18.474Z,response,gpt-6-astra,xhigh,158086,157312,0,548,53,158634,774,0.192452
3190,2026-09-21T18:15:29.398Z,response,gpt-6-astra,xhigh,159116,157952,0,211,74,159327,1164,0.180142
3191,2026-09-21T18:15:38.509Z,response,gpt-6-astra,xhigh,161646,158976,0,238,47,161884,2670,0.197576
3192,2026-09-21T18:16:11.105Z,response,gpt-6-astra,xhigh,162533,161536,0,965,663,163498,997,0.219756
3193,2026-09-21T18:16:29.776Z,response,gpt-6-astra,xhigh,164033,162432,0,524,294,164557,1601,0.204642
3194,2026-09-21T18:16:45.030Z,response,gpt-6-astra,xhigh,164908,163840,0,430,158,165338,1068,0.19602
3195,2026-09-21T18:18:02.572Z,response,gpt-6-astra,xhigh,165551,164736,0,2466,1034,168017,815,0.296186
3196,2026-09-21T18:18:36.275Z,response,gpt-6-astra,xhigh,168337,165376,0,1017,777,169354,2961,0.245836
3197,2026-09-21T18:18:56.504Z,response,gpt-6-astra,xhigh,170207,168192,0,505,176,170712,2015,0.213592
3198,2026-09-21T18:19:13.866Z,response,gpt-6-astra,xhigh,171047,170112,0,477,200,171524,935,0.203312
3199,2026-09-21T18:19:55.825Z,response,gpt-6-astra,xhigh,171606,170880,0,1215,1034,172821,726,0.23889
3200,2026-09-21T18:20:53.358Z,response,gpt-6-astra,xhigh,173355,171520,0,1820,888,175175,1835,0.28087
3201,2026-09-21T18:21:39.953Z,response,gpt-6-astra,xhigh,175458,173184,0,1123,1034,176581,2274,0.252074
3202,2026-09-21T18:21:53.536Z,response,gpt-6-astra,xhigh,180806,175360,0,351,165,181157,5446,0.24737
3203,2026-09-21T18:22:02.429Z,response,gpt-6-astra,xhigh,182599,180736,0,181,86,182780,1863,0.208416
3204,2026-09-21T18:22:56.633Z,response,gpt-6-astra,xhigh,187443,182528,0,1688,1552,189131,4915,0.316078
3205,2026-09-21T18:24:11.403Z,response,gpt-6-astra,xhigh,190017,187264,0,2247,1033,192264,2753,0.327144
3206,2026-09-21T18:24:33.853Z,response,gpt-6-astra,xhigh,192575,189824,0,626,516,193201,2751,0.248634
3207,2026-09-21T18:25:22.566Z,response,gpt-6-astra,xhigh,194129,192384,0,1451,1159,195580,1745,0.282384
3208,2026-09-21T18:26:17.832Z,response,gpt-6-astra,xhigh,195977,194048,0,1558,1445,197535,1929,0.291238
3209,2026-09-21T18:27:11.627Z,response,gpt-6-astra,xhigh,199140,195840,0,1645,753,200785,3300,0.31109
3210,2026-09-21T18:27:32.544Z,response,gpt-6-astra,xhigh,201060,199040,0,520,426,201580,2020,0.24524
3211,2026-09-21T18:27:52.374Z,response,gpt-6-astra,xhigh,204528,200960,0,517,432,205045,3568,0.26249
3212,2026-09-21T18:28:34.202Z,response,gpt-6-astra,xhigh,205301,204416,0,1099,1034,206400,885,0.268216
3213,2026-09-21T18:28:44.215Z,response,gpt-6-astra,xhigh,206652,205184,0,259,34,206911,1468,0.232814
3214,2026-09-21T18:29:57.655Z,response,gpt-6-astra,xhigh,207086,206464,0,2340,827,209426,622,0.329684
3215,2026-09-21T18:30:38.012Z,response,gpt-6-astra,xhigh,209824,206976,0,1227,1034,211051,2848,0.296806
3216,2026-09-21T18:33:41.679Z,response,gpt-6-astra,xhigh,214985,209664,0,6033,3882,221018,5321,0.564524
3217,2026-09-21T18:34:07.672Z,response,gpt-6-astra,xhigh,221135,214912,0,509,368,221644,6223,0.302592
3218,2026-09-21T18:34:15.728Z,response,gpt-6-astra,xhigh,221955,221056,0,48,7,222003,899,0.232446
3219,2026-09-21T18:35:49.488Z,response,gpt-6-astra,xhigh,222866,221824,0,3020,2466,225886,1042,0.383244
3220,2026-09-21T18:37:16.326Z,response,gpt-6-astra,xhigh,226513,222720,0,2388,2315,228901,3793,0.38005
3221,2026-09-21T18:37:24.198Z,response,gpt-6-astra,xhigh,229429,226432,0,164,56,229593,2997,0.264602
3222,2026-09-21T18:37:45.844Z,response,gpt-6-astra,xhigh,229684,229248,0,524,483,230208,436,0.259808
3223,2026-09-21T18:39:09.146Z,response,gpt-6-astra,xhigh,231145,229504,0,2691,1188,233836,1641,0.380464
3224,2026-09-21T18:39:29.134Z,response,gpt-6-astra,xhigh,234214,231040,0,531,441,234745,3174,0.28933
3225,2026-09-21T18:41:06.574Z,response,gpt-6-astra,xhigh,238990,234112,0,3016,2588,242006,4878,0.433692
3226,2026-09-21T18:42:34.908Z,response,gpt-6-astra,xhigh,242063,238720,0,2801,516,244864,3343,0.4122
3227,2026-09-21T18:46:34.529Z,response,gpt-6-astra,xhigh,244901,242048,0,7840,0,252741,2853,0.662578
3228,2026-09-21T18:46:42.577Z,response,gpt-6-astra,xhigh,32147,24064,0,127,0,32274,8083,0.111244
3229,2026-09-21T18:46:58.438Z,response,gpt-6-astra,xhigh,40295,32000,0,390,62,40685,8295,0.13445
3230,2026-09-21T18:47:12.054Z,response,gpt-6-astra,xhigh,48716,40064,0,372,22,49088,8652,0.145184
3231,2026-09-21T18:47:26.550Z,response,gpt-6-astra,xhigh,55412,48512,0,352,70,55764,6900,0.135112
3232,2026-09-21T18:47:44.950Z,response,gpt-6-astra,xhigh,59287,55296,0,524,21,59811,3991,0.121406
3233,2026-09-21T18:47:54.550Z,response,gpt-6-astra,xhigh,59929,59136,0,213,98,60142,793,0.077716
3234,2026-09-21T18:48:16.414Z,response,gpt-6-astra,xhigh,61321,59776,0,657,516,61978,1545,0.108076
3235,2026-09-21T18:48:59.769Z,response,gpt-6-astra,xhigh,64363,61184,0,1218,486,65581,3179,0.153874
3236,2026-09-21T18:50:03.434Z,response,gpt-6-astra,xhigh,65724,64256,0,2018,92,67742,1468,0.179836
3237,2026-09-21T18:50:20.044Z,response,gpt-6-astra,xhigh,67849,12160,0,387,37,68236,55689,0.5884
3238,2026-09-21T18:51:14.166Z,response,gpt-6-astra,xhigh,68402,65536,0,1581,516,69983,2866,0.173246
3239,2026-09-21T18:52:11.860Z,response,gpt-6-astra,xhigh,70091,68224,0,1828,441,71919,1867,0.178294
3240,2026-09-21T18:52:26.297Z,response,gpt-6-astra,xhigh,72271,69888,0,414,11,72685,2383,0.114418
3241,2026-09-21T18:52:39.502Z,response,gpt-6-astra,xhigh,73016,72064,0,345,14,73361,952,0.098834
3242,2026-09-21T18:53:54.588Z,response,gpt-6-astra,xhigh,73812,72832,0,2268,291,76080,980,0.196032
3243,2026-09-21T18:54:18.956Z,response,gpt-6-astra,xhigh,76197,67712,0,670,390,76867,8485,0.186062
3244,2026-09-21T18:54:41.405Z,response,gpt-6-astra,xhigh,78175,76032,0,615,14,78790,2143,0.128212
3245,2026-09-21T18:55:43.145Z,response,gpt-6-astra,xhigh,79915,78080,0,1925,516,81840,1835,0.19268
3246,2026-09-21T18:55:51.288Z,response,gpt-6-astra,xhigh,81944,79744,0,116,42,82060,2200,0.107544
3247,2026-09-21T18:56:29.968Z,response,gpt-6-astra,xhigh,83511,81792,0,1170,124,84681,1719,0.157482
3248,2026-09-21T18:56:58.082Z,response,gpt-6-astra,xhigh,84786,83328,0,804,472,85590,1458,0.138108
3249,2026-09-21T18:57:20.036Z,response,gpt-6-astra,xhigh,85648,84608,0,620,435,86268,1040,0.126008
3250,2026-09-21T18:57:31.039Z,response,gpt-6-astra,xhigh,89884,85504,0,131,31,90015,4380,0.135854
3251,2026-09-21T18:58:05.108Z,response,gpt-6-astra,xhigh,92868,89728,0,969,516,93837,3140,0.169578
3252,2026-09-21T18:58:42.687Z,response,gpt-6-astra,xhigh,93861,92672,0,1171,158,95032,1189,0.163112
3253,2026-09-21T18:58:53.367Z,response,gpt-6-astra,xhigh,95144,93696,0,253,18,95397,1448,0.120826
3254,2026-09-21T18:59:59.574Z,response,gpt-6-astra,xhigh,96266,94976,0,1949,516,98215,1290,0.205326
3255,2026-09-21T19:00:56.540Z,response,gpt-6-astra,xhigh,98320,96128,0,1795,1552,100115,2192,0.207798
3256,2026-09-21T19:01:50.289Z,response,gpt-6-astra,xhigh,100513,98176,0,1670,390,102183,2337,0.205046
3257,2026-09-21T19:02:25.869Z,response,gpt-6-astra,xhigh,102286,100352,0,1065,516,103351,1934,0.172942
3258,2026-09-21T19:02:37.574Z,response,gpt-6-astra,xhigh,103726,102144,0,214,63,103940,1582,0.128664
3259,2026-09-21T19:03:25.494Z,response,gpt-6-astra,xhigh,104640,103552,0,1413,516,106053,1088,0.185082
3260,2026-09-21T19:03:48.083Z,response,gpt-6-astra,xhigh,106159,104448,0,546,438,106705,1711,0.148858
3261,2026-09-21T19:05:30.743Z,response,gpt-6-astra,xhigh,107114,105984,0,3226,501,110340,1130,0.278584
3262,2026-09-21T19:05:51.894Z,response,gpt-6-astra,xhigh,110444,107008,0,584,409,111028,3436,0.170568
3263,2026-09-21T19:06:38.908Z,response,gpt-6-astra,xhigh,111476,110336,0,1307,216,112783,1140,0.187086
3264,2026-09-21T19:07:12.574Z,response,gpt-6-astra,xhigh,112886,111360,0,948,834,113834,1526,0.17402
3265,2026-09-21T19:07:30.678Z,response,gpt-6-astra,xhigh,114527,112768,0,434,223,114961,1759,0.152058
3266,2026-09-21T19:08:04.359Z,response,gpt-6-astra,xhigh,115375,114432,0,1045,296,116420,943,0.176112
3267,2026-09-21T19:08:55.825Z,response,gpt-6-astra,xhigh,116788,115200,0,1616,516,118404,1588,0.21188
3268,2026-09-21T19:09:49.881Z,response,gpt-6-astra,xhigh,118534,116608,0,1693,402,120227,1926,0.220518
3269,2026-09-21T19:09:55.801Z,response,gpt-6-astra,xhigh,120436,118400,0,111,17,120547,2036,0.14431
3270,2026-09-21T19:10:21.951Z,response,gpt-6-astra,xhigh,121025,120320,0,767,201,121792,705,0.16572
3271,2026-09-21T19:11:41.465Z,response,gpt-6-astra,xhigh,122031,24064,0,2407,516,124438,97967,1.124084
3272,2026-09-21T19:11:51.000Z,response,gpt-6-astra,xhigh,124543,121856,0,197,38,124740,2687,0.158576
3273,2026-09-21T19:13:20.756Z,response,gpt-6-astra,xhigh,125491,124416,0,2879,2070,128370,1075,0.279116
3274,2026-09-21T19:13:37.890Z,response,gpt-6-astra,xhigh,131450,125312,0,450,295,131900,6138,0.209192
3275,2026-09-21T19:14:56.600Z,response,gpt-6-astra,xhigh,132410,131328,0,2556,1244,134966,1082,0.269948
3276,2026-09-21T19:16:15.644Z,response,gpt-6-astra,xhigh,135022,132224,0,2506,269,137528,2798,0.285504
3277,2026-09-21T19:16:31.922Z,response,gpt-6-astra,xhigh,137588,134912,0,382,123,137970,2676,0.180772
3278,2026-09-21T19:16:54.922Z,response,gpt-6-astra,xhigh,141169,137472,0,518,170,141687,3697,0.200342
3279,2026-09-21T19:17:18.271Z,response,gpt-6-astra,xhigh,141954,141056,0,535,0,142489,898,0.176786
3280,2026-09-21T19:18:20.140Z,response,gpt-6-astra,xhigh,142854,141824,0,1954,1338,144808,1030,0.249824
3281,2026-09-21T19:19:47.824Z,response,gpt-6-astra,xhigh,144916,142720,0,2744,326,147660,2196,0.30188
3282,2026-09-21T19:20:07.828Z,response,gpt-6-astra,xhigh,147794,144768,0,354,172,148148,3026,0.192728
3283,2026-09-21T19:21:17.782Z,response,gpt-6-astra,xhigh,149100,147712,0,2039,1144,151139,1388,0.263542
3284,2026-09-21T19:21:33.401Z,response,gpt-6-astra,xhigh,151268,148992,0,318,119,151586,2276,0.187652
3285,2026-09-21T19:21:55.478Z,response,gpt-6-astra,xhigh,152366,151168,0,604,276,152970,1198,0.193348
3286,2026-09-21T19:23:38.281Z,response,gpt-6-astra,xhigh,153152,152192,0,3242,764,156394,960,0.323892
3287,2026-09-21T19:23:50.728Z,response,gpt-6-astra,xhigh,156534,152960,0,296,91,156830,3574,0.2035
3288,2026-09-21T19:25:03.774Z,response,gpt-6-astra,xhigh,157882,156288,0,2291,997,160173,1594,0.286778
3289,2026-09-21T19:25:16.049Z,response,gpt-6-astra,xhigh,160416,157696,0,252,91,160668,2720,0.197496
3290,2026-09-21T19:26:16.242Z,response,gpt-6-astra,xhigh,161068,160256,0,1916,1413,162984,812,0.264176
3291,2026-09-21T19:26:29.199Z,response,gpt-6-astra,xhigh,163452,160896,0,331,24,163783,2556,0.203006
3292,2026-09-21T19:27:17.899Z,response,gpt-6-astra,xhigh,164145,163328,0,1536,1034,165681,817,0.248298
3293,2026-09-21T19:28:03.980Z,response,gpt-6-astra,xhigh,165794,163968,0,1343,700,167137,1826,0.249378
3294,2026-09-21T19:28:20.919Z,response,gpt-6-astra,xhigh,168008,165632,0,453,72,168461,2376,0.212042
3295,2026-09-21T19:29:39.711Z,response,gpt-6-astra,xhigh,168586,167808,0,2534,1034,171120,778,0.302288
3296,2026-09-21T19:30:02.264Z,response,gpt-6-astra,xhigh,171225,168448,0,594,425,171819,2777,0.225918
3297,2026-09-21T19:31:13.764Z,response,gpt-6-astra,xhigh,172918,171008,0,2246,1771,175164,1910,0.302408
3298,2026-09-21T19:31:29.289Z,response,gpt-6-astra,xhigh,175952,172672,0,286,197,176238,3280,0.219772
3299,2026-09-21T19:31:41.235Z,response,gpt-6-astra,xhigh,177517,175744,0,262,24,177779,1773,0.206574
3300,2026-09-21T19:32:00.461Z,response,gpt-6-astra,xhigh,181030,177408,0,469,349,181499,3622,0.237078
3301,2026-09-21T19:33:21.481Z,response,gpt-6-astra,xhigh,181721,180864,0,2540,2070,184261,857,0.316434
3302,2026-09-21T19:34:41.951Z,response,gpt-6-astra,xhigh,184464,181632,0,2423,803,186887,2832,0.331102
3303,2026-09-21T19:35:34.675Z,response,gpt-6-astra,xhigh,187376,184320,0,1534,1342,188910,3056,0.29158
3304,2026-09-21T19:36:00.342Z,response,gpt-6-astra,xhigh,189492,187264,0,546,294,190038,2228,0.236844
3305,2026-09-21T19:37:43.211Z,response,gpt-6-astra,xhigh,190096,189312,0,3127,2336,193223,784,0.353502
3306,2026-09-21T19:37:55.483Z,response,gpt-6-astra,xhigh,193505,189952,0,271,30,193776,3553,0.239032
3307,2026-09-21T19:38:56.590Z,response,gpt-6-astra,xhigh,194437,193408,0,1923,1034,196360,1029,0.299848
3308,2026-09-21T19:39:19.027Z,response,gpt-6-astra,xhigh,196469,194304,0,597,516,197066,2165,0.245804
3309,2026-09-21T19:39:28.176Z,response,gpt-6-astra,xhigh,197187,196352,0,199,47,197386,835,0.214652
3310,2026-09-21T19:39:41.330Z,response,gpt-6-astra,xhigh,198851,196992,0,239,0,199090,1859,0.227532
3311,2026-09-21T19:40:34.093Z,response,gpt-6-astra,xhigh,208649,198656,0,1562,1034,210211,9993,0.376686
3312,2026-09-21T19:41:31.359Z,response,gpt-6-astra,xhigh,210323,208512,0,1767,516,212090,1811,0.314972
3313,2026-09-21T19:41:43.043Z,response,gpt-6-astra,xhigh,212206,210176,0,258,95,212464,2030,0.243376
3314,2026-09-21T19:43:51.951Z,response,gpt-6-astra,xhigh,216345,212096,0,3711,2683,220056,4249,0.440136
3315,2026-09-21T19:45:42.752Z,response,gpt-6-astra,xhigh,220165,216192,0,3550,1233,223715,3973,0.433422
3316,2026-09-21T19:46:06.895Z,response,gpt-6-astra,xhigh,223841,220032,0,635,497,224476,3809,0.289872
3317,2026-09-21T19:46:24.605Z,response,gpt-6-astra,xhigh,224745,223744,0,407,78,225152,1001,0.254104
3318,2026-09-21T19:47:06.428Z,response,gpt-6-astra,xhigh,225414,224640,0,1306,1180,226720,774,0.29768
3319,2026-09-21T19:49:05.455Z,response,gpt-6-astra,xhigh,229233,225280,0,3657,2777,232890,3953,0.44766
3320,2026-09-21T19:50:03.926Z,response,gpt-6-astra,xhigh,233004,229120,0,1827,384,234831,3884,0.35931
3321,2026-09-21T19:50:20.579Z,response,gpt-6-astra,xhigh,234945,232832,0,352,132,235297,2113,0.271562
3322,2026-09-21T19:51:41.191Z,response,gpt-6-astra,xhigh,236234,234752,0,2268,1977,238502,1482,0.362972
3323,2026-09-21T19:52:05.871Z,response,gpt-6-astra,xhigh,238626,236160,0,669,49,239295,2466,0.29427
3324,2026-09-21T19:52:48.274Z,response,gpt-6-astra,xhigh,239482,238464,0,1288,159,240770,1018,0.313044
3325,2026-09-21T19:57:04.661Z,response,gpt-6-astra,xhigh,241056,239360,0,7595,7451,248651,1696,0.63607
3326,2026-09-21T20:00:48.510Z,response,gpt-6-astra,xhigh,248905,137856,0,7229,0,256134,111049,1.609796
3327,2026-09-21T20:00:58.706Z,response,gpt-6-astra,xhigh,31539,24064,0,249,0,31788,7475,0.111264
3328,2026-09-21T20:01:09.740Z,response,gpt-6-astra,xhigh,39786,31360,0,297,38,40083,8426,0.13047
3329,2026-09-21T20:01:20.525Z,response,gpt-6-astra,xhigh,51786,39552,0,272,17,52058,12234,0.175492
3330,2026-09-21T20:02:19.944Z,response,gpt-6-astra,xhigh,62607,51584,0,1918,516,64525,11023,0.257714
3331,2026-09-21T20:03:19.681Z,response,gpt-6-astra,xhigh,66766,62464,0,1856,80,68622,4302,0.198284
3332,2026-09-21T20:04:48.473Z,response,gpt-6-astra,xhigh,69298,66560,0,2873,516,72171,2738,0.23759
3333,2026-09-21T20:05:00.429Z,response,gpt-6-astra,xhigh,72349,69120,0,252,14,72601,3229,0.11401
3334,2026-09-21T20:06:31.000Z,response,gpt-6-astra,xhigh,79108,72192,0,2903,280,82011,6916,0.286502
3335,2026-09-21T20:06:49.371Z,response,gpt-6-astra,xhigh,82125,78976,0,495,290,82620,3149,0.135216
3336,2026-09-21T20:07:33.206Z,response,gpt-6-astra,xhigh,82977,81920,0,1303,1034,84280,1057,0.15764
3337,2026-09-21T20:08:38.898Z,response,gpt-6-astra,xhigh,87044,82816,0,2129,56,89173,4228,0.231546
3338,2026-09-21T20:08:45.967Z,response,gpt-6-astra,xhigh,89300,86912,0,99,11,89399,2388,0.115742
3339,2026-09-21T20:08:54.428Z,response,gpt-6-astra,xhigh,89885,89088,0,216,47,90101,797,0.107858
3340,2026-09-21T20:09:04.008Z,response,gpt-6-astra,xhigh,91641,89728,0,190,35,91831,1913,0.118358
3341,2026-09-21T20:09:14.386Z,response,gpt-6-astra,xhigh,92897,91520,0,96,0,92993,1377,0.11009
3342,2026-09-21T20:09:45.876Z,response,gpt-6-astra,xhigh,93128,92672,0,954,736,94082,456,0.144932
3343,2026-09-21T20:09:56.099Z,response,gpt-6-astra,xhigh,103434,92928,0,192,76,103626,10506,0.207588
3344,2026-09-21T20:10:51.164Z,response,gpt-6-astra,xhigh,104735,103296,0,1716,90,106451,1439,0.203486
3345,2026-09-21T20:11:00.911Z,response,gpt-6-astra,xhigh,106615,62464,0,164,33,106779,44151,0.512174
3346,2026-09-21T20:11:24.398Z,response,gpt-6-astra,xhigh,107290,106496,0,617,498,107907,794,0.145286
3347,2026-09-21T20:11:44.194Z,response,gpt-6-astra,xhigh,108459,107136,0,595,516,109054,1323,0.150116
3348,2026-09-21T20:11:53.497Z,response,gpt-6-astra,xhigh,109159,108288,0,132,0,109291,871,0.123598
3349,2026-09-21T20:12:00.740Z,response,gpt-6-astra,xhigh,111336,108928,0,138,70,111474,2408,0.139908
3350,2026-09-21T20:12:53.833Z,response,gpt-6-astra,xhigh,112974,111104,0,1601,516,114575,1870,0.209854
3351,2026-09-21T20:13:01.828Z,response,gpt-6-astra,xhigh,114635,112768,0,148,24,114783,1867,0.138838
3352,2026-09-21T20:13:37.330Z,response,gpt-6-astra,xhigh,115366,114432,0,1110,467,116476,934,0.179272
3353,2026-09-21T20:16:04.336Z,response,gpt-6-astra,xhigh,116610,115200,0,4750,349,121360,1410,0.3668
3354,2026-09-21T20:16:13.874Z,response,gpt-6-astra,xhigh,121438,116480,0,186,73,121624,4958,0.17536
3355,2026-09-21T20:19:05.998Z,response,gpt-6-astra,xhigh,123365,121216,0,5626,896,128991,2149,0.424006
3356,2026-09-21T20:19:43.497Z,response,gpt-6-astra,xhigh,129051,123136,0,1114,952,130165,5915,0.237986
3357,2026-09-21T20:19:48.752Z,response,gpt-6-astra,xhigh,132633,128896,0,108,15,132741,3737,0.171666
3358,2026-09-21T20:21:59.904Z,response,gpt-6-astra,xhigh,137574,132480,0,4177,378,141751,5094,0.39227
3359,2026-09-21T20:22:19.753Z,response,gpt-6-astra,xhigh,141830,137216,0,407,114,142237,4614,0.203706
3360,2026-09-21T20:23:16.363Z,response,gpt-6-astra,xhigh,142930,141696,0,1745,301,144675,1234,0.241286
3361,2026-09-21T20:23:34.329Z,response,gpt-6-astra,xhigh,144766,142848,0,460,177,145226,1918,0.185028
3362,2026-09-21T20:24:11.885Z,response,gpt-6-astra,xhigh,145961,144640,0,1045,927,147006,1321,0.2101
3363,2026-09-21T20:24:51.800Z,response,gpt-6-astra,xhigh,149352,145920,0,1166,787,150518,3432,0.23854
3364,2026-09-21T20:25:26.784Z,response,gpt-6-astra,xhigh,150655,149120,0,1019,867,151674,1535,0.21542
3365,2026-09-21T20:26:07.426Z,response,gpt-6-astra,xhigh,152770,150528,0,1277,17,154047,2242,0.236798
3366,2026-09-21T20:27:07.763Z,response,gpt-6-astra,xhigh,154176,152704,0,1837,235,156013,1472,0.259274
3367,2026-09-21T20:28:02.276Z,response,gpt-6-astra,xhigh,156145,154112,0,1703,516,157848,2033,0.259592
3368,2026-09-21T20:28:16.508Z,response,gpt-6-astra,xhigh,158352,156032,0,337,53,158689,2320,0.196082
3369,2026-09-21T20:28:45.825Z,response,gpt-6-astra,xhigh,158970,158336,0,881,318,159851,634,0.208726
3370,2026-09-21T20:29:49.719Z,response,gpt-6-astra,xhigh,160263,158848,0,1899,1485,162162,1415,0.267948
3371,2026-09-21T20:31:22.658Z,response,gpt-6-astra,xhigh,165678,160256,0,2506,2318,168184,5422,0.339776
3372,2026-09-21T20:31:37.417Z,response,gpt-6-astra,xhigh,168624,165632,0,399,194,169023,2992,0.215502
3373,2026-09-21T20:32:19.605Z,response,gpt-6-astra,xhigh,169899,168576,0,1272,180,171171,1323,0.245406
3374,2026-09-21T20:32:29.101Z,response,gpt-6-astra,xhigh,171479,169856,0,222,144,171701,1623,0.197186
3375,2026-09-21T20:33:05.898Z,response,gpt-6-astra,xhigh,172766,171392,0,992,847,173758,1374,0.234732
3376,2026-09-21T20:34:19.683Z,response,gpt-6-astra,xhigh,175891,172672,0,2298,1034,178189,3219,0.319762
3377,2026-09-21T20:34:31.634Z,response,gpt-6-astra,xhigh,178303,175744,0,320,96,178623,2559,0.217334
3378,2026-09-21T20:34:42.347Z,response,gpt-6-astra,xhigh,179120,178176,0,233,77,179353,944,0.199266
3379,2026-09-21T20:34:49.752Z,response,gpt-6-astra,xhigh,179648,179072,0,134,0,179782,576,0.191532
3380,2026-09-21T20:35:07.116Z,response,gpt-6-astra,xhigh,179935,179584,0,301,188,180236,351,0.198144
3381,2026-09-21T20:36:37.698Z,response,gpt-6-astra,xhigh,182000,179840,0,2885,516,184885,2160,0.34569
3382,2026-09-21T20:37:17.160Z,response,gpt-6-astra,xhigh,184944,181888,0,1184,349,186128,3056,0.271648
3383,2026-09-21T20:37:32.799Z,response,gpt-6-astra,xhigh,186619,184832,0,410,271,187029,1787,0.223202
3384,2026-09-21T20:38:04.437Z,response,gpt-6-astra,xhigh,188950,186496,0,950,516,189900,2454,0.258536
3385,2026-09-21T20:38:13.669Z,response,gpt-6-astra,xhigh,189969,188800,0,92,19,190061,1169,0.20509
3386,2026-09-21T20:38:22.813Z,response,gpt-6-astra,xhigh,190259,189824,0,194,139,190453,435,0.203874
3387,2026-09-21T20:38:32.321Z,response,gpt-6-astra,xhigh,190685,190208,0,187,26,190872,477,0.204328
3388,2026-09-21T20:38:47.539Z,response,gpt-6-astra,xhigh,190961,190592,0,410,32,191371,369,0.214782
3389,2026-09-21T20:39:02.411Z,response,gpt-6-astra,xhigh,191533,190848,0,395,73,191928,685,0.217448
3390,2026-09-21T20:40:08.728Z,response,gpt-6-astra,xhigh,192157,191488,0,1949,1737,194106,669,0.295628
3391,2026-09-21T20:40:32.612Z,response,gpt-6-astra,xhigh,194457,192000,0,467,124,194924,2457,0.23992
3392,2026-09-21T20:40:43.802Z,response,gpt-6-astra,xhigh,195218,194304,0,222,95,195440,914,0.214544
3393,2026-09-21T20:40:53.150Z,response,gpt-6-astra,xhigh,197042,195072,0,175,41,197217,1970,0.223522
3394,2026-09-21T20:41:10.413Z,response,gpt-6-astra,xhigh,198144,196992,0,474,275,198618,1152,0.232212
3395,2026-09-21T20:41:44.733Z,response,gpt-6-astra,xhigh,199031,198016,0,757,316,199788,1015,0.246016
3396,2026-09-21T20:42:23.585Z,response,gpt-6-astra,xhigh,200491,198912,0,1121,1006,201612,1579,0.270752
3397,2026-09-21T20:42:37.679Z,response,gpt-6-astra,xhigh,201837,200448,0,276,18,202113,1389,0.228138
3398,2026-09-21T20:43:48.680Z,response,gpt-6-astra,xhigh,202772,201728,0,2066,1881,204838,1044,0.315468
3399,2026-09-21T20:44:17.360Z,response,gpt-6-astra,xhigh,205193,202624,0,807,516,206000,2569,0.268664
3400,2026-09-21T20:44:37.020Z,response,gpt-6-astra,xhigh,206067,205056,0,513,229,206580,1011,0.240816
3401,2026-09-21T20:44:49.478Z,response,gpt-6-astra,xhigh,206682,205952,0,251,26,206933,730,0.225802
3402,2026-09-21T20:45:04.708Z,response,gpt-6-astra,xhigh,207352,206592,0,409,47,207761,760,0.234642
3403,2026-09-21T20:45:32.452Z,response,gpt-6-astra,xhigh,207945,207232,0,791,558,208736,713,0.253912
3404,2026-09-21T20:47:05.645Z,response,gpt-6-astra,xhigh,211853,207872,0,2981,366,214834,3981,0.396732
3405,2026-09-21T20:47:41.371Z,response,gpt-6-astra,xhigh,214973,211712,0,934,780,215907,3261,0.291022
3406,2026-09-21T20:48:24.802Z,response,gpt-6-astra,xhigh,216506,214912,0,1346,996,217852,1594,0.298152
3407,2026-09-21T20:48:38.375Z,response,gpt-6-astra,xhigh,218366,216448,0,162,9,218528,1918,0.243728
3408,2026-09-21T20:51:10.531Z,response,gpt-6-astra,xhigh,219142,218240,0,4924,2070,224066,902,0.47346
3409,2026-09-21T20:51:40.278Z,response,gpt-6-astra,xhigh,224291,219008,0,798,645,225089,5283,0.311738
3410,2026-09-21T20:53:43.217Z,response,gpt-6-astra,xhigh,225384,224128,0,3771,2588,229155,1256,0.425238
3411,2026-09-21T20:54:55.054Z,response,gpt-6-astra,xhigh,229258,225280,0,2221,2070,231479,3978,0.37611
3412,2026-09-21T20:55:39.895Z,response,gpt-6-astra,xhigh,231919,229120,0,1298,1107,233217,2799,0.32201
3413,2026-09-21T20:56:00.422Z,response,gpt-6-astra,xhigh,233871,231808,0,545,364,234416,2063,0.279688
3414,2026-09-21T20:56:42.960Z,response,gpt-6-astra,xhigh,234716,233728,0,1223,1034,235939,988,0.304758
3415,2026-09-21T21:00:19.222Z,response,gpt-6-astra,xhigh,237094,234624,0,6669,4841,243763,2470,0.592774
3416,2026-09-21T21:01:45.153Z,response,gpt-6-astra,xhigh,244011,236928,0,2136,1916,246147,7083,0.414558
3417,2026-09-21T21:05:29.213Z,response,gpt-6-astra,xhigh,246488,132608,0,7203,0,253691,113880,1.631558
3418,2026-09-21T21:05:34.952Z,response,gpt-6-astra,xhigh,31519,24064,0,59,0,31578,7455,0.101564
3419,2026-09-21T21:05:46.853Z,response,gpt-6-astra,xhigh,38129,31360,0,339,29,38468,6769,0.116
3420,2026-09-21T21:05:56.349Z,response,gpt-6-astra,xhigh,46964,37888,0,224,42,47188,9076,0.139848
3421,2026-09-21T21:06:14.081Z,response,gpt-6-astra,xhigh,51782,46848,0,460,349,52242,4934,0.119188
3422,2026-09-21T21:06:23.746Z,response,gpt-6-astra,xhigh,55651,51584,0,186,19,55837,4067,0.101554
3423,2026-09-21T21:06:32.149Z,response,gpt-6-astra,xhigh,58907,55424,0,213,107,59120,3483,0.100904
3424,2026-09-21T21:07:45.934Z,response,gpt-6-astra,xhigh,63067,58752,0,2403,14,65470,4315,0.222052
3425,2026-09-21T21:08:15.446Z,response,gpt-6-astra,xhigh,65589,62848,0,871,20,66460,2741,0.133808
3426,2026-09-21T21:08:23.195Z,response,gpt-6-astra,xhigh,66826,12160,0,143,0,66969,54666,0.56597
3427,2026-09-21T21:08:45.836Z,response,gpt-6-astra,xhigh,69620,66688,0,619,516,70239,2932,0.126958
3428,2026-09-21T21:09:38.630Z,response,gpt-6-astra,xhigh,76635,69504,0,1702,174,78337,7131,0.225914
3429,2026-09-21T21:09:51.886Z,response,gpt-6-astra,xhigh,78709,76416,0,353,14,79062,2293,0.116996
3430,2026-09-21T21:10:00.500Z,response,gpt-6-astra,xhigh,80459,78592,0,150,59,80609,1867,0.104762
3431,2026-09-21T21:11:09.545Z,response,gpt-6-astra,xhigh,85974,80256,0,2119,516,88093,5718,0.243386
3432,2026-09-21T21:12:30.795Z,response,gpt-6-astra,xhigh,88259,24064,0,2460,146,90719,64195,0.789014
3433,2026-09-21T21:13:59.208Z,response,gpt-6-astra,xhigh,93845,88064,0,2774,428,96619,5781,0.284574
3434,2026-09-21T21:14:09.172Z,response,gpt-6-astra,xhigh,96696,93696,0,254,50,96950,3000,0.136396
3435,2026-09-21T21:14:58.561Z,response,gpt-6-astra,xhigh,98615,96512,0,1507,747,100122,2103,0.192892
3436,2026-09-21T21:15:09.251Z,response,gpt-6-astra,xhigh,100320,98432,0,238,19,100558,1888,0.129212
3437,2026-09-21T21:16:42.160Z,response,gpt-6-astra,xhigh,104255,100096,0,2964,901,107219,4159,0.289886
3438,2026-09-21T21:16:53.395Z,response,gpt-6-astra,xhigh,107546,104064,0,226,59,107772,3482,0.150184
3439,2026-09-21T21:17:00.864Z,response,gpt-6-astra,xhigh,114927,107392,0,183,58,115110,7535,0.191892
3440,2026-09-21T21:17:10.068Z,response,gpt-6-astra,xhigh,120594,114688,0,243,72,120837,5906,0.185898
3441,2026-09-21T21:18:02.922Z,response,gpt-6-astra,xhigh,122637,120448,0,1683,395,124320,2189,0.226488
3442,2026-09-21T21:18:13.538Z,response,gpt-6-astra,xhigh,124649,122496,0,281,138,124930,2153,0.158076
3443,2026-09-21T21:18:27.325Z,response,gpt-6-astra,xhigh,126181,124416,0,391,270,126572,1765,0.161616
3444,2026-09-21T21:18:38.632Z,response,gpt-6-astra,xhigh,129123,125952,0,246,116,129369,3171,0.169962
3445,2026-09-21T21:18:55.145Z,response,gpt-6-astra,xhigh,130831,128896,0,491,390,131322,1935,0.172796
3446,2026-09-21T21:19:12.207Z,response,gpt-6-astra,xhigh,132361,130688,0,451,183,132812,1673,0.169968
3447,2026-09-21T21:19:23.649Z,response,gpt-6-astra,xhigh,133187,132224,0,284,137,133471,963,0.156054
3448,2026-09-21T21:19:48.511Z,response,gpt-6-astra,xhigh,137050,132992,0,680,516,137730,4058,0.207572
3449,2026-09-21T21:20:13.890Z,response,gpt-6-astra,xhigh,139130,136832,0,782,257,139912,2298,0.198912
3450,2026-09-21T21:20:41.266Z,response,gpt-6-astra,xhigh,140932,139008,0,657,516,141589,1924,0.191098
3451,2026-09-21T21:21:17.935Z,response,gpt-6-astra,xhigh,142156,140800,0,1152,364,143308,1356,0.21196
3452,2026-09-21T21:21:47.910Z,response,gpt-6-astra,xhigh,143388,141952,0,869,629,144257,1436,0.199762
3453,2026-09-21T21:23:34.384Z,response,gpt-6-astra,xhigh,144604,143232,0,3495,1377,148099,1372,0.331702
3454,2026-09-21T21:23:53.923Z,response,gpt-6-astra,xhigh,148223,144384,0,556,402,148779,3839,0.210574
3455,2026-09-21T21:24:33.467Z,response,gpt-6-astra,xhigh,149156,148096,0,1091,516,150247,1060,0.213246
3456,2026-09-21T21:25:08.111Z,response,gpt-6-astra,xhigh,150348,148992,0,1002,827,151350,1356,0.212652
3457,2026-09-21T21:26:04.628Z,response,gpt-6-astra,xhigh,153190,150144,0,1794,968,154984,3046,0.270304
3458,2026-09-21T21:26:44.415Z,response,gpt-6-astra,xhigh,155105,152960,0,1239,671,156344,2145,0.23636
3459,2026-09-21T21:26:59.461Z,response,gpt-6-astra,xhigh,156474,154880,0,204,127,156678,1594,0.18102
3460,2026-09-21T21:27:05.049Z,response,gpt-6-astra,xhigh,157418,156288,0,123,102,157541,1130,0.173738
3461,2026-09-21T21:27:39.978Z,response,gpt-6-astra,xhigh,157564,157184,0,112,0,157676,380,0.166584
3462,2026-09-21T21:27:53.279Z,response,gpt-6-astra,xhigh,157798,157440,0,352,186,158150,358,0.17862
3463,2026-09-21T21:28:04.716Z,response,gpt-6-astra,xhigh,164778,157568,0,246,0,165024,7210,0.241968
3464,2026-09-21T21:28:18.406Z,response,gpt-6-astra,xhigh,165304,164608,0,293,68,165597,696,0.186218
3465,2026-09-21T21:28:41.252Z,response,gpt-6-astra,xhigh,166796,165120,0,511,314,167307,1676,0.20743
3466,2026-09-21T21:29:09.120Z,response,gpt-6-astra,xhigh,168164,166656,0,856,627,169020,1508,0.224536
3467,2026-09-21T21:29:46.455Z,response,gpt-6-astra,xhigh,169570,167936,0,1180,703,170750,1634,0.243276
3468,2026-09-21T21:29:57.619Z,response,gpt-6-astra,xhigh,171005,169344,0,313,85,171318,1661,0.201604
3469,2026-09-21T21:31:18.435Z,response,gpt-6-astra,xhigh,172400,170880,0,2625,738,175025,1520,0.31733
3470,2026-09-21T21:31:30.862Z,response,gpt-6-astra,xhigh,177544,172160,0,320,22,177864,5384,0.242
3471,2026-09-21T21:32:35.770Z,response,gpt-6-astra,xhigh,178862,177408,0,2036,882,180898,1454,0.293748
3472,2026-09-21T21:34:15.211Z,response,gpt-6-astra,xhigh,180957,178688,0,3223,995,184180,2269,0.362528
3473,2026-09-21T21:34:31.468Z,response,gpt-6-astra,xhigh,185286,180736,0,432,138,185718,4550,0.247836
3474,2026-09-21T21:34:44.038Z,response,gpt-6-astra,xhigh,190153,185088,0,223,132,190376,5065,0.246888
3475,2026-09-21T21:36:48.040Z,response,gpt-6-astra,xhigh,192145,189824,0,3950,418,196095,2321,0.410534
3476,2026-09-21T21:37:24.950Z,response,gpt-6-astra,xhigh,196151,51584,0,982,314,197133,144567,1.546354
3477,2026-09-21T21:38:21.894Z,response,gpt-6-astra,xhigh,197266,195968,0,1762,722,199028,1298,0.297048
3478,2026-09-21T21:38:38.256Z,response,gpt-6-astra,xhigh,199222,197120,0,388,111,199610,2102,0.23754
3479,2026-09-21T21:38:51.716Z,response,gpt-6-astra,xhigh,201318,199040,0,202,50,201520,2278,0.23192
3480,2026-09-21T21:39:52.396Z,response,gpt-6-astra,xhigh,202570,201088,0,1860,463,204430,1482,0.308908
3481,2026-09-21T21:40:21.093Z,response,gpt-6-astra,xhigh,205336,202496,0,846,516,206182,2840,0.273196
3482,2026-09-21T21:40:53.144Z,response,gpt-6-astra,xhigh,206494,205184,0,834,686,207328,1310,0.259984
3483,2026-09-21T21:41:18.802Z,response,gpt-6-astra,xhigh,207793,206336,0,585,250,208378,1457,0.250156
3484,2026-09-21T21:41:39.771Z,response,gpt-6-astra,xhigh,208632,207616,0,571,353,209203,1016,0.246326
3485,2026-09-21T21:42:00.565Z,response,gpt-6-astra,xhigh,209454,208512,0,397,284,209851,942,0.237782
3486,2026-09-21T21:42:06.815Z,response,gpt-6-astra,xhigh,211432,209280,0,132,31,211564,2152,0.2374
3487,2026-09-21T21:42:16.879Z,response,gpt-6-astra,xhigh,212376,211328,0,153,29,212529,1048,0.229458
3488,2026-09-21T21:42:47.051Z,response,gpt-6-astra,xhigh,212868,212224,0,833,515,213701,644,0.260314
3489,2026-09-21T21:43:10.958Z,response,gpt-6-astra,xhigh,213793,212736,0,524,351,214317,1057,0.249506
3490,2026-09-21T21:43:22.678Z,response,gpt-6-astra,xhigh,215003,213632,0,155,11,215158,1371,0.235092
3491,2026-09-21T21:44:03.932Z,response,gpt-6-astra,xhigh,216038,214912,0,1157,758,217195,1126,0.284022
3492,2026-09-21T21:44:40.839Z,response,gpt-6-astra,xhigh,217465,215936,0,919,818,218384,1529,0.277176
3493,2026-09-21T21:45:11.820Z,response,gpt-6-astra,xhigh,218720,217344,0,954,553,219674,1376,0.278804
3494,2026-09-21T21:45:40.352Z,response,gpt-6-astra,xhigh,219845,218624,0,763,505,220608,1221,0.268984
3495,2026-09-21T21:47:13.160Z,response,gpt-6-astra,xhigh,221094,219776,0,2621,2450,223715,1318,0.364006
3496,2026-09-21T21:47:58.860Z,response,gpt-6-astra,xhigh,224561,220928,0,1371,269,225932,3633,0.325808
3497,2026-09-21T21:49:11.093Z,response,gpt-6-astra,xhigh,226070,224384,0,2053,1844,228123,1686,0.343894
3498,2026-09-21T21:52:02.064Z,response,gpt-6-astra,xhigh,228464,225920,0,4852,4680,233316,2544,0.49396
3499,2026-09-21T21:52:28.145Z,response,gpt-6-astra,xhigh,237426,228352,0,605,388,238031,9074,0.349342
3500,2026-09-21T21:56:08.681Z,response,gpt-6-astra,xhigh,239322,51584,0,7047,0,246369,187738,2.281314
3501,2026-09-21T21:56:20.112Z,response,gpt-6-astra,xhigh,31361,24064,0,193,0,31554,7297,0.106684
3502,2026-09-21T21:56:37.841Z,response,gpt-6-astra,xhigh,36190,31232,0,473,55,36663,4958,0.104462
3503,2026-09-21T21:57:03.500Z,response,gpt-6-astra,xhigh,43058,35968,0,634,65,43692,7090,0.138568
3504,2026-09-21T21:57:26.584Z,response,gpt-6-astra,xhigh,47296,42880,0,515,166,47811,4416,0.11279
3505,2026-09-21T21:57:41.683Z,response,gpt-6-astra,xhigh,51707,47104,0,260,30,51967,4603,0.106134
3506,2026-09-21T21:58:07.219Z,response,gpt-6-astra,xhigh,61715,51584,0,773,464,62488,10131,0.191544
3507,2026-09-21T21:59:07.469Z,response,gpt-6-astra,xhigh,71800,61568,0,1782,516,73582,10232,0.252988
3508,2026-09-21T22:00:17.104Z,response,gpt-6-astra,xhigh,73746,71680,0,2132,179,75878,2066,0.19894
3509,2026-09-21T22:00:27.527Z,response,gpt-6-astra,xhigh,76006,73600,0,210,22,76216,2406,0.10816
3510,2026-09-21T22:00:53.696Z,response,gpt-6-astra,xhigh,81557,75776,0,740,56,82297,5781,0.170586
3511,2026-09-21T22:01:52.284Z,response,gpt-6-astra,xhigh,82700,81408,0,1767,1552,84467,1292,0.182678
3512,2026-09-21T22:02:10.279Z,response,gpt-6-astra,xhigh,85917,82560,0,302,43,86219,3357,0.13123
3513,2026-09-21T22:04:13.305Z,response,gpt-6-astra,xhigh,87762,85760,0,3908,468,91670,2002,0.30118
3514,2026-09-21T22:05:01.288Z,response,gpt-6-astra,xhigh,91694,87552,0,1508,287,93202,4142,0.204372
3515,2026-09-21T22:05:09.711Z,response,gpt-6-astra,xhigh,93295,91520,0,185,18,93480,1775,0.11852
3516,2026-09-21T22:05:33.015Z,response,gpt-6-astra,xhigh,95148,93056,0,521,148,95669,2092,0.140026
3517,2026-09-21T22:06:50.474Z,response,gpt-6-astra,xhigh,95883,94976,0,2467,438,98350,907,0.227396
3518,2026-09-21T22:07:10.490Z,response,gpt-6-astra,xhigh,98410,95744,0,574,18,98984,2666,0.151104
3519,2026-09-21T22:07:29.471Z,response,gpt-6-astra,xhigh,99442,98176,0,528,173,99970,1266,0.137236
3520,2026-09-21T22:07:46.692Z,response,gpt-6-astra,xhigh,100102,99200,0,423,142,100525,902,0.12937
3521,2026-09-21T22:07:57.083Z,response,gpt-6-astra,xhigh,100853,99968,0,262,11,101115,885,0.121918
3522,2026-09-21T22:08:19.603Z,response,gpt-6-astra,xhigh,103774,100736,0,660,201,104434,3038,0.164116
3523,2026-09-21T22:09:00.104Z,response,gpt-6-astra,xhigh,105243,103552,0,1184,165,106427,1691,0.179662
3524,2026-09-21T22:09:37.604Z,response,gpt-6-astra,xhigh,106864,105088,0,1186,13,108050,1776,0.182148
3525,2026-09-21T22:10:08.272Z,response,gpt-6-astra,xhigh,108853,106624,0,912,284,109765,2229,0.174514
3526,2026-09-21T22:10:31.292Z,response,gpt-6-astra,xhigh,110166,108672,0,674,516,110840,1494,0.157312
3527,2026-09-21T22:11:19.141Z,response,gpt-6-astra,xhigh,116821,109952,0,1368,1154,118189,6869,0.247042
3528,2026-09-21T22:11:34.523Z,response,gpt-6-astra,xhigh,121626,42880,0,312,87,121938,78746,0.84594
3529,2026-09-21T22:12:16.141Z,response,gpt-6-astra,xhigh,123775,121472,0,1300,227,125075,2303,0.209502
3530,2026-09-21T22:14:47.979Z,response,gpt-6-astra,xhigh,125275,123648,0,4938,360,130213,1627,0.386818
3531,2026-09-21T22:15:13.797Z,response,gpt-6-astra,xhigh,130237,125056,0,778,337,131015,5181,0.215766
3532,2026-09-21T22:16:27.092Z,response,gpt-6-astra,xhigh,135356,130048,0,2196,477,137552,5308,0.292928
3533,2026-09-21T22:16:46.028Z,response,gpt-6-astra,xhigh,137644,135168,0,535,204,138179,2476,0.186678
3534,2026-09-21T22:17:23.181Z,response,gpt-6-astra,xhigh,139320,137472,0,1121,968,140441,1848,0.212002
3535,2026-09-21T22:17:30.144Z,response,gpt-6-astra,xhigh,142342,139136,0,156,91,142498,3206,0.178996
3536,2026-09-21T22:19:07.543Z,response,gpt-6-astra,xhigh,145364,142208,0,3128,1119,148492,3156,0.330168
3537,2026-09-21T22:19:25.451Z,response,gpt-6-astra,xhigh,148584,144896,0,488,354,149072,3688,0.206176
3538,2026-09-21T22:20:26.288Z,response,gpt-6-astra,xhigh,152249,148480,0,1937,185,154186,3769,0.28302
3539,2026-09-21T22:21:34.045Z,response,gpt-6-astra,xhigh,154396,151808,0,2157,1926,156553,2588,0.285538
3540,2026-09-21T22:21:52.045Z,response,gpt-6-astra,xhigh,160577,154240,0,499,131,161076,6337,0.24256
3541,2026-09-21T22:22:14.821Z,response,gpt-6-astra,xhigh,163054,160384,0,618,459,163672,2670,0.217984
3542,2026-09-21T22:23:43.836Z,response,gpt-6-astra,xhigh,164380,162944,0,2914,1317,167294,1436,0.323004
3543,2026-09-21T22:25:15.833Z,response,gpt-6-astra,xhigh,167426,164224,0,2961,860,170387,3202,0.344294
3544,2026-09-21T22:25:35.712Z,response,gpt-6-astra,xhigh,170525,167296,0,524,297,171049,3229,0.225786
3545,2026-09-21T22:26:12.345Z,response,gpt-6-astra,xhigh,171979,170368,0,1158,1017,173137,1611,0.244378
3546,2026-09-21T22:26:25.158Z,response,gpt-6-astra,xhigh,174809,171776,0,312,113,175121,3033,0.217706
3547,2026-09-21T22:26:42.433Z,response,gpt-6-astra,xhigh,175315,174720,0,425,38,175740,595,0.20192
3548,2026-09-21T22:27:24.885Z,response,gpt-6-astra,xhigh,176009,175104,0,1259,1034,177268,905,0.247104
3549,2026-09-21T22:27:56.142Z,response,gpt-6-astra,xhigh,177632,175872,0,816,173,178448,1760,0.234272
3550,2026-09-21T22:28:37.598Z,response,gpt-6-astra,xhigh,178789,177536,0,1207,1034,179996,1253,0.250416
3551,2026-09-21T22:29:19.866Z,response,gpt-6-astra,xhigh,180218,178688,0,1152,186,181370,1530,0.251588
3552,2026-09-21T22:30:35.176Z,response,gpt-6-astra,xhigh,181923,180096,0,2324,2232,184247,1827,0.314566
3553,2026-09-21T22:31:27.015Z,response,gpt-6-astra,xhigh,185634,181760,0,1656,1419,187290,3874,0.3033
3554,2026-09-21T22:31:46.153Z,response,gpt-6-astra,xhigh,187698,185472,0,542,258,188240,2226,0.234832
3555,2026-09-21T22:32:08.620Z,response,gpt-6-astra,xhigh,188948,187520,0,647,423,189595,1428,0.23415
3556,2026-09-21T22:33:01.514Z,response,gpt-6-astra,xhigh,189987,188800,0,1629,1425,191616,1187,0.28212
3557,2026-09-21T22:34:23.924Z,response,gpt-6-astra,xhigh,191877,189824,0,2282,988,194159,2053,0.324454
3558,2026-09-21T22:35:07.525Z,response,gpt-6-astra,xhigh,194267,191744,0,1350,1034,195617,2523,0.284474
3559,2026-09-21T22:35:59.224Z,response,gpt-6-astra,xhigh,196064,194176,0,1616,913,197680,1888,0.293856
3560,2026-09-21T22:36:34.145Z,response,gpt-6-astra,xhigh,197958,195968,0,1016,843,198974,1990,0.266668
3561,2026-09-21T22:36:38.581Z,response,gpt-6-astra,xhigh,201472,197760,0,81,14,201553,3712,0.23893
3562,2026-09-21T22:37:20.498Z,response,gpt-6-astra,xhigh,202915,201344,0,1326,1034,204241,1571,0.283354
3563,2026-09-21T22:38:44.067Z,response,gpt-6-astra,xhigh,204607,202752,0,2151,2070,206758,1855,0.328852
3564,2026-09-21T22:39:41.025Z,response,gpt-6-astra,xhigh,210435,204416,0,1813,1552,212248,6019,0.355256
3565,2026-09-21T22:40:28.142Z,response,gpt-6-astra,xhigh,212459,210304,0,1450,772,213909,2155,0.304354
3566,2026-09-21T22:40:58.825Z,response,gpt-6-astra,xhigh,214050,212352,0,864,615,214914,1698,0.272532
3567,2026-09-21T22:41:44.553Z,response,gpt-6-astra,xhigh,215505,213888,0,1097,1034,216602,1617,0.284908
3568,2026-09-21T22:43:54.554Z,response,gpt-6-astra,xhigh,218389,215296,0,4121,3073,222510,3093,0.452276
3569,2026-09-21T22:44:11.745Z,response,gpt-6-astra,xhigh,222807,218240,0,420,150,223227,4567,0.28491
3570,2026-09-21T22:46:08.650Z,response,gpt-6-astra,xhigh,224087,222592,0,3616,1716,227703,1495,0.418342
3571,2026-09-21T22:46:52.072Z,response,gpt-6-astra,xhigh,227888,223872,0,1330,516,229218,4016,0.330532
3572,2026-09-21T22:47:11.471Z,response,gpt-6-astra,xhigh,229926,227712,0,507,311,230433,2214,0.275202
3573,2026-09-21T22:48:51.761Z,response,gpt-6-astra,xhigh,233428,229760,0,3057,1034,236485,3668,0.41929
3574,2026-09-21T22:49:40.233Z,response,gpt-6-astra,xhigh,236671,233216,0,1509,437,238180,3455,0.343216
3575,2026-09-21T22:50:20.233Z,response,gpt-6-astra,xhigh,238455,236544,0,1221,510,239676,1911,0.316704
3576,2026-09-21T22:52:09.573Z,response,gpt-6-astra,xhigh,240334,238336,0,3430,1552,243764,1998,0.429816
3577,2026-09-21T22:55:53.238Z,response,gpt-6-astra,xhigh,243801,240128,0,7258,0,251059,3673,0.639758
3578,2026-09-21T22:55:57.917Z,response,gpt-6-astra,xhigh,31565,12160,0,74,0,31639,19405,0.20991
3579,2026-09-21T22:56:09.505Z,response,gpt-6-astra,xhigh,33455,31360,0,329,20,33784,2095,0.06876
3580,2026-09-21T22:56:19.030Z,response,gpt-6-astra,xhigh,43554,33280,0,239,59,43793,10274,0.14797
3581,2026-09-21T22:56:26.815Z,response,gpt-6-astra,xhigh,52792,43008,0,117,9,52909,9784,0.146698
3582,2026-09-21T22:56:39.972Z,response,gpt-6-astra,xhigh,57265,52736,0,391,284,57656,4529,0.117576
3583,2026-09-21T22:56:58.815Z,response,gpt-6-astra,xhigh,59830,57216,0,521,427,60351,2614,0.109406
3584,2026-09-21T22:57:21.797Z,response,gpt-6-astra,xhigh,66759,59776,0,709,71,67468,6983,0.165056
3585,2026-09-21T22:57:29.272Z,response,gpt-6-astra,xhigh,67852,66688,0,187,83,68039,1164,0.087678
3586,2026-09-21T22:57:40.570Z,response,gpt-6-astra,xhigh,76143,67712,0,191,28,76334,8431,0.161572
3587,2026-09-21T22:57:51.514Z,response,gpt-6-astra,xhigh,76446,76032,0,239,140,76685,414,0.092122
3588,2026-09-21T22:58:00.776Z,response,gpt-6-astra,xhigh,81464,76416,0,251,80,81715,5048,0.139446
3589,2026-09-21T22:58:33.951Z,response,gpt-6-astra,xhigh,83380,81408,0,1035,173,84415,1972,0.152878
3590,2026-09-21T22:58:42.875Z,response,gpt-6-astra,xhigh,84512,83328,0,198,27,84710,1184,0.105068
3591,2026-09-21T22:58:49.561Z,response,gpt-6-astra,xhigh,84902,84480,0,167,54,85069,422,0.09705
3592,2026-09-21T22:59:03.750Z,response,gpt-6-astra,xhigh,85125,84864,0,381,140,85506,261,0.106524
3593,2026-09-21T22:59:21.146Z,response,gpt-6-astra,xhigh,86204,84992,0,485,142,86689,1212,0.121362
3594,2026-09-21T22:59:26.889Z,response,gpt-6-astra,xhigh,86929,86144,0,105,0,87034,785,0.099244
3595,2026-09-21T22:59:33.120Z,response,gpt-6-astra,xhigh,87091,86912,0,119,54,87210,179,0.094652
3596,2026-09-21T22:59:49.888Z,response,gpt-6-astra,xhigh,89710,87040,0,409,257,90119,2670,0.13419
3597,2026-09-21T23:00:25.892Z,response,gpt-6-astra,xhigh,94330,89600,0,1134,237,95464,4730,0.1936
3598,2026-09-21T23:01:12.985Z,response,gpt-6-astra,xhigh,95590,94208,0,1463,272,97053,1382,0.181178
3599,2026-09-21T23:01:59.969Z,response,gpt-6-astra,xhigh,97788,95488,0,1334,239,99122,2300,0.185188
3600,2026-09-21T23:02:10.915Z,response,gpt-6-astra,xhigh,99478,97664,0,192,38,99670,1814,0.125404
3601,2026-09-21T23:02:38.646Z,response,gpt-6-astra,xhigh,99790,99328,0,805,516,100595,462,0.144198
3602,2026-09-21T23:02:55.404Z,response,gpt-6-astra,xhigh,101041,99712,0,421,172,101462,1329,0.134052
3603,2026-09-21T23:03:06.449Z,response,gpt-6-astra,xhigh,102091,100864,0,237,144,102328,1227,0.124984
3604,2026-09-21T23:03:28.748Z,response,gpt-6-astra,xhigh,105514,102016,0,581,516,106095,3498,0.166046
3605,2026-09-21T23:04:04.815Z,response,gpt-6-astra,xhigh,107340,105344,0,1109,161,108449,1996,0.180754
3606,2026-09-21T23:04:18.216Z,response,gpt-6-astra,xhigh,108507,107264,0,282,137,108789,1243,0.133794
3607,2026-09-21T23:04:32.111Z,response,gpt-6-astra,xhigh,109179,108416,0,359,92,109538,763,0.133996
3608,2026-09-21T23:04:46.450Z,response,gpt-6-astra,xhigh,110094,109056,0,374,66,110468,1038,0.138136
3609,2026-09-21T23:05:05.705Z,response,gpt-6-astra,xhigh,110551,109952,0,374,25,110925,599,0.134642
3610,2026-09-21T23:05:14.330Z,response,gpt-6-astra,xhigh,111555,110464,0,170,12,111725,1091,0.129874
3611,2026-09-21T23:05:28.913Z,response,gpt-6-astra,xhigh,112496,111488,0,387,321,112883,1008,0.140918
3612,2026-09-21T23:05:39.739Z,response,gpt-6-astra,xhigh,116707,112384,0,292,182,116999,4323,0.170214
3613,2026-09-21T23:06:00.384Z,response,gpt-6-astra,xhigh,117519,116608,0,456,47,117975,911,0.148518
3614,2026-09-21T23:07:08.487Z,response,gpt-6-astra,xhigh,118974,117376,0,2120,400,121094,1598,0.239356
3615,2026-09-21T23:07:15.475Z,response,gpt-6-astra,xhigh,121153,118912,0,139,12,121292,2241,0.148272
3616,2026-09-21T23:07:41.976Z,response,gpt-6-astra,xhigh,121533,121088,0,643,432,122176,445,0.157688
3617,2026-09-21T23:08:27.116Z,response,gpt-6-astra,xhigh,124363,121472,0,1378,1174,125741,2891,0.219282
3618,2026-09-21T23:08:57.828Z,response,gpt-6-astra,xhigh,126252,124288,0,736,516,126988,1964,0.180728
3619,2026-09-21T23:09:09.791Z,response,gpt-6-astra,xhigh,128428,126208,0,307,182,128735,2220,0.163758
3620,2026-09-21T23:10:15.670Z,response,gpt-6-astra,xhigh,129037,128384,0,1950,516,130987,653,0.232414
3621,2026-09-21T23:10:28.919Z,response,gpt-6-astra,xhigh,131094,129024,0,317,166,131411,2070,0.165574
3622,2026-09-21T23:11:10.769Z,response,gpt-6-astra,xhigh,132004,131072,0,1276,1034,133280,932,0.204192
3623,2026-09-21T23:11:30.544Z,response,gpt-6-astra,xhigh,133687,131968,0,476,105,134163,1719,0.172958
3624,2026-09-21T23:11:40.310Z,response,gpt-6-astra,xhigh,134272,57216,0,139,18,134411,77056,0.834726
3625,2026-09-21T23:11:58.561Z,response,gpt-6-astra,xhigh,136677,134144,0,490,104,137167,2533,0.183974
3626,2026-09-21T23:12:09.947Z,response,gpt-6-astra,xhigh,137314,136576,0,294,63,137608,738,0.158656
3627,2026-09-21T23:12:30.354Z,response,gpt-6-astra,xhigh,137841,137216,0,599,48,138440,625,0.173416
3628,2026-09-21T23:13:27.210Z,response,gpt-6-astra,xhigh,138615,137728,0,1489,1313,140104,887,0.221048
3629,2026-09-21T23:15:04.012Z,response,gpt-6-astra,xhigh,140424,138496,0,2887,2783,143311,1928,0.302126
3630,2026-09-21T23:16:48.934Z,response,gpt-6-astra,xhigh,145149,140288,0,3428,516,148577,4861,0.360298
3631,2026-09-21T23:16:59.074Z,response,gpt-6-astra,xhigh,148634,145024,0,265,111,148899,3610,0.194374
3632,2026-09-21T23:17:24.732Z,response,gpt-6-astra,xhigh,149255,148608,0,794,329,150049,647,0.194778
3633,2026-09-21T23:17:46.680Z,response,gpt-6-astra,xhigh,150140,149120,0,442,198,150582,1020,0.18142
3634,2026-09-21T23:19:00.968Z,response,gpt-6-astra,xhigh,150852,150016,0,2392,1552,153244,836,0.277976
3635,2026-09-21T23:19:49.249Z,response,gpt-6-astra,xhigh,153585,150784,0,1122,1034,154707,2801,0.234894
3636,2026-09-21T23:21:20.720Z,response,gpt-6-astra,xhigh,155634,153472,0,2972,516,158606,2162,0.323692
3637,2026-09-21T23:22:15.999Z,response,gpt-6-astra,xhigh,158630,155520,0,1767,516,160397,3110,0.27497
3638,2026-09-21T23:22:35.233Z,response,gpt-6-astra,xhigh,160561,158592,0,370,206,160931,1969,0.196782
3639,2026-09-21T23:23:37.766Z,response,gpt-6-astra,xhigh,161177,160512,0,1971,516,163148,665,0.265712
3640,2026-09-21T23:23:55.823Z,response,gpt-6-astra,xhigh,163289,161152,0,491,372,163780,2137,0.207072
3641,2026-09-21T23:24:59.773Z,response,gpt-6-astra,xhigh,164529,163200,0,2003,491,166532,1329,0.27664
3642,2026-09-21T23:26:09.727Z,response,gpt-6-astra,xhigh,167085,164480,0,2228,1034,169313,2605,0.30193
3643,2026-09-21T23:26:35.731Z,response,gpt-6-astra,xhigh,169438,167040,0,683,364,170121,2398,0.22517
3644,2026-09-21T23:27:19.948Z,response,gpt-6-astra,xhigh,171422,169344,0,1368,321,172790,2078,0.258524
3645,2026-09-21T23:27:38.561Z,response,gpt-6-astra,xhigh,173157,171392,0,529,366,173686,1765,0.215492
3646,2026-09-21T23:28:07.230Z,response,gpt-6-astra,xhigh,176048,173056,0,851,516,176899,2992,0.245526
3647,2026-09-21T23:28:27.343Z,response,gpt-6-astra,xhigh,177041,175872,0,529,379,177570,1169,0.214012
3648,2026-09-21T23:28:36.078Z,response,gpt-6-astra,xhigh,177665,176896,0,185,20,177850,769,0.193836
3649,2026-09-21T23:28:58.821Z,response,gpt-6-astra,xhigh,180834,177536,0,579,516,181413,3298,0.239466
3650,2026-09-21T23:29:59.136Z,response,gpt-6-astra,xhigh,184647,180608,0,1844,1034,186491,4039,0.313198
3651,2026-09-21T23:30:16.085Z,response,gpt-6-astra,xhigh,186666,184448,0,426,329,187092,2218,0.227928
3652,2026-09-21T23:31:30.475Z,response,gpt-6-astra,xhigh,188258,186496,0,2212,2070,190470,1762,0.314716
3653,2026-09-21T23:35:37.245Z,response,gpt-6-astra,xhigh,190693,188032,0,7626,6104,198319,2661,0.595942
3654,2026-09-21T23:38:55.595Z,response,gpt-6-astra,xhigh,198427,190464,0,6496,4015,204923,7963,0.594894
3655,2026-09-21T23:40:26.723Z,response,gpt-6-astra,xhigh,204947,198272,0,2716,1034,207663,6675,0.400822
3656,2026-09-21T23:40:49.383Z,response,gpt-6-astra,xhigh,207824,204800,0,504,341,208328,3024,0.26024
3657,2026-09-21T23:43:56.424Z,response,gpt-6-astra,xhigh,208632,207616,0,6122,4660,214754,1016,0.523876
3658,2026-09-21T23:45:10.483Z,response,gpt-6-astra,xhigh,214944,208384,0,2131,1900,217075,6560,0.380534
3659,2026-09-21T23:46:22.039Z,response,gpt-6-astra,xhigh,217843,214784,0,2295,1001,220138,3059,0.360124
3660,2026-09-21T23:47:08.728Z,response,gpt-6-astra,xhigh,220293,217600,0,1210,1117,221503,2693,0.30503
3661,2026-09-21T23:47:22.036Z,response,gpt-6-astra,xhigh,223306,220160,0,215,26,223521,3146,0.26237
3662,2026-09-21T23:48:47.569Z,response,gpt-6-astra,xhigh,226601,134144,0,2058,1034,228659,92457,1.161614
3663,2026-09-21T23:51:39.811Z,response,gpt-6-astra,xhigh,228773,226432,0,4861,4659,233634,2341,0.492892
3664,2026-09-21T23:52:25.113Z,response,gpt-6-astra,xhigh,233832,228608,0,1314,1152,235146,5224,0.346548
3665,2026-09-21T23:53:10.579Z,response,gpt-6-astra,xhigh,235204,233600,0,1398,1034,236602,1604,0.31954
3666,2026-09-21T23:54:15.580Z,response,gpt-6-astra,xhigh,237030,235008,0,1780,1552,238810,2022,0.344228
3667,2026-09-21T23:55:15.745Z,response,gpt-6-astra,xhigh,239157,236800,0,1659,1552,240816,2357,0.34332
3668,2026-09-21T23:56:09.053Z,response,gpt-6-astra,xhigh,241250,238976,0,1414,1034,242664,2274,0.332416
3669,2026-09-21T23:57:35.532Z,response,gpt-6-astra,xhigh,242864,241024,0,2040,2019,244904,1840,0.361424
3670,2026-09-22T00:02:08.298Z,response,gpt-6-astra,xhigh,247029,57216,0,7868,0,254897,189813,2.348746
3671,2026-09-22T00:02:17.392Z,response,gpt-6-astra,xhigh,32276,24064,0,199,10,32475,8212,0.116134
3672,2026-09-22T00:02:26.517Z,response,gpt-6-astra,xhigh,38575,32128,0,234,0,38809,6447,0.108298
3673,2026-09-22T00:02:33.831Z,response,gpt-6-astra,xhigh,44269,38400,0,153,0,44422,5869,0.10474
3674,2026-09-22T00:02:47.751Z,response,gpt-6-astra,xhigh,51969,44032,0,320,27,52289,7937,0.139402
3675,2026-09-22T00:03:02.998Z,response,gpt-6-astra,xhigh,58974,51840,0,265,50,59239,7134,0.13643
3676,2026-09-22T00:03:22.598Z,response,gpt-6-astra,xhigh,72398,58752,0,422,217,72820,13646,0.216312
3677,2026-09-22T00:03:31.752Z,response,gpt-6-astra,xhigh,72877,71936,0,249,14,73126,941,0.093796
3678,2026-09-22T00:03:56.720Z,response,gpt-6-astra,xhigh,76560,72704,0,727,13,77287,3856,0.147614
3679,2026-09-22T00:04:03.420Z,response,gpt-6-astra,xhigh,77919,76416,0,120,0,78039,1503,0.097446
3680,2026-09-22T00:04:11.249Z,response,gpt-6-astra,xhigh,80645,77696,0,134,20,80779,2949,0.113886
3681,2026-09-22T00:04:38.069Z,response,gpt-6-astra,xhigh,81097,80512,0,795,0,81892,585,0.126112
3682,2026-09-22T00:05:10.368Z,response,gpt-6-astra,xhigh,81950,80896,0,981,47,82931,1054,0.140486
3683,2026-09-22T00:06:02.094Z,response,gpt-6-astra,xhigh,83059,81792,0,1646,13,84705,1267,0.176762
3684,2026-09-22T00:06:12.264Z,response,gpt-6-astra,xhigh,84817,82816,0,271,16,85088,2001,0.116376
3685,2026-09-22T00:06:34.813Z,response,gpt-6-astra,xhigh,86261,84608,0,667,50,86928,1653,0.134488
3686,2026-09-22T00:06:45.887Z,response,gpt-6-astra,xhigh,87419,86016,0,313,81,87732,1403,0.115696
3687,2026-09-22T00:07:02.371Z,response,gpt-6-astra,xhigh,88692,87168,0,415,218,89107,1524,0.123158
3688,2026-09-22T00:07:16.273Z,response,gpt-6-astra,xhigh,89628,88448,0,400,41,90028,1180,0.120248
3689,2026-09-22T00:07:31.713Z,response,gpt-6-astra,xhigh,90647,89472,0,330,32,90977,1175,0.117722
3690,2026-09-22T00:07:45.415Z,response,gpt-6-astra,xhigh,92429,90496,0,349,118,92778,1933,0.127276
3691,2026-09-22T00:07:58.379Z,response,gpt-6-astra,xhigh,93811,92288,0,380,38,94191,1523,0.126518
3692,2026-09-22T00:08:16.838Z,response,gpt-6-astra,xhigh,94633,93568,0,417,52,95050,1065,0.125068
3693,2026-09-22T00:08:27.363Z,response,gpt-6-astra,xhigh,95198,94464,0,123,0,95321,734,0.107954
3694,2026-09-22T00:08:42.922Z,response,gpt-6-astra,xhigh,96489,94976,0,381,0,96870,1513,0.129156
3695,2026-09-22T00:08:50.487Z,response,gpt-6-astra,xhigh,97314,96384,0,107,18,97421,930,0.111034
3696,2026-09-22T00:09:04.062Z,response,gpt-6-astra,xhigh,102087,97152,0,367,230,102454,4935,0.164852
3697,2026-09-22T00:09:33.984Z,response,gpt-6-astra,xhigh,102784,102016,0,762,516,103546,768,0.147796
3698,2026-09-22T00:09:52.009Z,response,gpt-6-astra,xhigh,104959,102656,0,441,46,105400,2303,0.147736
3699,2026-09-22T00:10:31.973Z,response,gpt-6-astra,xhigh,107730,104832,0,1165,25,108895,2898,0.192062
3700,2026-09-22T00:10:47.827Z,response,gpt-6-astra,xhigh,109000,107648,0,346,81,109346,1352,0.138468
3701,2026-09-22T00:11:17.891Z,response,gpt-6-astra,xhigh,110559,108928,0,779,516,111338,1631,0.164188
3702,2026-09-22T00:11:52.755Z,response,gpt-6-astra,xhigh,115207,110464,0,1045,56,116252,4743,0.210144
3703,2026-09-22T00:12:18.407Z,response,gpt-6-astra,xhigh,116645,115072,0,724,516,117369,1573,0.167002
3704,2026-09-22T00:12:39.951Z,response,gpt-6-astra,xhigh,117847,116608,0,644,363,118491,1239,0.161198
3705,2026-09-22T00:13:04.023Z,response,gpt-6-astra,xhigh,119608,117760,0,687,262,120295,1848,0.17059
3706,2026-09-22T00:13:10.967Z,response,gpt-6-astra,xhigh,120494,119552,0,143,0,120637,942,0.136122
3707,2026-09-22T00:13:22.959Z,response,gpt-6-astra,xhigh,121307,120448,0,295,77,121602,859,0.143788
3708,2026-09-22T00:13:34.390Z,response,gpt-6-astra,xhigh,122065,121216,0,276,76,122341,849,0.143506
3709,2026-09-22T00:14:00.734Z,response,gpt-6-astra,xhigh,123110,121984,0,815,511,123925,1126,0.173994
3710,2026-09-22T00:14:11.944Z,response,gpt-6-astra,xhigh,124121,123008,0,208,16,124329,1113,0.144538
3711,2026-09-22T00:14:37.521Z,response,gpt-6-astra,xhigh,124622,124032,0,773,425,125395,590,0.168582
3712,2026-09-22T00:14:52.467Z,response,gpt-6-astra,xhigh,125588,124544,0,403,225,125991,1044,0.155134
3713,2026-09-22T00:15:11.303Z,response,gpt-6-astra,xhigh,126656,125440,0,537,516,127193,1216,0.16445
3714,2026-09-22T00:15:52.099Z,response,gpt-6-astra,xhigh,127216,126592,0,297,29,127513,624,0.147682
3715,2026-09-22T00:16:13.762Z,response,gpt-6-astra,xhigh,127725,127104,0,617,0,128342,621,0.164164
3716,2026-09-22T00:16:40.572Z,response,gpt-6-astra,xhigh,128492,127616,0,730,70,129222,876,0.172876
3717,2026-09-22T00:16:52.281Z,response,gpt-6-astra,xhigh,129385,128384,0,254,233,129639,1001,0.151094
3718,2026-09-22T00:17:32.147Z,response,gpt-6-astra,xhigh,129662,129280,0,179,0,129841,382,0.14205
3719,2026-09-22T00:18:24.893Z,response,gpt-6-astra,xhigh,130909,129536,0,1488,1020,132397,1373,0.217666
3720,2026-09-22T00:19:04.454Z,response,gpt-6-astra,xhigh,132563,130816,0,1140,1119,133703,1747,0.205286
3721,2026-09-22T00:19:54.775Z,response,gpt-6-astra,xhigh,133774,58752,0,245,14,134019,75022,0.821222
3722,2026-09-22T00:20:22.055Z,response,gpt-6-astra,xhigh,134386,133632,0,769,748,135155,754,0.179622
3723,2026-09-22T00:20:59.605Z,response,gpt-6-astra,xhigh,135178,134272,0,192,0,135370,906,0.152932
3724,2026-09-22T00:21:22.249Z,response,gpt-6-astra,xhigh,135603,135040,0,670,592,136273,563,0.17417
3725,2026-09-22T00:21:59.902Z,response,gpt-6-astra,xhigh,136296,135552,0,158,0,136454,744,0.150892
3726,2026-09-22T00:22:41.523Z,response,gpt-6-astra,xhigh,136662,136192,0,1008,868,137670,470,0.191292
3727,2026-09-22T00:23:19.227Z,response,gpt-6-astra,xhigh,137839,136576,0,1153,1022,138992,1263,0.206856
3728,2026-09-22T00:24:55.728Z,response,gpt-6-astra,xhigh,144222,137728,0,3145,1347,147367,6494,0.359918
3729,2026-09-22T00:26:58.222Z,response,gpt-6-astra,xhigh,147391,144128,0,3947,177,151338,3263,0.374108
3730,2026-09-22T00:27:15.515Z,response,gpt-6-astra,xhigh,151362,147328,0,359,223,151721,4034,0.205618
3731,2026-09-22T00:28:07.789Z,response,gpt-6-astra,xhigh,153378,151296,0,1652,215,155030,2082,0.254716
3732,2026-09-22T00:29:40.488Z,response,gpt-6-astra,xhigh,155398,153216,0,2948,516,158346,2182,0.322436
3733,2026-09-22T00:30:40.171Z,response,gpt-6-astra,xhigh,158370,155264,0,1865,488,160235,3106,0.279574
3734,2026-09-22T00:31:50.262Z,response,gpt-6-astra,xhigh,160521,158208,0,2233,1034,162754,2313,0.292988
3735,2026-09-22T00:33:20.017Z,response,gpt-6-astra,xhigh,162872,160384,0,2848,1789,165720,2488,0.327664
3736,2026-09-22T00:33:50.749Z,response,gpt-6-astra,xhigh,165901,162816,0,906,386,166807,3085,0.238966
3737,2026-09-22T00:34:56.098Z,response,gpt-6-astra,xhigh,166966,165760,0,2082,1339,169048,1206,0.28192
3738,2026-09-22T00:35:32.474Z,response,gpt-6-astra,xhigh,169162,166912,0,1066,755,170228,2250,0.242712
3739,2026-09-22T00:35:40.793Z,response,gpt-6-astra,xhigh,170341,169088,0,131,44,170472,1253,0.188168
3740,2026-09-22T00:36:17.152Z,response,gpt-6-astra,xhigh,170495,170240,0,129,0,170624,255,0.17924
3741,2026-09-22T00:36:53.717Z,response,gpt-6-astra,xhigh,170744,170368,0,1031,1010,171775,376,0.225678
3742,2026-09-22T00:37:31.476Z,response,gpt-6-astra,xhigh,171798,170624,0,107,0,171905,1174,0.187714
3743,2026-09-22T00:37:39.115Z,response,gpt-6-astra,xhigh,172107,171648,0,131,0,172238,459,0.182788
3744,2026-09-22T00:37:47.915Z,response,gpt-6-astra,xhigh,172377,172032,0,115,14,172492,345,0.181232
3745,2026-09-22T00:38:32.198Z,response,gpt-6-astra,xhigh,174733,172288,0,1383,1206,176116,2445,0.265888
3746,2026-09-22T00:39:24.778Z,response,gpt-6-astra,xhigh,178220,174592,0,1628,425,179848,3628,0.292272
3747,2026-09-22T00:40:23.742Z,response,gpt-6-astra,xhigh,179906,178176,0,1865,246,181771,1730,0.288726
3748,2026-09-22T00:40:37.295Z,response,gpt-6-astra,xhigh,181916,179840,0,309,88,182225,2076,0.21605
3749,2026-09-22T00:40:54.265Z,response,gpt-6-astra,xhigh,184363,181760,0,319,131,184682,2603,0.22374
3750,2026-09-22T00:41:20.904Z,response,gpt-6-astra,xhigh,185103,183936,0,743,235,185846,1167,0.232756
3751,2026-09-22T00:41:32.472Z,response,gpt-6-astra,xhigh,186423,184960,0,243,173,186666,1463,0.21174
3752,2026-09-22T00:41:42.185Z,response,gpt-6-astra,xhigh,189685,186240,0,112,57,189797,3445,0.22629
3753,2026-09-22T00:41:48.903Z,response,gpt-6-astra,xhigh,191141,189184,0,127,18,191268,1957,0.215104
3754,2026-09-22T00:42:25.097Z,response,gpt-6-astra,xhigh,192071,190976,0,1088,1005,193159,1095,0.256326
3755,2026-09-22T00:43:46.911Z,response,gpt-6-astra,xhigh,194211,191872,0,2525,444,196736,2339,0.341512
3756,2026-09-22T00:44:52.742Z,response,gpt-6-astra,xhigh,196795,194048,0,2086,449,198881,2747,0.325818
3757,2026-09-22T00:45:38.978Z,response,gpt-6-astra,xhigh,198937,12160,0,1350,456,200287,186777,1.94743
3758,2026-09-22T00:46:06.093Z,response,gpt-6-astra,xhigh,200413,198784,0,797,516,201210,1629,0.254924
3759,2026-09-22T00:46:34.729Z,response,gpt-6-astra,xhigh,201939,196608,0,804,422,202743,5331,0.290118
3760,2026-09-22T00:46:55.113Z,response,gpt-6-astra,xhigh,204347,201728,0,467,196,204814,2619,0.251268
3761,2026-09-22T00:47:17.494Z,response,gpt-6-astra,xhigh,205332,204160,0,546,395,205878,1172,0.24318
3762,2026-09-22T00:47:38.257Z,response,gpt-6-astra,xhigh,206450,205056,0,553,90,207003,1394,0.246646
3763,2026-09-22T00:47:53.405Z,response,gpt-6-astra,xhigh,207139,200320,0,192,0,207331,6819,0.27811
3764,2026-09-22T00:49:18.600Z,response,gpt-6-astra,xhigh,207440,207104,0,2544,2359,209984,336,0.337664
3765,2026-09-22T00:49:47.983Z,response,gpt-6-astra,xhigh,210402,207360,0,548,45,210950,3042,0.26518
3766,2026-09-22T00:50:46.655Z,response,gpt-6-astra,xhigh,211123,210304,0,1594,1343,212717,819,0.298194
3767,2026-09-22T00:50:58.618Z,response,gpt-6-astra,xhigh,214075,211072,0,90,20,214165,3003,0.245602
3768,2026-09-22T00:51:26.142Z,response,gpt-6-astra,xhigh,214795,214016,0,612,269,215407,779,0.252406
3769,2026-09-22T00:52:05.424Z,response,gpt-6-astra,xhigh,215626,214656,0,1075,969,216701,970,0.278106
3770,2026-09-22T00:52:11.991Z,response,gpt-6-astra,xhigh,216977,215552,0,90,21,217067,1425,0.234302
3771,2026-09-22T00:53:00.109Z,response,gpt-6-astra,xhigh,217555,216832,0,1316,779,218871,723,0.289862
3772,2026-09-22T00:53:27.714Z,response,gpt-6-astra,xhigh,218969,217472,0,730,512,219699,1497,0.268942
3773,2026-09-22T00:54:16.601Z,response,gpt-6-astra,xhigh,219922,218880,0,1345,1034,221267,1042,0.29655
3774,2026-09-22T00:54:41.148Z,response,gpt-6-astra,xhigh,221779,219776,0,657,241,222436,2003,0.272656
3775,2026-09-22T00:55:52.049Z,response,gpt-6-astra,xhigh,222638,221696,0,2115,979,224753,942,0.336866
3776,2026-09-22T00:56:50.936Z,response,gpt-6-astra,xhigh,224931,222592,0,1523,1333,226454,2339,0.322132
3777,2026-09-22T00:57:54.930Z,response,gpt-6-astra,xhigh,226834,224896,0,1988,1751,228822,1938,0.343676
3778,2026-09-22T00:58:51.252Z,response,gpt-6-astra,xhigh,229029,226688,0,1358,1337,230387,2341,0.317998
3779,2026-09-22T00:59:36.004Z,response,gpt-6-astra,xhigh,230410,228992,0,138,0,230548,1418,0.250072
3780,2026-09-22T00:59:44.111Z,response,gpt-6-astra,xhigh,230699,230272,0,133,0,230832,427,0.241192
3781,2026-09-22T00:59:54.564Z,response,gpt-6-astra,xhigh,230969,230656,0,234,139,231203,313,0.245486
3782,2026-09-22T01:00:55.740Z,response,gpt-6-astra,xhigh,235487,230912,0,1886,1355,237373,4575,0.370962
3783,2026-09-22T01:02:15.289Z,response,gpt-6-astra,xhigh,237572,235392,0,2351,516,239923,2180,0.374742
3784,2026-09-22T01:04:05.048Z,response,gpt-6-astra,xhigh,239980,237440,0,3339,1344,243319,2540,0.42979
3785,2026-09-22T01:06:03.734Z,response,gpt-6-astra,xhigh,243375,239872,0,3312,2851,246687,3503,0.440502
3786,2026-09-22T01:09:47.147Z,response,gpt-6-astra,xhigh,246724,243328,0,7283,0,254007,3396,0.641438
3787,2026-09-22T01:09:54.042Z,response,gpt-6-astra,xhigh,31589,12160,0,117,0,31706,19429,0.2123
3788,2026-09-22T01:10:08.590Z,response,gpt-6-astra,xhigh,36762,31360,0,358,37,37120,5402,0.10328
3789,2026-09-22T01:10:22.002Z,response,gpt-6-astra,xhigh,48667,36608,0,329,125,48996,12059,0.173648
3790,2026-09-22T01:10:42.149Z,response,gpt-6-astra,xhigh,58442,48128,0,508,107,58950,10314,0.176668
3791,2026-09-22T01:10:56.082Z,response,gpt-6-astra,xhigh,60539,58368,0,310,64,60849,2171,0.095578
3792,2026-09-22T01:11:43.235Z,response,gpt-6-astra,xhigh,62516,60416,0,1444,28,63960,2100,0.153616
3793,2026-09-22T01:12:11.385Z,response,gpt-6-astra,xhigh,65129,62336,0,674,71,65803,2793,0.123966
3794,2026-09-22T01:12:33.973Z,response,gpt-6-astra,xhigh,65997,64896,0,466,230,66463,1101,0.099206
3795,2026-09-22T01:12:49.948Z,response,gpt-6-astra,xhigh,70949,65920,0,274,64,71223,5029,0.12991
3796,2026-09-22T01:13:15.482Z,response,gpt-6-astra,xhigh,72298,70912,0,492,72,72790,1386,0.109372
3797,2026-09-22T01:13:36.396Z,response,gpt-6-astra,xhigh,72964,72192,0,360,96,73324,772,0.097912
3798,2026-09-22T01:14:01.156Z,response,gpt-6-astra,xhigh,73927,72960,0,629,467,74556,967,0.11408
3799,2026-09-22T01:14:25.205Z,response,gpt-6-astra,xhigh,75141,73856,0,525,266,75666,1285,0.112956
3800,2026-09-22T01:14:54.456Z,response,gpt-6-astra,xhigh,79580,75136,0,788,516,80368,4444,0.158976
3801,2026-09-22T01:15:07.668Z,response,gpt-6-astra,xhigh,80659,79488,0,210,38,80869,1171,0.101698
3802,2026-09-22T01:15:21.578Z,response,gpt-6-astra,xhigh,83686,80640,0,240,129,83926,3046,0.1231
3803,2026-09-22T01:15:56.084Z,response,gpt-6-astra,xhigh,84088,83584,0,579,504,84667,504,0.117574
3804,2026-09-22T01:16:31.827Z,response,gpt-6-astra,xhigh,84690,83968,0,110,10,84800,722,0.096688
3805,2026-09-22T01:16:44.875Z,response,gpt-6-astra,xhigh,84972,84608,0,281,0,85253,364,0.102298
3806,2026-09-22T01:16:57.779Z,response,gpt-6-astra,xhigh,85901,84864,0,325,66,86226,1037,0.111484
3807,2026-09-22T01:18:18.130Z,response,gpt-6-astra,xhigh,86529,85760,0,2463,570,88992,769,0.2166
3808,2026-09-22T01:18:37.467Z,response,gpt-6-astra,xhigh,89307,86400,0,514,49,89821,2907,0.14117
3809,2026-09-22T01:19:04.604Z,response,gpt-6-astra,xhigh,90022,89216,0,800,241,90822,806,0.137276
3810,2026-09-22T01:19:59.983Z,response,gpt-6-astra,xhigh,91060,89856,0,1560,1156,92620,1204,0.179896
3811,2026-09-22T01:20:25.778Z,response,gpt-6-astra,xhigh,93155,60416,0,440,245,93595,32739,0.409806
3812,2026-09-22T01:20:54.650Z,response,gpt-6-astra,xhigh,93846,93056,0,587,516,94433,790,0.130306
3813,2026-09-22T01:21:51.784Z,response,gpt-6-astra,xhigh,94456,93696,0,223,15,94679,760,0.112446
3814,2026-09-22T01:22:29.011Z,response,gpt-6-astra,xhigh,94975,94336,0,776,516,95751,639,0.139526
3815,2026-09-22T01:23:06.758Z,response,gpt-6-astra,xhigh,96128,94848,0,1057,637,97185,1280,0.160498
3816,2026-09-22T01:23:17.330Z,response,gpt-6-astra,xhigh,97496,96000,0,212,191,97708,1496,0.12156
3817,2026-09-22T01:25:25.649Z,response,gpt-6-astra,xhigh,97731,97408,0,1086,987,98817,323,0.154938
3818,2026-09-22T01:26:05.887Z,response,gpt-6-astra,xhigh,99008,12160,0,993,54,100001,86848,0.93029
3819,2026-09-22T01:26:27.493Z,response,gpt-6-astra,xhigh,100060,98944,0,539,74,100599,1116,0.137054
3820,2026-09-22T01:26:32.251Z,response,gpt-6-astra,xhigh,100655,99968,0,19,0,100674,687,0.107788
3821,2026-09-22T01:27:19.867Z,response,gpt-6-astra,xhigh,100697,100608,0,114,34,100811,89,0.107198
3822,2026-09-22T01:27:36.840Z,response,gpt-6-astra,xhigh,100958,100608,0,308,230,101266,350,0.119508
3823,2026-09-22T01:28:25.365Z,response,gpt-6-astra,xhigh,101289,100864,0,87,0,101376,425,0.109464
3824,2026-09-22T01:28:58.286Z,response,gpt-6-astra,xhigh,101515,101248,0,585,516,102100,267,0.133168
3825,2026-09-22T01:29:44.787Z,response,gpt-6-astra,xhigh,102123,101376,0,78,0,102201,747,0.112746
3826,2026-09-22T01:30:05.316Z,response,gpt-6-astra,xhigh,102347,102016,0,457,436,102804,331,0.128176
3827,2026-09-22T01:30:45.202Z,response,gpt-6-astra,xhigh,102827,102272,0,69,0,102896,555,0.111272
3828,2026-09-22T01:31:03.695Z,response,gpt-6-astra,xhigh,103023,102784,0,365,253,103388,239,0.123424
3829,2026-09-22T01:31:07.105Z,response,gpt-6-astra,xhigh,103511,102912,0,43,22,103554,599,0.111052
3830,2026-09-22T01:31:51.963Z,response,gpt-6-astra,xhigh,103577,103424,0,69,0,103646,153,0.108404
3831,2026-09-22T01:32:03.104Z,response,gpt-6-astra,xhigh,103789,103424,0,237,69,104026,365,0.118924
3832,2026-09-22T01:32:13.981Z,response,gpt-6-astra,xhigh,106136,103680,0,102,19,106238,2456,0.13334
3833,2026-09-22T01:32:20.459Z,response,gpt-6-astra,xhigh,106405,105984,0,21,0,106426,421,0.111244
3834,2026-09-22T01:32:45.058Z,response,gpt-6-astra,xhigh,106918,106240,0,752,516,107670,678,0.15062
3835,2026-09-22T01:42:32.189Z,response,gpt-6-astra,xhigh,107754,12160,0,160,0,107914,95594,0.9761
3836,2026-09-22T01:42:45.231Z,response,gpt-6-astra,xhigh,111972,107648,0,325,87,112297,4324,0.167138
3837,2026-09-22T01:42:59.084Z,response,gpt-6-astra,xhigh,112633,111872,0,344,106,112977,761,0.136682
3838,2026-09-22T01:43:12.424Z,response,gpt-6-astra,xhigh,113772,112512,0,275,234,114047,1260,0.138862
3839,2026-09-22T01:43:22.399Z,response,gpt-6-astra,xhigh,114219,113664,0,179,0,114398,555,0.128164
3840,2026-09-22T01:47:16.241Z,response,gpt-6-astra,xhigh,114560,114176,0,285,0,114845,384,0.132266
3841,2026-09-22T01:48:02.135Z,response,gpt-6-astra,xhigh,125180,114432,0,1424,1027,126604,10748,0.293112
3842,2026-09-22T01:49:07.221Z,response,gpt-6-astra,xhigh,133416,125056,0,2074,1945,135490,8360,0.312356
3843,2026-09-22T01:52:25.740Z,response,gpt-6-astra,xhigh,137634,133376,0,6530,1294,144164,4258,0.502456
3844,2026-09-22T01:53:38.561Z,response,gpt-6-astra,xhigh,144188,137472,0,2330,1034,146518,6716,0.321132
3845,2026-09-22T01:54:06.732Z,response,gpt-6-astra,xhigh,146597,144128,0,829,407,147426,2469,0.210268
3846,2026-09-22T01:54:13.541Z,response,gpt-6-astra,xhigh,151490,146432,0,107,12,151597,5058,0.202362
3847,2026-09-22T01:55:42.131Z,response,gpt-6-astra,xhigh,152382,151424,0,2866,516,155248,958,0.304304
3848,2026-09-22T01:56:01.699Z,response,gpt-6-astra,xhigh,155359,152192,0,537,248,155896,3167,0.210712
3849,2026-09-22T01:56:08.206Z,response,gpt-6-astra,xhigh,156347,155136,0,121,62,156468,1211,0.173296
3850,2026-09-22T01:56:39.154Z,response,gpt-6-astra,xhigh,156734,156160,0,916,536,157650,574,0.2077
3851,2026-09-22T01:57:02.710Z,response,gpt-6-astra,xhigh,157891,156544,0,698,260,158589,1347,0.204914
3852,2026-09-22T01:57:10.024Z,response,gpt-6-astra,xhigh,158737,157696,0,117,76,158854,1041,0.173956
3853,2026-09-22T01:57:57.717Z,response,gpt-6-astra,xhigh,159077,158592,0,1506,1106,160583,485,0.238742
3854,2026-09-22T01:58:29.161Z,response,gpt-6-astra,xhigh,160752,158848,0,959,482,161711,1904,0.225838
3855,2026-09-22T01:59:29.455Z,response,gpt-6-astra,xhigh,162710,111872,0,373,0,163083,50838,0.638902
3856,2026-09-22T01:59:46.358Z,response,gpt-6-astra,xhigh,163351,162560,0,456,218,163807,791,0.19327
3857,2026-09-22T01:59:59.700Z,response,gpt-6-astra,xhigh,165688,163200,0,314,58,166002,2488,0.20378
3858,2026-09-22T02:00:16.842Z,response,gpt-6-astra,xhigh,166059,165504,0,350,73,166409,555,0.188554
3859,2026-09-22T02:00:34.938Z,response,gpt-6-astra,xhigh,166534,165888,0,483,326,167017,646,0.196498
3860,2026-09-22T02:01:13.507Z,response,gpt-6-astra,xhigh,167096,166400,0,1100,516,168196,696,0.22836
3861,2026-09-22T02:01:40.123Z,response,gpt-6-astra,xhigh,169303,166912,0,704,516,170007,2391,0.226022
3862,2026-09-22T02:01:53.687Z,response,gpt-6-astra,xhigh,170913,169088,0,330,173,171243,1825,0.203838
3863,2026-09-22T02:02:36.199Z,response,gpt-6-astra,xhigh,172724,170624,0,1156,479,173880,2100,0.249424
3864,2026-09-22T02:03:05.793Z,response,gpt-6-astra,xhigh,174158,172672,0,832,516,174990,1486,0.229132
3865,2026-09-22T02:03:26.392Z,response,gpt-6-astra,xhigh,175136,174080,0,592,475,175728,1056,0.21424
3866,2026-09-22T02:03:52.819Z,response,gpt-6-astra,xhigh,176480,174976,0,794,516,177274,1504,0.229716
3867,2026-09-22T02:04:20.603Z,response,gpt-6-astra,xhigh,177561,176384,0,830,239,178391,1177,0.229654
3868,2026-09-22T02:05:32.893Z,response,gpt-6-astra,xhigh,178554,177536,0,2232,2070,180786,1018,0.299316
3869,2026-09-22T02:05:57.248Z,response,gpt-6-astra,xhigh,181299,178432,0,529,141,181828,2867,0.233552
3870,2026-09-22T02:06:25.639Z,response,gpt-6-astra,xhigh,182063,181248,0,728,516,182791,815,0.225798
3871,2026-09-22T02:07:04.479Z,response,gpt-6-astra,xhigh,183247,182016,0,1140,980,184387,1231,0.251326
3872,2026-09-22T02:07:48.480Z,response,gpt-6-astra,xhigh,185045,183168,0,1127,945,186172,1877,0.258288
3873,2026-09-22T02:09:22.221Z,response,gpt-6-astra,xhigh,186315,184960,0,2868,939,189183,1355,0.34191
3874,2026-09-22T02:09:32.282Z,response,gpt-6-astra,xhigh,189347,186240,0,214,63,189561,3107,0.22801
3875,2026-09-22T02:09:44.765Z,response,gpt-6-astra,xhigh,189701,189312,0,306,98,190007,389,0.208502
3876,2026-09-22T02:10:25.090Z,response,gpt-6-astra,xhigh,190295,189696,0,1049,1028,191344,599,0.248136
3877,2026-09-22T02:11:10.456Z,response,gpt-6-astra,xhigh,191367,190208,0,218,0,191585,1159,0.212698
3878,2026-09-22T02:11:23.338Z,response,gpt-6-astra,xhigh,191873,191360,0,294,230,192167,513,0.21119
3879,2026-09-22T02:11:56.245Z,response,gpt-6-astra,xhigh,192190,191872,0,513,0,192703,318,0.220702
3880,2026-09-22T02:12:51.152Z,response,gpt-6-astra,xhigh,193028,192128,0,1648,1195,194676,900,0.283528
3881,2026-09-22T02:13:06.163Z,response,gpt-6-astra,xhigh,194937,193024,0,271,146,195208,1913,0.225704
3882,2026-09-22T02:14:04.331Z,response,gpt-6-astra,xhigh,195496,194816,0,1782,1450,197278,680,0.290716
3883,2026-09-22T02:14:37.485Z,response,gpt-6-astra,xhigh,197619,195456,0,984,516,198603,2163,0.266286
3884,2026-09-22T02:14:57.839Z,response,gpt-6-astra,xhigh,198784,197504,0,534,347,199318,1280,0.237004
3885,2026-09-22T02:15:33.924Z,response,gpt-6-astra,xhigh,199466,198656,0,1028,779,200494,810,0.258156
3886,2026-09-22T02:16:03.039Z,response,gpt-6-astra,xhigh,200728,199424,0,857,724,201585,1304,0.255314
3887,2026-09-22T02:16:42.516Z,response,gpt-6-astra,xhigh,202086,200704,0,1156,515,203242,1382,0.272324
3888,2026-09-22T02:17:04.751Z,response,gpt-6-astra,xhigh,203383,201984,0,526,45,203909,1399,0.242274
3889,2026-09-22T02:17:58.938Z,response,gpt-6-astra,xhigh,204071,203264,0,1603,1445,205674,807,0.291484
3890,2026-09-22T02:18:21.991Z,response,gpt-6-astra,xhigh,206132,204032,0,399,55,206531,2100,0.244982
3891,2026-09-22T02:19:22.234Z,response,gpt-6-astra,xhigh,206813,206080,0,1890,1090,208703,733,0.30791
3892,2026-09-22T02:19:50.307Z,response,gpt-6-astra,xhigh,208825,206720,0,646,402,209471,2105,0.26007
3893,2026-09-22T02:20:37.544Z,response,gpt-6-astra,xhigh,209851,208768,0,1335,1314,211186,1083,0.286348
3894,2026-09-22T02:21:13.162Z,response,gpt-6-astra,xhigh,211209,209792,0,77,0,211286,1417,0.227812
3895,2026-09-22T02:21:23.184Z,response,gpt-6-astra,xhigh,211438,211200,0,253,88,211691,238,0.22623
3896,2026-09-22T02:22:17.834Z,response,gpt-6-astra,xhigh,211791,211328,0,1485,1335,213276,463,0.290208
3897,2026-09-22T02:23:04.254Z,response,gpt-6-astra,xhigh,213566,211712,0,1196,1139,214762,1854,0.290052
3898,2026-09-22T02:23:46.610Z,response,gpt-6-astra,xhigh,214785,213504,0,506,0,215291,1281,0.251614
3899,2026-09-22T02:24:51.179Z,response,gpt-6-astra,xhigh,215620,214784,0,1841,1630,217461,836,0.315194
3900,2026-09-22T02:25:27.636Z,response,gpt-6-astra,xhigh,218017,215552,0,1014,516,219031,2465,0.290902
3901,2026-09-22T02:26:25.179Z,response,gpt-6-astra,xhigh,219145,217984,0,1653,1484,220798,1161,0.312244
3902,2026-09-22T02:27:09.459Z,response,gpt-6-astra,xhigh,221016,219136,0,1367,1034,222383,1880,0.306286
3903,2026-09-22T02:27:49.692Z,response,gpt-6-astra,xhigh,222666,220928,0,994,973,223660,1738,0.288008
3904,2026-09-22T02:28:39.694Z,response,gpt-6-astra,xhigh,223869,163200,0,100,0,223969,60669,0.77489
3905,2026-09-22T02:29:41.713Z,response,gpt-6-astra,xhigh,224252,223744,0,1534,1473,225786,508,0.305524
3906,2026-09-22T02:30:26.243Z,response,gpt-6-astra,xhigh,225809,224128,0,76,0,225885,1681,0.244738
3907,2026-09-22T02:31:48.783Z,response,gpt-6-astra,xhigh,226031,225792,0,2101,2022,228132,239,0.333232
3908,2026-09-22T02:32:33.586Z,response,gpt-6-astra,xhigh,228155,225920,0,76,0,228231,2235,0.25207
3909,2026-09-22T02:34:38.368Z,response,gpt-6-astra,xhigh,228268,228096,0,3843,0,232111,172,0.421966
3910,2026-09-22T02:34:43.315Z,response,gpt-6-astra,xhigh,28347,12160,0,102,0,28449,16187,0.17913
3911,2026-09-22T02:34:53.604Z,response,gpt-6-astra,xhigh,30848,28160,0,80,33,30928,2688,0.05904
3912,2026-09-22T02:35:03.652Z,response,gpt-6-astra,xhigh,33065,30720,0,279,11,33344,2345,0.06812
3913,2026-09-22T02:35:07.506Z,response,gpt-6-astra,xhigh,35951,32896,0,65,18,36016,3055,0.066696
3914,2026-09-22T02:35:12.424Z,response,gpt-6-astra,xhigh,36461,35712,0,54,9,36515,749,0.045902
3915,2026-09-22T02:35:18.975Z,response,gpt-6-astra,xhigh,36960,36224,0,83,32,37043,736,0.047734
3916,2026-09-22T02:35:33.457Z,response,gpt-6-astra,xhigh,37119,36736,0,246,65,37365,383,0.052866
3917,2026-09-22T02:35:38.554Z,response,gpt-6-astra,xhigh,38355,36992,0,83,62,38438,1363,0.054772
3918,2026-09-22T02:36:23.007Z,response,gpt-6-astra,xhigh,38461,38144,0,87,0,38548,317,0.045664
3919,2026-09-22T02:36:27.566Z,response,gpt-6-astra,xhigh,38700,38272,0,86,9,38786,428,0.046852
3920,2026-09-22T02:36:30.601Z,response,gpt-6-astra,xhigh,38856,38528,0,38,0,38894,328,0.043708
3921,2026-09-22T02:36:34.192Z,response,gpt-6-astra,xhigh,39051,38656,0,61,0,39112,395,0.045656
3922,2026-09-22T02:36:43.932Z,response,gpt-6-astra,xhigh,40171,38912,0,91,16,40262,1259,0.056052
3923,2026-09-22T02:36:49.121Z,response,gpt-6-astra,xhigh,40557,39936,0,77,0,40634,621,0.049996
3924,2026-09-22T02:36:57.108Z,response,gpt-6-astra,xhigh,40810,40320,0,154,0,40964,490,0.05292
3925,2026-09-22T02:46:24.588Z,resonance,gpt-6-astra,xhigh,45776,38144,0,265,0,46041,7632,0.127714
3926,2026-09-22T02:46:43.309Z,resonance,gpt-6-astra,xhigh,51653,45568,0,504,91,52157,6085,0.131618
3927,2026-09-22T02:47:00.702Z,resonance,gpt-6-astra,xhigh,61233,51456,0,506,65,61739,9777,0.174526
3928,2026-09-22T02:47:15.164Z,resonance,gpt-6-astra,xhigh,71787,61056,0,330,19,72117,10731,0.184866
3929,2026-09-22T02:47:27.798Z,resonance,gpt-6-astra,xhigh,83539,71552,0,295,15,83834,11987,0.206172
3930,2026-09-22T02:47:43.436Z,resonance,gpt-6-astra,xhigh,94053,83328,0,400,294,94453,10725,0.210578
3931,2026-09-22T02:48:03.833Z,resonance,gpt-6-astra,xhigh,102506,93824,0,578,471,103084,8682,0.209544
3932,2026-09-22T02:49:46.036Z,resonance,gpt-6-astra,xhigh,104000,102272,0,3351,51,107351,1728,0.287102
3933,2026-09-22T02:52:13.400Z,resonance,gpt-6-astra,xhigh,107375,103808,0,4848,474,112223,3567,0.381878
3934,2026-09-22T02:52:31.463Z,resonance,gpt-6-astra,xhigh,112476,107136,0,533,137,113009,5340,0.187186
3935,2026-09-22T02:52:59.556Z,resonance,gpt-6-astra,xhigh,113237,112256,0,804,490,114041,981,0.162266
3936,2026-09-22T02:53:26.759Z,resonance,gpt-6-astra,xhigh,124323,113024,0,597,143,124920,11299,0.255864
3937,2026-09-22T02:53:38.890Z,resonance,gpt-6-astra,xhigh,125659,124160,0,194,25,125853,1499,0.14885
3938,2026-09-22T02:53:57.476Z,resonance,gpt-6-astra,xhigh,127467,125440,0,281,90,127748,2027,0.15976
3939,2026-09-22T02:54:15.010Z,resonance,gpt-6-astra,xhigh,134421,126976,0,480,322,134901,7445,0.225426
3940,2026-09-22T02:54:30.692Z,resonance,gpt-6-astra,xhigh,135918,134400,0,420,301,136338,1518,0.17058
3941,2026-09-22T02:55:10.872Z,resonance,gpt-6-astra,xhigh,139603,135808,0,1132,1031,140735,3795,0.230358
3942,2026-09-22T02:56:19.388Z,resonance,gpt-6-astra,xhigh,141162,139520,0,2205,483,143367,1642,0.26619
3943,2026-09-22T02:58:21.085Z,resonance,gpt-6-astra,xhigh,143424,141056,0,3967,58,147391,2368,0.363086
3944,2026-09-22T02:59:16.486Z,resonance,gpt-6-astra,xhigh,147448,143360,0,1717,452,149165,4088,0.27009
3945,2026-09-22T02:59:36.872Z,resonance,gpt-6-astra,xhigh,149223,147328,0,594,56,149817,1895,0.195978
3946,2026-09-22T02:59:49.035Z,resonance,gpt-6-astra,xhigh,149895,149120,0,311,134,150206,775,0.17242
3947,2026-09-22T02:59:58.849Z,resonance,gpt-6-astra,xhigh,150371,149888,0,263,27,150634,483,0.167868
3948,2026-09-22T03:00:08.703Z,resonance,gpt-6-astra,xhigh,151680,150272,0,272,49,151952,1408,0.177952
3949,2026-09-22T03:00:46.364Z,resonance,gpt-6-astra,xhigh,152200,151552,0,1122,139,153322,648,0.214132
3950,2026-09-22T03:01:47.327Z,resonance,gpt-6-astra,xhigh,153429,152192,0,1800,1529,155229,1237,0.254562
3951,2026-09-22T03:01:54.603Z,resonance,gpt-6-astra,xhigh,155971,153344,0,160,16,156131,2627,0.187614
3952,2026-09-22T03:02:43.908Z,resonance,gpt-6-astra,xhigh,158113,155904,0,1501,516,159614,2209,0.253044
3953,2026-09-22T03:03:06.384Z,resonance,gpt-6-astra,xhigh,159672,157952,0,528,173,160200,1720,0.201552
3954,2026-09-22T03:04:28.003Z,resonance,gpt-6-astra,xhigh,160372,159488,0,2506,484,162878,884,0.293628
3955,2026-09-22T03:06:41.834Z,resonance,gpt-6-astra,xhigh,162994,160256,0,4312,2227,167306,2738,0.403236
3956,2026-09-22T03:06:48.712Z,resonance,gpt-6-astra,xhigh,167429,162816,0,124,26,167553,4613,0.215146
3957,2026-09-22T03:07:11.277Z,resonance,gpt-6-astra,xhigh,169351,167296,0,666,367,170017,2055,0.221146
3958,2026-09-22T03:07:22.615Z,resonance,gpt-6-astra,xhigh,170109,169216,0,311,9,170420,893,0.193696
3959,2026-09-22T03:08:45.948Z,resonance,gpt-6-astra,xhigh,170997,169984,0,2689,1914,173686,1013,0.314564
3960,2026-09-22T03:09:08.902Z,resonance,gpt-6-astra,xhigh,173747,170880,0,624,158,174371,2867,0.23075
3961,2026-09-22T03:09:28.802Z,resonance,gpt-6-astra,xhigh,174947,173568,0,571,134,175518,1379,0.215908
3962,2026-09-22T03:12:53.777Z,resonance,gpt-6-astra,xhigh,175674,174848,0,6313,2344,181987,826,0.498758
3963,2026-09-22T03:13:03.423Z,resonance,gpt-6-astra,xhigh,182101,175488,0,229,28,182330,6613,0.253068
3964,2026-09-22T03:13:17.378Z,resonance,gpt-6-astra,xhigh,183955,182016,0,332,62,184287,1939,0.218006
3965,2026-09-22T03:13:27.499Z,resonance,gpt-6-astra,xhigh,185985,183808,0,200,49,186185,2177,0.215578
3966,2026-09-22T03:13:36.866Z,resonance,gpt-6-astra,xhigh,186416,185856,0,169,9,186585,560,0.199906
3967,2026-09-22T03:14:03.905Z,resonance,gpt-6-astra,xhigh,187795,186240,0,755,443,188550,1555,0.23954
3968,2026-09-22T03:15:02.015Z,resonance,gpt-6-astra,xhigh,188871,187648,0,1761,867,190632,1223,0.287928
3969,2026-09-22T03:15:24.804Z,resonance,gpt-6-astra,xhigh,190801,188672,0,577,185,191378,2129,0.238812
3970,2026-09-22T03:15:44.440Z,resonance,gpt-6-astra,xhigh,192173,190720,0,545,125,192718,1453,0.2325
3971,2026-09-22T03:17:39.411Z,resonance,gpt-6-astra,xhigh,192892,192000,0,3220,2899,196112,892,0.36192
3972,2026-09-22T03:18:04.025Z,resonance,gpt-6-astra,xhigh,198253,192768,0,696,269,198949,5485,0.282418
3973,2026-09-22T03:19:24.502Z,resonance,gpt-6-astra,xhigh,207053,198144,0,2127,2012,209180,8909,0.393584
3974,2026-09-22T03:21:41.641Z,resonance,gpt-6-astra,xhigh,209727,206976,0,4388,1851,214115,2751,0.453886
3975,2026-09-22T03:23:55.811Z,resonance,gpt-6-astra,xhigh,214244,209536,0,4379,2551,218623,4708,0.475566
3976,2026-09-22T03:24:49.863Z,resonance,gpt-6-astra,xhigh,218727,214144,0,1626,1459,220353,4583,0.341274
3977,2026-09-22T03:25:43.448Z,resonance,gpt-6-astra,xhigh,221017,218624,0,1564,1278,222581,2393,0.320754
3978,2026-09-22T03:28:15.816Z,resonance,gpt-6-astra,xhigh,223054,220928,0,4877,2544,227931,2126,0.486038
3979,2026-09-22T03:28:26.003Z,resonance,gpt-6-astra,xhigh,228057,222976,0,209,75,228266,5081,0.284236
3980,2026-09-22T03:29:42.429Z,resonance,gpt-6-astra,xhigh,228659,227968,0,2426,658,231085,691,0.356178
3981,2026-09-22T03:33:33.532Z,resonance,gpt-6-astra,xhigh,231469,228480,0,7260,7128,238729,2989,0.62137
3982,2026-09-22T03:33:55.540Z,resonance,gpt-6-astra,xhigh,239018,231296,0,474,41,239492,7722,0.332216
3983,2026-09-22T03:34:21.803Z,resonance,gpt-6-astra,xhigh,240883,238848,0,700,568,241583,2035,0.294198
3984,2026-09-22T03:35:26.675Z,resonance,gpt-6-astra,xhigh,242956,240768,0,2050,1552,245006,2188,0.365148
3985,2026-09-22T03:38:49.488Z,resonance,gpt-6-astra,xhigh,245043,242816,0,6602,0,251645,2227,0.595186
3986,2026-09-22T03:38:54.582Z,resonance,gpt-6-astra,xhigh,35913,12160,0,99,0,36012,23753,0.25464
3987,2026-09-22T03:38:59.054Z,resonance,gpt-6-astra,xhigh,38364,35712,0,98,0,38462,2652,0.067132
3988,2026-09-22T03:39:05.442Z,resonance,gpt-6-astra,xhigh,50463,38144,0,130,36,50593,12319,0.167834
3989,2026-09-22T03:39:14.447Z,resonance,gpt-6-astra,xhigh,55222,50304,0,227,0,55449,4918,0.110834
3990,2026-09-22T03:39:31.530Z,resonance,gpt-6-astra,xhigh,57599,55040,0,508,67,58107,2559,0.10603
3991,2026-09-22T03:39:49.852Z,resonance,gpt-6-astra,xhigh,61354,57472,0,553,457,61907,3882,0.123942
3992,2026-09-22T03:40:57.467Z,resonance,gpt-6-astra,xhigh,65923,61184,0,2195,442,68118,4739,0.218324
3993,2026-09-22T03:42:19.656Z,resonance,gpt-6-astra,xhigh,69708,65792,0,2613,454,72321,3916,0.235602
3994,2026-09-22T03:42:43.147Z,resonance,gpt-6-astra,xhigh,72526,69504,0,672,516,73198,3022,0.133324
3995,2026-09-22T03:43:47.312Z,resonance,gpt-6-astra,xhigh,76004,72320,0,2023,516,78027,3684,0.21031
3996,2026-09-22T03:44:25.197Z,resonance,gpt-6-astra,xhigh,78177,75904,0,1163,1034,79340,2273,0.156784
3997,2026-09-22T03:45:45.154Z,resonance,gpt-6-astra,xhigh,81677,65792,0,2485,844,84162,15885,0.348892
3998,2026-09-22T03:46:46.860Z,resonance,gpt-6-astra,xhigh,84278,81664,0,1769,1534,86047,2614,0.196254
3999,2026-09-22T03:46:59.862Z,resonance,gpt-6-astra,xhigh,88079,84224,0,341,257,88420,3855,0.139824
4000,2026-09-22T03:48:30.537Z,resonance,gpt-6-astra,xhigh,93144,88064,0,2889,151,96033,5080,0.283314
4001,2026-09-22T03:48:47.830Z,resonance,gpt-6-astra,xhigh,96154,93056,0,492,378,96646,3098,0.148636
4002,2026-09-22T03:49:08.817Z,resonance,gpt-6-astra,xhigh,97116,96128,0,376,281,97492,988,0.124808
4003,2026-09-22T03:49:12.909Z,resonance,gpt-6-astra,xhigh,98536,97024,0,71,13,98607,1512,0.115694
4004,2026-09-22T03:49:44.032Z,resonance,gpt-6-astra,xhigh,102450,98432,0,968,849,103418,4018,0.187012
4005,2026-09-22T03:50:33.300Z,resonance,gpt-6-astra,xhigh,103789,102400,0,1569,788,105358,1389,0.19474
4006,2026-09-22T03:52:07.836Z,resonance,gpt-6-astra,xhigh,105415,103680,0,2966,116,108381,1735,0.26933
4007,2026-09-22T03:52:27.148Z,resonance,gpt-6-astra,xhigh,108504,105344,0,508,371,109012,3160,0.162344
4008,2026-09-22T03:53:26.137Z,resonance,gpt-6-astra,xhigh,109391,108416,0,1854,1319,111245,975,0.210866
4009,2026-09-22T03:53:35.678Z,resonance,gpt-6-astra,xhigh,111357,109312,0,180,75,111537,2045,0.138762
4010,2026-09-22T03:54:13.088Z,resonance,gpt-6-astra,xhigh,112604,111232,0,1193,432,113797,1372,0.184602
4011,2026-09-22T03:54:57.396Z,resonance,gpt-6-astra,xhigh,113876,112512,0,1341,1235,115217,1364,0.193202
4012,2026-09-22T03:55:05.877Z,resonance,gpt-6-astra,xhigh,116607,113792,0,229,67,116836,2815,0.153392
4013,2026-09-22T03:55:16.221Z,resonance,gpt-6-astra,xhigh,117729,116480,0,283,103,118012,1249,0.14312
4014,2026-09-22T03:55:43.319Z,resonance,gpt-6-astra,xhigh,118114,117632,0,820,681,118934,482,0.163452
4015,2026-09-22T03:55:59.395Z,resonance,gpt-6-astra,xhigh,123709,118016,0,329,97,124038,5693,0.191396
4016,2026-09-22T03:56:15.261Z,resonance,gpt-6-astra,xhigh,124242,123648,0,426,183,124668,594,0.150888
4017,2026-09-22T03:56:27.414Z,resonance,gpt-6-astra,xhigh,124970,124160,0,312,86,125282,810,0.14786
4018,2026-09-22T03:58:48.276Z,resonance,gpt-6-astra,xhigh,126279,124928,0,4478,2358,130757,1351,0.362338
4019,2026-09-22T04:00:15.944Z,resonance,gpt-6-astra,xhigh,130905,126208,0,2830,1552,133735,4697,0.314678
4020,2026-09-22T04:00:28.162Z,resonance,gpt-6-astra,xhigh,133831,130816,0,295,77,134126,3015,0.175716
4021,2026-09-22T04:00:53.278Z,resonance,gpt-6-astra,xhigh,134787,133760,0,768,315,135555,1027,0.18243
4022,2026-09-22T04:01:15.725Z,resonance,gpt-6-astra,xhigh,135696,134656,0,522,138,136218,1040,0.171156
4023,2026-09-22T04:02:21.237Z,resonance,gpt-6-astra,xhigh,137163,135680,0,1954,516,139117,1483,0.24821
4024,2026-09-22T04:02:51.431Z,resonance,gpt-6-astra,xhigh,140562,136960,0,887,746,141449,3602,0.21733
4025,2026-09-22T04:02:56.931Z,resonance,gpt-6-astra,xhigh,142085,140416,0,95,31,142180,1669,0.161856
4026,2026-09-22T04:04:34.908Z,resonance,gpt-6-astra,xhigh,146236,141952,0,3209,3079,149445,4284,0.345242
4027,2026-09-22T04:05:34.290Z,resonance,gpt-6-astra,xhigh,149903,146048,0,1913,946,151816,3855,0.280248
4028,2026-09-22T04:06:10.347Z,resonance,gpt-6-astra,xhigh,151940,149760,0,1114,1013,153054,2180,0.22726
4029,2026-09-22T04:07:21.897Z,resonance,gpt-6-astra,xhigh,154544,151808,0,2231,620,156775,2736,0.290718
4030,2026-09-22T04:07:40.048Z,resonance,gpt-6-astra,xhigh,156901,154368,0,502,412,157403,2533,0.204798
4031,2026-09-22T04:08:17.817Z,resonance,gpt-6-astra,xhigh,158236,156800,0,1205,1073,159441,1436,0.23141
4032,2026-09-22T04:09:32.625Z,resonance,gpt-6-astra,xhigh,160275,158080,0,2427,1020,162702,2195,0.30138
4033,2026-09-22T04:09:43.187Z,resonance,gpt-6-astra,xhigh,162831,160128,0,261,160,163092,2703,0.200208
4034,2026-09-22T04:10:17.621Z,resonance,gpt-6-astra,xhigh,164304,162688,0,1053,856,165357,1616,0.231498
4035,2026-09-22T04:12:14.380Z,resonance,gpt-6-astra,xhigh,165708,164224,0,3802,1713,169510,1484,0.369164
4036,2026-09-22T04:13:00.190Z,resonance,gpt-6-astra,xhigh,170780,81664,0,180,0,170960,89116,0.981824
4037,2026-09-22T04:14:33.674Z,resonance,gpt-6-astra,xhigh,171623,170624,0,3049,1504,174672,999,0.333064
4038,2026-09-22T04:15:17.974Z,resonance,gpt-6-astra,xhigh,175008,171520,0,1301,1034,176309,3488,0.27145
4039,2026-09-22T04:15:39.730Z,resonance,gpt-6-astra,xhigh,176635,174848,0,639,496,177274,1787,0.224668
4040,2026-09-22T04:15:55.261Z,resonance,gpt-6-astra,xhigh,178738,176512,0,431,281,179169,2226,0.220322
4041,2026-09-22T04:18:29.846Z,resonance,gpt-6-astra,xhigh,179435,178560,0,5094,3540,184529,875,0.44201
4042,2026-09-22T04:19:42.993Z,resonance,gpt-6-astra,xhigh,184666,179328,0,2339,899,187005,5338,0.349658
4043,2026-09-22T04:20:27.052Z,resonance,gpt-6-astra,xhigh,188390,184576,0,1365,1034,189755,3814,0.290966
4044,2026-09-22T04:20:50.926Z,resonance,gpt-6-astra,xhigh,190253,188288,0,679,558,190932,1965,0.241888
4045,2026-09-22T04:21:06.091Z,resonance,gpt-6-astra,xhigh,191748,190080,0,377,264,192125,1668,0.22561
4046,2026-09-22T04:21:41.253Z,resonance,gpt-6-astra,xhigh,192438,191616,0,1074,516,193512,822,0.253536
4047,2026-09-22T04:21:57.540Z,resonance,gpt-6-astra,xhigh,193659,192256,0,436,339,194095,1403,0.228086
4048,2026-09-22T04:22:44.472Z,resonance,gpt-6-astra,xhigh,194939,193536,0,1439,448,196378,1403,0.279516
4049,2026-09-22T04:23:16.809Z,resonance,gpt-6-astra,xhigh,196435,194816,0,807,514,197242,1619,0.251356
4050,2026-09-22T04:23:24.056Z,resonance,gpt-6-astra,xhigh,197331,196352,0,184,50,197515,979,0.215342
4051,2026-09-22T04:23:33.096Z,resonance,gpt-6-astra,xhigh,197896,197248,0,245,51,198141,648,0.215978
4052,2026-09-22T04:25:34.633Z,resonance,gpt-6-astra,xhigh,198369,197760,0,3921,3324,202290,609,0.3999
4053,2026-09-22T04:25:53.150Z,resonance,gpt-6-astra,xhigh,202347,198272,0,378,251,202725,4075,0.257922
4054,2026-09-22T04:26:06.362Z,resonance,gpt-6-astra,xhigh,202940,202240,0,332,0,203272,700,0.22584
4055,2026-09-22T04:27:36.184Z,resonance,gpt-6-astra,xhigh,203411,202752,0,2798,1760,206209,659,0.349242
4056,2026-09-22T04:27:55.470Z,resonance,gpt-6-astra,xhigh,206267,203264,0,434,159,206701,3003,0.254994
4057,2026-09-22T04:28:57.342Z,resonance,gpt-6-astra,xhigh,207441,206080,0,1533,1034,208974,1361,0.29634
4058,2026-09-22T04:29:24.777Z,resonance,gpt-6-astra,xhigh,209064,207360,0,701,516,209765,1704,0.25945
4059,2026-09-22T04:29:38.797Z,resonance,gpt-6-astra,xhigh,210628,208896,0,246,154,210874,1732,0.238516
4060,2026-09-22T04:30:21.589Z,resonance,gpt-6-astra,xhigh,213016,210432,0,1201,863,214217,2584,0.296322
4061,2026-09-22T04:30:51.798Z,resonance,gpt-6-astra,xhigh,214325,212864,0,815,674,215140,1461,0.268224
4062,2026-09-22T04:31:16.084Z,resonance,gpt-6-astra,xhigh,215342,214144,0,717,516,216059,1198,0.261974
4063,2026-09-22T04:31:47.520Z,resonance,gpt-6-astra,xhigh,216233,215168,0,859,565,217092,1065,0.268768
4064,2026-09-22T04:32:11.021Z,resonance,gpt-6-astra,xhigh,218083,216064,0,599,284,218682,2019,0.266204
4065,2026-09-22T04:33:35.058Z,resonance,gpt-6-astra,xhigh,220705,171520,0,774,516,221479,49185,0.70207
4066,2026-09-22T04:35:04.699Z,resonance,gpt-6-astra,xhigh,222355,220544,0,2894,2029,225249,1811,0.383354
4067,2026-09-22T04:36:07.023Z,resonance,gpt-6-astra,xhigh,225306,222208,0,1971,1811,227277,3098,0.351738
4068,2026-09-22T04:36:29.537Z,resonance,gpt-6-astra,xhigh,228009,225152,0,664,249,228673,2857,0.286922
4069,2026-09-22T04:36:47.983Z,resonance,gpt-6-astra,xhigh,228894,227840,0,452,159,229346,1054,0.26098
4070,2026-09-22T04:37:05.859Z,resonance,gpt-6-astra,xhigh,229752,228736,0,543,247,230295,1016,0.266046
4071,2026-09-22T04:38:36.360Z,resonance,gpt-6-astra,xhigh,230360,229632,0,2916,2773,233276,728,0.382712
4072,2026-09-22T04:42:05.529Z,resonance,gpt-6-astra,xhigh,233634,230272,0,6893,4973,240527,3362,0.608542
4073,2026-09-22T04:42:31.750Z,resonance,gpt-6-astra,xhigh,240583,233472,0,731,516,241314,7111,0.341132
4074,2026-09-22T04:43:42.056Z,resonance,gpt-6-astra,xhigh,241661,240384,0,2205,1727,243866,1277,0.363404
4075,2026-09-22T04:44:01.166Z,resonance,gpt-6-astra,xhigh,243924,241536,0,527,339,244451,2388,0.291766
4076,2026-09-22T04:47:59.075Z,resonance,gpt-6-astra,xhigh,244488,243840,0,7786,0,252274,648,0.63962
4077,2026-09-22T04:48:06.353Z,resonance,gpt-6-astra,xhigh,37103,29184,0,143,0,37246,7919,0.115524
4078,2026-09-22T04:48:20.325Z,resonance,gpt-6-astra,xhigh,49945,36864,0,375,52,50320,13081,0.186424
4079,2026-09-22T04:48:31.807Z,resonance,gpt-6-astra,xhigh,61281,49792,0,240,33,61521,11489,0.176682
4080,2026-09-22T04:48:58.992Z,resonance,gpt-6-astra,xhigh,68294,61056,0,859,36,69153,7238,0.176386
4081,2026-09-22T04:49:37.575Z,resonance,gpt-6-astra,xhigh,69340,68096,0,1210,8,70550,1244,0.141036
4082,2026-09-22T04:49:52.071Z,resonance,gpt-6-astra,xhigh,72570,69120,0,360,63,72930,3450,0.12162
4083,2026-09-22T04:50:13.657Z,resonance,gpt-6-astra,xhigh,78545,72448,0,669,435,79214,6097,0.166868
4084,2026-09-22T04:51:09.132Z,resonance,gpt-6-astra,xhigh,85082,78336,0,1766,214,86848,6746,0.234096
4085,2026-09-22T04:51:28.955Z,resonance,gpt-6-astra,xhigh,87298,84864,0,460,353,87758,2434,0.132204
4086,2026-09-22T04:51:41.016Z,resonance,gpt-6-astra,xhigh,90102,87168,0,347,23,90449,2934,0.133858
4087,2026-09-22T04:52:09.967Z,resonance,gpt-6-astra,xhigh,90550,89984,0,864,604,91414,566,0.138844
4088,2026-09-22T04:52:16.921Z,resonance,gpt-6-astra,xhigh,99534,90368,0,92,32,99626,9166,0.186628
4089,2026-09-22T04:53:00.199Z,resonance,gpt-6-astra,xhigh,103203,99328,0,1309,52,104512,3875,0.203528
4090,2026-09-22T04:53:05.997Z,resonance,gpt-6-astra,xhigh,104569,103040,0,142,30,104711,1529,0.12543
4091,2026-09-22T04:53:35.772Z,resonance,gpt-6-astra,xhigh,110926,104448,0,877,516,111803,6478,0.213078
4092,2026-09-22T04:54:07.436Z,resonance,gpt-6-astra,xhigh,112297,110720,0,905,138,113202,1577,0.17174
4093,2026-09-22T04:54:32.712Z,resonance,gpt-6-astra,xhigh,113301,112128,0,738,400,114039,1173,0.160758
4094,2026-09-22T04:55:33.683Z,resonance,gpt-6-astra,xhigh,114221,113152,0,1890,1034,116111,1069,0.218342
4095,2026-09-22T04:55:41.662Z,resonance,gpt-6-astra,xhigh,116234,114048,0,129,21,116363,2186,0.142358
4096,2026-09-22T04:55:50.410Z,resonance,gpt-6-astra,xhigh,116508,116096,0,204,10,116712,412,0.130416
4097,2026-09-22T04:56:21.683Z,resonance,gpt-6-astra,xhigh,117323,116352,0,904,107,118227,971,0.171262
4098,2026-09-22T04:57:44.762Z,resonance,gpt-6-astra,xhigh,118318,117120,0,2562,516,120880,1198,0.2572
4099,2026-09-22T04:57:55.543Z,resonance,gpt-6-astra,xhigh,121008,118144,0,223,54,121231,2864,0.157934
4100,2026-09-22T04:58:20.616Z,resonance,gpt-6-astra,xhigh,121469,120832,0,712,279,122181,637,0.162802
4101,2026-09-22T04:59:01.148Z,resonance,gpt-6-astra,xhigh,122416,121344,0,1178,979,123594,1072,0.190964
4102,2026-09-22T04:59:42.008Z,resonance,gpt-6-astra,xhigh,123979,122240,0,1214,33,125193,1739,0.20033
4103,2026-09-22T04:59:51.657Z,resonance,gpt-6-astra,xhigh,125254,123776,0,174,11,125428,1478,0.147256
4104,2026-09-22T05:01:49.769Z,resonance,gpt-6-astra,xhigh,125670,125056,0,3836,1812,129506,614,0.322996
4105,2026-09-22T05:02:30.740Z,resonance,gpt-6-astra,xhigh,129836,125440,0,1296,1090,131132,4396,0.2342
4106,2026-09-22T05:02:51.508Z,resonance,gpt-6-astra,xhigh,132600,129664,0,591,209,133191,2936,0.188574
4107,2026-09-22T05:03:07.984Z,resonance,gpt-6-astra,xhigh,134012,132480,0,355,170,134367,1532,0.16555
4108,2026-09-22T05:03:26.220Z,resonance,gpt-6-astra,xhigh,136682,133888,0,528,27,137210,2794,0.188228
4109,2026-09-22T05:03:44.795Z,resonance,gpt-6-astra,xhigh,139222,136576,0,514,101,139736,2646,0.188736
4110,2026-09-22T05:04:07.872Z,resonance,gpt-6-astra,xhigh,140288,139008,0,537,168,140825,1280,0.178658
4111,2026-09-22T05:04:21.678Z,resonance,gpt-6-astra,xhigh,141081,140160,0,232,12,141313,921,0.16097
4112,2026-09-22T05:04:36.761Z,resonance,gpt-6-astra,xhigh,141945,140928,0,334,47,142279,1017,0.167798
4113,2026-09-22T05:06:09.028Z,resonance,gpt-6-astra,xhigh,142765,141824,0,2657,2455,145422,941,0.284084
4114,2026-09-22T05:06:36.489Z,resonance,gpt-6-astra,xhigh,146117,142720,0,638,173,146755,3397,0.20859
4115,2026-09-22T05:06:56.472Z,resonance,gpt-6-astra,xhigh,147058,146048,0,463,318,147521,1010,0.179298
4116,2026-09-22T05:08:50.021Z,resonance,gpt-6-astra,xhigh,150991,146944,0,3469,1603,154460,4047,0.360864
4117,2026-09-22T05:09:05.063Z,resonance,gpt-6-astra,xhigh,154518,150912,0,433,123,154951,3606,0.208622
4118,2026-09-22T05:09:22.409Z,resonance,gpt-6-astra,xhigh,155969,154496,0,429,257,156398,1473,0.190676
4119,2026-09-22T05:09:46.365Z,resonance,gpt-6-astra,xhigh,157375,155904,0,713,549,158088,1471,0.206264
4120,2026-09-22T05:10:42.446Z,resonance,gpt-6-astra,xhigh,159542,157312,0,1388,870,160930,2230,0.249012
4121,2026-09-22T05:11:09.306Z,resonance,gpt-6-astra,xhigh,161259,159488,0,493,47,161752,1771,0.201848
4122,2026-09-22T05:11:44.114Z,resonance,gpt-6-astra,xhigh,162031,161152,0,1018,746,163049,879,0.220842
4123,2026-09-22T05:12:02.602Z,resonance,gpt-6-astra,xhigh,164122,161920,0,390,268,164512,2202,0.20344
4124,2026-09-22T05:12:15.125Z,resonance,gpt-6-astra,xhigh,167989,164096,0,324,175,168313,3893,0.219226
4125,2026-09-22T05:12:29.902Z,resonance,gpt-6-astra,xhigh,169534,167936,0,420,308,169954,1598,0.204916
4126,2026-09-22T05:14:00.058Z,resonance,gpt-6-astra,xhigh,171847,169472,0,2878,1075,174725,2375,0.337122
4127,2026-09-22T05:14:23.514Z,resonance,gpt-6-astra,xhigh,174781,171776,0,713,515,175494,3005,0.237476
4128,2026-09-22T05:15:31.898Z,resonance,gpt-6-astra,xhigh,176204,174720,0,1979,1928,178183,1484,0.28851
4129,2026-09-22T05:17:04.941Z,resonance,gpt-6-astra,xhigh,180465,176128,0,3016,1174,183481,4337,0.370298
4130,2026-09-22T05:18:40.244Z,resonance,gpt-6-astra,xhigh,183538,180352,0,3098,1147,186636,3186,0.367112
4131,2026-09-22T05:18:51.889Z,resonance,gpt-6-astra,xhigh,186696,183424,0,284,133,186980,3272,0.230344
4132,2026-09-22T05:20:55.542Z,resonance,gpt-6-astra,xhigh,187431,186624,0,3326,3180,190757,807,0.360994
4133,2026-09-22T05:21:22.572Z,resonance,gpt-6-astra,xhigh,196177,187392,0,762,449,196939,8785,0.313342
4134,2026-09-22T05:21:51.191Z,resonance,gpt-6-astra,xhigh,197088,196096,0,755,12,197843,992,0.243766
4135,2026-09-22T05:22:47.678Z,resonance,gpt-6-astra,xhigh,198187,196992,0,1755,208,199942,1195,0.296692
4136,2026-09-22T05:23:46.282Z,resonance,gpt-6-astra,xhigh,199999,198144,0,1653,1511,201652,1855,0.299344
4137,2026-09-22T05:24:01.183Z,resonance,gpt-6-astra,xhigh,206852,199936,0,310,134,207162,6916,0.284596
4138,2026-09-22T05:24:14.154Z,resonance,gpt-6-astra,xhigh,216460,206720,0,279,117,216739,9740,0.31807
4139,2026-09-22T05:25:05.278Z,resonance,gpt-6-astra,xhigh,226631,216320,0,1597,667,228228,10311,0.39928
4140,2026-09-22T05:26:15.463Z,resonance,gpt-6-astra,xhigh,228286,226560,0,2239,931,230525,1726,0.35577
4141,2026-09-22T05:27:50.906Z,resonance,gpt-6-astra,xhigh,230839,228224,0,2544,2327,233383,2615,0.381574
4142,2026-09-22T05:28:41.899Z,resonance,gpt-6-astra,xhigh,233852,230784,0,1620,1233,235472,3068,0.342464
4143,2026-09-22T05:29:29.215Z,resonance,gpt-6-astra,xhigh,235679,233728,0,1450,1247,237129,1951,0.325738
4144,2026-09-22T05:29:44.326Z,resonance,gpt-6-astra,xhigh,237498,235648,0,353,215,237851,1850,0.271798
4145,2026-09-22T05:30:18.883Z,resonance,gpt-6-astra,xhigh,238329,237440,0,750,128,239079,889,0.28383
4146,2026-09-22T05:32:38.832Z,resonance,gpt-6-astra,xhigh,239768,238208,0,4404,3290,244172,1560,0.474008
4147,2026-09-22T05:34:57.899Z,resonance,gpt-6-astra,xhigh,244256,239744,0,4095,3990,248351,4512,0.489614
4148,2026-09-22T05:38:42.306Z,resonance,gpt-6-astra,xhigh,248632,78336,0,7187,0,255819,170296,2.140646
4149,2026-09-22T05:38:47.735Z,resonance,gpt-6-astra,xhigh,36505,29184,0,103,0,36608,7321,0.107544
4150,2026-09-22T05:39:01.043Z,resonance,gpt-6-astra,xhigh,41628,36352,0,307,33,41935,5276,0.104462
4151,2026-09-22T05:39:09.058Z,resonance,gpt-6-astra,xhigh,45167,41472,0,95,0,45262,3695,0.083172
4152,2026-09-22T05:39:16.351Z,resonance,gpt-6-astra,xhigh,48181,44928,0,160,0,48341,3253,0.085458
4153,2026-09-22T05:39:35.330Z,resonance,gpt-6-astra,xhigh,51919,48000,0,512,260,52431,3919,0.11279
4154,2026-09-22T05:39:46.471Z,resonance,gpt-6-astra,xhigh,56864,51712,0,213,118,57077,5152,0.113882
4155,2026-09-22T05:40:10.225Z,resonance,gpt-6-astra,xhigh,60475,56704,0,604,516,61079,3771,0.124614
4156,2026-09-22T05:40:38.191Z,resonance,gpt-6-astra,xhigh,62541,60288,0,698,516,63239,2253,0.117718
4157,2026-09-22T05:41:28.019Z,resonance,gpt-6-astra,xhigh,66862,62336,0,1520,28,68382,4526,0.183596
4158,2026-09-22T05:41:56.393Z,resonance,gpt-6-astra,xhigh,68538,66688,0,764,297,69302,1850,0.123388
4159,2026-09-22T05:42:53.735Z,resonance,gpt-6-astra,xhigh,70013,68352,0,1672,93,71685,1661,0.168562
4160,2026-09-22T05:43:07.892Z,resonance,gpt-6-astra,xhigh,71825,69888,0,328,158,72153,1937,0.105658
4161,2026-09-22T05:43:42.692Z,resonance,gpt-6-astra,xhigh,74877,71680,0,853,322,75730,3197,0.1463
4162,2026-09-22T05:44:08.816Z,resonance,gpt-6-astra,xhigh,76045,74752,0,652,381,76697,1293,0.120282
4163,2026-09-22T05:44:25.359Z,resonance,gpt-6-astra,xhigh,76992,75904,0,344,135,77336,1088,0.103984
4164,2026-09-22T05:44:42.836Z,resonance,gpt-6-astra,xhigh,85927,76800,0,438,296,86365,9127,0.18997
4165,2026-09-22T05:44:59.711Z,resonance,gpt-6-astra,xhigh,88120,85760,0,476,127,88596,2360,0.13316
4166,2026-09-22T05:45:22.524Z,resonance,gpt-6-astra,xhigh,89673,87936,0,544,440,90217,1737,0.132506
4167,2026-09-22T05:45:39.302Z,resonance,gpt-6-astra,xhigh,92734,89472,0,456,292,93190,3262,0.144892
4168,2026-09-22T05:45:50.260Z,resonance,gpt-6-astra,xhigh,96492,92544,0,277,188,96769,3948,0.145874
4169,2026-09-22T05:46:49.455Z,resonance,gpt-6-astra,xhigh,97604,96256,0,1908,377,99512,1348,0.205136
4170,2026-09-22T05:47:31.878Z,resonance,gpt-6-astra,xhigh,99570,97408,0,1291,163,100861,2162,0.183578
4171,2026-09-22T05:47:43.290Z,resonance,gpt-6-astra,xhigh,101819,99328,0,290,44,102109,2491,0.138738
4172,2026-09-22T05:48:23.855Z,resonance,gpt-6-astra,xhigh,103075,101632,0,1212,840,104287,1443,0.176662
4173,2026-09-22T05:49:04.252Z,resonance,gpt-6-astra,xhigh,105133,102912,0,1243,516,106376,2221,0.187272
4174,2026-09-22T05:49:14.733Z,resonance,gpt-6-astra,xhigh,106545,104960,0,250,30,106795,1585,0.13331
4175,2026-09-22T05:49:27.517Z,resonance,gpt-6-astra,xhigh,106885,106368,0,315,177,107200,517,0.127288
4176,2026-09-22T05:50:14.391Z,resonance,gpt-6-astra,xhigh,109512,106752,0,1433,478,110945,2760,0.206002
4177,2026-09-22T05:50:23.845Z,resonance,gpt-6-astra,xhigh,111157,109312,0,200,60,111357,1845,0.137762
4178,2026-09-22T05:51:05.381Z,resonance,gpt-6-astra,xhigh,111642,110976,0,1290,345,112932,666,0.182136
4179,2026-09-22T05:51:12.638Z,resonance,gpt-6-astra,xhigh,112989,111488,0,152,43,113141,1501,0.134098
4180,2026-09-22T05:52:01.531Z,resonance,gpt-6-astra,xhigh,115058,112768,0,1482,201,116540,2290,0.209768
4181,2026-09-22T05:52:28.061Z,resonance,gpt-6-astra,xhigh,116619,114816,0,743,382,117362,1803,0.169996
4182,2026-09-22T05:53:31.117Z,resonance,gpt-6-astra,xhigh,117647,116480,0,1932,767,119579,1167,0.22475
4183,2026-09-22T05:53:45.135Z,resonance,gpt-6-astra,xhigh,119637,117504,0,223,132,119860,2133,0.149984
4184,2026-09-22T05:54:02.141Z,resonance,gpt-6-astra,xhigh,120171,119552,0,359,191,120530,619,0.143692
4185,2026-09-22T05:54:24.572Z,resonance,gpt-6-astra,xhigh,120612,120064,0,514,25,121126,548,0.151244
4186,2026-09-22T05:54:37.332Z,resonance,gpt-6-astra,xhigh,121456,120448,0,287,139,121743,1008,0.144878
4187,2026-09-22T05:54:58.282Z,resonance,gpt-6-astra,xhigh,122546,121344,0,612,61,123158,1202,0.163964
4188,2026-09-22T05:55:31.137Z,resonance,gpt-6-astra,xhigh,123257,122496,0,899,516,124156,761,0.175056
4189,2026-09-22T05:55:38.812Z,resonance,gpt-6-astra,xhigh,124246,123136,0,137,13,124383,1110,0.141086
4190,2026-09-22T05:56:01.413Z,resonance,gpt-6-astra,xhigh,124925,124160,0,676,35,125601,765,0.16561
4191,2026-09-22T05:56:20.302Z,resonance,gpt-6-astra,xhigh,125951,124800,0,406,304,126357,1151,0.15661
4192,2026-09-22T05:56:33.851Z,resonance,gpt-6-astra,xhigh,127532,125824,0,277,107,127809,1708,0.156754
4193,2026-09-22T05:57:38.449Z,resonance,gpt-6-astra,xhigh,129516,127360,0,2047,321,131563,2156,0.25127
4194,2026-09-22T05:58:03.015Z,resonance,gpt-6-astra,xhigh,132983,129408,0,567,322,133550,3575,0.193508
4195,2026-09-22T05:58:20.659Z,resonance,gpt-6-astra,xhigh,133688,132864,0,316,54,134004,824,0.156904
4196,2026-09-22T05:58:43.417Z,resonance,gpt-6-astra,xhigh,134507,133504,0,564,293,135071,1003,0.171734
4197,2026-09-22T05:58:55.124Z,resonance,gpt-6-astra,xhigh,135343,134400,0,213,60,135556,943,0.15448
4198,2026-09-22T05:59:30.658Z,resonance,gpt-6-astra,xhigh,135965,135168,0,885,450,136850,797,0.187388
4199,2026-09-22T05:59:48.659Z,resonance,gpt-6-astra,xhigh,137424,135808,0,475,27,137899,1616,0.175718
4200,2026-09-22T06:00:14.709Z,resonance,gpt-6-astra,xhigh,138295,137216,0,657,32,138952,1079,0.180856
4201,2026-09-22T06:00:24.463Z,resonance,gpt-6-astra,xhigh,139173,138112,0,144,34,139317,1061,0.155922
4202,2026-09-22T06:00:40.927Z,resonance,gpt-6-astra,xhigh,139994,139008,0,298,78,140292,986,0.163768
4203,2026-09-22T06:01:55.779Z,resonance,gpt-6-astra,xhigh,140710,139776,0,1697,1502,142407,934,0.233966
4204,2026-09-22T06:02:33.039Z,resonance,gpt-6-astra,xhigh,142823,140544,0,912,815,143735,2279,0.208934
4205,2026-09-22T06:02:43.241Z,resonance,gpt-6-astra,xhigh,144574,142720,0,246,87,144820,1854,0.17356
4206,2026-09-22T06:04:02.562Z,resonance,gpt-6-astra,xhigh,147116,144384,0,2233,1318,149349,2732,0.283354
4207,2026-09-22T06:04:16.347Z,resonance,gpt-6-astra,xhigh,149567,146944,0,273,106,149840,2623,0.186824
4208,2026-09-22T06:04:31.081Z,resonance,gpt-6-astra,xhigh,151920,149376,0,287,57,152207,2544,0.189166
4209,2026-09-22T06:04:56.967Z,resonance,gpt-6-astra,xhigh,153814,151808,0,585,113,154399,2006,0.201118
4210,2026-09-22T06:05:16.690Z,resonance,gpt-6-astra,xhigh,155708,153600,0,468,91,156176,2108,0.19808
4211,2026-09-22T06:05:42.458Z,resonance,gpt-6-astra,xhigh,156243,155520,0,593,255,156836,723,0.1924
4212,2026-09-22T06:05:59.369Z,resonance,gpt-6-astra,xhigh,157036,156032,0,407,233,157443,1004,0.186422
4213,2026-09-22T06:06:54.991Z,resonance,gpt-6-astra,xhigh,158177,156928,0,1609,516,159786,1249,0.249868
4214,2026-09-22T06:08:12.333Z,resonance,gpt-6-astra,xhigh,159894,158080,0,1728,1552,161622,1814,0.26262
4215,2026-09-22T06:08:23.190Z,resonance,gpt-6-astra,xhigh,163198,159744,0,226,141,163424,3454,0.205584
4216,2026-09-22T06:09:23.098Z,resonance,gpt-6-astra,xhigh,164569,163072,0,1909,809,166478,1497,0.273492
4217,2026-09-22T06:09:39.407Z,resonance,gpt-6-astra,xhigh,166584,164352,0,347,249,166931,2232,0.204022
4218,2026-09-22T06:10:45.867Z,resonance,gpt-6-astra,xhigh,167316,166400,0,1310,1182,168626,916,0.24106
4219,2026-09-22T06:11:21.303Z,resonance,gpt-6-astra,xhigh,169055,167168,0,796,665,169851,1887,0.225838
4220,2026-09-22T06:12:57.900Z,resonance,gpt-6-astra,xhigh,170534,168832,0,2189,2070,172723,1702,0.295302
4221,2026-09-22T06:13:25.992Z,resonance,gpt-6-astra,xhigh,173193,68352,0,105,0,173298,104841,1.122012
4222,2026-09-22T06:13:39.496Z,resonance,gpt-6-astra,xhigh,173354,173056,0,306,213,173660,298,0.191336
4223,2026-09-22T06:16:18.596Z,resonance,gpt-6-astra,xhigh,174252,173184,0,4440,3332,178692,1068,0.405864
4224,2026-09-22T06:17:08.110Z,resonance,gpt-6-astra,xhigh,179546,174080,0,1257,505,180803,5466,0.29159
4225,2026-09-22T06:17:27.852Z,resonance,gpt-6-astra,xhigh,180860,179328,0,326,226,181186,1532,0.210948
4226,2026-09-22T06:17:51.838Z,resonance,gpt-6-astra,xhigh,181412,180736,0,651,385,182063,676,0.220046
4227,2026-09-22T06:18:33.756Z,resonance,gpt-6-astra,xhigh,183770,181248,0,1294,223,185064,2522,0.271168
4228,2026-09-22T06:19:22.484Z,resonance,gpt-6-astra,xhigh,191214,173184,0,241,0,191455,18030,0.365534
4229,2026-09-22T06:19:51.901Z,resonance,gpt-6-astra,xhigh,192168,191104,0,824,516,192992,1064,0.242944
4230,2026-09-22T06:21:54.447Z,resonance,gpt-6-astra,xhigh,194132,192000,0,3581,2662,197713,2132,0.39237
4231,2026-09-22T06:22:25.739Z,resonance,gpt-6-astra,xhigh,197894,193920,0,931,120,198825,3974,0.28021
4232,2026-09-22T06:23:09.693Z,resonance,gpt-6-astra,xhigh,198947,192000,0,1059,516,200006,6947,0.31442
4233,2026-09-22T06:23:46.914Z,resonance,gpt-6-astra,xhigh,200126,198784,0,1076,84,201202,1342,0.266004
4234,2026-09-22T06:24:44.323Z,resonance,gpt-6-astra,xhigh,201305,199936,0,1545,1174,202850,1369,0.290876
4235,2026-09-22T06:26:46.596Z,resonance,gpt-6-astra,xhigh,205115,201088,0,3019,2332,208134,4027,0.392308
4236,2026-09-22T06:30:38.606Z,resonance,gpt-6-astra,xhigh,208210,204928,0,7574,0,215784,3282,0.616448
4237,2026-09-22T06:30:48.216Z,resonance,gpt-6-astra,xhigh,35087,12160,0,220,18,35307,22927,0.25243
4238,2026-09-22T06:30:58.756Z,resonance,gpt-6-astra,xhigh,45766,34944,0,263,0,46029,10822,0.156314
4239,2026-09-22T06:31:06.185Z,resonance,gpt-6-astra,xhigh,56090,45568,0,146,15,56236,10522,0.158088
4240,2026-09-22T06:31:48.756Z,resonance,gpt-6-astra,xhigh,61309,56064,0,1365,84,62674,5245,0.176764
4241,2026-09-22T06:31:58.387Z,resonance,gpt-6-astra,xhigh,62753,61184,0,152,11,62905,1569,0.084474
4242,2026-09-22T06:32:14.646Z,resonance,gpt-6-astra,xhigh,66504,62720,0,379,0,66883,3784,0.11951
4243,2026-09-22T06:32:22.826Z,resonance,gpt-6-astra,xhigh,68728,66432,0,148,7,68876,2296,0.096792
4244,2026-09-22T06:32:42.609Z,resonance,gpt-6-astra,xhigh,74927,68608,0,518,27,75445,6319,0.157698
4245,2026-09-22T06:33:29.117Z,resonance,gpt-6-astra,xhigh,75606,74880,0,1449,23,77055,726,0.15459
4246,2026-09-22T06:33:38.815Z,resonance,gpt-6-astra,xhigh,77225,75520,0,237,36,77462,1705,0.10442
4247,2026-09-22T06:33:47.534Z,resonance,gpt-6-astra,xhigh,78440,77184,0,189,43,78629,1256,0.099194
4248,2026-09-22T06:34:03.689Z,resonance,gpt-6-astra,xhigh,79710,78336,0,479,107,80189,1374,0.116026
4249,2026-09-22T06:34:17.184Z,resonance,gpt-6-astra,xhigh,80268,79616,0,276,21,80544,652,0.099936
4250,2026-09-22T06:34:23.097Z,resonance,gpt-6-astra,xhigh,81848,80128,0,112,0,81960,1720,0.102928
4251,2026-09-22T06:34:30.877Z,resonance,gpt-6-astra,xhigh,83263,81792,0,173,130,83436,1471,0.105152
4252,2026-09-22T06:35:24.229Z,resonance,gpt-6-astra,xhigh,86599,83072,0,1710,155,88309,3527,0.203842
4253,2026-09-22T06:35:40.061Z,resonance,gpt-6-astra,xhigh,88387,86400,0,368,8,88755,1987,0.12467
4254,2026-09-22T06:36:06.548Z,resonance,gpt-6-astra,xhigh,88992,88192,0,666,516,89658,800,0.129492
4255,2026-09-22T06:36:15.545Z,resonance,gpt-6-astra,xhigh,92547,88832,0,217,28,92764,3715,0.136832
4256,2026-09-22T06:36:29.048Z,resonance,gpt-6-astra,xhigh,93190,92416,0,308,34,93498,774,0.115556
4257,2026-09-22T06:36:45.171Z,resonance,gpt-6-astra,xhigh,93720,92928,0,348,47,94068,792,0.118248
4258,2026-09-22T06:36:50.564Z,resonance,gpt-6-astra,xhigh,94812,93696,0,95,10,94907,1116,0.109606
4259,2026-09-22T06:37:00.223Z,resonance,gpt-6-astra,xhigh,96436,94720,0,179,21,96615,1716,0.12083
4260,2026-09-22T06:37:16.997Z,resonance,gpt-6-astra,xhigh,99061,96384,0,404,227,99465,2677,0.143354
4261,2026-09-22T06:37:38.058Z,resonance,gpt-6-astra,xhigh,106064,98944,0,337,96,106401,7120,0.186994
4262,2026-09-22T06:38:47.525Z,resonance,gpt-6-astra,xhigh,107902,105984,0,2097,213,109999,1918,0.230014
4263,2026-09-22T06:39:20.338Z,resonance,gpt-6-astra,xhigh,110056,107776,0,1028,88,111084,2280,0.181976
4264,2026-09-22T06:39:32.466Z,resonance,gpt-6-astra,xhigh,111409,109952,0,241,61,111650,1457,0.136572
4265,2026-09-22T06:39:56.353Z,resonance,gpt-6-astra,xhigh,112808,111360,0,556,200,113364,1448,0.15364
4266,2026-09-22T06:40:08.484Z,resonance,gpt-6-astra,xhigh,114157,112768,0,177,38,114334,1389,0.135508
4267,2026-09-22T06:40:28.071Z,resonance,gpt-6-astra,xhigh,114567,114048,0,399,244,114966,519,0.139188
4268,2026-09-22T06:40:41.367Z,resonance,gpt-6-astra,xhigh,118751,114432,0,312,107,119063,4319,0.173222
4269,2026-09-22T06:41:18.164Z,resonance,gpt-6-astra,xhigh,120341,118656,0,1060,500,121401,1685,0.188506
4270,2026-09-22T06:42:15.251Z,resonance,gpt-6-astra,xhigh,122464,120192,0,1647,685,124111,2272,0.225262
4271,2026-09-22T06:42:28.471Z,resonance,gpt-6-astra,xhigh,124627,122368,0,297,197,124924,2259,0.159808
4272,2026-09-22T06:42:42.375Z,resonance,gpt-6-astra,xhigh,126978,124544,0,101,23,127079,2434,0.153934
4273,2026-09-22T06:43:05.920Z,resonance,gpt-6-astra,xhigh,127679,126848,0,696,117,128375,831,0.169958
4274,2026-09-22T06:43:28.922Z,resonance,gpt-6-astra,xhigh,129323,127616,0,628,231,129951,1707,0.176086
4275,2026-09-22T06:43:43.168Z,resonance,gpt-6-astra,xhigh,130340,129280,0,330,38,130670,1060,0.15638
4276,2026-09-22T06:43:56.747Z,resonance,gpt-6-astra,xhigh,130739,130304,0,103,9,130842,435,0.139804
4277,2026-09-22T06:44:14.611Z,resonance,gpt-6-astra,xhigh,135537,130688,0,416,157,135953,4849,0.199978
4278,2026-09-22T06:44:55.889Z,resonance,gpt-6-astra,xhigh,137400,135424,0,1015,936,138415,1976,0.205934
4279,2026-09-22T06:45:07.016Z,resonance,gpt-6-astra,xhigh,140560,137344,0,274,94,140834,3216,0.183204
4280,2026-09-22T06:46:00.064Z,resonance,gpt-6-astra,xhigh,142017,140416,0,1536,91,143553,1601,0.233226
4281,2026-09-22T06:46:32.031Z,resonance,gpt-6-astra,xhigh,144594,141952,0,707,516,145301,2642,0.203722
4282,2026-09-22T06:47:46.972Z,resonance,gpt-6-astra,xhigh,146822,144512,0,2266,326,149088,2310,0.280912
4283,2026-09-22T06:48:06.554Z,resonance,gpt-6-astra,xhigh,150203,146816,0,490,174,150693,3387,0.205186
4284,2026-09-22T06:48:25.222Z,resonance,gpt-6-astra,xhigh,150969,150144,0,343,156,151312,825,0.175544
4285,2026-09-22T06:48:39.970Z,resonance,gpt-6-astra,xhigh,151402,150912,0,269,11,151671,490,0.169262
4286,2026-09-22T06:49:06.154Z,resonance,gpt-6-astra,xhigh,151890,151296,0,570,492,152460,594,0.185736
4287,2026-09-22T06:49:32.439Z,resonance,gpt-6-astra,xhigh,156269,151808,0,627,217,156896,4461,0.227768
4288,2026-09-22T06:49:52.879Z,resonance,gpt-6-astra,xhigh,157038,156160,0,322,279,157360,878,0.18104
4289,2026-09-22T06:51:02.722Z,resonance,gpt-6-astra,xhigh,158778,156928,0,2206,1135,160984,1850,0.285728
4290,2026-09-22T06:52:12.396Z,resonance,gpt-6-astra,xhigh,161087,158720,0,2110,367,163197,2367,0.28789
4291,2026-09-22T06:52:24.465Z,resonance,gpt-6-astra,xhigh,163304,161024,0,183,47,163487,2280,0.192974
4292,2026-09-22T06:53:07.747Z,resonance,gpt-6-astra,xhigh,164349,163200,0,1336,434,165685,1149,0.24149
4293,2026-09-22T06:53:50.825Z,resonance,gpt-6-astra,xhigh,166087,164224,0,1326,41,167413,1863,0.249154
4294,2026-09-22T06:55:13.254Z,resonance,gpt-6-astra,xhigh,167572,166016,0,2458,1316,170030,1556,0.304476
4295,2026-09-22T06:55:29.732Z,resonance,gpt-6-astra,xhigh,170138,167552,0,307,243,170445,2586,0.208762
4296,2026-09-22T06:55:39.218Z,resonance,gpt-6-astra,xhigh,174023,170112,0,236,155,174259,3911,0.221022
4297,2026-09-22T06:56:39.585Z,resonance,gpt-6-astra,xhigh,175597,173952,0,1560,1401,177157,1645,0.268402
4298,2026-09-22T06:56:51.295Z,resonance,gpt-6-astra,xhigh,177406,175488,0,162,73,177568,1918,0.202768
4299,2026-09-22T06:57:06.242Z,resonance,gpt-6-astra,xhigh,183420,177280,0,307,77,183727,6140,0.25403
4300,2026-09-22T06:57:57.388Z,resonance,gpt-6-astra,xhigh,184703,183296,0,1120,1034,185823,1407,0.253366
4301,2026-09-22T06:59:28.156Z,resonance,gpt-6-astra,xhigh,188135,184576,0,2308,1387,190443,3559,0.335566
4302,2026-09-22T07:00:06.681Z,resonance,gpt-6-astra,xhigh,190522,188032,0,1165,516,191687,2490,0.271182
4303,2026-09-22T07:01:06.544Z,resonance,gpt-6-astra,xhigh,192166,190464,0,1814,516,193980,1702,0.298184
4304,2026-09-22T07:02:20.121Z,resonance,gpt-6-astra,xhigh,194085,192128,0,1665,1290,195750,1957,0.294948
4305,2026-09-22T07:03:14.688Z,resonance,gpt-6-astra,xhigh,197320,194048,0,1214,1034,198534,3272,0.287468
4306,2026-09-22T07:03:33.926Z,resonance,gpt-6-astra,xhigh,199892,196992,0,407,328,200299,2900,0.246342
4307,2026-09-22T07:03:47.008Z,resonance,gpt-6-astra,xhigh,205228,199680,0,250,187,205478,5548,0.26766
4308,2026-09-22T07:03:55.098Z,resonance,gpt-6-astra,xhigh,214446,205056,0,131,58,214577,9390,0.305506
4309,2026-09-22T07:04:05.901Z,resonance,gpt-6-astra,xhigh,223108,214272,0,209,155,223317,8836,0.313082
4310,2026-09-22T07:04:59.699Z,resonance,gpt-6-astra,xhigh,231987,222976,0,1604,611,233591,9011,0.393286
4311,2026-09-22T07:05:14.775Z,resonance,gpt-6-astra,xhigh,233703,231808,0,312,14,234015,1895,0.266358
4312,2026-09-22T07:06:13.918Z,resonance,gpt-6-astra,xhigh,235062,233472,0,1358,1034,236420,1590,0.317272
4313,2026-09-22T07:06:31.379Z,resonance,gpt-6-astra,xhigh,236881,234880,0,400,177,237281,2001,0.27489
4314,2026-09-22T07:08:36.082Z,resonance,gpt-6-astra,xhigh,237356,236672,0,2952,2692,240308,684,0.391112
4315,2026-09-22T07:08:47.106Z,resonance,gpt-6-astra,xhigh,240421,237184,0,165,115,240586,3237,0.277804
4316,2026-09-22T07:08:56.852Z,resonance,gpt-6-astra,xhigh,240693,240256,0,213,80,240906,437,0.255276
4317,2026-09-22T09:39:57.485Z,resonance,gpt-6-astra,xhigh,242884,12160,0,1261,999,244145,230724,2.38245
4318,2026-09-22T09:40:13.204Z,resonance,gpt-6-astra,xhigh,244607,242688,0,432,91,245039,1919,0.283478
4319,2026-09-22T09:43:47.895Z,resonance,gpt-6-astra,xhigh,245076,244480,0,7029,0,252105,596,0.60189
4320,2026-09-22T09:44:04.090Z,resonance,gpt-6-astra,xhigh,35207,12160,0,390,14,35597,23047,0.26213
4321,2026-09-22T09:44:10.226Z,resonance,gpt-6-astra,xhigh,41449,35072,0,121,10,41570,6377,0.104892
4322,2026-09-22T09:44:17.448Z,resonance,gpt-6-astra,xhigh,45759,41216,0,134,0,45893,4543,0.093346
4323,2026-09-22T09:44:39.650Z,resonance,gpt-6-astra,xhigh,51481,45568,0,368,175,51849,5913,0.123098
4324,2026-09-22T09:45:16.905Z,resonance,gpt-6-astra,xhigh,54496,51328,0,1075,52,55571,3168,0.136758
4325,2026-09-22T09:45:32.611Z,resonance,gpt-6-astra,xhigh,55881,54272,0,395,0,56276,1609,0.090112
4326,2026-09-22T09:45:45.611Z,resonance,gpt-6-astra,xhigh,56357,55680,0,297,34,56654,677,0.0773
4327,2026-09-22T09:45:56.695Z,resonance,gpt-6-astra,xhigh,67327,56192,0,208,89,67535,11135,0.177942
4328,2026-09-22T09:46:29.712Z,resonance,gpt-6-astra,xhigh,71130,67200,0,729,516,71859,3930,0.14295
4329,2026-09-22T09:47:06.306Z,resonance,gpt-6-astra,xhigh,74159,70912,0,1013,171,75172,3247,0.154032
4330,2026-09-22T09:47:26.977Z,resonance,gpt-6-astra,xhigh,75268,73984,0,628,13,75896,1284,0.118224
4331,2026-09-22T09:48:04.598Z,resonance,gpt-6-astra,xhigh,77712,75136,0,1096,171,78808,2576,0.155696
4332,2026-09-22T09:48:22.460Z,resonance,gpt-6-astra,xhigh,79207,77568,0,305,64,79512,1639,0.109208
4333,2026-09-22T09:48:31.270Z,resonance,gpt-6-astra,xhigh,80564,78976,0,194,67,80758,1588,0.104556
4334,2026-09-22T09:48:44.377Z,resonance,gpt-6-astra,xhigh,84081,80384,0,288,202,84369,3697,0.131754
4335,2026-09-22T09:49:01.318Z,resonance,gpt-6-astra,xhigh,85381,83840,0,340,19,85721,1541,0.11625
4336,2026-09-22T09:49:12.444Z,resonance,gpt-6-astra,xhigh,85877,85248,0,226,45,86103,629,0.102838
4337,2026-09-22T09:49:24.209Z,resonance,gpt-6-astra,xhigh,86894,85760,0,171,46,87065,1134,0.10565
4338,2026-09-22T09:49:44.547Z,resonance,gpt-6-astra,xhigh,88091,86656,0,438,295,88529,1435,0.122906
4339,2026-09-22T09:50:12.911Z,resonance,gpt-6-astra,xhigh,89354,87808,0,820,31,90174,1546,0.144268
4340,2026-09-22T09:50:44.948Z,resonance,gpt-6-astra,xhigh,90509,89216,0,737,516,91246,1293,0.138996
4341,2026-09-22T09:50:57.044Z,resonance,gpt-6-astra,xhigh,91500,90368,0,203,36,91703,1132,0.111838
4342,2026-09-22T09:51:04.582Z,resonance,gpt-6-astra,xhigh,95847,91392,0,143,41,95990,4455,0.143092
4343,2026-09-22T09:51:34.898Z,resonance,gpt-6-astra,xhigh,96082,95744,0,699,468,96781,338,0.134074
4344,2026-09-22T09:51:42.124Z,resonance,gpt-6-astra,xhigh,96986,96000,0,142,27,97128,986,0.11296
4345,2026-09-22T09:52:03.186Z,resonance,gpt-6-astra,xhigh,97448,96896,0,519,213,97967,552,0.128366
4346,2026-09-22T09:52:13.107Z,resonance,gpt-6-astra,xhigh,98555,97280,0,210,45,98765,1275,0.12053
4347,2026-09-22T09:52:59.444Z,resonance,gpt-6-astra,xhigh,99191,98432,0,1366,246,100557,759,0.174322
4348,2026-09-22T09:53:21.954Z,resonance,gpt-6-astra,xhigh,100635,99072,0,637,240,101272,1563,0.146552
4349,2026-09-22T09:53:36.517Z,resonance,gpt-6-astra,xhigh,101648,100480,0,304,81,101952,1168,0.12736
4350,2026-09-22T09:53:49.020Z,resonance,gpt-6-astra,xhigh,102934,101504,0,301,36,103235,1430,0.130854
4351,2026-09-22T09:54:50.492Z,resonance,gpt-6-astra,xhigh,103462,102784,0,1211,1034,104673,678,0.170114
4352,2026-09-22T09:55:20.756Z,resonance,gpt-6-astra,xhigh,109018,103296,0,659,176,109677,5722,0.193466
4353,2026-09-22T09:56:12.419Z,resonance,gpt-6-astra,xhigh,110344,108928,0,1204,1034,111548,1416,0.183288
4354,2026-09-22T09:57:07.446Z,resonance,gpt-6-astra,xhigh,116246,110208,0,1586,516,117832,6038,0.249888
4355,2026-09-22T09:57:17.760Z,resonance,gpt-6-astra,xhigh,117977,116096,0,214,43,118191,1881,0.145606
4356,2026-09-22T09:57:33.651Z,resonance,gpt-6-astra,xhigh,119022,117888,0,265,85,119287,1134,0.142478
4357,2026-09-22T09:57:46.557Z,resonance,gpt-6-astra,xhigh,119535,118912,0,168,42,119703,623,0.133542
4358,2026-09-22T09:58:01.117Z,resonance,gpt-6-astra,xhigh,120546,119424,0,299,104,120845,1122,0.145594
4359,2026-09-22T09:59:20.861Z,resonance,gpt-6-astra,xhigh,121585,120448,0,1835,1654,123420,1137,0.223568
4360,2026-09-22T10:00:21.721Z,resonance,gpt-6-astra,xhigh,127421,70912,0,436,322,127857,56509,0.657802
4361,2026-09-22T10:00:41.813Z,resonance,gpt-6-astra,xhigh,128065,127360,0,580,33,128645,705,0.16341
4362,2026-09-22T10:01:02.230Z,resonance,gpt-6-astra,xhigh,128891,128000,0,530,201,129421,891,0.16341
4363,2026-09-22T10:02:19.883Z,resonance,gpt-6-astra,xhigh,129451,128768,0,2419,784,131870,683,0.256548
4364,2026-09-22T10:02:34.236Z,resonance,gpt-6-astra,xhigh,131927,129280,0,328,31,132255,2647,0.17215
4365,2026-09-22T10:03:30.796Z,resonance,gpt-6-astra,xhigh,133315,131840,0,1542,425,134857,1475,0.22369
4366,2026-09-22T10:04:06.399Z,resonance,gpt-6-astra,xhigh,135036,133248,0,717,619,135753,1788,0.186978
4367,2026-09-22T10:06:32.716Z,resonance,gpt-6-astra,xhigh,137015,134912,0,4672,516,141687,2103,0.389542
4368,2026-09-22T10:07:43.939Z,resonance,gpt-6-astra,xhigh,141742,136832,0,1882,1288,143624,4910,0.280032
4369,2026-09-22T10:08:55.162Z,resonance,gpt-6-astra,xhigh,144034,141568,0,1979,664,146013,2466,0.265178
4370,2026-09-22T10:09:13.934Z,resonance,gpt-6-astra,xhigh,146105,143872,0,341,75,146446,2233,0.183252
4371,2026-09-22T10:09:30.790Z,resonance,gpt-6-astra,xhigh,146622,146048,0,413,292,147035,574,0.172438
4372,2026-09-22T10:09:51.124Z,resonance,gpt-6-astra,xhigh,147560,146560,0,413,72,147973,1000,0.17721
4373,2026-09-22T10:10:17.718Z,resonance,gpt-6-astra,xhigh,149764,147456,0,703,338,150467,2308,0.205686
4374,2026-09-22T10:10:45.587Z,resonance,gpt-6-astra,xhigh,151251,149632,0,774,327,152025,1619,0.204522
4375,2026-09-22T10:12:26.030Z,resonance,gpt-6-astra,xhigh,152480,151040,0,3031,1128,155511,1440,0.31699
4376,2026-09-22T10:12:47.849Z,resonance,gpt-6-astra,xhigh,155840,152320,0,484,332,156324,3520,0.21172
4377,2026-09-22T10:13:42.999Z,resonance,gpt-6-astra,xhigh,157404,155648,0,1229,1120,158633,1756,0.234658
4378,2026-09-22T10:13:56.833Z,resonance,gpt-6-astra,xhigh,158698,157184,0,268,59,158966,1514,0.185724
4379,2026-09-22T10:14:57.647Z,resonance,gpt-6-astra,xhigh,159251,158592,0,1902,875,161153,659,0.260282
4380,2026-09-22T10:15:39.586Z,resonance,gpt-6-astra,xhigh,161232,159104,0,1189,649,162421,2128,0.239834
4381,2026-09-22T10:16:06.877Z,resonance,gpt-6-astra,xhigh,163533,161152,0,661,411,164194,2381,0.218012
4382,2026-09-22T10:17:06.178Z,resonance,gpt-6-astra,xhigh,165457,163456,0,1211,1034,166668,2001,0.244016
4383,2026-09-22T10:18:07.861Z,resonance,gpt-6-astra,xhigh,166765,165248,0,1561,1185,168326,1517,0.258468
4384,2026-09-22T10:18:24.898Z,resonance,gpt-6-astra,xhigh,168824,166528,0,294,86,169118,2296,0.204188
4385,2026-09-22T10:18:45.969Z,resonance,gpt-6-astra,xhigh,169360,168576,0,542,190,169902,784,0.203516
4386,2026-09-22T10:19:03.245Z,resonance,gpt-6-astra,xhigh,170013,169216,0,412,155,170425,797,0.197786
4387,2026-09-22T10:20:20.783Z,resonance,gpt-6-astra,xhigh,171772,169856,0,1993,1332,173765,1916,0.288666
4388,2026-09-22T10:20:41.551Z,resonance,gpt-6-astra,xhigh,173845,171648,0,556,171,174401,2197,0.221418
4389,2026-09-22T10:21:50.227Z,resonance,gpt-6-astra,xhigh,175140,173696,0,1613,1267,176753,1444,0.268786
4390,2026-09-22T10:22:10.133Z,resonance,gpt-6-astra,xhigh,177728,174976,0,530,90,178258,2752,0.228996
4391,2026-09-22T10:23:17.628Z,resonance,gpt-6-astra,xhigh,178600,177536,0,1428,1192,180028,1064,0.259576
4392,2026-09-22T10:23:53.835Z,resonance,gpt-6-astra,xhigh,181522,178432,0,896,315,182418,3090,0.254132
4393,2026-09-22T10:25:44.773Z,resonance,gpt-6-astra,xhigh,182594,181376,0,2610,2384,185204,1218,0.324056
4394,2026-09-22T10:25:54.281Z,resonance,gpt-6-astra,xhigh,186602,182400,0,218,32,186820,4202,0.23532
4395,2026-09-22T10:26:51.892Z,resonance,gpt-6-astra,xhigh,186914,186496,0,1203,996,188117,418,0.250826
4396,2026-09-22T10:26:58.018Z,resonance,gpt-6-astra,xhigh,188756,186752,0,113,92,188869,2004,0.212442
4397,2026-09-22T10:27:19.851Z,resonance,gpt-6-astra,xhigh,188892,188672,0,183,0,189075,220,0.200022
4398,2026-09-22T10:27:43.700Z,resonance,gpt-6-astra,xhigh,189300,188800,0,701,19,190001,500,0.22885
4399,2026-09-22T10:28:08.401Z,resonance,gpt-6-astra,xhigh,190247,189184,0,440,355,190687,1063,0.221814
4400,2026-09-22T10:29:06.360Z,resonance,gpt-6-astra,xhigh,192706,190080,0,1773,731,194479,2626,0.30499
4401,2026-09-22T10:30:27.895Z,resonance,gpt-6-astra,xhigh,194654,192512,0,2245,1343,196899,2142,0.326182
4402,2026-09-22T10:30:56.691Z,resonance,gpt-6-astra,xhigh,197020,194560,0,804,288,197824,2460,0.25936
4403,2026-09-22T10:32:17.432Z,resonance,gpt-6-astra,xhigh,197889,196864,0,1709,1433,199598,1025,0.292564
4404,2026-09-22T10:33:24.946Z,resonance,gpt-6-astra,xhigh,201225,197760,0,2138,625,203363,3465,0.33931
4405,2026-09-22T10:34:08.320Z,resonance,gpt-6-astra,xhigh,203495,201088,0,1103,1032,204598,2407,0.280308
4406,2026-09-22T10:36:15.879Z,resonance,gpt-6-astra,xhigh,206626,203392,0,3111,2670,209737,3234,0.391282
4407,2026-09-22T10:36:31.070Z,resonance,gpt-6-astra,xhigh,210048,206464,0,193,109,210241,3584,0.251954
4408,2026-09-22T10:37:20.862Z,resonance,gpt-6-astra,xhigh,210264,209920,0,83,0,210347,344,0.21751
4409,2026-09-22T10:38:35.589Z,resonance,gpt-6-astra,xhigh,210531,210176,0,2396,937,212927,355,0.333526
4410,2026-09-22T10:38:59.988Z,resonance,gpt-6-astra,xhigh,213319,210432,0,630,516,213949,2887,0.270802
4411,2026-09-22T10:39:09.986Z,resonance,gpt-6-astra,xhigh,214545,213248,0,208,89,214753,1297,0.236618
4412,2026-09-22T10:39:42.947Z,resonance,gpt-6-astra,xhigh,216427,127360,0,744,516,217171,89067,1.05523
4413,2026-09-22T10:41:31.917Z,resonance,gpt-6-astra,xhigh,219467,216320,0,2502,2349,221969,3147,0.37289
4414,2026-09-22T10:43:16.103Z,resonance,gpt-6-astra,xhigh,222222,219392,0,2971,2070,225193,2830,0.396242
4415,2026-09-22T10:44:49.311Z,resonance,gpt-6-astra,xhigh,225249,222080,0,3022,425,228271,3169,0.40487
4416,2026-09-22T10:45:55.495Z,resonance,gpt-6-astra,xhigh,228566,225152,0,1805,1476,230371,3414,0.349542
4417,2026-09-22T10:46:36.828Z,resonance,gpt-6-astra,xhigh,231612,228480,0,1158,613,232770,3132,0.3177
4418,2026-09-22T10:48:17.530Z,resonance,gpt-6-astra,xhigh,233621,231424,0,2770,2005,236391,2197,0.391894
4419,2026-09-22T10:49:40.450Z,resonance,gpt-6-astra,xhigh,237706,233472,0,1976,1329,239682,4234,0.374612
4420,2026-09-22T10:51:29.679Z,resonance,gpt-6-astra,xhigh,240193,237568,0,3080,1811,243273,2625,0.417818
4421,2026-09-22T10:53:35.357Z,resonance,gpt-6-astra,xhigh,243331,240000,0,2884,2663,246215,3331,0.41751
4422,2026-09-22T10:57:16.154Z,resonance,gpt-6-astra,xhigh,246337,127360,0,7176,0,253513,118977,1.67593
4423,2026-09-22T10:57:25.160Z,resonance,gpt-6-astra,xhigh,35356,27904,0,230,20,35586,7452,0.113924
4424,2026-09-22T10:57:34.540Z,resonance,gpt-6-astra,xhigh,44919,35200,0,246,0,45165,9719,0.14469
4425,2026-09-22T10:57:47.597Z,resonance,gpt-6-astra,xhigh,48105,44800,0,349,81,48454,3305,0.0953
4426,2026-09-22T10:58:01.281Z,resonance,gpt-6-astra,xhigh,57531,47872,0,350,111,57881,9659,0.161962
4427,2026-09-22T10:58:24.912Z,resonance,gpt-6-astra,xhigh,65861,57344,0,584,463,66445,8517,0.171714
4428,2026-09-22T10:58:49.676Z,resonance,gpt-6-astra,xhigh,71405,65664,0,664,516,72069,5741,0.156274
4429,2026-09-22T10:59:23.331Z,resonance,gpt-6-astra,xhigh,82613,71168,0,956,183,83569,11445,0.233418
4430,2026-09-22T10:59:35.343Z,resonance,gpt-6-astra,xhigh,83628,82432,0,265,36,83893,1196,0.107642
4431,2026-09-22T10:59:54.075Z,resonance,gpt-6-astra,xhigh,88695,83456,0,499,215,89194,5239,0.160796
4432,2026-09-22T11:00:28.685Z,resonance,gpt-6-astra,xhigh,92472,88576,0,1019,510,93491,3896,0.178486
4433,2026-09-22T11:00:40.765Z,resonance,gpt-6-astra,xhigh,94358,65664,0,138,10,94496,28694,0.359504
4434,2026-09-22T11:01:00.002Z,resonance,gpt-6-astra,xhigh,96295,94208,0,450,118,96745,2087,0.137578
4435,2026-09-22T11:02:14.169Z,resonance,gpt-6-astra,xhigh,99628,96128,0,2272,516,101900,3500,0.244728
4436,2026-09-22T11:02:39.859Z,resonance,gpt-6-astra,xhigh,101924,99456,0,651,442,102575,2468,0.156686
4437,2026-09-22T11:03:29.763Z,resonance,gpt-6-astra,xhigh,102701,101760,0,1247,1034,103948,941,0.17352
4438,2026-09-22T11:04:35.588Z,resonance,gpt-6-astra,xhigh,104772,102528,0,2130,277,106902,2244,0.231468
4439,2026-09-22T11:04:53.122Z,resonance,gpt-6-astra,xhigh,107048,104576,0,431,138,107479,2472,0.150846
4440,2026-09-22T11:05:24.633Z,resonance,gpt-6-astra,xhigh,107638,106880,0,861,341,108499,758,0.15751
4441,2026-09-22T11:05:35.577Z,resonance,gpt-6-astra,xhigh,109099,107520,0,192,52,109291,1579,0.13291
4442,2026-09-22T11:05:55.699Z,resonance,gpt-6-astra,xhigh,111658,108928,0,501,178,112159,2730,0.161278
4443,2026-09-22T11:06:19.338Z,resonance,gpt-6-astra,xhigh,112840,111488,0,534,147,113374,1352,0.151708
4444,2026-09-22T11:06:37.545Z,resonance,gpt-6-astra,xhigh,113946,112640,0,462,85,114408,1306,0.1488
4445,2026-09-22T11:06:50.655Z,resonance,gpt-6-astra,xhigh,114571,113792,0,230,0,114801,779,0.133082
4446,2026-09-22T11:07:04.849Z,resonance,gpt-6-astra,xhigh,115593,12160,0,251,79,115844,103433,1.05904
4447,2026-09-22T11:07:17.688Z,resonance,gpt-6-astra,xhigh,118173,115456,0,249,24,118422,2717,0.155076
4448,2026-09-22T11:07:31.833Z,resonance,gpt-6-astra,xhigh,120592,118016,0,283,187,120875,2576,0.157926
4449,2026-09-22T11:07:59.710Z,resonance,gpt-6-astra,xhigh,121724,120192,0,766,516,122490,1532,0.173812
4450,2026-09-22T11:08:17.070Z,resonance,gpt-6-astra,xhigh,122732,121600,0,476,125,123208,1132,0.15672
4451,2026-09-22T11:08:44.831Z,resonance,gpt-6-astra,xhigh,123396,122624,0,812,516,124208,772,0.170944
4452,2026-09-22T11:09:07.358Z,resonance,gpt-6-astra,xhigh,125240,114432,0,571,293,125811,10808,0.251062
4453,2026-09-22T11:09:35.656Z,resonance,gpt-6-astra,xhigh,126277,125056,0,608,516,126885,1221,0.167666
4454,2026-09-22T11:09:41.710Z,resonance,gpt-6-astra,xhigh,128077,126208,0,97,15,128174,1869,0.149748
4455,2026-09-22T11:09:49.870Z,resonance,gpt-6-astra,xhigh,128696,128000,0,150,59,128846,696,0.14246
4456,2026-09-22T11:10:37.256Z,resonance,gpt-6-astra,xhigh,131799,128512,0,1436,613,133235,3287,0.233182
4457,2026-09-22T11:11:14.413Z,resonance,gpt-6-astra,xhigh,133313,123264,0,1090,516,134403,10049,0.278254
4458,2026-09-22T11:11:34.432Z,resonance,gpt-6-astra,xhigh,134816,133120,0,530,371,135346,1696,0.17658
4459,2026-09-22T11:11:55.740Z,resonance,gpt-6-astra,xhigh,136024,134656,0,486,203,136510,1368,0.172636
4460,2026-09-22T11:12:18.093Z,resonance,gpt-6-astra,xhigh,136633,135936,0,339,53,136972,697,0.159856
4461,2026-09-22T11:13:09.683Z,resonance,gpt-6-astra,xhigh,138149,136448,0,1211,1030,139360,1701,0.214008
4462,2026-09-22T11:13:26.585Z,resonance,gpt-6-astra,xhigh,139757,131712,0,280,163,140037,8045,0.226162
4463,2026-09-22T11:14:01.010Z,resonance,gpt-6-astra,xhigh,141855,137984,0,632,516,142487,3871,0.208294
4464,2026-09-22T11:15:07.829Z,resonance,gpt-6-astra,xhigh,142980,27904,0,412,0,143392,115076,1.199264
4465,2026-09-22T11:15:28.744Z,resonance,gpt-6-astra,xhigh,143564,142848,0,107,26,143671,716,0.155358
4466,2026-09-22T11:16:40.429Z,resonance,gpt-6-astra,xhigh,144066,143488,0,1959,38,146025,578,0.247218
4467,2026-09-22T11:17:21.205Z,resonance,gpt-6-astra,xhigh,146209,143872,0,758,362,146967,2337,0.205142
4468,2026-09-22T11:17:35.497Z,resonance,gpt-6-astra,xhigh,147349,12160,0,364,81,147713,135189,1.38225
4469,2026-09-22T11:18:03.611Z,resonance,gpt-6-astra,xhigh,148009,146048,0,379,121,148388,1961,0.184608
4470,2026-09-22T11:18:52.491Z,resonance,gpt-6-astra,xhigh,148707,147840,0,1067,224,149774,867,0.20986
4471,2026-09-22T11:19:55.033Z,resonance,gpt-6-astra,xhigh,150271,148608,0,1538,777,151809,1663,0.242138
4472,2026-09-22T11:20:37.168Z,resonance,gpt-6-astra,xhigh,154843,150144,0,827,480,155670,4699,0.238484
4473,2026-09-22T11:21:24.533Z,resonance,gpt-6-astra,xhigh,156544,147200,0,1520,419,158064,9344,0.31664
4474,2026-09-22T11:22:11.515Z,resonance,gpt-6-astra,xhigh,158273,154752,0,973,516,159246,3521,0.238612
4475,2026-09-22T11:23:00.205Z,resonance,gpt-6-astra,xhigh,159471,158080,0,930,227,160401,1391,0.21849
4476,2026-09-22T11:23:54.351Z,resonance,gpt-6-astra,xhigh,160621,159360,0,1224,516,161845,1261,0.23317
4477,2026-09-22T11:24:22.436Z,resonance,gpt-6-astra,xhigh,162058,160512,0,398,115,162456,1546,0.195872
4478,2026-09-22T11:25:36.943Z,resonance,gpt-6-astra,xhigh,163535,161920,0,2251,1552,165786,1615,0.29062
4479,2026-09-22T11:25:46.410Z,resonance,gpt-6-astra,xhigh,165909,163456,0,102,11,166011,2453,0.193086
4480,2026-09-22T11:26:27.998Z,resonance,gpt-6-astra,xhigh,166818,165760,0,1213,319,168031,1058,0.23699
4481,2026-09-22T11:26:59.099Z,resonance,gpt-6-astra,xhigh,168372,166656,0,711,323,169083,1716,0.219366
4482,2026-09-22T11:27:29.927Z,resonance,gpt-6-astra,xhigh,169214,168192,0,787,516,170001,1022,0.217762
4483,2026-09-22T11:27:59.439Z,resonance,gpt-6-astra,xhigh,171096,169088,0,746,516,171842,2008,0.226468
4484,2026-09-22T11:28:40.304Z,resonance,gpt-6-astra,xhigh,173119,171008,0,1288,328,174407,2111,0.256518
4485,2026-09-22T11:28:49.791Z,resonance,gpt-6-astra,xhigh,175291,172928,0,172,68,175463,2363,0.205158
4486,2026-09-22T11:29:24.051Z,resonance,gpt-6-astra,xhigh,176219,175104,0,1024,58,177243,1115,0.237454
4487,2026-09-22T11:29:44.657Z,resonance,gpt-6-astra,xhigh,177601,176128,0,572,427,178173,1473,0.219458
4488,2026-09-22T11:31:04.590Z,resonance,gpt-6-astra,xhigh,178447,177408,0,2401,1034,180848,1039,0.307848
4489,2026-09-22T11:31:24.086Z,resonance,gpt-6-astra,xhigh,180936,178304,0,426,278,181362,2632,0.225924
4490,2026-09-22T11:31:36.152Z,resonance,gpt-6-astra,xhigh,181520,180864,0,78,0,181598,656,0.191324
4491,2026-09-22T11:31:53.409Z,resonance,gpt-6-astra,xhigh,183021,181376,0,362,122,183383,1645,0.215926
4492,2026-09-22T11:33:02.381Z,resonance,gpt-6-astra,xhigh,184428,146048,0,1151,1034,185579,38380,0.587398
4493,2026-09-22T11:34:51.445Z,resonance,gpt-6-astra,xhigh,186787,12160,0,3036,3015,189823,174627,1.91023
4494,2026-09-22T11:36:01.782Z,resonance,gpt-6-astra,xhigh,189846,184320,0,158,37,190004,5526,0.24748
4495,2026-09-22T11:36:53.307Z,resonance,gpt-6-astra,xhigh,190161,189696,0,1512,516,191673,465,0.269946
4496,2026-09-22T11:37:19.128Z,resonance,gpt-6-astra,xhigh,191730,190080,0,663,425,192393,1650,0.23973
4497,2026-09-22T11:37:42.273Z,resonance,gpt-6-astra,xhigh,192664,191616,0,537,516,193201,1048,0.228946
4498,2026-09-22T11:38:51.295Z,resonance,gpt-6-astra,xhigh,193224,192512,0,149,0,193373,712,0.207082
4499,2026-09-22T11:39:41.468Z,resonance,gpt-6-astra,xhigh,193511,193152,0,1487,1318,194998,359,0.271092
4500,2026-09-22T11:39:52.145Z,resonance,gpt-6-astra,xhigh,195155,193408,0,202,39,195357,1747,0.220978
4501,2026-09-22T11:40:32.073Z,resonance,gpt-6-astra,xhigh,197549,195072,0,1215,779,198764,2477,0.280592
4502,2026-09-22T11:40:42.625Z,resonance,gpt-6-astra,xhigh,199866,197376,0,206,10,200072,2490,0.232576
4503,2026-09-22T11:41:21.809Z,resonance,gpt-6-astra,xhigh,202262,199680,0,1115,1034,203377,2582,0.28125
4504,2026-09-22T11:43:07.659Z,resonance,gpt-6-astra,xhigh,205168,202240,0,3141,992,208309,2928,0.38857
4505,2026-09-22T11:44:03.221Z,resonance,gpt-6-astra,xhigh,208366,205056,0,1651,101,210017,3310,0.320706
4506,2026-09-22T11:44:22.966Z,resonance,gpt-6-astra,xhigh,210097,208256,0,540,349,210637,1841,0.253666
4507,2026-09-22T11:44:41.493Z,resonance,gpt-6-astra,xhigh,211729,210048,0,521,173,212250,1681,0.252908
4508,2026-09-22T11:45:24.881Z,resonance,gpt-6-astra,xhigh,212347,211712,0,1202,516,213549,635,0.278162
4509,2026-09-22T11:46:29.364Z,resonance,gpt-6-astra,xhigh,213707,212224,0,1634,1034,215341,1483,0.308754
4510,2026-09-22T11:46:36.079Z,resonance,gpt-6-astra,xhigh,215506,213632,0,114,16,215620,1874,0.238072
4511,2026-09-22T11:46:59.036Z,resonance,gpt-6-astra,xhigh,217659,215424,0,523,284,218182,2235,0.263924
4512,2026-09-22T11:47:20.103Z,resonance,gpt-6-astra,xhigh,218688,217600,0,539,85,219227,1088,0.25543
4513,2026-09-22T11:48:12.610Z,resonance,gpt-6-astra,xhigh,220592,218624,0,1587,1034,222179,1968,0.317654
4514,2026-09-22T11:49:11.310Z,resonance,gpt-6-astra,xhigh,222856,220544,0,1856,1404,224712,2312,0.336464
4515,2026-09-22T11:49:35.025Z,resonance,gpt-6-astra,xhigh,225366,222848,0,664,249,226030,2518,0.281228
4516,2026-09-22T11:50:34.794Z,resonance,gpt-6-astra,xhigh,226746,225280,0,1719,1336,228465,1466,0.32589
4517,2026-09-22T11:51:09.163Z,resonance,gpt-6-astra,xhigh,228735,226560,0,858,730,229593,2175,0.29121
4518,2026-09-22T11:52:20.774Z,resonance,gpt-6-astra,xhigh,231091,228608,0,2258,2070,233349,2483,0.366338
4519,2026-09-22T11:52:43.051Z,resonance,gpt-6-astra,xhigh,234097,230912,0,616,317,234713,3185,0.293562
4520,2026-09-22T11:53:10.502Z,resonance,gpt-6-astra,xhigh,234943,233984,0,800,662,235743,959,0.283574
4521,2026-09-22T11:53:42.345Z,resonance,gpt-6-astra,xhigh,237435,234752,0,933,835,238368,2683,0.308232
4522,2026-09-22T11:59:06.085Z,resonance,gpt-6-astra,xhigh,240600,237312,0,10320,9840,250920,3288,0.786192
4523,2026-09-22T12:02:57.076Z,resonance,gpt-6-astra,xhigh,250957,240512,0,7475,0,258432,10445,0.718712
4524,2026-09-22T12:03:10.246Z,resonance,gpt-6-astra,xhigh,35659,28032,0,269,8,35928,7627,0.117752
4525,2026-09-22T12:03:23.157Z,resonance,gpt-6-astra,xhigh,45680,35456,0,318,10,45998,10224,0.153596
4526,2026-09-22T12:03:34.590Z,resonance,gpt-6-astra,xhigh,53394,45440,0,250,46,53644,7954,0.13748
4527,2026-09-22T12:03:56.343Z,resonance,gpt-6-astra,xhigh,63629,53248,0,516,36,64145,10381,0.182858
4528,2026-09-22T12:04:11.195Z,resonance,gpt-6-astra,xhigh,68061,63488,0,406,13,68467,4573,0.129518
4529,2026-09-22T12:04:40.317Z,resonance,gpt-6-astra,xhigh,70813,67840,0,851,318,71664,2973,0.14012
4530,2026-09-22T12:05:05.342Z,resonance,gpt-6-astra,xhigh,73609,70656,0,727,516,74336,2953,0.136536
4531,2026-09-22T12:06:03.185Z,resonance,gpt-6-astra,xhigh,76865,73472,0,1729,516,78594,3393,0.193852
4532,2026-09-22T12:07:14.835Z,resonance,gpt-6-astra,xhigh,78650,76672,0,1856,19,80506,1978,0.189252
4533,2026-09-22T12:07:36.314Z,resonance,gpt-6-astra,xhigh,80530,78464,0,596,283,81126,2066,0.128924
4534,2026-09-22T12:07:58.536Z,resonance,gpt-6-astra,xhigh,81530,80384,0,430,0,81960,1146,0.113344
4535,2026-09-22T12:08:33.876Z,resonance,gpt-6-astra,xhigh,82161,81408,0,975,24,83136,753,0.137688
4536,2026-09-22T12:09:58.508Z,resonance,gpt-6-astra,xhigh,83194,81920,0,2560,217,85754,1274,0.22266
4537,2026-09-22T12:10:41.814Z,resonance,gpt-6-astra,xhigh,86357,83072,0,1244,462,87601,3285,0.178122
4538,2026-09-22T12:11:08.099Z,resonance,gpt-6-astra,xhigh,87657,86144,0,768,114,88425,1513,0.139674
4539,2026-09-22T12:11:29.670Z,resonance,gpt-6-astra,xhigh,88907,87424,0,539,12,89446,1483,0.129204
4540,2026-09-22T12:11:50.912Z,resonance,gpt-6-astra,xhigh,89884,88704,0,537,18,90421,1180,0.127354
4541,2026-09-22T12:12:06.854Z,resonance,gpt-6-astra,xhigh,90691,89728,0,388,35,91079,963,0.118758
4542,2026-09-22T12:12:22.413Z,resonance,gpt-6-astra,xhigh,92695,90496,0,352,49,93047,2199,0.130086
4543,2026-09-22T12:12:45.699Z,resonance,gpt-6-astra,xhigh,95972,92544,0,655,516,96627,3428,0.159574
4544,2026-09-22T12:12:55.639Z,resonance,gpt-6-astra,xhigh,99257,95744,0,240,83,99497,3513,0.142874
4545,2026-09-22T12:13:27.095Z,resonance,gpt-6-astra,xhigh,100035,99072,0,700,66,100735,963,0.143702
4546,2026-09-22T12:13:39.021Z,resonance,gpt-6-astra,xhigh,103881,99840,0,269,162,104150,4041,0.1537
4547,2026-09-22T12:13:52.649Z,resonance,gpt-6-astra,xhigh,108147,103680,0,329,247,108476,4467,0.1648
4548,2026-09-22T12:14:31.717Z,resonance,gpt-6-astra,xhigh,113456,108032,0,1194,169,114650,5424,0.221972
4549,2026-09-22T12:14:42.772Z,resonance,gpt-6-astra,xhigh,114708,113280,0,230,185,114938,1428,0.13906
4550,2026-09-22T12:15:13.689Z,resonance,gpt-6-astra,xhigh,115089,114560,0,837,23,115926,529,0.1617
4551,2026-09-22T12:15:58.110Z,resonance,gpt-6-astra,xhigh,116100,114944,0,1410,152,117510,1156,0.197004
4552,2026-09-22T12:16:11.803Z,resonance,gpt-6-astra,xhigh,118073,115968,0,310,125,118383,2105,0.152518
4553,2026-09-22T12:16:28.989Z,resonance,gpt-6-astra,xhigh,118633,117888,0,434,159,119067,745,0.147038
4554,2026-09-22T12:16:44.394Z,resonance,gpt-6-astra,xhigh,119763,118400,0,454,95,120217,1363,0.15473
4555,2026-09-22T12:17:13.493Z,resonance,gpt-6-astra,xhigh,121155,119552,0,860,516,122015,1603,0.178582
4556,2026-09-22T12:17:22.267Z,resonance,gpt-6-astra,xhigh,122104,120960,0,204,72,122308,1144,0.1426
4557,2026-09-22T12:17:38.882Z,resonance,gpt-6-astra,xhigh,122943,121984,0,474,156,123417,959,0.155274
4558,2026-09-22T12:18:10.187Z,resonance,gpt-6-astra,xhigh,123757,122752,0,891,516,124648,1005,0.177352
4559,2026-09-22T12:18:26.285Z,resonance,gpt-6-astra,xhigh,124826,123520,0,424,52,125250,1306,0.15778
4560,2026-09-22T12:18:48.174Z,resonance,gpt-6-astra,xhigh,125546,124672,0,626,516,126172,874,0.164712
4561,2026-09-22T12:19:24.900Z,resonance,gpt-6-astra,xhigh,129317,125312,0,1114,1011,130431,4005,0.221062
4562,2026-09-22T12:19:53.863Z,resonance,gpt-6-astra,xhigh,130748,129152,0,866,64,131614,1596,0.188412
4563,2026-09-22T12:20:43.057Z,resonance,gpt-6-astra,xhigh,131805,130560,0,1477,283,133282,1245,0.21686
4564,2026-09-22T12:21:13.344Z,resonance,gpt-6-astra,xhigh,133500,131584,0,848,206,134348,1916,0.193144
4565,2026-09-22T12:21:35.905Z,resonance,gpt-6-astra,xhigh,135298,133376,0,617,516,135915,1922,0.183446
4566,2026-09-22T12:22:38.566Z,resonance,gpt-6-astra,xhigh,136732,135168,0,1992,200,138724,1564,0.250408
4567,2026-09-22T12:22:49.683Z,resonance,gpt-6-astra,xhigh,138858,136576,0,257,47,139115,2282,0.172246
4568,2026-09-22T12:23:22.437Z,resonance,gpt-6-astra,xhigh,141181,138624,0,871,516,142052,2557,0.207744
4569,2026-09-22T12:23:39.362Z,resonance,gpt-6-astra,xhigh,142315,140672,0,451,304,142766,1643,0.179652
4570,2026-09-22T12:24:36.897Z,resonance,gpt-6-astra,xhigh,143027,142208,0,1777,516,144804,819,0.239248
4571,2026-09-22T12:24:55.408Z,resonance,gpt-6-astra,xhigh,145221,142976,0,438,250,145659,2245,0.187326
4572,2026-09-22T12:25:22.200Z,resonance,gpt-6-astra,xhigh,145942,145152,0,770,0,146712,790,0.191552
4573,2026-09-22T12:25:56.759Z,resonance,gpt-6-astra,xhigh,146903,145792,0,920,516,147823,1111,0.202902
4574,2026-09-22T12:26:41.739Z,resonance,gpt-6-astra,xhigh,148577,146816,0,1171,1080,149748,1761,0.222976
4575,2026-09-22T12:27:36.209Z,resonance,gpt-6-astra,xhigh,150801,148480,0,1687,1360,152488,2321,0.25604
4576,2026-09-22T12:28:53.444Z,resonance,gpt-6-astra,xhigh,152776,150656,0,2285,1260,155061,2120,0.286106
4577,2026-09-22T12:29:21.506Z,resonance,gpt-6-astra,xhigh,155294,152704,0,827,370,156121,2590,0.219954
4578,2026-09-22T12:29:33.956Z,resonance,gpt-6-astra,xhigh,156343,155136,0,141,83,156484,1207,0.174256
4579,2026-09-22T12:29:45.029Z,resonance,gpt-6-astra,xhigh,157599,156288,0,183,124,157782,1311,0.178548
4580,2026-09-22T12:31:06.038Z,resonance,gpt-6-astra,xhigh,158526,157568,0,2563,1034,161089,958,0.295298
4581,2026-09-22T12:31:29.175Z,resonance,gpt-6-astra,xhigh,161173,158336,0,607,516,161780,2837,0.217056
4582,2026-09-22T12:31:59.225Z,resonance,gpt-6-astra,xhigh,161997,161024,0,551,480,162548,973,0.198304
4583,2026-09-22T12:33:18.122Z,resonance,gpt-6-astra,xhigh,162668,70656,0,843,516,163511,92012,1.032926
4584,2026-09-22T12:33:49.766Z,resonance,gpt-6-astra,xhigh,163638,162560,0,809,720,164447,1078,0.21379
4585,2026-09-22T12:34:39.031Z,resonance,gpt-6-astra,xhigh,164470,163584,0,70,0,164540,886,0.175944
4586,2026-09-22T12:35:47.966Z,resonance,gpt-6-astra,xhigh,164759,164352,0,2126,516,166885,407,0.274722
4587,2026-09-22T12:36:11.479Z,resonance,gpt-6-astra,xhigh,167163,164736,0,642,516,167805,2427,0.221106
4588,2026-09-22T12:36:23.053Z,resonance,gpt-6-astra,xhigh,168100,167040,0,136,0,168236,1060,0.18444
4589,2026-09-22T12:36:35.247Z,resonance,gpt-6-astra,xhigh,169659,168064,0,264,0,169923,1595,0.197214
4590,2026-09-22T12:38:22.071Z,resonance,gpt-6-astra,xhigh,174398,169600,0,2518,2420,176916,4798,0.34348
4591,2026-09-22T12:40:59.503Z,resonance,gpt-6-astra,xhigh,180097,174336,0,5104,1810,185201,5761,0.487146
4592,2026-09-22T12:42:39.481Z,resonance,gpt-6-astra,xhigh,185225,179968,0,3074,1398,188299,5257,0.386238
4593,2026-09-22T12:43:08.027Z,resonance,gpt-6-astra,xhigh,188356,185088,0,811,376,189167,3268,0.258318
4594,2026-09-22T12:44:27.819Z,resonance,gpt-6-astra,xhigh,189873,188288,0,2240,1251,192113,1585,0.316138
4595,2026-09-22T12:45:35.410Z,resonance,gpt-6-astra,xhigh,192412,189824,0,2047,1206,194459,2588,0.318054
4596,2026-09-22T12:46:30.047Z,resonance,gpt-6-astra,xhigh,194710,192384,0,1345,1160,196055,2326,0.282894
4597,2026-09-22T12:46:46.822Z,resonance,gpt-6-astra,xhigh,196865,194688,0,250,170,197115,2177,0.228958
4598,2026-09-22T12:48:33.094Z,resonance,gpt-6-astra,xhigh,197966,196736,0,3071,1964,201037,1230,0.362586
4599,2026-09-22T12:49:03.767Z,resonance,gpt-6-astra,xhigh,201094,197760,0,842,92,201936,3334,0.2732
4600,2026-09-22T12:50:12.968Z,resonance,gpt-6-astra,xhigh,202069,200960,0,1924,1364,203993,1109,0.30825
4601,2026-09-22T12:50:47.050Z,resonance,gpt-6-astra,xhigh,204118,201856,0,812,707,204930,2262,0.265076
4602,2026-09-22T12:51:32.828Z,resonance,gpt-6-astra,xhigh,205717,203904,0,1091,456,206808,1813,0.276584
4603,2026-09-22T12:52:01.520Z,resonance,gpt-6-astra,xhigh,207376,205440,0,712,330,208088,1936,0.2604
4604,2026-09-22T12:53:17.254Z,resonance,gpt-6-astra,xhigh,208360,207232,0,1779,1659,210139,1128,0.307462
4605,2026-09-22T12:56:01.135Z,resonance,gpt-6-astra,xhigh,211091,208256,0,3505,3236,214596,2835,0.411856
4606,2026-09-22T12:57:25.791Z,resonance,gpt-6-astra,xhigh,215598,210944,0,1969,1466,217567,4654,0.355934
4607,2026-09-22T12:58:46.464Z,resonance,gpt-6-astra,xhigh,218061,215552,0,1711,1552,219772,2509,0.326192
4608,2026-09-22T12:59:02.985Z,resonance,gpt-6-astra,xhigh,221443,217984,0,304,151,221747,3459,0.267774
4609,2026-09-22T13:02:43.468Z,resonance,gpt-6-astra,xhigh,225344,162560,0,1656,0,227000,62784,0.8732
4610,2026-09-22T13:03:37.212Z,resonance,gpt-6-astra,xhigh,227443,225280,0,1288,992,228731,2163,0.31131
4611,2026-09-22T13:05:33.524Z,resonance,gpt-6-astra,xhigh,229132,227328,0,2558,2070,231690,1804,0.373268
4612,2026-09-22T13:08:38.691Z,resonance,gpt-6-astra,xhigh,231892,228992,0,3932,3559,235824,2900,0.454592
4613,2026-09-22T13:09:07.512Z,resonance,gpt-6-astra,xhigh,236162,231808,0,594,385,236756,4354,0.305048
4614,2026-09-22T13:09:38.018Z,resonance,gpt-6-astra,xhigh,238153,236032,0,760,516,238913,2121,0.295242
4615,2026-09-22T13:10:26.850Z,resonance,gpt-6-astra,xhigh,239491,238080,0,1078,846,240569,1411,0.30609
4616,2026-09-22T13:14:08.950Z,resonance,gpt-6-astra,xhigh,240770,239360,0,5150,4899,245920,1410,0.51096
4617,2026-09-22T13:17:41.798Z,resonance,gpt-6-astra,xhigh,245999,168192,0,6885,0,252884,77807,1.290512
4618,2026-09-22T13:17:56.279Z,resonance,gpt-6-astra,xhigh,35060,28032,0,257,11,35317,7028,0.111162
4619,2026-09-22T13:18:17.873Z,resonance,gpt-6-astra,xhigh,44589,34944,0,654,11,45243,9645,0.164094
4620,2026-09-22T13:18:39.774Z,resonance,gpt-6-astra,xhigh,52243,44416,0,624,150,52867,7827,0.153886
4621,2026-09-22T13:18:59.255Z,resonance,gpt-6-astra,xhigh,58982,52096,0,483,142,59465,6886,0.145106
4622,2026-09-22T13:19:13.185Z,resonance,gpt-6-astra,xhigh,61015,58752,0,218,49,61233,2263,0.092282
4623,2026-09-22T13:19:28.064Z,resonance,gpt-6-astra,xhigh,65556,60800,0,418,141,65974,4756,0.12926
4624,2026-09-22T13:19:39.222Z,resonance,gpt-6-astra,xhigh,66834,65408,0,254,84,67088,1426,0.092368
4625,2026-09-22T13:19:49.161Z,resonance,gpt-6-astra,xhigh,67808,66688,0,191,16,67999,1120,0.087438
4626,2026-09-22T13:20:01.803Z,resonance,gpt-6-astra,xhigh,74342,67584,0,356,98,74698,6758,0.152964
4627,2026-09-22T13:20:13.443Z,resonance,gpt-6-astra,xhigh,78105,74112,0,114,10,78219,3993,0.119742
4628,2026-09-22T13:20:23.951Z,resonance,gpt-6-astra,xhigh,79707,77952,0,285,18,79992,1755,0.109752
4629,2026-09-22T13:20:41.569Z,resonance,gpt-6-astra,xhigh,80481,79488,0,326,117,80807,993,0.105718
4630,2026-09-22T13:21:07.104Z,resonance,gpt-6-astra,xhigh,86914,80256,0,617,228,87531,6658,0.177686
4631,2026-09-22T13:21:18.319Z,resonance,gpt-6-astra,xhigh,87771,86784,0,237,33,88008,987,0.108504
4632,2026-09-22T13:21:31.451Z,resonance,gpt-6-astra,xhigh,88939,87552,0,317,18,89256,1387,0.117272
4633,2026-09-22T13:21:52.114Z,resonance,gpt-6-astra,xhigh,89323,88704,0,605,120,89928,619,0.125144
4634,2026-09-22T13:22:10.327Z,resonance,gpt-6-astra,xhigh,90167,89088,0,328,167,90495,1079,0.116278
4635,2026-09-22T13:22:41.879Z,resonance,gpt-6-astra,xhigh,95904,89984,0,959,454,96863,5920,0.197134
4636,2026-09-22T13:22:55.431Z,resonance,gpt-6-astra,xhigh,97284,95744,0,181,101,97465,1540,0.120194
4637,2026-09-22T13:23:03.862Z,resonance,gpt-6-astra,xhigh,98033,97152,0,135,51,98168,881,0.112712
4638,2026-09-22T13:23:17.420Z,resonance,gpt-6-astra,xhigh,98615,97792,0,356,50,98971,823,0.123822
4639,2026-09-22T13:23:40.697Z,resonance,gpt-6-astra,xhigh,99061,98432,0,683,335,99744,629,0.138872
4640,2026-09-22T13:24:09.893Z,resonance,gpt-6-astra,xhigh,100050,98944,0,537,516,100587,1106,0.136854
4641,2026-09-22T13:25:07.457Z,resonance,gpt-6-astra,xhigh,100610,99840,0,163,0,100773,770,0.11569
4642,2026-09-22T13:26:16.114Z,resonance,gpt-6-astra,xhigh,101018,100480,0,2002,427,103020,538,0.20596
4643,2026-09-22T13:26:43.498Z,resonance,gpt-6-astra,xhigh,103088,100864,0,537,516,103625,2224,0.149954
4644,2026-09-22T13:27:40.769Z,resonance,gpt-6-astra,xhigh,103648,102912,0,92,0,103740,736,0.114872
4645,2026-09-22T13:28:06.680Z,resonance,gpt-6-astra,xhigh,103887,103424,0,475,234,104362,463,0.131804
4646,2026-09-22T13:28:29.981Z,resonance,gpt-6-astra,xhigh,104945,103680,0,537,516,105482,1265,0.14318
4647,2026-09-22T13:29:26.631Z,resonance,gpt-6-astra,xhigh,105505,104704,0,142,0,105647,801,0.119814
4648,2026-09-22T13:29:50.039Z,resonance,gpt-6-astra,xhigh,105846,105344,0,468,399,106314,502,0.133764
4649,2026-09-22T13:30:49.745Z,resonance,gpt-6-astra,xhigh,106337,105728,0,132,0,106469,609,0.118418
4650,2026-09-22T13:31:18.642Z,resonance,gpt-6-astra,xhigh,106667,106112,0,506,335,107173,555,0.136962
4651,2026-09-22T13:31:22.849Z,resonance,gpt-6-astra,xhigh,107281,106496,0,45,24,107326,785,0.116596
4652,2026-09-22T13:32:14.770Z,resonance,gpt-6-astra,xhigh,107349,107136,0,84,0,107433,213,0.113466
4653,2026-09-22T13:33:04.848Z,resonance,gpt-6-astra,xhigh,107679,107136,0,1503,179,109182,543,0.187716
4654,2026-09-22T13:33:15.430Z,resonance,gpt-6-astra,xhigh,109481,107520,0,278,55,109759,1961,0.14103
4655,2026-09-22T13:33:34.423Z,resonance,gpt-6-astra,xhigh,110125,109312,0,495,301,110620,813,0.142192
4656,2026-09-22T13:33:44.548Z,resonance,gpt-6-astra,xhigh,112062,109952,0,181,59,112243,2110,0.140102
4657,2026-09-22T13:33:54.346Z,resonance,gpt-6-astra,xhigh,113161,111872,0,247,151,113408,1289,0.137112
4658,2026-09-22T13:34:26.562Z,resonance,gpt-6-astra,xhigh,114831,113024,0,889,516,115720,1807,0.175544
4659,2026-09-22T13:35:53.944Z,resonance,gpt-6-astra,xhigh,120178,114688,0,2356,1993,122534,5490,0.287388
4660,2026-09-22T13:37:34.231Z,resonance,gpt-6-astra,xhigh,123861,119936,0,3256,1290,127117,3925,0.321986
4661,2026-09-22T13:38:42.797Z,resonance,gpt-6-astra,xhigh,127141,123648,0,1835,814,128976,3493,0.250328
4662,2026-09-22T13:39:45.399Z,resonance,gpt-6-astra,xhigh,129055,126976,0,1447,1299,130502,2079,0.220116
4663,2026-09-22T13:41:17.676Z,resonance,gpt-6-astra,xhigh,130699,128896,0,2933,516,133632,1803,0.293576
4664,2026-09-22T13:41:46.855Z,resonance,gpt-6-astra,xhigh,133656,130560,0,711,516,134367,3096,0.19707
4665,2026-09-22T13:42:04.027Z,resonance,gpt-6-astra,xhigh,135003,133504,0,446,28,135449,1499,0.170794
4666,2026-09-22T13:43:12.869Z,resonance,gpt-6-astra,xhigh,135790,134784,0,1695,1552,137485,1006,0.229594
4667,2026-09-22T13:43:55.198Z,resonance,gpt-6-astra,xhigh,138552,135552,0,1230,397,139782,3000,0.227052
4668,2026-09-22T13:44:41.855Z,resonance,gpt-6-astra,xhigh,139806,138368,0,1482,609,141288,1438,0.226848
4669,2026-09-22T13:45:30.851Z,resonance,gpt-6-astra,xhigh,141358,139648,0,1158,1034,142516,1710,0.214648
4670,2026-09-22T13:46:11.502Z,resonance,gpt-6-astra,xhigh,142867,141184,0,1161,307,144028,1683,0.216064
4671,2026-09-22T13:46:27.403Z,resonance,gpt-6-astra,xhigh,144354,142720,0,445,171,144799,1634,0.18131
4672,2026-09-22T13:47:05.083Z,resonance,gpt-6-astra,xhigh,146907,144128,0,748,556,147655,2779,0.209318
4673,2026-09-22T13:48:02.033Z,resonance,gpt-6-astra,xhigh,148503,146688,0,1566,1034,150069,1815,0.243138
4674,2026-09-22T13:49:53.079Z,resonance,gpt-6-astra,xhigh,150427,148352,0,2930,1353,153357,2075,0.315602
4675,2026-09-22T13:50:45.315Z,resonance,gpt-6-astra,xhigh,153544,150272,0,1313,1033,154857,3272,0.248642
4676,2026-09-22T13:51:02.357Z,resonance,gpt-6-astra,xhigh,155283,153344,0,360,26,155643,1939,0.190734
4677,2026-09-22T13:51:09.170Z,resonance,gpt-6-astra,xhigh,155817,155136,0,87,0,155904,681,0.166296
4678,2026-09-22T13:52:52.671Z,resonance,gpt-6-astra,xhigh,157327,155648,0,2452,2030,159779,1679,0.295038
4679,2026-09-22T13:53:07.645Z,resonance,gpt-6-astra,xhigh,169873,157184,0,278,43,170151,12689,0.297974
4680,2026-09-22T13:53:17.633Z,resonance,gpt-6-astra,xhigh,172097,169728,0,219,45,172316,2369,0.204368
4681,2026-09-22T13:53:44.970Z,resonance,gpt-6-astra,xhigh,176003,171904,0,707,408,176710,4099,0.248244
4682,2026-09-22T13:53:56.531Z,resonance,gpt-6-astra,xhigh,179050,175872,0,89,17,179139,3178,0.212102
4683,2026-09-22T13:59:35.348Z,resonance,gpt-6-astra,xhigh,181941,178816,0,7884,6886,189825,3125,0.604266
4684,2026-09-22T14:03:11.031Z,resonance,gpt-6-astra,xhigh,189935,181760,0,6615,2991,196550,8175,0.59426
4685,2026-09-22T14:03:44.452Z,resonance,gpt-6-astra,xhigh,196770,65408,0,666,503,197436,131362,1.412328
4686,2026-09-22T14:03:51.755Z,resonance,gpt-6-astra,xhigh,197559,196608,0,86,9,197645,951,0.210418
4687,2026-09-22T14:04:18.754Z,resonance,gpt-6-astra,xhigh,199622,197376,0,670,305,200292,2246,0.253336
4688,2026-09-22T14:05:39.556Z,resonance,gpt-6-astra,xhigh,205609,199424,0,2310,1552,207919,6185,0.376774
4689,2026-09-22T14:07:09.228Z,resonance,gpt-6-astra,xhigh,207979,205440,0,1969,1521,209948,2539,0.32928
4690,2026-09-22T14:07:50.734Z,resonance,gpt-6-astra,xhigh,212118,207872,0,1031,742,213149,4246,0.301882
4691,2026-09-22T14:09:48.964Z,resonance,gpt-6-astra,xhigh,213208,211840,0,2699,2588,215907,1368,0.36047
4692,2026-09-22T14:11:57.592Z,resonance,gpt-6-astra,xhigh,219009,212992,0,4057,1552,223066,6017,0.476012
4693,2026-09-22T14:13:38.141Z,resonance,gpt-6-astra,xhigh,223123,218880,0,3111,1552,226234,4243,0.41686
4694,2026-09-22T14:14:57.453Z,resonance,gpt-6-astra,xhigh,226341,222976,0,1924,1552,228265,3365,0.352826
4695,2026-09-22T14:17:19.250Z,resonance,gpt-6-astra,xhigh,228544,226176,0,3981,2748,232525,2368,0.448906
4696,2026-09-22T14:18:20.782Z,resonance,gpt-6-astra,xhigh,232769,228352,0,1746,1131,234515,4417,0.359822
4697,2026-09-22T14:19:42.121Z,resonance,gpt-6-astra,xhigh,234791,232576,0,1988,1467,236779,2215,0.354126
4698,2026-09-22T14:19:49.956Z,resonance,gpt-6-astra,xhigh,237737,234624,0,140,52,237877,3113,0.272754
4699,2026-09-22T14:20:55.736Z,resonance,gpt-6-astra,xhigh,239781,237568,0,1555,1480,241336,2213,0.337448
4700,2026-09-22T14:21:59.811Z,resonance,gpt-6-astra,xhigh,242102,239360,0,1682,1317,243784,2742,0.35088
4701,2026-09-22T14:22:51.343Z,resonance,gpt-6-astra,xhigh,244325,242048,0,1173,943,245498,2277,0.323468
4702,2026-09-22T14:26:43.092Z,resonance,gpt-6-astra,xhigh,246250,200192,0,7588,0,253838,46058,1.040172
4703,2026-09-22T14:26:51.969Z,resonance,gpt-6-astra,xhigh,35771,28032,0,221,13,35992,7739,0.116472
4704,2026-09-22T14:27:08.333Z,resonance,gpt-6-astra,xhigh,45697,35584,0,329,8,46026,10113,0.153164
4705,2026-09-22T14:27:26.780Z,resonance,gpt-6-astra,xhigh,50585,45568,0,461,15,51046,5017,0.118788
4706,2026-09-22T14:27:43.412Z,resonance,gpt-6-astra,xhigh,56834,50432,0,340,9,57174,6402,0.131452
4707,2026-09-22T14:27:53.985Z,resonance,gpt-6-astra,xhigh,68450,56704,0,279,12,68729,11746,0.188114
4708,2026-09-22T14:28:35.484Z,resonance,gpt-6-astra,xhigh,74412,68224,0,1287,81,75699,6188,0.194454
4709,2026-09-22T14:28:46.564Z,resonance,gpt-6-astra,xhigh,76449,74240,0,132,19,76581,2209,0.10293
4710,2026-09-22T14:28:56.302Z,resonance,gpt-6-astra,xhigh,78549,76288,0,200,15,78749,2261,0.108898
4711,2026-09-22T14:29:08.063Z,resonance,gpt-6-astra,xhigh,79416,78208,0,235,33,79651,1208,0.102038
4712,2026-09-22T14:29:22.066Z,resonance,gpt-6-astra,xhigh,80728,79232,0,347,23,81075,1496,0.111542
4713,2026-09-22T14:29:35.361Z,resonance,gpt-6-astra,xhigh,82649,80512,0,262,28,82911,2137,0.114982
4714,2026-09-22T14:29:49.342Z,resonance,gpt-6-astra,xhigh,84083,82432,0,332,26,84415,1651,0.115542
4715,2026-09-22T14:29:57.661Z,resonance,gpt-6-astra,xhigh,85782,83840,0,178,28,85960,1942,0.11216
4716,2026-09-22T14:30:15.801Z,resonance,gpt-6-astra,xhigh,86654,85632,0,292,0,86946,1022,0.110452
4717,2026-09-22T14:30:35.682Z,resonance,gpt-6-astra,xhigh,87726,86528,0,454,62,88180,1198,0.121208
4718,2026-09-22T14:30:49.619Z,resonance,gpt-6-astra,xhigh,92807,87552,0,278,61,93085,5255,0.154002
4719,2026-09-22T14:31:06.808Z,resonance,gpt-6-astra,xhigh,95823,92672,0,342,135,96165,3151,0.141282
4720,2026-09-22T14:31:20.260Z,resonance,gpt-6-astra,xhigh,97259,95616,0,217,64,97476,1643,0.122896
4721,2026-09-22T14:31:41.551Z,resonance,gpt-6-astra,xhigh,97845,97024,0,453,9,98298,821,0.127884
4722,2026-09-22T14:31:48.588Z,resonance,gpt-6-astra,xhigh,98501,97664,0,94,73,98595,837,0.110734
4723,2026-09-22T14:32:40.812Z,resonance,gpt-6-astra,xhigh,98618,98304,0,343,27,98961,314,0.118594
4724,2026-09-22T14:33:02.216Z,resonance,gpt-6-astra,xhigh,99434,98432,0,489,277,99923,1002,0.132902
4725,2026-09-22T14:33:12.201Z,resonance,gpt-6-astra,xhigh,100636,99200,0,228,128,100864,1436,0.12496
4726,2026-09-22T14:33:24.989Z,resonance,gpt-6-astra,xhigh,101039,100352,0,91,70,101130,687,0.111772
4727,2026-09-22T14:34:10.291Z,resonance,gpt-6-astra,xhigh,101153,100864,0,109,0,101262,289,0.109204
4728,2026-09-22T14:34:29.330Z,resonance,gpt-6-astra,xhigh,101649,100992,0,563,18,102212,657,0.135712
4729,2026-09-22T14:34:49.847Z,resonance,gpt-6-astra,xhigh,102658,101504,0,530,14,103188,1154,0.139544
4730,2026-09-22T14:35:06.676Z,resonance,gpt-6-astra,xhigh,103366,102528,0,392,84,103758,838,0.130508
4731,2026-09-22T14:35:18.073Z,resonance,gpt-6-astra,xhigh,104051,103296,0,194,23,104245,755,0.120546
4732,2026-09-22T14:35:28.096Z,resonance,gpt-6-astra,xhigh,104584,103936,0,147,126,104731,648,0.117766
4733,2026-09-22T14:36:17.565Z,resonance,gpt-6-astra,xhigh,104754,104448,0,222,19,104976,306,0.118608
4734,2026-09-22T14:36:36.893Z,resonance,gpt-6-astra,xhigh,105208,104576,0,527,440,105735,632,0.137246
4735,2026-09-22T14:37:27.211Z,resonance,gpt-6-astra,xhigh,105758,105088,0,286,0,106044,670,0.126088
4736,2026-09-22T14:37:49.694Z,resonance,gpt-6-astra,xhigh,106324,105600,0,570,0,106894,724,0.14134
4737,2026-09-22T14:38:10.857Z,resonance,gpt-6-astra,xhigh,107097,106240,0,510,21,107607,857,0.14031
4738,2026-09-22T14:38:22.822Z,resonance,gpt-6-astra,xhigh,107989,107008,0,266,20,108255,981,0.130118
4739,2026-09-22T14:38:50.203Z,resonance,gpt-6-astra,xhigh,111705,107904,0,850,234,112555,3801,0.188414
4740,2026-09-22T14:39:04.139Z,resonance,gpt-6-astra,xhigh,112774,111616,0,218,21,112992,1158,0.134096
4741,2026-09-22T14:39:30.088Z,resonance,gpt-6-astra,xhigh,113171,112640,0,723,84,113894,531,0.1541
4742,2026-09-22T14:39:37.467Z,resonance,gpt-6-astra,xhigh,114081,113024,0,122,38,114203,1057,0.129694
4743,2026-09-22T14:40:25.705Z,resonance,gpt-6-astra,xhigh,114226,113920,0,206,0,114432,306,0.12728
4744,2026-09-22T14:41:01.953Z,resonance,gpt-6-astra,xhigh,115002,114048,0,947,516,115949,954,0.170938
4745,2026-09-22T14:41:08.481Z,resonance,gpt-6-astra,xhigh,116006,114816,0,145,82,116151,1190,0.133966
4746,2026-09-22T14:41:56.798Z,resonance,gpt-6-astra,xhigh,116174,115840,0,218,0,116392,334,0.13008
4747,2026-09-22T14:42:19.693Z,resonance,gpt-6-astra,xhigh,116606,116096,0,482,393,117088,510,0.145296
4748,2026-09-22T14:42:36.908Z,resonance,gpt-6-astra,xhigh,118040,116480,0,393,321,118433,1560,0.15173
4749,2026-09-22T14:43:24.513Z,resonance,gpt-6-astra,xhigh,118456,117888,0,182,0,118638,568,0.132668
4750,2026-09-22T14:43:56.506Z,resonance,gpt-6-astra,xhigh,118814,118272,0,537,516,119351,542,0.150542
4751,2026-09-22T14:44:42.890Z,resonance,gpt-6-astra,xhigh,119374,118656,0,153,0,119527,718,0.133486
4752,2026-09-22T14:45:17.456Z,resonance,gpt-6-astra,xhigh,119748,119296,0,740,664,120488,452,0.160816
4753,2026-09-22T14:46:02.397Z,resonance,gpt-6-astra,xhigh,120511,119680,0,93,0,120604,831,0.13264
4754,2026-09-22T14:47:00.823Z,resonance,gpt-6-astra,xhigh,120744,120448,0,1653,412,122397,296,0.206058
4755,2026-09-22T14:47:11.352Z,resonance,gpt-6-astra,xhigh,122455,120576,0,231,161,122686,1879,0.150916
4756,2026-09-22T14:48:03.602Z,resonance,gpt-6-astra,xhigh,122709,122368,0,130,0,122839,341,0.132278
4757,2026-09-22T14:48:35.245Z,resonance,gpt-6-astra,xhigh,123014,122624,0,781,760,123795,390,0.165574
4758,2026-09-22T14:49:24.705Z,resonance,gpt-6-astra,xhigh,123818,122880,0,141,9,123959,938,0.13931
4759,2026-09-22T14:49:37.789Z,resonance,gpt-6-astra,xhigh,124155,123648,0,188,129,124343,507,0.138118
4760,2026-09-22T14:50:23.059Z,resonance,gpt-6-astra,xhigh,124366,124032,0,84,0,124450,334,0.131572
4761,2026-09-22T14:50:49.119Z,resonance,gpt-6-astra,xhigh,124597,124288,0,537,516,125134,309,0.154228
4762,2026-09-22T14:51:33.593Z,resonance,gpt-6-astra,xhigh,125157,124416,0,68,0,125225,741,0.135226
4763,2026-09-22T14:51:55.774Z,resonance,gpt-6-astra,xhigh,125348,125056,0,617,15,125965,292,0.158826
4764,2026-09-22T14:52:45.974Z,resonance,gpt-6-astra,xhigh,126445,125184,0,1546,386,127991,1261,0.215094
4765,2026-09-22T14:52:55.741Z,resonance,gpt-6-astra,xhigh,128603,126336,0,251,173,128854,2267,0.161556
4766,2026-09-22T14:53:05.607Z,resonance,gpt-6-astra,xhigh,129756,128512,0,231,63,129987,1244,0.152502
4767,2026-09-22T14:53:13.360Z,resonance,gpt-6-astra,xhigh,130198,129664,0,134,0,130332,534,0.141704
4768,2026-09-22T14:53:45.155Z,resonance,gpt-6-astra,xhigh,131755,130048,0,912,516,132667,1707,0.192718
4769,2026-09-22T14:54:28.760Z,resonance,gpt-6-astra,xhigh,142522,131584,0,1046,969,143568,10938,0.293264
4770,2026-09-22T14:55:23.205Z,resonance,gpt-6-astra,xhigh,143591,142336,0,228,0,143819,1255,0.166286
4771,2026-09-22T14:55:49.587Z,resonance,gpt-6-astra,xhigh,144698,143488,0,786,730,145484,1210,0.194888
4772,2026-09-22T14:56:19.317Z,resonance,gpt-6-astra,xhigh,146907,144512,0,878,516,147785,2395,0.212362
4773,2026-09-22T14:56:22.377Z,resonance,gpt-6-astra,xhigh,148052,146816,0,19,0,148071,1236,0.160126
4774,2026-09-22T14:57:36.216Z,resonance,gpt-6-astra,xhigh,148094,147968,0,711,513,148805,126,0.184778
4775,2026-09-22T14:57:39.864Z,resonance,gpt-6-astra,xhigh,148987,147968,0,45,0,149032,1019,0.160408
4776,2026-09-22T14:58:53.514Z,resonance,gpt-6-astra,xhigh,150455,148864,0,2160,1920,152615,1591,0.272774
4777,2026-09-22T14:58:57.491Z,resonance,gpt-6-astra,xhigh,152827,150272,0,19,0,152846,2555,0.176772
4778,2026-09-22T15:00:11.672Z,resonance,gpt-6-astra,xhigh,152869,152704,0,196,0,153065,165,0.164154
4779,2026-09-22T15:00:22.772Z,resonance,gpt-6-astra,xhigh,153274,152704,0,240,185,153514,570,0.170404
4780,2026-09-22T15:01:12.881Z,resonance,gpt-6-astra,xhigh,153537,153088,0,191,0,153728,449,0.167128
4781,2026-09-22T15:01:45.662Z,resonance,gpt-6-astra,xhigh,153900,153472,0,953,878,154853,428,0.205402
4782,2026-09-22T15:02:37.226Z,resonance,gpt-6-astra,xhigh,154876,153728,0,281,88,155157,1148,0.179258
4783,2026-09-22T15:02:45.725Z,resonance,gpt-6-astra,xhigh,155331,154752,0,150,103,155481,579,0.168042
4784,2026-09-22T15:03:14.813Z,resonance,gpt-6-astra,xhigh,156904,155264,0,864,516,157768,1640,0.214864
4785,2026-09-22T15:03:22.980Z,resonance,gpt-6-astra,xhigh,158087,95616,0,19,0,158106,62471,0.721276
4786,2026-09-22T15:04:05.596Z,resonance,gpt-6-astra,xhigh,158129,157952,0,30,0,158159,177,0.161222
4787,2026-09-22T15:04:11.120Z,resonance,gpt-6-astra,xhigh,158398,157952,0,108,46,158506,446,0.167812
4788,2026-09-22T15:04:55.505Z,resonance,gpt-6-astra,xhigh,158529,158208,0,30,0,158559,321,0.162918
4789,2026-09-22T15:05:05.863Z,resonance,gpt-6-astra,xhigh,158797,158464,0,173,120,158970,333,0.170444
4790,2026-09-22T15:05:51.757Z,resonance,gpt-6-astra,xhigh,158993,158720,0,30,0,159023,273,0.16295
4791,2026-09-22T15:05:57.523Z,resonance,gpt-6-astra,xhigh,159262,158848,0,84,29,159346,414,0.167188
4792,2026-09-22T15:06:41.475Z,resonance,gpt-6-astra,xhigh,159369,159104,0,30,0,159399,265,0.163254
4793,2026-09-22T15:06:48.390Z,resonance,gpt-6-astra,xhigh,159636,159232,0,138,97,159774,404,0.170172
4794,2026-09-22T15:07:41.277Z,resonance,gpt-6-astra,xhigh,161197,159488,0,1583,1291,162780,1709,0.255728
4795,2026-09-22T15:07:59.383Z,resonance,gpt-6-astra,xhigh,169645,161024,0,502,248,170147,8621,0.272334
4796,2026-09-22T15:09:26.807Z,resonance,gpt-6-astra,xhigh,178259,169472,0,2380,2272,180639,8787,0.376342
4797,2026-09-22T15:11:04.121Z,resonance,gpt-6-astra,xhigh,182758,178176,0,3161,516,185919,4582,0.382046
4798,2026-09-22T15:11:32.773Z,resonance,gpt-6-astra,xhigh,185977,182656,0,869,456,186846,3321,0.259316
4799,2026-09-22T15:11:59.294Z,resonance,gpt-6-astra,xhigh,186904,185856,0,606,516,187510,1048,0.226636
4800,2026-09-22T15:12:48.478Z,resonance,gpt-6-astra,xhigh,188511,186752,0,1512,472,190023,1759,0.279942
4801,2026-09-22T15:13:24.438Z,resonance,gpt-6-astra,xhigh,191155,188416,0,1005,672,192160,2739,0.266056
4802,2026-09-22T15:14:13.982Z,resonance,gpt-6-astra,xhigh,192225,190976,0,1515,932,193740,1249,0.279216
4803,2026-09-22T15:14:20.745Z,resonance,gpt-6-astra,xhigh,194055,192128,0,130,17,194185,1927,0.217898
4804,2026-09-22T15:15:17.374Z,resonance,gpt-6-astra,xhigh,194586,193920,0,1697,836,196283,666,0.28543
4805,2026-09-22T15:15:47.994Z,resonance,gpt-6-astra,xhigh,196506,194432,0,880,144,197386,2074,0.259172
4806,2026-09-22T15:16:03.895Z,resonance,gpt-6-astra,xhigh,197894,196352,0,369,307,198263,1542,0.230222
4807,2026-09-22T15:16:11.121Z,resonance,gpt-6-astra,xhigh,198476,197760,0,130,16,198606,716,0.21142
4808,2026-09-22T15:16:17.140Z,resonance,gpt-6-astra,xhigh,198811,198400,0,83,0,198894,411,0.20666
4809,2026-09-22T15:16:26.361Z,resonance,gpt-6-astra,xhigh,200317,198656,0,200,125,200517,1661,0.225266
4810,2026-09-22T15:16:33.680Z,resonance,gpt-6-astra,xhigh,200753,200192,0,19,0,200772,561,0.206752
4811,2026-09-22T15:17:16.781Z,resonance,gpt-6-astra,xhigh,200795,200576,0,30,0,200825,219,0.204266
4812,2026-09-22T15:17:22.305Z,resonance,gpt-6-astra,xhigh,201063,200704,0,105,47,201168,359,0.209544
4813,2026-09-22T15:18:06.147Z,resonance,gpt-6-astra,xhigh,201191,200960,0,30,0,201221,231,0.20477
4814,2026-09-22T15:18:11.613Z,resonance,gpt-6-astra,xhigh,201458,201088,0,92,34,201550,370,0.209388
4815,2026-09-22T15:18:54.706Z,resonance,gpt-6-astra,xhigh,201573,201344,0,30,0,201603,229,0.205134
4816,2026-09-22T15:19:06.475Z,resonance,gpt-6-astra,xhigh,201840,201472,0,132,79,201972,368,0.211752
4817,2026-09-22T15:19:56.757Z,resonance,gpt-6-astra,xhigh,201995,201728,0,30,0,202025,267,0.205898
4818,2026-09-22T15:20:04.418Z,resonance,gpt-6-astra,xhigh,202261,201856,0,41,0,202302,405,0.207956
4819,2026-09-22T15:20:25.328Z,resonance,gpt-6-astra,xhigh,203725,202112,0,576,506,204301,1613,0.247042
4820,2026-09-22T15:20:29.045Z,resonance,gpt-6-astra,xhigh,204537,203648,0,19,0,204556,889,0.213488
4821,2026-09-22T15:21:12.083Z,resonance,gpt-6-astra,xhigh,204579,204416,0,30,0,204609,163,0.207546
4822,2026-09-22T15:21:17.209Z,resonance,gpt-6-astra,xhigh,204845,204416,0,72,14,204917,429,0.212306
4823,2026-09-22T15:22:03.018Z,resonance,gpt-6-astra,xhigh,204940,204672,0,30,0,204970,268,0.208852
4824,2026-09-22T15:22:11.415Z,resonance,gpt-6-astra,xhigh,205208,204800,0,171,108,205379,408,0.21743
4825,2026-09-22T15:22:55.010Z,resonance,gpt-6-astra,xhigh,205402,205056,0,30,0,205432,346,0.210016
4826,2026-09-22T15:23:02.830Z,resonance,gpt-6-astra,xhigh,205670,205312,0,116,70,205786,358,0.214692
4827,2026-09-22T15:23:14.437Z,resonance,gpt-6-astra,xhigh,207209,205568,0,144,78,207353,1641,0.229178
4828,2026-09-22T15:23:17.398Z,resonance,gpt-6-astra,xhigh,207590,207104,0,19,0,207609,486,0.212914
4829,2026-09-22T15:24:01.441Z,resonance,gpt-6-astra,xhigh,207632,207488,0,30,0,207662,144,0.210428
4830,2026-09-22T15:24:06.751Z,resonance,gpt-6-astra,xhigh,207900,207488,0,75,21,207975,412,0.215358
4831,2026-09-22T15:24:51.561Z,resonance,gpt-6-astra,xhigh,207998,207744,0,30,0,208028,254,0.211784
4832,2026-09-22T15:24:57.324Z,resonance,gpt-6-astra,xhigh,208264,207872,0,96,41,208360,392,0.216592
4833,2026-09-22T15:25:42.140Z,resonance,gpt-6-astra,xhigh,208383,208128,0,30,0,208413,255,0.212178
4834,2026-09-22T15:25:46.286Z,resonance,gpt-6-astra,xhigh,208651,208256,0,47,0,208698,395,0.214556
4835,2026-09-22T15:26:09.244Z,resonance,gpt-6-astra,xhigh,210121,208512,0,581,516,210702,1609,0.253652
4836,2026-09-22T15:26:14.431Z,resonance,gpt-6-astra,xhigh,210938,210048,0,19,0,210957,890,0.219898
4837,2026-09-22T15:26:57.239Z,resonance,gpt-6-astra,xhigh,210980,210816,0,30,0,211010,164,0.213956
4838,2026-09-22T15:27:05.049Z,resonance,gpt-6-astra,xhigh,211246,210816,0,102,46,211348,430,0.220216
4839,2026-09-22T15:27:50.531Z,resonance,gpt-6-astra,xhigh,211371,211072,0,30,0,211401,299,0.215562
4840,2026-09-22T15:28:00.632Z,resonance,gpt-6-astra,xhigh,211637,211200,0,147,89,211784,437,0.22292
4841,2026-09-22T15:28:53.362Z,resonance,gpt-6-astra,xhigh,211870,158336,0,30,0,211900,53534,0.695176
4842,2026-09-22T15:28:59.700Z,resonance,gpt-6-astra,xhigh,212138,211712,0,50,0,212188,426,0.218472
4843,2026-09-22T15:29:09.199Z,resonance,gpt-6-astra,xhigh,213611,211968,0,167,101,213778,1643,0.236748
4844,2026-09-22T15:29:12.949Z,resonance,gpt-6-astra,xhigh,214016,213504,0,19,0,214035,512,0.219574
4845,2026-09-22T15:29:57.141Z,resonance,gpt-6-astra,xhigh,214058,213888,0,30,0,214088,170,0.217088
4846,2026-09-22T15:30:05.795Z,resonance,gpt-6-astra,xhigh,214326,213888,0,199,136,214525,438,0.228218
4847,2026-09-22T15:30:51.050Z,resonance,gpt-6-astra,xhigh,214548,214144,0,30,0,214578,404,0.219684
4848,2026-09-22T15:30:58.408Z,resonance,gpt-6-astra,xhigh,214814,214400,0,93,39,214907,414,0.22319
4849,2026-09-22T15:31:42.701Z,resonance,gpt-6-astra,xhigh,214930,214656,0,30,0,214960,274,0.218896
4850,2026-09-22T15:31:51.188Z,resonance,gpt-6-astra,xhigh,215197,214784,0,73,27,215270,413,0.222564
4851,2026-09-22T15:32:15.711Z,resonance,gpt-6-astra,xhigh,216693,215040,0,591,456,217284,1653,0.26112
4852,2026-09-22T15:32:20.502Z,resonance,gpt-6-astra,xhigh,217769,216576,0,57,36,217826,1193,0.231356
4853,2026-09-22T15:33:04.468Z,resonance,gpt-6-astra,xhigh,217849,217600,0,30,0,217879,249,0.22159
4854,2026-09-22T15:33:14.351Z,resonance,gpt-6-astra,xhigh,218114,217728,0,142,81,218256,386,0.228688
4855,2026-09-22T15:33:57.229Z,resonance,gpt-6-astra,xhigh,218279,217984,0,30,0,218309,295,0.222434
4856,2026-09-22T15:34:25.808Z,resonance,gpt-6-astra,xhigh,218545,218112,0,732,665,219277,433,0.259042
4857,2026-09-22T15:35:09.306Z,resonance,gpt-6-astra,xhigh,219300,218368,0,30,0,219330,932,0.229188
4858,2026-09-22T15:35:15.707Z,resonance,gpt-6-astra,xhigh,219567,219136,0,89,36,219656,431,0.227896
4859,2026-09-22T15:35:26.388Z,resonance,gpt-6-astra,xhigh,221079,219392,0,172,100,221251,1687,0.244862
4860,2026-09-22T15:35:30.720Z,resonance,gpt-6-astra,xhigh,221488,220928,0,19,0,221507,560,0.227478
4861,2026-09-22T15:36:15.686Z,resonance,gpt-6-astra,xhigh,221530,221312,0,30,0,221560,218,0.224992
4862,2026-09-22T15:36:25.108Z,resonance,gpt-6-astra,xhigh,221796,221440,0,74,16,221870,356,0.2287
4863,2026-09-22T15:37:13.082Z,resonance,gpt-6-astra,xhigh,221893,221696,0,30,0,221923,197,0.225166
4864,2026-09-22T15:37:28.095Z,resonance,gpt-6-astra,xhigh,222161,213504,0,72,17,222233,8657,0.303674
4865,2026-09-22T15:38:11.585Z,resonance,gpt-6-astra,xhigh,222256,222080,0,30,0,222286,176,0.22534
4866,2026-09-22T15:38:19.115Z,resonance,gpt-6-astra,xhigh,222526,222080,0,40,0,222566,446,0.22854
4867,2026-09-22T15:38:30.233Z,resonance,gpt-6-astra,xhigh,223989,222336,0,229,163,224218,1653,0.250316
4868,2026-09-22T15:38:35.073Z,resonance,gpt-6-astra,xhigh,224459,223872,0,19,0,224478,587,0.230692
4869,2026-09-22T15:39:18.302Z,resonance,gpt-6-astra,xhigh,224501,224384,0,30,0,224531,117,0.227054
4870,2026-09-22T15:39:25.557Z,resonance,gpt-6-astra,xhigh,224771,224384,0,148,88,224919,387,0.235654
4871,2026-09-22T15:40:11.366Z,resonance,gpt-6-astra,xhigh,224942,224640,0,30,0,224972,302,0.22916
4872,2026-09-22T15:40:18.371Z,resonance,gpt-6-astra,xhigh,225212,224768,0,75,22,225287,444,0.232958
4873,2026-09-22T15:41:00.750Z,resonance,gpt-6-astra,xhigh,225310,225024,0,30,0,225340,286,0.229384
4874,2026-09-22T15:41:09.457Z,resonance,gpt-6-astra,xhigh,225578,225152,0,79,18,225657,426,0.233362
4875,2026-09-22T15:41:53.643Z,resonance,gpt-6-astra,xhigh,225680,225408,0,30,0,225710,272,0.229628
4876,2026-09-22T15:42:04.767Z,resonance,gpt-6-astra,xhigh,225947,225536,0,284,241,226231,411,0.243846
4877,2026-09-22T15:42:45.662Z,resonance,gpt-6-astra,xhigh,227654,225792,0,887,813,228541,1862,0.288762
4878,2026-09-22T15:42:50.296Z,resonance,gpt-6-astra,xhigh,228781,227584,0,19,0,228800,1197,0.240504
4879,2026-09-22T15:43:34.730Z,resonance,gpt-6-astra,xhigh,228823,228608,0,30,0,228853,215,0.232258
4880,2026-09-22T15:43:41.876Z,resonance,gpt-6-astra,xhigh,229089,228736,0,130,69,229219,353,0.238766
4881,2026-09-22T15:44:26.020Z,resonance,gpt-6-astra,xhigh,229242,228992,0,30,0,229272,250,0.232992
4882,2026-09-22T15:44:31.491Z,resonance,gpt-6-astra,xhigh,229510,229120,0,74,21,229584,390,0.23672
4883,2026-09-22T15:45:14.775Z,resonance,gpt-6-astra,xhigh,229607,229376,0,30,0,229637,231,0.233186
4884,2026-09-22T15:45:19.770Z,resonance,gpt-6-astra,xhigh,229874,229504,0,45,0,229919,370,0.235454
4885,2026-09-22T15:45:34.448Z,resonance,gpt-6-astra,xhigh,231342,229760,0,306,238,231648,1582,0.26088
4886,2026-09-22T15:45:37.556Z,resonance,gpt-6-astra,xhigh,231886,231168,0,19,0,231905,718,0.239298
4887,2026-09-22T15:46:23.877Z,resonance,gpt-6-astra,xhigh,231928,231808,0,30,0,231958,120,0.234508
4888,2026-09-22T15:46:28.776Z,resonance,gpt-6-astra,xhigh,232197,231808,0,77,21,232274,389,0.239548
4889,2026-09-22T15:47:11.834Z,resonance,gpt-6-astra,xhigh,232297,232064,0,30,0,232327,233,0.235894
4890,2026-09-22T15:47:20.024Z,resonance,gpt-6-astra,xhigh,232565,232192,0,125,66,232690,373,0.242172
4891,2026-09-22T15:48:03.069Z,resonance,gpt-6-astra,xhigh,232713,232448,0,30,0,232743,265,0.236598
4892,2026-09-22T15:48:08.187Z,resonance,gpt-6-astra,xhigh,232982,232576,0,43,0,233025,406,0.238786
4893,2026-09-22T15:48:32.947Z,resonance,gpt-6-astra,xhigh,234448,232832,0,580,512,235028,1616,0.277992
4894,2026-09-22T15:48:36.424Z,resonance,gpt-6-astra,xhigh,235267,234368,0,19,0,235286,899,0.244308
4895,2026-09-22T15:49:20.621Z,resonance,gpt-6-astra,xhigh,235309,235136,0,30,0,235339,173,0.238366
4896,2026-09-22T15:49:35.505Z,resonance,gpt-6-astra,xhigh,235576,235136,0,190,135,235766,440,0.249036
4897,2026-09-22T15:50:23.629Z,resonance,gpt-6-astra,xhigh,235789,235392,0,30,0,235819,397,0.240862
4898,2026-09-22T15:50:31.475Z,resonance,gpt-6-astra,xhigh,236057,235648,0,89,30,236146,409,0.244188
4899,2026-09-22T15:51:14.365Z,resonance,gpt-6-astra,xhigh,236169,235904,0,30,0,236199,265,0.240054
4900,2026-09-22T15:51:20.428Z,resonance,gpt-6-astra,xhigh,236438,236032,0,42,0,236480,406,0.242192
4901,2026-09-22T15:51:42.353Z,resonance,gpt-6-astra,xhigh,237903,236288,0,476,412,238379,1615,0.276238
4902,2026-09-22T15:51:48.704Z,resonance,gpt-6-astra,xhigh,238616,237824,0,19,0,238635,792,0.246694
4903,2026-09-22T15:52:32.715Z,resonance,gpt-6-astra,xhigh,238658,238464,0,30,0,238688,194,0.241904
4904,2026-09-22T15:53:18.956Z,resonance,gpt-6-astra,xhigh,238926,238592,0,1258,1194,240184,334,0.304832
4905,2026-09-22T15:54:10.202Z,resonance,gpt-6-astra,xhigh,240207,238848,0,30,0,240237,1359,0.253938
4906,2026-09-22T15:54:16.833Z,resonance,gpt-6-astra,xhigh,240476,240128,0,84,33,240560,348,0.247808
4907,2026-09-22T15:54:41.985Z,resonance,gpt-6-astra,xhigh,241983,240384,0,583,516,242566,1599,0.285524
4908,2026-09-22T15:54:46.122Z,resonance,gpt-6-astra,xhigh,242804,241920,0,19,0,242823,884,0.25171
4909,2026-09-22T15:55:29.464Z,resonance,gpt-6-astra,xhigh,242846,242688,0,30,0,242876,158,0.245768
4910,2026-09-22T15:55:37.711Z,resonance,gpt-6-astra,xhigh,243114,242688,0,113,52,243227,426,0.252598
4911,2026-09-22T15:56:22.252Z,resonance,gpt-6-astra,xhigh,243250,242944,0,30,0,243280,306,0.247504
4912,2026-09-22T15:56:32.210Z,resonance,gpt-6-astra,xhigh,243519,243072,0,183,128,243702,447,0.256692
4913,2026-09-22T15:57:21.592Z,resonance,gpt-6-astra,xhigh,243725,243456,0,30,0,243755,269,0.247646
4914,2026-09-22T15:57:26.730Z,resonance,gpt-6-astra,xhigh,243993,243584,0,45,0,244038,409,0.249924
4915,2026-09-22T15:57:37.152Z,resonance,gpt-6-astra,xhigh,245461,243840,0,194,124,245655,1621,0.26975
4916,2026-09-22T16:01:15.507Z,resonance,gpt-6-astra,xhigh,246327,76544,0,6982,0,253309,169783,2.123474
4917,2026-09-22T16:01:25.470Z,resonance,gpt-6-astra,xhigh,35159,28032,0,210,42,35369,7127,0.109802
4918,2026-09-22T16:01:33.768Z,resonance,gpt-6-astra,xhigh,43548,34944,0,220,16,43768,8604,0.131984
4919,2026-09-22T16:01:46.825Z,resonance,gpt-6-astra,xhigh,52578,43392,0,364,166,52942,9186,0.153452
4920,2026-09-22T16:02:06.630Z,resonance,gpt-6-astra,xhigh,62942,52352,0,596,374,63538,10590,0.188052
4921,2026-09-22T16:02:22.128Z,resonance,gpt-6-astra,xhigh,65243,62720,0,467,362,65710,2523,0.1113
4922,2026-09-22T16:02:27.159Z,resonance,gpt-6-astra,xhigh,66900,65024,0,78,0,66978,1876,0.087684
4923,2026-09-22T16:02:35.026Z,resonance,gpt-6-astra,xhigh,70492,66688,0,209,64,70701,3804,0.115178
4924,2026-09-22T16:02:47.917Z,resonance,gpt-6-astra,xhigh,71720,70272,0,320,299,72040,1448,0.100752
4925,2026-09-22T16:03:40.632Z,resonance,gpt-6-astra,xhigh,72063,71552,0,30,0,72093,511,0.078162
4926,2026-09-22T16:04:02.992Z,resonance,gpt-6-astra,xhigh,72330,71936,0,665,599,72995,394,0.109126
4927,2026-09-22T16:04:08.124Z,resonance,gpt-6-astra,xhigh,74418,72192,0,94,22,74512,2226,0.099152
4928,2026-09-22T16:04:16.411Z,resonance,gpt-6-astra,xhigh,74750,74240,0,162,71,74912,510,0.08744
4929,2026-09-22T16:04:22.734Z,resonance,gpt-6-astra,xhigh,81174,74624,0,153,85,81327,6550,0.147774
4930,2026-09-22T16:04:34.902Z,resonance,gpt-6-astra,xhigh,83479,81024,0,274,214,83753,2455,0.119274
4931,2026-09-22T16:06:02.478Z,resonance,gpt-6-astra,xhigh,85404,83328,0,2691,387,88095,2076,0.238638
4932,2026-09-22T16:06:57.875Z,resonance,gpt-6-astra,xhigh,88119,85248,0,1749,783,89868,2871,0.201408
4933,2026-09-22T16:07:04.837Z,resonance,gpt-6-astra,xhigh,89942,87936,0,161,75,90103,2006,0.116046
4934,2026-09-22T16:07:26.782Z,resonance,gpt-6-astra,xhigh,90526,89728,0,604,516,91130,798,0.127908
4935,2026-09-22T16:07:36.173Z,resonance,gpt-6-astra,xhigh,94226,90368,0,230,209,94456,3858,0.140448
4936,2026-09-22T16:08:29.849Z,resonance,gpt-6-astra,xhigh,94479,94080,0,62,0,94541,399,0.10117
4937,2026-09-22T16:09:26.187Z,resonance,gpt-6-astra,xhigh,95120,94336,0,1814,1381,96934,784,0.192876
4938,2026-09-22T16:09:32.651Z,resonance,gpt-6-astra,xhigh,97066,94976,0,37,16,97103,2090,0.117726
4939,2026-09-22T16:10:25.600Z,resonance,gpt-6-astra,xhigh,97126,96896,0,30,0,97156,230,0.100696
4940,2026-09-22T16:10:38.940Z,resonance,gpt-6-astra,xhigh,97394,96896,0,294,234,97688,498,0.116576
4941,2026-09-22T16:10:45.023Z,resonance,gpt-6-astra,xhigh,99111,97152,0,99,26,99210,1959,0.121692
4942,2026-09-22T16:10:47.353Z,resonance,gpt-6-astra,xhigh,99449,98944,0,19,0,99468,505,0.104944
4943,2026-09-22T16:11:45.218Z,resonance,gpt-6-astra,xhigh,99491,99328,0,30,0,99521,163,0.102458
4944,2026-09-22T16:11:50.098Z,resonance,gpt-6-astra,xhigh,99759,99328,0,79,21,99838,431,0.107588
4945,2026-09-22T16:12:51.594Z,resonance,gpt-6-astra,xhigh,99861,99584,0,30,0,99891,277,0.103854
4946,2026-09-22T16:13:05.765Z,resonance,gpt-6-astra,xhigh,100130,99712,0,356,296,100486,418,0.121692
4947,2026-09-22T16:13:58.692Z,resonance,gpt-6-astra,xhigh,100509,99968,0,30,0,100539,541,0.106878
4948,2026-09-22T16:14:04.415Z,resonance,gpt-6-astra,xhigh,100777,100352,0,132,80,100909,425,0.111202
4949,2026-09-22T16:14:59.555Z,resonance,gpt-6-astra,xhigh,100932,100608,0,30,0,100962,324,0.105348
4950,2026-09-22T16:15:11.403Z,resonance,gpt-6-astra,xhigh,101200,100736,0,127,75,101327,464,0.111726
4951,2026-09-22T16:16:03.677Z,resonance,gpt-6-astra,xhigh,101350,100992,0,30,0,101380,358,0.106072
4952,2026-09-22T16:16:29.708Z,resonance,gpt-6-astra,xhigh,101612,101120,0,736,670,102348,492,0.14284
4953,2026-09-22T16:17:23.525Z,resonance,gpt-6-astra,xhigh,102371,101376,0,30,0,102401,995,0.112826
4954,2026-09-22T16:17:55.948Z,resonance,gpt-6-astra,xhigh,102629,102144,0,1012,943,103641,485,0.157594
4955,2026-09-22T16:18:49.876Z,resonance,gpt-6-astra,xhigh,103664,102400,0,30,0,103694,1264,0.11654
4956,2026-09-22T16:18:59.698Z,resonance,gpt-6-astra,xhigh,103921,103424,0,258,209,104179,497,0.121294
4957,2026-09-22T16:19:07.460Z,resonance,gpt-6-astra,xhigh,105602,103680,0,147,76,105749,1922,0.13025
4958,2026-09-22T16:19:11.828Z,resonance,gpt-6-astra,xhigh,105976,105472,0,19,0,105995,504,0.111462
4959,2026-09-22T16:20:04.487Z,resonance,gpt-6-astra,xhigh,106018,105856,0,30,0,106048,162,0.108976
4960,2026-09-22T16:20:34.264Z,resonance,gpt-6-astra,xhigh,106275,105856,0,783,725,107058,419,0.149196
4961,2026-09-22T16:21:30.664Z,resonance,gpt-6-astra,xhigh,107081,106112,0,30,0,107111,969,0.117302
4962,2026-09-22T16:21:45.873Z,resonance,gpt-6-astra,xhigh,107337,106880,0,444,381,107781,457,0.13365
4963,2026-09-22T16:22:38.560Z,resonance,gpt-6-astra,xhigh,107804,107136,0,30,0,107834,668,0.115316
4964,2026-09-22T16:23:02.181Z,resonance,gpt-6-astra,xhigh,108030,107648,0,729,671,108759,382,0.147918
4965,2026-09-22T16:23:55.041Z,resonance,gpt-6-astra,xhigh,108782,107904,0,30,0,108812,878,0.118184
4966,2026-09-22T16:24:49.557Z,resonance,gpt-6-astra,xhigh,108973,108544,0,1530,1471,110503,429,0.189334
4967,2026-09-22T16:24:55.556Z,resonance,gpt-6-astra,xhigh,111926,108800,0,107,39,112033,3126,0.14541
4968,2026-09-22T16:25:00.266Z,resonance,gpt-6-astra,xhigh,112196,111744,0,19,0,112215,452,0.117214
4969,2026-09-22T16:25:53.443Z,resonance,gpt-6-astra,xhigh,112238,112000,0,30,0,112268,238,0.11588
4970,2026-09-22T16:26:52.957Z,resonance,gpt-6-astra,xhigh,112430,112000,0,1720,1663,114150,430,0.2023
4971,2026-09-22T16:27:45.581Z,resonance,gpt-6-astra,xhigh,114173,112256,0,30,0,114203,1917,0.132926
4972,2026-09-22T16:28:02.446Z,resonance,gpt-6-astra,xhigh,114365,114048,0,490,442,114855,317,0.141718
4973,2026-09-22T16:28:57.443Z,resonance,gpt-6-astra,xhigh,114878,114176,0,30,0,114908,702,0.122696
4974,2026-09-22T16:29:02.687Z,resonance,gpt-6-astra,xhigh,115070,114688,0,106,50,115176,382,0.123808
4975,2026-09-22T16:29:55.584Z,resonance,gpt-6-astra,xhigh,115199,114944,0,30,0,115229,255,0.118994
4976,2026-09-22T16:30:30.839Z,resonance,gpt-6-astra,xhigh,115390,115072,0,1002,950,116392,318,0.168352
4977,2026-09-22T16:31:23.636Z,resonance,gpt-6-astra,xhigh,116415,115200,0,30,0,116445,1215,0.12885
4978,2026-09-22T16:31:46.812Z,resonance,gpt-6-astra,xhigh,116607,116224,0,719,516,117326,383,0.156004
4979,2026-09-22T16:32:06.487Z,resonance,gpt-6-astra,xhigh,117451,116480,0,554,491,118005,971,0.15389
4980,2026-09-22T16:33:04.164Z,resonance,gpt-6-astra,xhigh,118028,117248,0,30,0,118058,780,0.126548
4981,2026-09-22T16:33:08.663Z,resonance,gpt-6-astra,xhigh,118218,117888,0,85,31,118303,330,0.125438
4982,2026-09-22T16:34:01.638Z,resonance,gpt-6-astra,xhigh,118326,118016,0,30,0,118356,310,0.122616
4983,2026-09-22T16:34:17.582Z,resonance,gpt-6-astra,xhigh,118518,118144,0,366,315,118884,374,0.140184
4984,2026-09-22T16:35:11.037Z,resonance,gpt-6-astra,xhigh,118907,118400,0,30,0,118937,507,0.12497
4985,2026-09-22T16:35:42.138Z,resonance,gpt-6-astra,xhigh,119098,118784,0,915,862,120013,314,0.167674
4986,2026-09-22T16:36:34.756Z,resonance,gpt-6-astra,xhigh,120036,118912,0,30,0,120066,1124,0.131652
4987,2026-09-22T16:37:37.377Z,resonance,gpt-6-astra,xhigh,120227,119808,0,1855,1796,122082,419,0.216748
4988,2026-09-22T16:38:36.570Z,resonance,gpt-6-astra,xhigh,122220,65024,0,30,0,122250,57196,0.638484
4989,2026-09-22T16:38:42.072Z,resonance,gpt-6-astra,xhigh,122412,121984,0,94,44,122506,428,0.130964
4990,2026-09-22T16:39:35.250Z,resonance,gpt-6-astra,xhigh,122529,122240,0,30,0,122559,289,0.12663
4991,2026-09-22T16:39:42.149Z,resonance,gpt-6-astra,xhigh,122720,122368,0,93,36,122813,352,0.130538
4992,2026-09-22T16:40:35.459Z,resonance,gpt-6-astra,xhigh,122836,122496,0,30,0,122866,340,0.127396
4993,2026-09-22T16:41:04.213Z,resonance,gpt-6-astra,xhigh,123029,122624,0,734,684,123763,405,0.163374
4994,2026-09-22T16:41:58.523Z,resonance,gpt-6-astra,xhigh,123786,122880,0,30,0,123816,906,0.13344
4995,2026-09-22T16:42:35.788Z,resonance,gpt-6-astra,xhigh,123977,123648,0,887,835,124864,329,0.171288
4996,2026-09-22T16:43:31.392Z,resonance,gpt-6-astra,xhigh,124887,123776,0,30,0,124917,1111,0.136386
4997,2026-09-22T16:43:37.296Z,resonance,gpt-6-astra,xhigh,125081,124672,0,82,24,125163,409,0.132862
4998,2026-09-22T16:44:32.907Z,resonance,gpt-6-astra,xhigh,125186,124928,0,30,0,125216,258,0.129008
4999,2026-09-22T16:45:11.995Z,resonance,gpt-6-astra,xhigh,125379,125056,0,1025,966,126404,323,0.179536
5000,2026-09-22T16:46:05.413Z,resonance,gpt-6-astra,xhigh,126427,125184,0,30,0,126457,1243,0.139114
5001,2026-09-22T16:46:11.280Z,resonance,gpt-6-astra,xhigh,126618,126208,0,92,34,126710,410,0.134908
5002,2026-09-22T16:47:06.173Z,resonance,gpt-6-astra,xhigh,126733,126464,0,30,0,126763,269,0.130654
5003,2026-09-22T16:47:38.763Z,resonance,gpt-6-astra,xhigh,126925,126592,0,591,536,127516,333,0.159472
5004,2026-09-22T16:48:44.173Z,resonance,gpt-6-astra,xhigh,127539,126720,0,30,0,127569,819,0.13641
5005,2026-09-22T16:49:01.121Z,resonance,gpt-6-astra,xhigh,127773,127360,0,472,16,128245,413,0.15509
5006,2026-09-22T16:49:12.933Z,resonance,gpt-6-astra,xhigh,128451,127616,0,277,57,128728,835,0.149816
5007,2026-09-22T16:50:06.208Z,resonance,gpt-6-astra,xhigh,130360,128256,0,1658,1306,132018,2104,0.232196
5008,2026-09-22T16:50:33.829Z,resonance,gpt-6-astra,xhigh,135959,130176,0,796,429,136755,5783,0.227806
5009,2026-09-22T16:52:22.268Z,resonance,gpt-6-astra,xhigh,144202,135808,0,3272,3094,147474,8394,0.383348
5010,2026-09-22T16:52:32.015Z,resonance,gpt-6-astra,xhigh,147567,144000,0,145,9,147712,3567,0.18692
5011,2026-09-22T16:52:44.106Z,resonance,gpt-6-astra,xhigh,148977,147328,0,196,64,149173,1649,0.173618
5012,2026-09-22T16:54:42.590Z,resonance,gpt-6-astra,xhigh,151745,148736,0,3866,2027,155611,3009,0.372126
5013,2026-09-22T16:56:25.843Z,resonance,gpt-6-astra,xhigh,155669,151552,0,3233,1546,158902,4117,0.354372
5014,2026-09-22T16:58:09.485Z,resonance,gpt-6-astra,xhigh,159034,155520,0,3334,1034,162368,3514,0.35736
5015,2026-09-22T16:59:55.571Z,resonance,gpt-6-astra,xhigh,162504,158848,0,3444,1851,165948,3656,0.367608
5016,2026-09-22T17:00:06.794Z,resonance,gpt-6-astra,xhigh,167633,162304,0,163,108,167796,5329,0.223744
5017,2026-09-22T17:01:10.976Z,resonance,gpt-6-astra,xhigh,170929,167168,0,2028,504,172957,3761,0.306178
5018,2026-09-22T17:01:20.105Z,resonance,gpt-6-astra,xhigh,173049,170880,0,114,51,173163,2169,0.19827
5019,2026-09-22T17:02:36.991Z,resonance,gpt-6-astra,xhigh,174168,172928,0,2420,436,176588,1240,0.306328
5020,2026-09-22T17:02:51.549Z,resonance,gpt-6-astra,xhigh,176612,174080,0,402,360,177014,2532,0.2195
5021,2026-09-22T17:03:25.269Z,resonance,gpt-6-astra,xhigh,177300,176512,0,944,375,178244,788,0.231592
5022,2026-09-22T17:04:17.933Z,resonance,gpt-6-astra,xhigh,180066,177280,0,1541,136,181607,2786,0.28219
5023,2026-09-22T17:04:54.754Z,resonance,gpt-6-astra,xhigh,182418,179968,0,1148,805,183566,2450,0.261868
5024,2026-09-22T17:05:25.953Z,resonance,gpt-6-astra,xhigh,185195,182400,0,923,476,186118,2795,0.2565
5025,2026-09-22T17:06:22.433Z,resonance,gpt-6-astra,xhigh,188003,185088,0,1781,980,189784,2915,0.303288
5026,2026-09-22T17:06:30.826Z,resonance,gpt-6-astra,xhigh,189908,187904,0,80,12,189988,2004,0.211944
5027,2026-09-22T17:06:42.368Z,resonance,gpt-6-astra,xhigh,190398,189824,0,272,102,190670,574,0.209164
5028,2026-09-22T17:07:11.964Z,resonance,gpt-6-astra,xhigh,191650,190336,0,877,511,192527,1314,0.247326
5029,2026-09-22T17:08:17.810Z,resonance,gpt-6-astra,xhigh,192636,191616,0,2059,1299,194695,1020,0.304766
5030,2026-09-22T17:09:29.511Z,resonance,gpt-6-astra,xhigh,195278,192512,0,2140,1440,197418,2766,0.327172
5031,2026-09-22T17:09:49.120Z,resonance,gpt-6-astra,xhigh,197572,195200,0,517,195,198089,2372,0.24477
5032,2026-09-22T17:10:21.332Z,resonance,gpt-6-astra,xhigh,198329,197504,0,828,509,199157,825,0.247154
5033,2026-09-22T17:10:45.695Z,resonance,gpt-6-astra,xhigh,200611,198272,0,587,393,201198,2339,0.251012
5034,2026-09-22T17:10:56.415Z,resonance,gpt-6-astra,xhigh,201499,200576,0,159,28,201658,923,0.217756
5035,2026-09-22T17:14:37.097Z,resonance,gpt-6-astra,xhigh,204608,201472,0,7237,4223,211845,3136,0.594682
5036,2026-09-22T17:15:15.281Z,resonance,gpt-6-astra,xhigh,212177,204544,0,1179,516,213356,7633,0.339824
5037,2026-09-22T17:15:29.354Z,resonance,gpt-6-astra,xhigh,213427,212096,0,179,66,213606,1331,0.234356
5038,2026-09-22T17:17:11.639Z,resonance,gpt-6-astra,xhigh,213848,213376,0,3148,1552,216996,472,0.375496
5039,2026-09-22T17:17:59.432Z,resonance,gpt-6-astra,xhigh,217906,213760,0,1458,1162,219364,4146,0.32812
5040,2026-09-22T17:18:16.981Z,resonance,gpt-6-astra,xhigh,220303,217856,0,471,343,220774,2447,0.265876
5041,2026-09-22T17:18:29.746Z,resonance,gpt-6-astra,xhigh,221468,220288,0,245,59,221713,1180,0.244338
5042,2026-09-22T17:19:36.129Z,resonance,gpt-6-astra,xhigh,223188,221440,0,2099,1438,225287,1748,0.34387
5043,2026-09-22T17:21:37.256Z,resonance,gpt-6-astra,xhigh,225380,223104,0,3759,3251,229139,2276,0.433814
5044,2026-09-22T17:22:03.344Z,resonance,gpt-6-astra,xhigh,229264,225280,0,711,327,229975,3984,0.30067
5045,2026-09-22T17:22:29.886Z,resonance,gpt-6-astra,xhigh,230214,229120,0,697,465,230911,1094,0.27491
5046,2026-09-22T17:22:55.048Z,resonance,gpt-6-astra,xhigh,231146,230144,0,676,420,231822,1002,0.273964
5047,2026-09-22T17:24:53.476Z,resonance,gpt-6-astra,xhigh,233045,231040,0,3804,3101,236849,2005,0.44129
5048,2026-09-22T17:25:17.438Z,resonance,gpt-6-astra,xhigh,237055,232960,0,622,405,237677,4095,0.30501
5049,2026-09-22T17:26:19.409Z,resonance,gpt-6-astra,xhigh,239468,236928,0,1852,1493,241320,2540,0.354928
5050,2026-09-22T17:27:18.185Z,resonance,gpt-6-astra,xhigh,241851,239360,0,1498,1034,243349,2491,0.33917
5051,2026-09-22T17:27:46.870Z,resonance,gpt-6-astra,xhigh,244033,241792,0,541,388,244574,2241,0.291252
5052,2026-09-22T17:31:36.125Z,resonance,gpt-6-astra,xhigh,244619,221696,0,7324,0,251943,22923,0.817126
5053,2026-09-22T17:31:49.503Z,resonance,gpt-6-astra,xhigh,35505,28032,0,236,14,35741,7473,0.114562
5054,2026-09-22T17:32:02.128Z,resonance,gpt-6-astra,xhigh,39534,35328,0,310,0,39844,4206,0.092888
5055,2026-09-22T17:32:14.111Z,resonance,gpt-6-astra,xhigh,48289,39296,0,281,20,48570,8993,0.143276
5056,2026-09-22T17:32:24.389Z,resonance,gpt-6-astra,xhigh,56599,48128,0,236,46,56835,8471,0.144638
5057,2026-09-22T17:32:41.261Z,resonance,gpt-6-astra,xhigh,57782,56448,0,317,26,58099,1334,0.085638
5058,2026-09-22T17:32:57.708Z,resonance,gpt-6-astra,xhigh,62270,57600,0,333,20,62603,4670,0.12095
5059,2026-09-22T17:33:23.376Z,resonance,gpt-6-astra,xhigh,65030,62080,0,564,20,65594,2950,0.11978
5060,2026-09-22T17:33:41.152Z,resonance,gpt-6-astra,xhigh,68534,64896,0,452,98,68986,3638,0.123876
5061,2026-09-22T17:33:50.345Z,resonance,gpt-6-astra,xhigh,73503,68352,0,234,30,73737,5151,0.131562
5062,2026-09-22T17:34:13.295Z,resonance,gpt-6-astra,xhigh,74332,73344,0,463,42,74795,988,0.106374
5063,2026-09-22T17:34:30.173Z,resonance,gpt-6-astra,xhigh,74856,74240,0,394,21,75250,616,0.1001
5064,2026-09-22T17:34:51.801Z,resonance,gpt-6-astra,xhigh,86988,74752,0,520,80,87508,12236,0.223112
5065,2026-09-22T17:35:21.072Z,resonance,gpt-6-astra,xhigh,87632,86912,0,808,61,88440,720,0.134512
5066,2026-09-22T17:35:53.493Z,resonance,gpt-6-astra,xhigh,88944,87552,0,927,736,89871,1392,0.147822
5067,2026-09-22T17:37:14.935Z,resonance,gpt-6-astra,xhigh,94157,88832,0,2581,144,96738,5325,0.271132
5068,2026-09-22T17:38:28.000Z,resonance,gpt-6-astra,xhigh,96874,94080,0,2278,111,99152,2794,0.23592
5069,2026-09-22T17:38:47.850Z,resonance,gpt-6-astra,xhigh,99383,68352,0,469,172,99852,31031,0.402112
5070,2026-09-22T17:40:09.881Z,resonance,gpt-6-astra,xhigh,100798,99200,0,2423,161,103221,1598,0.23633
5071,2026-09-22T17:40:29.686Z,resonance,gpt-6-astra,xhigh,103313,100608,0,482,216,103795,2705,0.151758
5072,2026-09-22T17:40:55.135Z,resonance,gpt-6-astra,xhigh,105859,103168,0,772,539,106631,2691,0.168678
5073,2026-09-22T17:41:08.448Z,resonance,gpt-6-astra,xhigh,106908,105728,0,368,181,107276,1180,0.135928
5074,2026-09-22T17:41:43.115Z,resonance,gpt-6-astra,xhigh,109248,106752,0,1026,402,110274,2496,0.183012
5075,2026-09-22T17:42:12.285Z,resonance,gpt-6-astra,xhigh,110522,109056,0,915,111,111437,1466,0.169466
5076,2026-09-22T17:42:48.821Z,resonance,gpt-6-astra,xhigh,111958,110336,0,1128,542,113086,1622,0.182956
5077,2026-09-22T17:43:02.511Z,resonance,gpt-6-astra,xhigh,113213,111744,0,380,119,113593,1469,0.145434
5078,2026-09-22T17:43:26.066Z,resonance,gpt-6-astra,xhigh,113870,113024,0,526,318,114396,846,0.147784
5079,2026-09-22T17:43:30.261Z,resonance,gpt-6-astra,xhigh,114687,113664,0,60,39,114747,1023,0.126894
5080,2026-09-22T17:44:42.304Z,resonance,gpt-6-astra,xhigh,114770,114560,0,591,39,115361,210,0.14621
5081,2026-09-22T17:45:15.878Z,resonance,gpt-6-astra,xhigh,115736,114560,0,698,449,116434,1176,0.16122
5082,2026-09-22T17:46:17.726Z,resonance,gpt-6-astra,xhigh,117706,115584,0,1923,516,119629,2122,0.232954
5083,2026-09-22T17:46:38.403Z,resonance,gpt-6-astra,xhigh,119717,117504,0,515,303,120232,2213,0.165384
5084,2026-09-22T17:47:06.021Z,resonance,gpt-6-astra,xhigh,120373,119552,0,473,452,120846,821,0.151412
5085,2026-09-22T17:48:02.497Z,resonance,gpt-6-astra,xhigh,120869,120192,0,128,12,120997,677,0.133362
5086,2026-09-22T17:48:19.823Z,resonance,gpt-6-astra,xhigh,121392,120704,0,298,42,121690,688,0.142484
5087,2026-09-22T17:48:51.411Z,resonance,gpt-6-astra,xhigh,121825,121216,0,814,793,122639,609,0.168006
5088,2026-09-22T17:49:54.016Z,resonance,gpt-6-astra,xhigh,122662,121600,0,333,127,122995,1062,0.14887
5089,2026-09-22T17:50:28.541Z,resonance,gpt-6-astra,xhigh,123109,122496,0,784,763,123893,613,0.167826
5090,2026-09-22T17:51:24.905Z,resonance,gpt-6-astra,xhigh,123916,122880,0,151,63,124067,1036,0.14079
5091,2026-09-22T17:51:31.700Z,resonance,gpt-6-astra,xhigh,124144,123776,0,78,21,124222,368,0.131356
5092,2026-09-22T17:52:22.005Z,resonance,gpt-6-astra,xhigh,124484,123904,0,1476,184,125960,580,0.203504
5093,2026-09-22T17:52:39.592Z,resonance,gpt-6-astra,xhigh,126131,124288,0,468,103,126599,1843,0.166118
5094,2026-09-22T17:52:55.735Z,resonance,gpt-6-astra,xhigh,129194,125952,0,475,295,129669,3242,0.182122
5095,2026-09-22T17:53:06.250Z,resonance,gpt-6-astra,xhigh,131127,129024,0,306,238,131433,2103,0.165354
5096,2026-09-22T17:53:25.519Z,resonance,gpt-6-astra,xhigh,131937,130944,0,479,170,132416,993,0.164824
5097,2026-09-22T17:53:37.709Z,resonance,gpt-6-astra,xhigh,132922,131712,0,314,222,133236,1210,0.159512
5098,2026-09-22T17:54:05.052Z,resonance,gpt-6-astra,xhigh,134659,132736,0,680,516,135339,1923,0.185966
5099,2026-09-22T17:54:15.715Z,resonance,gpt-6-astra,xhigh,139622,134528,0,282,42,139904,5094,0.199568
5100,2026-09-22T17:54:34.964Z,resonance,gpt-6-astra,xhigh,146381,139392,0,565,154,146946,6989,0.237532
5101,2026-09-22T17:55:34.629Z,resonance,gpt-6-astra,xhigh,157234,146176,0,1835,1463,159069,11058,0.348506
5102,2026-09-22T17:56:39.664Z,resonance,gpt-6-astra,xhigh,163607,157056,0,2067,1241,165674,6551,0.325916
5103,2026-09-22T17:57:03.505Z,resonance,gpt-6-astra,xhigh,165783,163456,0,668,516,166451,2327,0.220126
5104,2026-09-22T17:57:12.605Z,resonance,gpt-6-astra,xhigh,166601,165632,0,169,20,166770,969,0.183772
5105,2026-09-22T17:57:23.149Z,resonance,gpt-6-astra,xhigh,167786,166400,0,107,19,167893,1386,0.18561
5106,2026-09-22T17:59:03.418Z,resonance,gpt-6-astra,xhigh,168024,167552,0,3285,884,171309,472,0.336522
5107,2026-09-22T17:59:10.518Z,resonance,gpt-6-astra,xhigh,171366,167808,0,75,17,171441,3558,0.207138
5108,2026-09-22T17:59:35.975Z,resonance,gpt-6-astra,xhigh,171737,171136,0,650,304,172387,601,0.209646
5109,2026-09-22T17:59:45.777Z,resonance,gpt-6-astra,xhigh,172767,171520,0,214,28,172981,1247,0.19469
5110,2026-09-22T18:00:30.686Z,resonance,gpt-6-astra,xhigh,174474,172544,0,1203,516,175677,1930,0.251994
5111,2026-09-22T18:00:42.978Z,resonance,gpt-6-astra,xhigh,175769,174336,0,220,20,175989,1433,0.199666
5112,2026-09-22T18:03:17.610Z,resonance,gpt-6-astra,xhigh,177232,175616,0,5091,3447,182323,1616,0.446326
5113,2026-09-22T18:03:27.598Z,resonance,gpt-6-astra,xhigh,182380,177024,0,168,11,182548,5356,0.238984
5114,2026-09-22T18:04:18.542Z,resonance,gpt-6-astra,xhigh,184169,182144,0,1569,877,185738,2025,0.280844
5115,2026-09-22T18:04:27.722Z,resonance,gpt-6-astra,xhigh,185796,183936,0,158,34,185954,1860,0.210436
5116,2026-09-22T18:04:48.002Z,resonance,gpt-6-astra,xhigh,187913,185728,0,553,430,188466,2185,0.235228
5117,2026-09-22T18:06:51.251Z,resonance,gpt-6-astra,xhigh,191075,187776,0,4029,1370,195104,3299,0.422216
5118,2026-09-22T18:08:06.240Z,resonance,gpt-6-astra,xhigh,195163,190976,0,2412,1089,197575,4187,0.353446
5119,2026-09-22T18:08:26.558Z,resonance,gpt-6-astra,xhigh,197678,195072,0,555,202,198233,2606,0.248882
5120,2026-09-22T18:08:47.928Z,resonance,gpt-6-astra,xhigh,198446,197632,0,558,109,199004,814,0.233672
5121,2026-09-22T18:09:43.203Z,resonance,gpt-6-astra,xhigh,199310,198400,0,1495,1321,200805,910,0.28225
5122,2026-09-22T18:10:52.966Z,resonance,gpt-6-astra,xhigh,201768,199168,0,2201,766,203969,2600,0.335218
5123,2026-09-22T18:11:35.995Z,resonance,gpt-6-astra,xhigh,204081,201728,0,1310,1026,205391,2353,0.290758
5124,2026-09-22T18:11:44.893Z,resonance,gpt-6-astra,xhigh,205608,204032,0,84,18,205692,1576,0.223992
5125,2026-09-22T18:11:51.012Z,resonance,gpt-6-astra,xhigh,205982,205568,0,104,20,206086,414,0.214908
5126,2026-09-22T18:12:11.043Z,resonance,gpt-6-astra,xhigh,206944,205952,0,548,305,207492,992,0.243272
5127,2026-09-22T18:12:33.819Z,resonance,gpt-6-astra,xhigh,207583,206848,0,657,361,208240,735,0.247048
5128,2026-09-22T18:13:06.322Z,resonance,gpt-6-astra,xhigh,208523,207488,0,914,705,209437,1035,0.263538
5129,2026-09-22T18:13:15.522Z,resonance,gpt-6-astra,xhigh,209628,208384,0,214,18,209842,1244,0.231524
5130,2026-09-22T18:14:11.684Z,resonance,gpt-6-astra,xhigh,210822,209536,0,1653,1552,212475,1286,0.305046
5131,2026-09-22T18:15:21.696Z,resonance,gpt-6-astra,xhigh,214013,210560,0,2207,1487,216220,3453,0.35544
5132,2026-09-22T18:15:28.770Z,resonance,gpt-6-astra,xhigh,216280,213888,0,111,10,216391,2392,0.243358
5133,2026-09-22T18:16:30.193Z,resonance,gpt-6-astra,xhigh,217324,216192,0,1960,1027,219284,1132,0.325512
5134,2026-09-22T18:17:12.817Z,resonance,gpt-6-astra,xhigh,219379,217088,0,1261,670,220640,2291,0.303048
5135,2026-09-22T18:18:22.371Z,resonance,gpt-6-astra,xhigh,221205,219264,0,2100,1132,223305,1941,0.343674
5136,2026-09-22T18:18:46.427Z,resonance,gpt-6-astra,xhigh,223644,221056,0,652,453,224296,2588,0.279536
5137,2026-09-22T18:19:57.351Z,resonance,gpt-6-astra,xhigh,225462,223488,0,2191,1034,227653,1974,0.352778
5138,2026-09-22T18:20:34.540Z,resonance,gpt-6-astra,xhigh,227708,225280,0,1099,806,228807,2428,0.30451
5139,2026-09-22T18:21:32.150Z,resonance,gpt-6-astra,xhigh,229375,227584,0,1823,1288,231198,1791,0.336644
5140,2026-09-22T18:22:10.091Z,resonance,gpt-6-astra,xhigh,231291,229248,0,1128,831,232419,2043,0.306078
5141,2026-09-22T18:22:53.131Z,resonance,gpt-6-astra,xhigh,233961,231168,0,1246,665,235207,2793,0.321398
5142,2026-09-22T18:23:09.546Z,resonance,gpt-6-astra,xhigh,235470,233856,0,325,106,235795,1614,0.266246
5143,2026-09-22T18:23:47.470Z,resonance,gpt-6-astra,xhigh,236121,235392,0,990,743,237111,729,0.292182
5144,2026-09-22T18:24:48.502Z,resonance,gpt-6-astra,xhigh,237297,236032,0,1706,1552,239003,1265,0.333982
5145,2026-09-22T18:25:24.718Z,resonance,gpt-6-astra,xhigh,239306,237184,0,894,501,240200,2122,0.303104
5146,2026-09-22T18:26:41.820Z,resonance,gpt-6-astra,xhigh,240393,239232,0,2109,1893,242502,1161,0.356292
5147,2026-09-22T18:27:21.196Z,resonance,gpt-6-astra,xhigh,242923,240256,0,1193,932,244116,2667,0.326576
5148,2026-09-22T18:27:56.580Z,resonance,gpt-6-astra,xhigh,244686,242816,0,1080,808,245766,1870,0.315516
5149,2026-09-22T18:31:44.921Z,resonance,gpt-6-astra,xhigh,245828,100224,0,7328,0,253156,145604,1.922664
5150,2026-09-22T18:31:55.977Z,resonance,gpt-6-astra,xhigh,35513,28032,0,240,14,35753,7481,0.114842
5151,2026-09-22T18:32:08.067Z,resonance,gpt-6-astra,xhigh,45408,35328,0,339,0,45747,10080,0.153078
5152,2026-09-22T18:32:18.472Z,resonance,gpt-6-astra,xhigh,52329,45184,0,222,27,52551,7145,0.127734
5153,2026-09-22T18:32:41.424Z,resonance,gpt-6-astra,xhigh,56326,52096,0,607,55,56933,4230,0.124746
5154,2026-09-22T18:32:57.063Z,resonance,gpt-6-astra,xhigh,57205,56192,0,416,0,57621,1013,0.087122
5155,2026-09-22T18:33:14.078Z,resonance,gpt-6-astra,xhigh,59187,57088,0,336,102,59523,2099,0.094878
5156,2026-09-22T18:33:36.390Z,resonance,gpt-6-astra,xhigh,68541,59008,0,617,29,69158,9533,0.185188
5157,2026-09-22T18:33:58.566Z,resonance,gpt-6-astra,xhigh,70212,68352,0,661,197,70873,1860,0.120002
5158,2026-09-22T18:34:24.158Z,resonance,gpt-6-astra,xhigh,79864,70016,0,776,516,80640,9848,0.207296
5159,2026-09-22T18:34:47.107Z,resonance,gpt-6-astra,xhigh,88006,79616,0,436,292,88442,8390,0.185316
5160,2026-09-22T18:35:01.357Z,resonance,gpt-6-astra,xhigh,90074,87808,0,279,104,90353,2266,0.124418
5161,2026-09-22T18:35:13.424Z,resonance,gpt-6-astra,xhigh,90408,89856,0,321,21,90729,552,0.111426
5162,2026-09-22T18:35:23.484Z,resonance,gpt-6-astra,xhigh,90787,90240,0,249,13,91036,547,0.10816
5163,2026-09-22T18:35:29.278Z,resonance,gpt-6-astra,xhigh,91240,90624,0,127,25,91367,616,0.103134
5164,2026-09-22T18:35:35.633Z,resonance,gpt-6-astra,xhigh,91955,91008,0,161,24,92116,947,0.108528
5165,2026-09-22T18:35:42.422Z,resonance,gpt-6-astra,xhigh,95056,91776,0,177,24,95233,3280,0.133426
5166,2026-09-22T18:36:03.988Z,resonance,gpt-6-astra,xhigh,95327,94848,0,637,516,95964,479,0.131488
5167,2026-09-22T18:36:58.312Z,resonance,gpt-6-astra,xhigh,99697,95104,0,1735,72,101432,4593,0.227784
5168,2026-09-22T18:37:20.169Z,resonance,gpt-6-astra,xhigh,101537,99456,0,670,516,102207,2081,0.153766
5169,2026-09-22T18:37:44.323Z,resonance,gpt-6-astra,xhigh,105783,101376,0,739,516,106522,4407,0.182396
5170,2026-09-22T18:38:05.038Z,resonance,gpt-6-astra,xhigh,107318,105600,0,611,245,107929,1718,0.15333
5171,2026-09-22T18:38:13.180Z,resonance,gpt-6-astra,xhigh,108427,107136,0,43,22,108470,1291,0.122196
5172,2026-09-22T18:39:30.123Z,resonance,gpt-6-astra,xhigh,108502,70016,0,691,350,109193,38486,0.489426
5173,2026-09-22T18:39:56.397Z,resonance,gpt-6-astra,xhigh,109311,108288,0,821,506,110132,1023,0.159568
5174,2026-09-22T18:40:23.149Z,resonance,gpt-6-astra,xhigh,110367,109184,0,537,516,110904,1183,0.147864
5175,2026-09-22T18:41:34.412Z,resonance,gpt-6-astra,xhigh,110927,110208,0,656,516,111583,719,0.150198
5176,2026-09-22T18:42:12.477Z,resonance,gpt-6-astra,xhigh,111611,110720,0,50,17,111661,891,0.12213
5177,2026-09-22T18:42:39.919Z,resonance,gpt-6-astra,xhigh,111778,111360,0,374,257,112152,418,0.13424
5178,2026-09-22T18:42:44.420Z,resonance,gpt-6-astra,xhigh,112208,111616,0,96,20,112304,592,0.122336
5179,2026-09-22T18:43:07.902Z,resonance,gpt-6-astra,xhigh,114680,112000,0,727,334,115407,2680,0.17515
5180,2026-09-22T18:43:13.359Z,resonance,gpt-6-astra,xhigh,115478,114432,0,122,22,115600,1046,0.130992
5181,2026-09-22T18:43:22.789Z,resonance,gpt-6-astra,xhigh,115972,115328,0,246,70,116218,644,0.134068
5182,2026-09-22T18:43:32.436Z,resonance,gpt-6-astra,xhigh,116293,115840,0,245,109,116538,453,0.13262
5183,2026-09-22T18:44:06.587Z,resonance,gpt-6-astra,xhigh,116566,116096,0,31,0,116597,470,0.122346
5184,2026-09-22T18:44:27.888Z,resonance,gpt-6-astra,xhigh,116718,116352,0,128,33,116846,366,0.126412
5185,2026-09-22T18:44:45.749Z,resonance,gpt-6-astra,xhigh,116987,116480,0,355,266,117342,507,0.1393
5186,2026-09-22T18:45:19.543Z,resonance,gpt-6-astra,xhigh,117370,116736,0,31,0,117401,634,0.124626
5187,2026-09-22T18:45:51.607Z,resonance,gpt-6-astra,xhigh,117459,117120,0,401,309,117860,339,0.14056
5188,2026-09-22T18:46:01.311Z,resonance,gpt-6-astra,xhigh,118249,117248,0,200,117,118449,1001,0.137258
5189,2026-09-22T18:46:35.021Z,resonance,gpt-6-astra,xhigh,118477,118016,0,31,0,118508,461,0.124176
5190,2026-09-22T18:46:43.109Z,resonance,gpt-6-astra,xhigh,118565,118272,0,73,0,118638,293,0.124852
5191,2026-09-22T18:47:46.260Z,resonance,gpt-6-astra,xhigh,119153,118400,0,2007,420,121160,753,0.22628
5192,2026-09-22T18:48:09.015Z,resonance,gpt-6-astra,xhigh,121306,118912,0,683,323,121989,2394,0.177002
5193,2026-09-22T18:48:15.777Z,resonance,gpt-6-astra,xhigh,122605,121088,0,110,56,122715,1517,0.141758
5194,2026-09-22T18:48:27.274Z,resonance,gpt-6-astra,xhigh,123231,122368,0,278,142,123509,863,0.144898
5195,2026-09-22T18:48:33.859Z,resonance,gpt-6-astra,xhigh,123661,123008,0,105,0,123766,653,0.134788
5196,2026-09-22T18:48:57.439Z,resonance,gpt-6-astra,xhigh,125189,123520,0,723,516,125912,1669,0.17636
5197,2026-09-22T18:49:24.336Z,resonance,gpt-6-astra,xhigh,131973,125056,0,772,516,132745,6917,0.232826
5198,2026-09-22T18:49:47.136Z,resonance,gpt-6-astra,xhigh,135352,131840,0,689,491,136041,3512,0.20141
5199,2026-09-22T18:50:04.895Z,resonance,gpt-6-astra,xhigh,140145,135168,0,531,337,140676,4977,0.211488
5200,2026-09-22T18:50:16.351Z,resonance,gpt-6-astra,xhigh,144042,139904,0,303,184,144345,4138,0.196434
5201,2026-09-22T18:50:36.872Z,resonance,gpt-6-astra,xhigh,145541,143872,0,608,516,146149,1669,0.190962
5202,2026-09-22T18:51:20.825Z,resonance,gpt-6-astra,xhigh,150427,145408,0,1370,516,151797,5019,0.264098
5203,2026-09-22T18:51:41.062Z,resonance,gpt-6-astra,xhigh,151997,150272,0,613,411,152610,1725,0.198172
5204,2026-09-22T18:52:23.937Z,resonance,gpt-6-astra,xhigh,154214,151808,0,1227,474,155441,2406,0.237218
5205,2026-09-22T18:52:43.997Z,resonance,gpt-6-astra,xhigh,155629,153984,0,325,21,155954,1645,0.186684
5206,2026-09-22T18:53:00.352Z,resonance,gpt-6-astra,xhigh,156154,155392,0,369,119,156523,762,0.181462
5207,2026-09-22T18:53:40.759Z,resonance,gpt-6-astra,xhigh,158303,155904,0,1278,516,159581,2399,0.243794
5208,2026-09-22T18:53:47.966Z,resonance,gpt-6-astra,xhigh,160146,157952,0,101,34,160247,2194,0.184942
5209,2026-09-22T18:54:10.353Z,resonance,gpt-6-astra,xhigh,160467,160000,0,651,196,161118,467,0.19722
5210,2026-09-22T18:54:25.096Z,resonance,gpt-6-astra,xhigh,161703,160256,0,403,249,162106,1447,0.194876
5211,2026-09-22T18:54:52.705Z,resonance,gpt-6-astra,xhigh,162254,161536,0,669,516,162923,718,0.202166
5212,2026-09-22T18:55:20.618Z,resonance,gpt-6-astra,xhigh,164438,162048,0,690,516,165128,2390,0.220448
5213,2026-09-22T18:55:42.290Z,resonance,gpt-6-astra,xhigh,165339,164224,0,498,100,165837,1115,0.200274
5214,2026-09-22T18:56:58.697Z,resonance,gpt-6-astra,xhigh,166060,165120,0,2428,409,168488,940,0.29592
5215,2026-09-22T18:57:27.041Z,resonance,gpt-6-astra,xhigh,168629,165888,0,816,516,169445,2741,0.234098
5216,2026-09-22T18:57:50.240Z,resonance,gpt-6-astra,xhigh,169709,168448,0,556,444,170265,1261,0.208858
5217,2026-09-22T18:58:21.801Z,resonance,gpt-6-astra,xhigh,170512,169600,0,933,366,171445,912,0.22537
5218,2026-09-22T18:58:29.119Z,resonance,gpt-6-astra,xhigh,174129,170368,0,155,15,174284,3761,0.215728
5219,2026-09-22T18:59:08.349Z,resonance,gpt-6-astra,xhigh,175468,173952,0,1230,516,176698,1516,0.250612
5220,2026-09-22T18:59:26.442Z,resonance,gpt-6-astra,xhigh,176906,175360,0,513,229,177419,1546,0.21647
5221,2026-09-22T18:59:39.622Z,resonance,gpt-6-astra,xhigh,178325,176768,0,331,163,178656,1557,0.208888
5222,2026-09-22T19:00:03.904Z,resonance,gpt-6-astra,xhigh,179322,178304,0,743,516,180065,1018,0.225634
5223,2026-09-22T19:00:44.916Z,resonance,gpt-6-astra,xhigh,180442,179200,0,1234,1034,181676,1242,0.25332
5224,2026-09-22T19:01:09.341Z,resonance,gpt-6-astra,xhigh,182687,180352,0,708,447,183395,2335,0.239102
5225,2026-09-22T19:01:17.652Z,resonance,gpt-6-astra,xhigh,183877,182528,0,188,36,184065,1349,0.205418
5226,2026-09-22T19:01:31.918Z,resonance,gpt-6-astra,xhigh,186255,183680,0,339,23,186594,2575,0.22638
5227,2026-09-22T19:02:14.722Z,resonance,gpt-6-astra,xhigh,187356,108288,0,1061,609,188417,79068,0.952018
5228,2026-09-22T19:02:50.501Z,resonance,gpt-6-astra,xhigh,188686,187264,0,1094,1034,189780,1422,0.256184
5229,2026-09-22T19:03:14.196Z,resonance,gpt-6-astra,xhigh,189871,188544,0,712,68,190583,1327,0.237414
5230,2026-09-22T19:03:46.029Z,resonance,gpt-6-astra,xhigh,190731,189696,0,954,516,191685,1035,0.247746
5231,2026-09-22T19:04:01.989Z,resonance,gpt-6-astra,xhigh,191852,190592,0,319,147,192171,1260,0.219142
5232,2026-09-22T19:04:14.683Z,resonance,gpt-6-astra,xhigh,192400,191744,0,341,138,192741,656,0.215354
5233,2026-09-22T19:05:07.378Z,resonance,gpt-6-astra,xhigh,194219,192256,0,1666,1034,195885,1963,0.295186
5234,2026-09-22T19:05:21.377Z,resonance,gpt-6-astra,xhigh,196146,194048,0,341,244,196487,2098,0.232078
5235,2026-09-22T19:05:40.587Z,resonance,gpt-6-astra,xhigh,200261,195968,0,564,492,200825,4293,0.267098
5236,2026-09-22T19:06:18.014Z,resonance,gpt-6-astra,xhigh,203384,200192,0,1169,516,204553,3192,0.290562
5237,2026-09-22T19:06:37.921Z,resonance,gpt-6-astra,xhigh,204612,203264,0,527,417,205139,1348,0.243094
5238,2026-09-22T19:07:20.159Z,resonance,gpt-6-astra,xhigh,205440,204544,0,1328,938,206768,896,0.279904
5239,2026-09-22T19:08:29.522Z,resonance,gpt-6-astra,xhigh,207093,205312,0,2206,916,209299,1781,0.333422
5240,2026-09-22T19:08:52.952Z,resonance,gpt-6-astra,xhigh,209420,206976,0,650,516,210070,2444,0.263916
5241,2026-09-22T19:09:27.801Z,resonance,gpt-6-astra,xhigh,211029,209280,0,1048,920,212077,1749,0.27917
5242,2026-09-22T19:10:02.970Z,resonance,gpt-6-astra,xhigh,212906,210944,0,936,516,213842,1962,0.277364
5243,2026-09-22T19:10:30.902Z,resonance,gpt-6-astra,xhigh,214087,212736,0,812,376,214899,1351,0.266846
5244,2026-09-22T19:10:42.692Z,resonance,gpt-6-astra,xhigh,215310,214016,0,265,71,215575,1294,0.240206
5245,2026-09-22T19:11:40.895Z,resonance,gpt-6-astra,xhigh,215976,215168,0,1826,1074,217802,808,0.314548
5246,2026-09-22T19:12:04.945Z,resonance,gpt-6-astra,xhigh,217930,215808,0,700,408,218630,2122,0.272028
5247,2026-09-22T19:12:44.744Z,resonance,gpt-6-astra,xhigh,219023,217856,0,1148,977,220171,1167,0.286926
5248,2026-09-22T19:13:21.220Z,resonance,gpt-6-astra,xhigh,220265,218880,0,31,0,220296,1385,0.23428
5249,2026-09-22T19:13:50.074Z,resonance,gpt-6-astra,xhigh,220413,220160,0,411,294,220824,253,0.24324
5250,2026-09-22T19:14:42.814Z,resonance,gpt-6-astra,xhigh,221028,220288,0,1653,1236,222681,740,0.310338
5251,2026-09-22T19:15:29.374Z,resonance,gpt-6-astra,xhigh,222991,220928,0,1450,1034,224441,2063,0.314058
5252,2026-09-22T19:15:59.743Z,resonance,gpt-6-astra,xhigh,224891,222848,0,645,362,225536,2043,0.275528
5253,2026-09-22T19:16:43.497Z,resonance,gpt-6-astra,xhigh,225681,12160,0,1055,902,226736,213521,2.20012
5254,2026-09-22T19:17:11.580Z,resonance,gpt-6-astra,xhigh,227254,225536,0,792,503,228046,1718,0.282316
5255,2026-09-22T19:17:58.375Z,resonance,gpt-6-astra,xhigh,228522,227072,0,1376,1034,229898,1450,0.310372
5256,2026-09-22T19:18:44.736Z,resonance,gpt-6-astra,xhigh,230188,228352,0,1407,1034,231595,1836,0.317062
5257,2026-09-22T19:19:03.195Z,resonance,gpt-6-astra,xhigh,231852,230016,0,408,167,232260,1836,0.268776
5258,2026-09-22T19:20:11.195Z,resonance,gpt-6-astra,xhigh,232405,231680,0,1777,1552,234182,725,0.32778
5259,2026-09-22T19:20:44.098Z,resonance,gpt-6-astra,xhigh,244064,232320,0,952,489,245016,11744,0.39736
5260,2026-09-22T19:24:19.323Z,resonance,gpt-6-astra,xhigh,246011,12160,0,6872,0,252883,233851,2.69427
5261,2026-09-22T19:24:29.496Z,resonance,gpt-6-astra,xhigh,35049,12160,0,213,17,35262,22889,0.2517
5262,2026-09-22T19:24:39.063Z,resonance,gpt-6-astra,xhigh,42054,34816,0,251,0,42305,7238,0.119746
5263,2026-09-22T19:25:01.504Z,resonance,gpt-6-astra,xhigh,48806,41856,0,358,100,49164,6950,0.129256
5264,2026-09-22T19:25:14.461Z,resonance,gpt-6-astra,xhigh,60207,48640,0,300,20,60507,11567,0.17931
5265,2026-09-22T19:25:26.191Z,resonance,gpt-6-astra,xhigh,71136,60032,0,283,62,71419,11104,0.185222
5266,2026-09-22T19:25:37.657Z,resonance,gpt-6-astra,xhigh,81833,70912,0,245,38,82078,10921,0.192372
5267,2026-09-22T19:25:57.285Z,resonance,gpt-6-astra,xhigh,83674,81664,0,553,76,84227,2010,0.129414
5268,2026-09-22T19:26:10.304Z,resonance,gpt-6-astra,xhigh,84953,83584,0,164,29,85117,1369,0.105474
5269,2026-09-22T19:26:29.190Z,resonance,gpt-6-astra,xhigh,89348,84864,0,523,112,89871,4484,0.155854
5270,2026-09-22T19:26:41.721Z,resonance,gpt-6-astra,xhigh,90764,89216,0,254,94,91018,1548,0.117396
5271,2026-09-22T19:26:53.046Z,resonance,gpt-6-astra,xhigh,94031,90624,0,293,83,94324,3407,0.139344
5272,2026-09-22T19:27:17.575Z,resonance,gpt-6-astra,xhigh,105192,93952,0,741,207,105933,11240,0.243402
5273,2026-09-22T19:27:39.468Z,resonance,gpt-6-astra,xhigh,106203,105088,0,479,13,106682,1115,0.140188
5274,2026-09-22T19:28:11.983Z,resonance,gpt-6-astra,xhigh,106947,106112,0,874,222,107821,835,0.158162
5275,2026-09-22T19:28:39.035Z,resonance,gpt-6-astra,xhigh,107978,106880,0,636,34,108614,1098,0.14966
5276,2026-09-22T19:29:04.257Z,resonance,gpt-6-astra,xhigh,109140,107904,0,562,338,109702,1236,0.148364
5277,2026-09-22T19:29:43.672Z,resonance,gpt-6-astra,xhigh,110227,109056,0,1225,459,111452,1171,0.182016
5278,2026-09-22T19:29:52.216Z,resonance,gpt-6-astra,xhigh,111859,110080,0,139,11,111998,1779,0.13482
5279,2026-09-22T19:30:03.139Z,resonance,gpt-6-astra,xhigh,112185,111616,0,119,22,112304,569,0.123256
5280,2026-09-22T19:30:13.142Z,resonance,gpt-6-astra,xhigh,113422,112000,0,207,71,113629,1422,0.13657
5281,2026-09-22T19:30:32.999Z,resonance,gpt-6-astra,xhigh,115227,113280,0,459,91,115686,1947,0.1557
5282,2026-09-22T19:30:43.975Z,resonance,gpt-6-astra,xhigh,115881,115072,0,255,133,116136,809,0.135912
5283,2026-09-22T19:31:34.395Z,resonance,gpt-6-astra,xhigh,116531,115712,0,1139,74,117670,819,0.180852
5284,2026-09-22T19:31:44.566Z,resonance,gpt-6-astra,xhigh,117805,116352,0,257,148,118062,1453,0.143732
5285,2026-09-22T19:32:18.857Z,resonance,gpt-6-astra,xhigh,118090,117632,0,56,23,118146,458,0.125012
5286,2026-09-22T19:32:37.554Z,resonance,gpt-6-astra,xhigh,118174,117888,0,518,485,118692,286,0.146648
5287,2026-09-22T19:32:46.943Z,resonance,gpt-6-astra,xhigh,118854,118016,0,208,20,119062,838,0.136796
5288,2026-09-22T19:33:08.737Z,resonance,gpt-6-astra,xhigh,119253,118656,0,614,516,119867,597,0.155326
5289,2026-09-22T19:33:25.371Z,resonance,gpt-6-astra,xhigh,126558,119040,0,478,388,127036,7518,0.21812
5290,2026-09-22T19:34:08.784Z,resonance,gpt-6-astra,xhigh,127064,126336,0,288,255,127352,728,0.148016
5291,2026-09-22T19:34:22.481Z,resonance,gpt-6-astra,xhigh,127380,126848,0,359,326,127739,532,0.150118
5292,2026-09-22T19:34:34.814Z,resonance,gpt-6-astra,xhigh,127876,127232,0,350,182,128226,644,0.151172
5293,2026-09-22T19:35:43.387Z,resonance,gpt-6-astra,xhigh,128828,127744,0,2214,516,131042,1084,0.249284
5294,2026-09-22T19:35:54.497Z,resonance,gpt-6-astra,xhigh,131212,128640,0,284,49,131496,2572,0.16856
5295,2026-09-22T19:36:43.854Z,resonance,gpt-6-astra,xhigh,131613,131072,0,549,516,132162,541,0.163932
5296,2026-09-22T19:37:01.551Z,resonance,gpt-6-astra,xhigh,132190,131456,0,301,268,132491,734,0.153846
5297,2026-09-22T19:37:38.984Z,resonance,gpt-6-astra,xhigh,132549,131968,0,1180,197,133729,581,0.196778
5298,2026-09-22T19:38:32.760Z,resonance,gpt-6-astra,xhigh,133790,132352,0,646,561,134436,1438,0.179032
5299,2026-09-22T19:38:41.944Z,resonance,gpt-6-astra,xhigh,134494,133632,0,216,0,134710,862,0.153052
5300,2026-09-22T19:39:05.272Z,resonance,gpt-6-astra,xhigh,135115,134272,0,706,516,135821,843,0.178002
5301,2026-09-22T19:39:56.230Z,resonance,gpt-6-astra,xhigh,135909,134912,0,549,516,136458,997,0.172332
5302,2026-09-22T19:40:05.956Z,resonance,gpt-6-astra,xhigh,136516,135680,0,220,91,136736,836,0.15504
5303,2026-09-22T19:40:20.299Z,resonance,gpt-6-astra,xhigh,136885,136320,0,424,294,137309,565,0.16317
5304,2026-09-22T19:41:09.499Z,resonance,gpt-6-astra,xhigh,138382,136704,0,549,516,138931,1678,0.180934
5305,2026-09-22T19:41:31.146Z,resonance,gpt-6-astra,xhigh,138987,138240,0,598,428,139585,747,0.17561
5306,2026-09-22T19:42:00.858Z,resonance,gpt-6-astra,xhigh,139712,138752,0,929,339,140641,960,0.194802
5307,2026-09-22T19:42:05.612Z,resonance,gpt-6-astra,xhigh,141641,139520,0,89,14,141730,2121,0.16518
5308,2026-09-22T19:42:44.647Z,resonance,gpt-6-astra,xhigh,142189,141440,0,1207,318,143396,749,0.20928
5309,2026-09-22T19:42:51.451Z,resonance,gpt-6-astra,xhigh,143608,141952,0,133,24,143741,1656,0.165162
5310,2026-09-22T19:43:00.030Z,resonance,gpt-6-astra,xhigh,144687,143488,0,178,76,144865,1199,0.164378
5311,2026-09-22T19:43:10.417Z,resonance,gpt-6-astra,xhigh,145241,144512,0,273,185,145514,729,0.165452
5312,2026-09-22T19:43:19.797Z,resonance,gpt-6-astra,xhigh,146937,145024,0,184,0,147121,1913,0.173354
5313,2026-09-22T19:43:38.598Z,resonance,gpt-6-astra,xhigh,152082,146816,0,557,382,152639,5266,0.227326
5314,2026-09-22T19:44:39.116Z,resonance,gpt-6-astra,xhigh,157621,105088,0,1265,1034,158886,52533,0.693668
5315,2026-09-22T19:44:59.751Z,resonance,gpt-6-astra,xhigh,163715,157440,0,613,287,164328,6275,0.25084
5316,2026-09-22T19:45:13.593Z,resonance,gpt-6-astra,xhigh,164491,163584,0,385,238,164876,907,0.191904
5317,2026-09-22T19:45:49.420Z,resonance,gpt-6-astra,xhigh,165186,164352,0,1128,1034,166314,834,0.229092
5318,2026-09-22T19:46:42.674Z,resonance,gpt-6-astra,xhigh,169909,164992,0,1712,932,171621,4917,0.299762
5319,2026-09-22T19:46:49.471Z,resonance,gpt-6-astra,xhigh,171712,169728,0,125,45,171837,1984,0.195818
5320,2026-09-22T19:47:25.819Z,resonance,gpt-6-astra,xhigh,173258,171520,0,1125,240,174383,1738,0.24515
5321,2026-09-22T19:47:49.625Z,resonance,gpt-6-astra,xhigh,174490,173056,0,706,516,175196,1434,0.222696
5322,2026-09-22T19:48:01.590Z,resonance,gpt-6-astra,xhigh,179402,174336,0,339,110,179741,5066,0.241946
5323,2026-09-22T19:48:09.709Z,resonance,gpt-6-astra,xhigh,181558,179200,0,201,86,181759,2358,0.21283
5324,2026-09-22T19:48:15.277Z,resonance,gpt-6-astra,xhigh,183084,181376,0,122,20,183206,1708,0.204556
5325,2026-09-22T19:48:59.652Z,resonance,gpt-6-astra,xhigh,185006,182912,0,1402,516,186408,2094,0.273952
5326,2026-09-22T19:49:26.056Z,resonance,gpt-6-astra,xhigh,187055,184832,0,779,516,187834,2223,0.246012
5327,2026-09-22T19:49:54.337Z,resonance,gpt-6-astra,xhigh,187901,186880,0,839,409,188740,1021,0.23904
5328,2026-09-22T19:50:23.529Z,resonance,gpt-6-astra,xhigh,188979,187776,0,885,498,189864,1203,0.244056
5329,2026-09-22T19:50:40.729Z,resonance,gpt-6-astra,xhigh,191114,188800,0,496,250,191610,2314,0.23674
5330,2026-09-22T19:51:38.840Z,resonance,gpt-6-astra,xhigh,191805,190976,0,1828,830,193633,829,0.290666
5331,2026-09-22T19:52:28.918Z,resonance,gpt-6-astra,xhigh,193820,191616,0,1599,516,195419,2204,0.293606
5332,2026-09-22T19:53:09.080Z,resonance,gpt-6-astra,xhigh,195820,193664,0,1263,516,197083,2156,0.278374
5333,2026-09-22T19:53:30.761Z,resonance,gpt-6-astra,xhigh,197347,195584,0,623,516,197970,1763,0.244364
5334,2026-09-22T19:53:46.301Z,resonance,gpt-6-astra,xhigh,198232,197120,0,367,265,198599,1112,0.22659
5335,2026-09-22T19:53:51.045Z,resonance,gpt-6-astra,xhigh,198975,198016,0,83,0,199058,959,0.211756
5336,2026-09-22T19:54:15.217Z,resonance,gpt-6-astra,xhigh,200481,198784,0,679,516,201160,1697,0.249704
5337,2026-09-22T19:54:57.312Z,resonance,gpt-6-astra,xhigh,202864,200320,0,1242,1034,204106,2544,0.28786
5338,2026-09-22T19:56:03.292Z,resonance,gpt-6-astra,xhigh,206773,202624,0,2091,2070,208864,4149,0.348664
5339,2026-09-22T19:57:06.505Z,resonance,gpt-6-astra,xhigh,208887,206592,0,42,0,208929,2295,0.231642
5340,2026-09-22T19:57:14.760Z,resonance,gpt-6-astra,xhigh,209222,208768,0,206,152,209428,454,0.223608
5341,2026-09-22T19:57:37.214Z,resonance,gpt-6-astra,xhigh,210851,209024,0,586,494,211437,1827,0.256594
5342,2026-09-22T19:58:15.086Z,resonance,gpt-6-astra,xhigh,211729,210688,0,1055,1034,212784,1041,0.273848
5343,2026-09-22T19:59:18.843Z,resonance,gpt-6-astra,xhigh,212807,211584,0,58,0,212865,1223,0.226714
5344,2026-09-22T19:59:30.890Z,resonance,gpt-6-astra,xhigh,213173,212608,0,281,237,213454,565,0.232308
5345,2026-09-22T20:00:10.723Z,resonance,gpt-6-astra,xhigh,214877,212992,0,1122,1034,215999,1885,0.287942
5346,2026-09-22T20:00:29.362Z,resonance,gpt-6-astra,xhigh,216292,214656,0,537,516,216829,1636,0.257866
5347,2026-09-22T20:01:34.335Z,resonance,gpt-6-astra,xhigh,216852,216064,0,33,0,216885,788,0.225594
5348,2026-09-22T20:01:41.132Z,resonance,gpt-6-astra,xhigh,217157,216704,0,144,99,217301,453,0.228434
5349,2026-09-22T20:01:50.282Z,resonance,gpt-6-astra,xhigh,218724,216960,0,205,137,218929,1764,0.24485
5350,2026-09-22T20:01:55.196Z,resonance,gpt-6-astra,xhigh,219203,218496,0,19,0,219222,707,0.226516
5351,2026-09-22T20:02:58.829Z,resonance,gpt-6-astra,xhigh,219245,219008,0,33,0,219278,237,0.223028
5352,2026-09-22T20:03:03.734Z,resonance,gpt-6-astra,xhigh,219554,219008,0,89,41,219643,546,0.228918
5353,2026-09-22T20:03:56.604Z,resonance,gpt-6-astra,xhigh,221066,219392,0,1616,1535,222682,1674,0.316932
5354,2026-09-22T20:03:59.497Z,resonance,gpt-6-astra,xhigh,222975,220928,0,19,0,222994,2047,0.242348
5355,2026-09-22T20:05:02.614Z,resonance,gpt-6-astra,xhigh,223017,222848,0,33,0,223050,169,0.226188
5356,2026-09-22T20:05:07.565Z,resonance,gpt-6-astra,xhigh,223327,222848,0,83,35,223410,479,0.231788
5357,2026-09-22T20:05:49.362Z,resonance,gpt-6-astra,xhigh,224833,223104,0,1184,1107,226017,1729,0.299594
5358,2026-09-22T20:05:52.529Z,resonance,gpt-6-astra,xhigh,226290,224640,0,19,0,226309,1650,0.24209
5359,2026-09-22T20:06:59.351Z,resonance,gpt-6-astra,xhigh,226332,226048,0,33,0,226365,284,0.230538
5360,2026-09-22T20:07:10.539Z,resonance,gpt-6-astra,xhigh,226639,226176,0,300,254,226939,463,0.245806
5361,2026-09-22T20:07:15.600Z,resonance,gpt-6-astra,xhigh,228362,226432,0,82,17,228444,1930,0.249832
5362,2026-09-22T20:07:41.898Z,resonance,gpt-6-astra,xhigh,228719,228224,0,744,723,229463,495,0.270374
5363,2026-09-22T20:08:45.994Z,resonance,gpt-6-astra,xhigh,229486,228480,0,33,0,229519,1006,0.24019
5364,2026-09-22T20:08:50.322Z,resonance,gpt-6-astra,xhigh,229792,229248,0,45,0,229837,544,0.236938
5365,2026-09-22T20:10:00.859Z,resonance,gpt-6-astra,xhigh,231260,229632,0,1962,1887,233222,1628,0.344012
5366,2026-09-22T20:10:05.064Z,resonance,gpt-6-astra,xhigh,233497,231040,0,19,0,233516,2457,0.25656
5367,2026-09-22T20:11:08.359Z,resonance,gpt-6-astra,xhigh,233539,233344,0,33,0,233572,195,0.236944
5368,2026-09-22T20:11:14.655Z,resonance,gpt-6-astra,xhigh,233846,233344,0,79,33,233925,502,0.242314
5369,2026-09-22T20:11:54.875Z,resonance,gpt-6-astra,xhigh,235348,233728,0,1099,909,236447,1620,0.304878
5370,2026-09-22T20:12:46.208Z,resonance,gpt-6-astra,xhigh,236874,235136,0,1524,1034,238398,1738,0.328716
5371,2026-09-22T20:13:06.813Z,resonance,gpt-6-astra,xhigh,238629,236672,0,575,508,239204,1957,0.284992
5372,2026-09-22T20:13:28.467Z,resonance,gpt-6-astra,xhigh,240627,238464,0,605,516,241232,2163,0.290344
5373,2026-09-22T20:13:32.364Z,resonance,gpt-6-astra,xhigh,241524,240384,0,19,0,241543,1140,0.252734
5374,2026-09-22T20:14:36.403Z,resonance,gpt-6-astra,xhigh,241566,241408,0,33,0,241599,158,0.244638
5375,2026-09-22T20:14:48.872Z,resonance,gpt-6-astra,xhigh,241873,241408,0,191,133,242064,465,0.255608
5376,2026-09-22T20:15:47.857Z,resonance,gpt-6-astra,xhigh,242087,241664,0,33,0,242120,423,0.247544
5377,2026-09-22T20:17:09.597Z,resonance,gpt-6-astra,xhigh,242393,241920,0,2549,2329,244942,473,0.3741
5378,2026-09-22T20:20:07.969Z,resonance,gpt-6-astra,xhigh,245367,105088,0,5619,0,250986,140279,1.788828
5379,2026-09-22T20:20:18.086Z,resonance,gpt-6-astra,xhigh,33796,27904,0,196,19,33992,5892,0.096624
5380,2026-09-22T20:20:24.596Z,resonance,gpt-6-astra,xhigh,38484,33664,0,126,0,38610,4820,0.088164
5381,2026-09-22T20:20:32.671Z,resonance,gpt-6-astra,xhigh,45896,38272,0,200,80,46096,7624,0.124512
5382,2026-09-22T20:20:48.307Z,resonance,gpt-6-astra,xhigh,55245,45696,0,382,100,55627,9549,0.160286
5383,2026-09-22T20:20:59.480Z,resonance,gpt-6-astra,xhigh,58334,55040,0,250,56,58584,3294,0.10048
5384,2026-09-22T20:21:11.606Z,resonance,gpt-6-astra,xhigh,60586,58112,0,318,214,60904,2474,0.098752
5385,2026-09-22T20:22:04.131Z,resonance,gpt-6-astra,xhigh,63573,60416,0,1677,208,65250,3157,0.175836
5386,2026-09-22T20:22:15.784Z,resonance,gpt-6-astra,xhigh,65371,63360,0,320,184,65691,2011,0.09947
5387,2026-09-22T20:22:42.296Z,resonance,gpt-6-astra,xhigh,65771,65152,0,713,505,66484,619,0.106992
5388,2026-09-22T20:23:00.632Z,resonance,gpt-6-astra,xhigh,69108,65536,0,451,374,69559,3572,0.123806
5389,2026-09-22T20:23:08.372Z,resonance,gpt-6-astra,xhigh,72461,68992,0,192,20,72653,3469,0.113282
5390,2026-09-22T20:23:19.359Z,resonance,gpt-6-astra,xhigh,74712,72320,0,282,207,74994,2392,0.11034
5391,2026-09-22T20:23:31.851Z,resonance,gpt-6-astra,xhigh,75211,74496,0,352,198,75563,715,0.099246
5392,2026-09-22T20:23:46.431Z,resonance,gpt-6-astra,xhigh,76493,75008,0,374,138,76867,1485,0.108558
5393,2026-09-22T20:24:26.061Z,resonance,gpt-6-astra,xhigh,76945,76288,0,1225,516,78170,657,0.144108
5394,2026-09-22T20:24:41.646Z,resonance,gpt-6-astra,xhigh,78226,76800,0,356,224,78582,1426,0.10886
5395,2026-09-22T20:24:45.094Z,resonance,gpt-6-astra,xhigh,79139,78080,0,39,0,79178,1059,0.09062
5396,2026-09-22T20:24:57.704Z,resonance,gpt-6-astra,xhigh,79623,78976,0,312,180,79935,647,0.101046
5397,2026-09-22T20:25:18.878Z,resonance,gpt-6-astra,xhigh,80468,79360,0,580,516,81048,1108,0.11944
5398,2026-09-22T20:25:40.416Z,resonance,gpt-6-astra,xhigh,82188,80256,0,597,53,82785,1932,0.129426
5399,2026-09-22T20:26:05.598Z,resonance,gpt-6-astra,xhigh,82918,82048,0,611,516,83529,870,0.121298
5400,2026-09-22T20:26:12.597Z,resonance,gpt-6-astra,xhigh,83870,82688,0,122,59,83992,1182,0.100608
5401,2026-09-22T20:26:28.613Z,resonance,gpt-6-astra,xhigh,85415,83712,0,457,325,85872,1703,0.123592
5402,2026-09-22T20:26:44.845Z,resonance,gpt-6-astra,xhigh,86285,85248,0,485,355,86770,1037,0.119868
5403,2026-09-22T20:26:51.642Z,resonance,gpt-6-astra,xhigh,88993,86144,0,70,49,89063,2849,0.118134
5404,2026-09-22T20:27:50.782Z,resonance,gpt-6-astra,xhigh,89086,88832,0,33,0,89119,254,0.093022
5405,2026-09-22T20:28:05.597Z,resonance,gpt-6-astra,xhigh,89394,88960,0,376,340,89770,434,0.1121
5406,2026-09-22T20:28:39.501Z,resonance,gpt-6-astra,xhigh,91193,89216,0,1052,971,92245,1977,0.161586
5407,2026-09-22T20:28:41.607Z,resonance,gpt-6-astra,xhigh,92537,91008,0,19,0,92556,1529,0.107248
5408,2026-09-22T20:29:41.134Z,resonance,gpt-6-astra,xhigh,92579,92416,0,33,0,92612,163,0.095696
5409,2026-09-22T20:29:45.822Z,resonance,gpt-6-astra,xhigh,92889,92416,0,89,29,92978,473,0.101596
5410,2026-09-22T20:30:43.315Z,resonance,gpt-6-astra,xhigh,93001,92672,0,33,0,93034,329,0.097612
5411,2026-09-22T20:30:49.257Z,resonance,gpt-6-astra,xhigh,93310,92800,0,109,51,93419,510,0.10335
5412,2026-09-22T20:31:47.022Z,resonance,gpt-6-astra,xhigh,93442,93184,0,33,0,93475,258,0.097414
5413,2026-09-22T20:32:00.716Z,resonance,gpt-6-astra,xhigh,93751,93312,0,363,305,94114,439,0.115852
5414,2026-09-22T20:33:03.004Z,resonance,gpt-6-astra,xhigh,94137,93568,0,33,0,94170,569,0.100908
5415,2026-09-22T20:33:06.781Z,resonance,gpt-6-astra,xhigh,94446,93952,0,41,0,94487,494,0.100942
5416,2026-09-22T20:33:35.028Z,resonance,gpt-6-astra,xhigh,95910,94208,0,762,423,96672,1702,0.149328
5417,2026-09-22T20:33:45.587Z,resonance,gpt-6-astra,xhigh,99030,95744,0,215,53,99245,3286,0.139354
5418,2026-09-22T20:34:00.935Z,resonance,gpt-6-astra,xhigh,104364,98816,0,368,112,104732,5548,0.172696
5419,2026-09-22T20:34:35.618Z,resonance,gpt-6-astra,xhigh,105767,104192,0,684,346,106451,1575,0.154142
5420,2026-09-22T20:34:57.496Z,resonance,gpt-6-astra,xhigh,106852,105600,0,418,318,107270,1252,0.13902
5421,2026-09-22T20:35:07.165Z,resonance,gpt-6-astra,xhigh,107396,106624,0,201,0,107597,772,0.124394
5422,2026-09-22T20:35:20.608Z,resonance,gpt-6-astra,xhigh,107861,107264,0,183,34,108044,597,0.122384
5423,2026-09-22T20:35:57.877Z,resonance,gpt-6-astra,xhigh,109350,107648,0,1165,516,110515,1702,0.182918
5424,2026-09-22T20:36:20.032Z,resonance,gpt-6-astra,xhigh,110716,109184,0,446,154,111162,1532,0.146804
5425,2026-09-22T20:37:29.243Z,resonance,gpt-6-astra,xhigh,112215,63360,0,478,0,112693,48855,0.57581
5426,2026-09-22T20:37:53.336Z,resonance,gpt-6-astra,xhigh,112884,112000,0,341,201,113225,884,0.13789
5427,2026-09-22T20:38:12.768Z,resonance,gpt-6-astra,xhigh,113712,112768,0,179,30,113891,944,0.131158
5428,2026-09-22T20:38:31.965Z,resonance,gpt-6-astra,xhigh,114505,113536,0,134,41,114639,969,0.129926
5429,2026-09-22T20:38:50.444Z,resonance,gpt-6-astra,xhigh,115366,114432,0,352,118,115718,934,0.141372
5430,2026-09-22T20:39:05.141Z,resonance,gpt-6-astra,xhigh,115971,115200,0,294,149,116265,771,0.13761
5431,2026-09-22T20:39:36.335Z,resonance,gpt-6-astra,xhigh,116393,115840,0,583,334,116976,553,0.15052
5432,2026-09-22T20:40:10.110Z,resonance,gpt-6-astra,xhigh,117520,116224,0,763,516,118283,1296,0.167334
5433,2026-09-22T20:40:31.515Z,resonance,gpt-6-astra,xhigh,118579,117376,0,356,234,118935,1203,0.147206
5434,2026-09-22T20:40:52.009Z,resonance,gpt-6-astra,xhigh,119334,118400,0,231,210,119565,934,0.13929
5435,2026-09-22T20:41:52.080Z,resonance,gpt-6-astra,xhigh,119588,119168,0,132,0,119720,420,0.129968
5436,2026-09-22T20:42:25.801Z,resonance,gpt-6-astra,xhigh,120106,119424,0,837,384,120943,682,0.168094
5437,2026-09-22T20:42:46.893Z,resonance,gpt-6-astra,xhigh,121147,119936,0,560,172,121707,1211,0.160046
5438,2026-09-22T20:43:15.556Z,resonance,gpt-6-astra,xhigh,121809,121088,0,541,88,122350,721,0.155348
5439,2026-09-22T20:43:28.427Z,resonance,gpt-6-astra,xhigh,122793,121728,0,203,55,122996,1065,0.142528
5440,2026-09-22T20:44:28.928Z,resonance,gpt-6-astra,xhigh,123141,112768,0,1176,995,124317,10373,0.275298
5441,2026-09-22T20:45:29.272Z,resonance,gpt-6-astra,xhigh,124727,123008,0,1792,846,126519,1719,0.229798
5442,2026-09-22T20:45:50.041Z,resonance,gpt-6-astra,xhigh,126575,124544,0,633,516,127208,2031,0.176504
5443,2026-09-22T20:46:13.821Z,resonance,gpt-6-astra,xhigh,127743,126464,0,673,497,128416,1279,0.172904
5444,2026-09-22T20:46:44.275Z,resonance,gpt-6-astra,xhigh,128837,127616,0,778,277,129615,1221,0.178726
5445,2026-09-22T20:47:05.227Z,resonance,gpt-6-astra,xhigh,130014,128768,0,594,516,130608,1246,0.170928
5446,2026-09-22T20:47:19.591Z,resonance,gpt-6-astra,xhigh,130798,129920,0,379,310,131177,878,0.15765
5447,2026-09-22T20:47:33.427Z,resonance,gpt-6-astra,xhigh,132600,130688,0,397,196,132997,1912,0.169658
5448,2026-09-22T20:48:15.913Z,resonance,gpt-6-astra,xhigh,133529,132480,0,1185,1164,134714,1049,0.20222
5449,2026-09-22T20:49:11.143Z,resonance,gpt-6-astra,xhigh,134737,133376,0,100,0,134837,1361,0.151986
5450,2026-09-22T20:49:16.364Z,resonance,gpt-6-astra,xhigh,135254,134656,0,87,29,135341,598,0.144986
5451,2026-09-22T20:50:13.167Z,resonance,gpt-6-astra,xhigh,135364,135168,0,106,0,135470,196,0.142428
5452,2026-09-22T20:51:16.032Z,resonance,gpt-6-astra,xhigh,135846,135296,0,1832,709,137678,550,0.232396
5453,2026-09-22T20:51:21.349Z,resonance,gpt-6-astra,xhigh,137716,135680,0,117,96,137833,2036,0.16189
5454,2026-09-22T20:52:17.674Z,resonance,gpt-6-astra,xhigh,137856,137600,0,106,0,137962,256,0.14546
5455,2026-09-22T20:52:27.766Z,resonance,gpt-6-astra,xhigh,138339,137728,0,106,53,138445,611,0.149138
5456,2026-09-22T20:53:23.764Z,resonance,gpt-6-astra,xhigh,138468,138240,0,106,0,138574,228,0.14582
5457,2026-09-22T20:53:33.344Z,resonance,gpt-6-astra,xhigh,138950,138368,0,67,13,139017,582,0.147538
5458,2026-09-22T20:53:45.179Z,resonance,gpt-6-astra,xhigh,139359,138880,0,325,167,139684,479,0.15992
5459,2026-09-22T20:54:30.869Z,resonance,gpt-6-astra,xhigh,143492,139264,0,1468,1034,144960,4228,0.254944
5460,2026-09-22T20:54:52.490Z,resonance,gpt-6-astra,xhigh,145328,143360,0,468,96,145796,1968,0.18644
5461,2026-09-22T20:55:17.599Z,resonance,gpt-6-astra,xhigh,146006,145152,0,764,493,146770,854,0.191892
5462,2026-09-22T20:55:55.865Z,resonance,gpt-6-astra,xhigh,146950,145920,0,1156,715,148106,1030,0.21402
5463,2026-09-22T20:56:48.796Z,resonance,gpt-6-astra,xhigh,148621,146816,0,1631,612,150252,1805,0.246416
5464,2026-09-22T20:57:10.059Z,resonance,gpt-6-astra,xhigh,150485,148480,0,584,485,151069,2005,0.19773
5465,2026-09-22T20:57:14.245Z,resonance,gpt-6-astra,xhigh,151408,150400,0,54,0,151462,1008,0.16318
5466,2026-09-22T20:57:33.943Z,resonance,gpt-6-astra,xhigh,152885,151296,0,470,307,153355,1589,0.190686
5467,2026-09-22T20:57:57.560Z,resonance,gpt-6-astra,xhigh,153795,152704,0,537,516,154332,1091,0.190464
5468,2026-09-22T20:58:46.253Z,resonance,gpt-6-astra,xhigh,154355,153728,0,84,0,154439,627,0.164198
5469,2026-09-22T20:59:10.610Z,resonance,gpt-6-astra,xhigh,154786,154240,0,745,516,155531,546,0.19695
5470,2026-09-22T20:59:24.531Z,resonance,gpt-6-astra,xhigh,157340,154624,0,352,46,157692,2716,0.199384
5471,2026-09-22T21:00:11.079Z,resonance,gpt-6-astra,xhigh,164133,157184,0,1335,1138,165468,6949,0.293424
5472,2026-09-22T21:01:13.733Z,resonance,gpt-6-astra,xhigh,168319,163968,0,2029,477,170348,4351,0.308928
5473,2026-09-22T21:01:49.376Z,resonance,gpt-6-astra,xhigh,170985,168192,0,1117,730,172102,2793,0.251972
5474,2026-09-22T21:02:23.139Z,resonance,gpt-6-astra,xhigh,172240,170880,0,864,734,173104,1360,0.22768
5475,2026-09-22T21:02:26.856Z,resonance,gpt-6-astra,xhigh,173264,172160,0,52,0,173316,1104,0.1858
5476,2026-09-22T21:02:44.138Z,resonance,gpt-6-astra,xhigh,174739,173184,0,451,271,175190,1555,0.211284
5477,2026-09-22T21:02:59.569Z,resonance,gpt-6-astra,xhigh,175618,174592,0,253,232,175871,1026,0.197502
5478,2026-09-22T21:03:53.621Z,resonance,gpt-6-astra,xhigh,175894,175488,0,61,0,175955,406,0.182598
5479,2026-09-22T21:04:03.996Z,resonance,gpt-6-astra,xhigh,176255,175744,0,112,54,176367,511,0.186454
5480,2026-09-22T21:04:53.797Z,resonance,gpt-6-astra,xhigh,176390,176128,0,80,0,176470,262,0.182748
5481,2026-09-22T21:05:09.491Z,resonance,gpt-6-astra,xhigh,176790,176256,0,201,145,176991,534,0.191646
5482,2026-09-22T21:05:58.360Z,resonance,gpt-6-astra,xhigh,177014,176640,0,80,0,177094,374,0.18438
5483,2026-09-22T21:06:19.081Z,resonance,gpt-6-astra,xhigh,177416,176896,0,415,357,177831,520,0.202846
5484,2026-09-22T21:07:13.114Z,resonance,gpt-6-astra,xhigh,177854,177280,0,128,0,177982,574,0.18942
5485,2026-09-22T21:08:00.164Z,resonance,gpt-6-astra,xhigh,178482,123008,0,845,496,179327,55474,0.719998
5486,2026-09-22T21:08:19.570Z,resonance,gpt-6-astra,xhigh,179505,178304,0,522,387,180027,1201,0.216414
5487,2026-09-22T21:08:36.494Z,resonance,gpt-6-astra,xhigh,180905,179328,0,390,340,181295,1577,0.214598
5488,2026-09-22T21:08:43.566Z,resonance,gpt-6-astra,xhigh,182628,180736,0,120,80,182748,1892,0.205656
5489,2026-09-22T21:08:56.589Z,resonance,gpt-6-astra,xhigh,183184,182528,0,347,181,183531,656,0.206438
5490,2026-09-22T21:09:51.747Z,resonance,gpt-6-astra,xhigh,184315,183040,0,1738,516,186053,1275,0.28269
5491,2026-09-22T21:10:21.543Z,resonance,gpt-6-astra,xhigh,186179,184192,0,892,792,187071,1987,0.248662
5492,2026-09-22T21:10:33.611Z,resonance,gpt-6-astra,xhigh,187395,186112,0,212,164,187607,1283,0.209542
5493,2026-09-22T21:11:21.607Z,resonance,gpt-6-astra,xhigh,189030,187264,0,1509,1314,190539,1766,0.280374
5494,2026-09-22T21:11:42.552Z,resonance,gpt-6-astra,xhigh,190851,188928,0,619,598,191470,1923,0.239108
5495,2026-09-22T21:12:30.372Z,resonance,gpt-6-astra,xhigh,191493,190720,0,33,0,191526,773,0.2001
5496,2026-09-22T21:12:36.259Z,resonance,gpt-6-astra,xhigh,191706,191360,0,84,28,191790,346,0.19902
5497,2026-09-22T21:13:24.441Z,resonance,gpt-6-astra,xhigh,191813,191616,0,33,0,191846,197,0.195236
5498,2026-09-22T21:14:16.002Z,resonance,gpt-6-astra,xhigh,192030,191744,0,1515,1456,193545,286,0.270354
5499,2026-09-22T21:15:04.288Z,resonance,gpt-6-astra,xhigh,193568,191872,0,33,0,193601,1696,0.210482
5500,2026-09-22T21:15:13.982Z,resonance,gpt-6-astra,xhigh,193783,193408,0,91,30,193874,375,0.201708
5501,2026-09-22T21:16:01.921Z,resonance,gpt-6-astra,xhigh,193897,193664,0,33,0,193930,233,0.197644
5502,2026-09-22T21:16:31.725Z,resonance,gpt-6-astra,xhigh,194111,193792,0,902,850,195013,319,0.242082
5503,2026-09-22T21:17:24.241Z,resonance,gpt-6-astra,xhigh,195036,194048,0,33,0,195069,988,0.205578
5504,2026-09-22T21:17:59.673Z,resonance,gpt-6-astra,xhigh,195250,194944,0,1078,1034,196328,306,0.251904
5505,2026-09-22T21:18:10.001Z,resonance,gpt-6-astra,xhigh,197751,195072,0,96,16,197847,2679,0.226662
5506,2026-09-22T21:18:27.458Z,resonance,gpt-6-astra,xhigh,198046,197632,0,443,422,198489,414,0.223922
5507,2026-09-22T21:19:15.902Z,resonance,gpt-6-astra,xhigh,198512,197888,0,33,0,198545,624,0.205778
5508,2026-09-22T21:19:20.248Z,resonance,gpt-6-astra,xhigh,198727,198400,0,60,0,198787,327,0.20467
5509,2026-09-22T21:20:08.857Z,resonance,gpt-6-astra,xhigh,198810,198656,0,33,0,198843,154,0.201846
5510,2026-09-22T21:20:50.096Z,resonance,gpt-6-astra,xhigh,199025,198656,0,1207,1149,200232,369,0.262696
5511,2026-09-22T21:21:38.830Z,resonance,gpt-6-astra,xhigh,200255,198912,0,33,0,200288,1343,0.213992
5512,2026-09-22T21:21:48.965Z,resonance,gpt-6-astra,xhigh,200469,200192,0,171,118,200640,277,0.211512
5513,2026-09-22T21:22:37.765Z,resonance,gpt-6-astra,xhigh,200663,200320,0,33,0,200696,343,0.2054
5514,2026-09-22T21:23:29.223Z,resonance,gpt-6-astra,xhigh,200878,200576,0,1472,1415,202350,302,0.277196
5515,2026-09-22T21:24:18.625Z,resonance,gpt-6-astra,xhigh,202373,200704,0,33,0,202406,1669,0.219044
5516,2026-09-22T21:24:50.622Z,resonance,gpt-6-astra,xhigh,202587,202240,0,976,921,203563,347,0.25451
5517,2026-09-22T21:25:38.846Z,resonance,gpt-6-astra,xhigh,203586,202496,0,33,0,203619,1090,0.215046
5518,2026-09-22T21:25:46.092Z,resonance,gpt-6-astra,xhigh,203802,203520,0,93,42,203895,282,0.21099
5519,2026-09-22T21:26:36.693Z,resonance,gpt-6-astra,xhigh,203918,203648,0,33,0,203951,270,0.207998
5520,2026-09-22T21:27:15.029Z,resonance,gpt-6-astra,xhigh,204956,178304,0,58,0,205014,26652,0.447724
5521,2026-09-22T21:28:02.677Z,resonance,gpt-6-astra,xhigh,205037,204800,0,33,0,205070,237,0.20882
5522,2026-09-22T21:28:11.501Z,resonance,gpt-6-astra,xhigh,205252,204928,0,193,134,205445,324,0.217818
5523,2026-09-22T21:28:54.145Z,resonance,gpt-6-astra,xhigh,205468,205184,0,33,0,205501,284,0.209674
5524,2026-09-22T21:29:10.133Z,resonance,gpt-6-astra,xhigh,205683,205312,0,367,305,206050,371,0.227372
5525,2026-09-22T21:29:54.102Z,resonance,gpt-6-astra,xhigh,206073,205568,0,33,0,206106,505,0.212268
5526,2026-09-22T21:30:21.195Z,resonance,gpt-6-astra,xhigh,206290,205952,0,818,764,207108,338,0.250232
5527,2026-09-22T21:31:11.082Z,resonance,gpt-6-astra,xhigh,207131,206208,0,33,0,207164,923,0.217088
5528,2026-09-22T21:31:36.512Z,resonance,gpt-6-astra,xhigh,207304,206976,0,705,238,208009,328,0.245506
5529,2026-09-22T21:31:49.154Z,resonance,gpt-6-astra,xhigh,208590,207232,0,227,144,208817,1358,0.232162
5530,2026-09-22T21:32:56.257Z,resonance,gpt-6-astra,xhigh,208984,208512,0,2130,1794,211114,472,0.319732
5531,2026-09-22T21:34:14.339Z,resonance,gpt-6-astra,xhigh,212221,208896,0,2509,2070,214730,3325,0.367596
5532,2026-09-22T21:35:29.558Z,resonance,gpt-6-astra,xhigh,214801,212096,0,2362,2070,217163,2705,0.357246
5533,2026-09-22T21:36:44.363Z,resonance,gpt-6-astra,xhigh,218313,214656,0,2414,1034,220727,3657,0.371926
5534,2026-09-22T21:38:03.937Z,resonance,gpt-6-astra,xhigh,220817,218240,0,2548,2266,223365,2577,0.37141
5535,2026-09-22T21:38:20.405Z,resonance,gpt-6-astra,xhigh,223548,220672,0,397,265,223945,2876,0.269282
5536,2026-09-22T21:38:33.430Z,resonance,gpt-6-astra,xhigh,224414,223488,0,326,187,224740,926,0.249048
5537,2026-09-22T21:39:27.286Z,resonance,gpt-6-astra,xhigh,225350,224256,0,1580,287,226930,1094,0.314196
5538,2026-09-22T21:40:46.340Z,resonance,gpt-6-astra,xhigh,226998,225280,0,2530,2188,229528,1718,0.36896
5539,2026-09-22T21:41:52.961Z,resonance,gpt-6-astra,xhigh,229584,226816,0,1973,1034,231557,2768,0.353146
5540,2026-09-22T21:42:13.710Z,resonance,gpt-6-astra,xhigh,233388,229504,0,588,516,233976,3884,0.297744
5541,2026-09-22T21:43:07.628Z,resonance,gpt-6-astra,xhigh,237631,233216,0,1662,765,239293,4415,0.360466
5542,2026-09-22T21:44:24.137Z,resonance,gpt-6-astra,xhigh,239492,237568,0,2425,2244,241917,1924,0.378058
5543,2026-09-22T21:44:37.178Z,resonance,gpt-6-astra,xhigh,243397,239360,0,336,257,243733,4037,0.29653
5544,2026-09-22T21:44:42.862Z,resonance,gpt-6-astra,xhigh,244354,243328,0,46,0,244400,1026,0.255888
5545,2026-09-22T21:48:22.733Z,resonance,gpt-6-astra,xhigh,244825,122880,0,7169,0,251994,121945,1.70078
5546,2026-09-22T21:48:29.799Z,resonance,gpt-6-astra,xhigh,35351,27904,0,173,9,35524,7447,0.111024
5547,2026-09-22T21:48:39.722Z,resonance,gpt-6-astra,xhigh,45139,35200,0,217,0,45356,9939,0.14544
5548,2026-09-22T21:48:48.038Z,resonance,gpt-6-astra,xhigh,53682,44928,0,180,25,53862,8754,0.141468
5549,2026-09-22T21:49:03.223Z,resonance,gpt-6-astra,xhigh,64393,53504,0,442,15,64835,10889,0.184494
5550,2026-09-22T21:50:23.786Z,resonance,gpt-6-astra,xhigh,67293,64256,0,2586,27,69879,3037,0.223926
5551,2026-09-22T21:50:34.218Z,resonance,gpt-6-astra,xhigh,69937,67072,0,233,74,70170,2865,0.107372
5552,2026-09-22T21:50:46.096Z,resonance,gpt-6-astra,xhigh,73210,69760,0,340,36,73550,3450,0.12126
5553,2026-09-22T21:51:02.706Z,resonance,gpt-6-astra,xhigh,75461,73088,0,459,43,75920,2373,0.119768
5554,2026-09-22T21:51:59.945Z,resonance,gpt-6-astra,xhigh,76093,75264,0,1619,188,77712,829,0.164504
5555,2026-09-22T21:52:11.362Z,resonance,gpt-6-astra,xhigh,77769,75904,0,214,48,77983,1865,0.105254
5556,2026-09-22T21:52:26.146Z,resonance,gpt-6-astra,xhigh,78334,77568,0,287,21,78621,766,0.099578
5557,2026-09-22T21:52:44.547Z,resonance,gpt-6-astra,xhigh,79456,78208,0,518,13,79974,1248,0.116588
5558,2026-09-22T21:53:00.186Z,resonance,gpt-6-astra,xhigh,82689,79232,0,391,142,83080,3457,0.133352
5559,2026-09-22T21:53:18.427Z,resonance,gpt-6-astra,xhigh,83437,82560,0,531,0,83968,877,0.11788
5560,2026-09-22T21:53:41.366Z,resonance,gpt-6-astra,xhigh,84481,83200,0,571,31,85052,1281,0.12456
5561,2026-09-22T21:54:12.482Z,resonance,gpt-6-astra,xhigh,85247,84224,0,827,185,86074,1023,0.135804
5562,2026-09-22T21:54:22.287Z,resonance,gpt-6-astra,xhigh,86348,85120,0,235,114,86583,1228,0.10915
5563,2026-09-22T21:54:27.194Z,resonance,gpt-6-astra,xhigh,86740,86272,0,100,10,86840,468,0.095952
5564,2026-09-22T21:54:35.674Z,resonance,gpt-6-astra,xhigh,87038,86656,0,228,110,87266,382,0.101876
5565,2026-09-22T21:54:48.963Z,resonance,gpt-6-astra,xhigh,89213,86912,0,386,100,89599,2301,0.129222
5566,2026-09-22T21:55:05.518Z,resonance,gpt-6-astra,xhigh,89657,89088,0,465,49,90122,569,0.118028
5567,2026-09-22T21:55:13.456Z,resonance,gpt-6-astra,xhigh,90225,89600,0,165,51,90390,625,0.1041
5568,2026-09-22T21:55:21.372Z,resonance,gpt-6-astra,xhigh,90480,90112,0,126,25,90606,368,0.100092
5569,2026-09-22T21:55:43.132Z,resonance,gpt-6-astra,xhigh,92794,90368,0,626,89,93420,2426,0.145928
5570,2026-09-22T21:55:52.805Z,resonance,gpt-6-astra,xhigh,94057,92544,0,239,25,94296,1513,0.119624
5571,2026-09-22T21:56:06.943Z,resonance,gpt-6-astra,xhigh,94551,93824,0,392,22,94943,727,0.120694
5572,2026-09-22T21:56:27.769Z,resonance,gpt-6-astra,xhigh,95195,94336,0,587,337,95782,859,0.132276
5573,2026-09-22T21:56:41.308Z,resonance,gpt-6-astra,xhigh,96178,94976,0,231,115,96409,1202,0.118546
5574,2026-09-22T21:57:02.907Z,resonance,gpt-6-astra,xhigh,96629,96000,0,664,516,97293,629,0.13549
5575,2026-09-22T21:57:19.827Z,resonance,gpt-6-astra,xhigh,97466,96384,0,304,48,97770,1082,0.122404
5576,2026-09-22T21:57:38.402Z,resonance,gpt-6-astra,xhigh,97915,97280,0,525,304,98440,635,0.12988
5577,2026-09-22T21:57:56.010Z,resonance,gpt-6-astra,xhigh,98712,97664,0,201,46,98913,1048,0.118194
5578,2026-09-22T21:58:08.198Z,resonance,gpt-6-astra,xhigh,99056,98560,0,184,33,99240,496,0.11272
5579,2026-09-22T21:58:23.427Z,resonance,gpt-6-astra,xhigh,99491,98816,0,436,321,99927,675,0.127366
5580,2026-09-22T21:58:34.940Z,resonance,gpt-6-astra,xhigh,100261,99456,0,305,10,100566,805,0.122756
5581,2026-09-22T21:58:54.281Z,resonance,gpt-6-astra,xhigh,100905,100224,0,483,255,101388,681,0.131184
5582,2026-09-22T21:59:29.343Z,resonance,gpt-6-astra,xhigh,101748,100864,0,1100,492,102848,884,0.164704
5583,2026-09-22T21:59:45.937Z,resonance,gpt-6-astra,xhigh,103108,101632,0,425,404,103533,1476,0.137642
5584,2026-09-22T22:00:12.533Z,resonance,gpt-6-astra,xhigh,103556,103040,0,154,28,103710,516,0.1159
5585,2026-09-22T22:00:28.278Z,resonance,gpt-6-astra,xhigh,103887,103552,0,464,143,104351,335,0.130102
5586,2026-09-22T22:00:43.661Z,resonance,gpt-6-astra,xhigh,104950,103808,0,423,0,105373,1142,0.136378
5587,2026-09-22T22:01:11.207Z,resonance,gpt-6-astra,xhigh,105559,104832,0,820,118,106379,727,0.153102
5588,2026-09-22T22:01:43.722Z,resonance,gpt-6-astra,xhigh,106446,105472,0,989,248,107435,974,0.164662
5589,2026-09-22T22:02:11.349Z,resonance,gpt-6-astra,xhigh,107592,106368,0,787,262,108379,1224,0.157958
5590,2026-09-22T22:02:25.140Z,resonance,gpt-6-astra,xhigh,108515,107520,0,232,68,108747,995,0.12907
5591,2026-09-22T22:02:51.608Z,resonance,gpt-6-astra,xhigh,109330,108416,0,754,516,110084,914,0.155256
5592,2026-09-22T22:03:41.311Z,resonance,gpt-6-astra,xhigh,110263,109184,0,1437,1416,111700,1079,0.191824
5593,2026-09-22T22:04:29.628Z,resonance,gpt-6-astra,xhigh,111723,110080,0,160,0,111883,1643,0.13451
5594,2026-09-22T22:05:17.901Z,resonance,gpt-6-astra,xhigh,112162,111616,0,1270,1034,113432,546,0.180576
5595,2026-09-22T22:05:54.581Z,resonance,gpt-6-astra,xhigh,113506,112000,0,1055,1034,114561,1506,0.17981
5596,2026-09-22T22:06:30.017Z,resonance,gpt-6-astra,xhigh,114584,113408,0,115,0,114699,1176,0.130918
5597,2026-09-22T22:07:25.285Z,resonance,gpt-6-astra,xhigh,114880,114432,0,1610,1263,116490,448,0.199412
5598,2026-09-22T22:08:06.819Z,resonance,gpt-6-astra,xhigh,116593,114688,0,1298,1277,117891,1905,0.198638
5599,2026-09-22T22:08:42.178Z,resonance,gpt-6-astra,xhigh,117914,116480,0,115,0,118029,1434,0.13657
5600,2026-09-22T22:09:40.311Z,resonance,gpt-6-astra,xhigh,118211,117760,0,1696,1492,119907,451,0.20707
5601,2026-09-22T22:10:16.924Z,resonance,gpt-6-astra,xhigh,120194,118016,0,1131,1110,121325,2178,0.196346
5602,2026-09-22T22:10:52.261Z,resonance,gpt-6-astra,xhigh,121348,120064,0,117,0,121465,1284,0.138754
5603,2026-09-22T22:11:16.705Z,resonance,gpt-6-astra,xhigh,121647,121216,0,546,415,122193,431,0.152826
5604,2026-09-22T22:11:49.031Z,resonance,gpt-6-astra,xhigh,122290,121472,0,1004,983,123294,818,0.179852
5605,2026-09-22T22:12:24.783Z,resonance,gpt-6-astra,xhigh,123317,122112,0,117,0,123434,1205,0.140012
5606,2026-09-22T22:13:06.601Z,resonance,gpt-6-astra,xhigh,123640,123136,0,1166,1034,124806,504,0.186476
5607,2026-09-22T22:15:01.627Z,resonance,gpt-6-astra,xhigh,124952,123520,0,3686,411,128638,1432,0.32214
5608,2026-09-22T22:15:35.233Z,resonance,gpt-6-astra,xhigh,128710,124800,0,879,425,129589,3910,0.20785
5609,2026-09-22T22:15:55.471Z,resonance,gpt-6-astra,xhigh,130233,128512,0,578,66,130811,1721,0.174622
5610,2026-09-22T22:16:03.312Z,resonance,gpt-6-astra,xhigh,131086,130048,0,89,66,131175,1038,0.144878
5611,2026-09-22T22:16:26.901Z,resonance,gpt-6-astra,xhigh,131624,130944,0,700,516,132324,680,0.172744
5612,2026-09-22T23:30:56.994Z,population,gpt-6-astra,xhigh,136127,12160,0,349,0,136476,123967,1.26928
5613,2026-09-22T23:31:26.790Z,population,gpt-6-astra,xhigh,145778,135936,0,645,457,146423,9842,0.266606
5614,2026-09-22T23:31:39.165Z,population,gpt-6-astra,xhigh,156314,145664,0,187,31,156501,10650,0.261514
5615,2026-09-22T23:32:03.980Z,population,gpt-6-astra,xhigh,162545,156160,0,668,337,163213,6385,0.25341
5616,2026-09-22T23:32:27.721Z,population,gpt-6-astra,xhigh,170604,162432,0,650,44,171254,8172,0.276652
5617,2026-09-22T23:33:29.735Z,population,gpt-6-astra,xhigh,171807,170496,0,1908,1602,173715,1311,0.279006
5618,2026-09-22T23:34:41.586Z,population,gpt-6-astra,xhigh,182005,171648,0,2054,1905,184059,10357,0.377918
5619,2026-09-22T23:37:05.476Z,population,gpt-6-astra,xhigh,185493,181888,0,4684,1034,190177,3605,0.452138
5620,2026-09-22T23:38:09.747Z,population,gpt-6-astra,xhigh,190347,185344,0,2027,423,192374,5003,0.336724
5621,2026-09-22T23:38:47.067Z,population,gpt-6-astra,xhigh,192541,190208,0,1129,1034,193670,2333,0.269988
5622,2026-09-22T23:39:06.442Z,population,gpt-6-astra,xhigh,194180,192384,0,578,232,194758,1796,0.239244
5623,2026-09-22T23:39:53.271Z,population,gpt-6-astra,xhigh,195057,194048,0,1414,1305,196471,1009,0.274838
5624,2026-09-22T23:41:11.226Z,population,gpt-6-astra,xhigh,198559,194944,0,2507,1034,201066,3615,0.356444
5625,2026-09-22T23:41:21.887Z,population,gpt-6-astra,xhigh,201254,198400,0,277,124,201531,2854,0.24079
5626,2026-09-22T23:41:58.760Z,population,gpt-6-astra,xhigh,201978,201088,0,1095,954,203073,890,0.264738
5627,2026-09-22T23:42:08.549Z,population,gpt-6-astra,xhigh,203255,201856,0,195,0,203450,1399,0.225596
5628,2026-09-22T23:42:18.038Z,population,gpt-6-astra,xhigh,204990,203136,0,210,0,205200,1854,0.232176
5629,2026-09-22T23:44:41.076Z,population,gpt-6-astra,xhigh,211241,204800,0,4663,1459,215904,6441,0.50236
5630,2026-09-22T23:47:11.090Z,population,gpt-6-astra,xhigh,215928,211072,0,4914,2440,220842,4856,0.505332
5631,2026-09-22T23:51:01.235Z,population,gpt-6-astra,xhigh,221397,12160,0,7360,0,228757,209237,2.47253
5632,2026-09-22T23:51:08.245Z,population,gpt-6-astra,xhigh,39227,12160,0,97,0,39324,27067,0.28768
5633,2026-09-22T23:51:15.289Z,population,gpt-6-astra,xhigh,45484,39040,0,168,43,45652,6444,0.11188
5634,2026-09-22T23:51:20.404Z,population,gpt-6-astra,xhigh,52685,45312,0,117,27,52802,7373,0.124892
5635,2026-09-22T23:51:49.202Z,population,gpt-6-astra,xhigh,55146,52480,0,797,61,55943,2666,0.11899
5636,2026-09-22T23:52:11.810Z,population,gpt-6-astra,xhigh,56110,54912,0,596,516,56706,1198,0.096692
5637,2026-09-22T23:53:01.832Z,population,gpt-6-astra,xhigh,58083,55936,0,1619,54,59702,2147,0.158356
5638,2026-09-22T23:53:15.218Z,population,gpt-6-astra,xhigh,60199,57856,0,395,204,60594,2343,0.101036
5639,2026-09-22T23:53:28.388Z,population,gpt-6-astra,xhigh,62865,60032,0,390,37,63255,2833,0.107862
5640,2026-09-22T23:53:43.350Z,population,gpt-6-astra,xhigh,67810,62720,0,327,148,68137,5090,0.12997
5641,2026-09-22T23:53:56.074Z,population,gpt-6-astra,xhigh,69060,67584,0,153,36,69213,1476,0.089994
5642,2026-09-22T23:54:09.060Z,population,gpt-6-astra,xhigh,71675,68864,0,201,33,71876,2811,0.107024
5643,2026-09-22T23:54:13.936Z,population,gpt-6-astra,xhigh,72043,71552,0,111,25,72154,491,0.082012
5644,2026-09-22T23:54:26.006Z,population,gpt-6-astra,xhigh,74579,71808,0,163,86,74742,2771,0.107668
5645,2026-09-22T23:54:31.620Z,population,gpt-6-astra,xhigh,76199,74368,0,55,15,76254,1831,0.095428
5646,2026-09-22T23:54:39.959Z,population,gpt-6-astra,xhigh,77828,76032,0,110,50,77938,1796,0.099492
5647,2026-09-22T23:54:54.375Z,population,gpt-6-astra,xhigh,78635,77696,0,427,319,79062,939,0.108436
5648,2026-09-22T23:55:16.359Z,population,gpt-6-astra,xhigh,80083,78464,0,682,516,80765,1619,0.128754
5649,2026-09-22T23:56:31.738Z,population,gpt-6-astra,xhigh,81288,79872,0,2284,516,83572,1416,0.208232
5650,2026-09-22T23:56:45.371Z,population,gpt-6-astra,xhigh,83596,81152,0,375,322,83971,2444,0.124342
5651,2026-09-22T23:56:50.640Z,population,gpt-6-astra,xhigh,85112,83456,0,126,15,85238,1656,0.106316
5652,2026-09-22T23:57:10.957Z,population,gpt-6-astra,xhigh,86287,84992,0,608,10,86895,1295,0.128342
5653,2026-09-22T23:58:16.706Z,population,gpt-6-astra,xhigh,88478,86144,0,2074,438,90552,2334,0.213184
5654,2026-09-22T23:59:14.097Z,population,gpt-6-astra,xhigh,91790,88320,0,1815,499,93605,3470,0.21377
5655,2026-09-22T23:59:36.337Z,population,gpt-6-astra,xhigh,93629,91648,0,690,516,94319,1981,0.145958
5656,2026-09-23T00:00:11.620Z,population,gpt-6-astra,xhigh,95748,93440,0,1098,1034,96846,2308,0.17142
5657,2026-09-23T00:01:16.019Z,population,gpt-6-astra,xhigh,101526,95616,0,2039,297,103565,5910,0.256666
5658,2026-09-23T00:01:25.515Z,population,gpt-6-astra,xhigh,103697,101376,0,229,35,103926,2321,0.136036
5659,2026-09-23T00:02:30.153Z,population,gpt-6-astra,xhigh,105523,103552,0,2039,516,107562,1971,0.225212
5660,2026-09-23T00:02:40.366Z,population,gpt-6-astra,xhigh,107586,105344,0,275,145,107861,2242,0.141514
5661,2026-09-23T00:04:53.064Z,population,gpt-6-astra,xhigh,110467,107392,0,4323,2070,114790,3075,0.354292
5662,2026-09-23T00:05:20.166Z,population,gpt-6-astra,xhigh,114814,110336,0,822,632,115636,4478,0.196216
5663,2026-09-23T00:06:19.475Z,population,gpt-6-astra,xhigh,116203,114688,0,1894,708,118097,1515,0.224538
5664,2026-09-23T00:07:15.245Z,population,gpt-6-astra,xhigh,118188,116096,0,1728,516,119916,2092,0.223416
5665,2026-09-23T00:07:34.505Z,population,gpt-6-astra,xhigh,120082,118016,0,483,144,120565,2066,0.162826
5666,2026-09-23T00:08:49.389Z,population,gpt-6-astra,xhigh,120850,119936,0,2433,728,123283,914,0.250726
5667,2026-09-23T00:09:13.617Z,population,gpt-6-astra,xhigh,123340,120704,0,750,625,124090,2636,0.184564
5668,2026-09-23T00:10:07.577Z,population,gpt-6-astra,xhigh,124572,123264,0,1740,976,126312,1308,0.223344
5669,2026-09-23T00:10:24.375Z,population,gpt-6-astra,xhigh,126503,124416,0,471,135,126974,2087,0.168836
5670,2026-09-23T00:10:58.490Z,population,gpt-6-astra,xhigh,127245,126336,0,977,755,128222,909,0.184276
5671,2026-09-23T00:11:52.199Z,population,gpt-6-astra,xhigh,128661,127104,0,1737,1552,130398,1557,0.229524
5672,2026-09-23T00:14:48.107Z,population,gpt-6-astra,xhigh,130836,128512,0,5779,5529,136615,2324,0.440702
5673,2026-09-23T00:15:34.151Z,population,gpt-6-astra,xhigh,140889,130688,0,1436,86,142325,10201,0.304498
5674,2026-09-23T00:17:17.316Z,population,gpt-6-astra,xhigh,146821,140800,0,3220,2070,150041,6021,0.36201
5675,2026-09-23T00:18:14.995Z,population,gpt-6-astra,xhigh,150168,146688,0,1825,1098,151993,3480,0.272738
5676,2026-09-23T00:19:28.769Z,population,gpt-6-astra,xhigh,152265,150016,0,2400,969,154665,2249,0.292506
5677,2026-09-23T00:19:40.983Z,population,gpt-6-astra,xhigh,154781,152064,0,316,140,155097,2717,0.195034
5678,2026-09-23T00:21:00.874Z,population,gpt-6-astra,xhigh,155977,154624,0,2529,694,158506,1353,0.294604
5679,2026-09-23T00:21:50.545Z,population,gpt-6-astra,xhigh,158553,155776,0,1570,103,160123,2777,0.262046
5680,2026-09-23T00:21:57.520Z,population,gpt-6-astra,xhigh,160237,158464,0,123,12,160360,1773,0.182344
5681,2026-09-23T00:22:15.633Z,population,gpt-6-astra,xhigh,160649,160128,0,530,136,161179,521,0.191838
5682,2026-09-23T00:22:23.581Z,population,gpt-6-astra,xhigh,161236,160512,0,164,33,161400,724,0.175952
5683,2026-09-23T00:23:08.908Z,population,gpt-6-astra,xhigh,164077,55936,0,642,0,164719,108141,1.169446
5684,2026-09-23T00:23:21.140Z,population,gpt-6-astra,xhigh,164776,163968,0,234,18,165010,808,0.183748
5685,2026-09-23T00:23:37.984Z,population,gpt-6-astra,xhigh,166682,164608,0,462,261,167144,2074,0.208448
5686,2026-09-23T00:25:15.632Z,population,gpt-6-astra,xhigh,167530,166528,0,3182,1420,170712,1002,0.335648
5687,2026-09-23T00:26:14.818Z,population,gpt-6-astra,xhigh,170736,167424,0,1905,326,172641,3312,0.295794
5688,2026-09-23T00:27:04.256Z,population,gpt-6-astra,xhigh,173163,170624,0,1551,1418,174714,2539,0.273564
5689,2026-09-23T00:28:36.575Z,population,gpt-6-astra,xhigh,176140,173056,0,3005,2462,179145,3084,0.354146
5690,2026-09-23T00:29:06.602Z,population,gpt-6-astra,xhigh,179833,176000,0,933,194,180766,3833,0.26098
5691,2026-09-23T00:29:57.868Z,population,gpt-6-astra,xhigh,181746,179712,0,1588,1439,183334,2034,0.279452
5692,2026-09-23T00:31:15.224Z,population,gpt-6-astra,xhigh,183727,181632,0,2453,516,186180,2095,0.325232
5693,2026-09-23T00:32:45.521Z,population,gpt-6-astra,xhigh,186294,183552,0,2933,1895,189227,2742,0.357622
5694,2026-09-23T00:33:09.404Z,population,gpt-6-astra,xhigh,189286,186112,0,653,335,189939,3174,0.250502
5695,2026-09-23T00:33:19.918Z,population,gpt-6-astra,xhigh,190030,189184,0,274,173,190304,846,0.211344
5696,2026-09-23T00:33:43.090Z,population,gpt-6-astra,xhigh,192109,189952,0,524,406,192633,2157,0.237722
5697,2026-09-23T00:34:09.268Z,population,gpt-6-astra,xhigh,194195,192000,0,682,494,194877,2195,0.24805
5698,2026-09-23T00:34:25.407Z,population,gpt-6-astra,xhigh,195112,194048,0,425,245,195537,1064,0.225938
5699,2026-09-23T00:35:54.521Z,population,gpt-6-astra,xhigh,196075,194944,0,2731,2202,198806,1131,0.342804
5700,2026-09-23T00:37:14.376Z,population,gpt-6-astra,xhigh,198868,195968,0,2575,971,201443,2900,0.353718
5701,2026-09-23T00:37:25.316Z,population,gpt-6-astra,xhigh,201555,198784,0,198,45,201753,2771,0.236394
5702,2026-09-23T00:38:45.088Z,population,gpt-6-astra,xhigh,204767,201472,0,2528,1312,207295,3295,0.360822
5703,2026-09-23T00:39:20.240Z,population,gpt-6-astra,xhigh,207421,204672,0,1082,603,208503,2749,0.286262
5704,2026-09-23T00:41:02.691Z,population,gpt-6-astra,xhigh,208578,207232,0,3305,1805,211883,1346,0.385942
5705,2026-09-23T00:42:15.325Z,population,gpt-6-astra,xhigh,211942,208384,0,2325,2119,214267,3558,0.360214
5706,2026-09-23T00:42:47.352Z,population,gpt-6-astra,xhigh,214435,211840,0,919,786,215354,2595,0.28374
5707,2026-09-23T00:45:48.073Z,population,gpt-6-astra,xhigh,215701,214272,0,5900,3624,221601,1429,0.523562
5708,2026-09-23T00:47:06.943Z,population,gpt-6-astra,xhigh,221660,215552,0,2387,2191,224047,6108,0.395982
5709,2026-09-23T00:48:24.839Z,population,gpt-6-astra,xhigh,225671,221568,0,2219,1552,227890,4103,0.373548
5710,2026-09-23T00:50:17.024Z,population,gpt-6-astra,xhigh,228191,225536,0,3623,1034,231814,2655,0.433236
5711,2026-09-23T00:50:42.043Z,population,gpt-6-astra,xhigh,231943,228096,0,709,512,232652,3847,0.302016
5712,2026-09-23T00:51:02.596Z,population,gpt-6-astra,xhigh,233163,231808,0,467,340,233630,1355,0.268708
5713,2026-09-23T00:51:11.819Z,population,gpt-6-astra,xhigh,235170,233088,0,130,0,235300,2082,0.260408
5714,2026-09-23T00:53:28.868Z,population,gpt-6-astra,xhigh,238277,235008,0,4461,2246,242738,3269,0.490748
5715,2026-09-23T00:54:41.263Z,population,gpt-6-astra,xhigh,242996,238080,0,2229,1129,245225,4916,0.39869
5716,2026-09-23T00:58:30.876Z,population,gpt-6-astra,xhigh,245262,242816,0,7522,0,252784,2446,0.643376
5717,2026-09-23T00:58:42.102Z,population,gpt-6-astra,xhigh,39388,12160,0,206,12,39594,27228,0.29474
5718,2026-09-23T00:58:52.529Z,population,gpt-6-astra,xhigh,48364,39168,0,283,60,48647,9196,0.145278
5719,2026-09-23T00:58:57.923Z,population,gpt-6-astra,xhigh,61404,48128,0,122,43,61526,13276,0.186988
5720,2026-09-23T00:59:36.392Z,population,gpt-6-astra,xhigh,66061,61184,0,1210,233,67271,4877,0.170454
5721,2026-09-23T00:59:55.730Z,population,gpt-6-astra,xhigh,67551,65920,0,548,442,68099,1631,0.10963
5722,2026-09-23T01:01:28.031Z,population,gpt-6-astra,xhigh,72185,67328,0,2967,516,75152,4857,0.264248
5723,2026-09-23T01:01:35.885Z,population,gpt-6-astra,xhigh,75349,72064,0,186,59,75535,3285,0.114214
5724,2026-09-23T01:02:13.141Z,population,gpt-6-astra,xhigh,78783,75136,0,1043,893,79826,3647,0.163756
5725,2026-09-23T01:02:27.849Z,population,gpt-6-astra,xhigh,84709,78592,0,286,149,84995,6117,0.154062
5726,2026-09-23T01:03:58.013Z,population,gpt-6-astra,xhigh,90398,84480,0,2850,629,93248,5918,0.28616
5727,2026-09-23T01:05:08.353Z,population,gpt-6-astra,xhigh,93388,90240,0,2136,516,95524,3148,0.22852
5728,2026-09-23T01:05:31.291Z,population,gpt-6-astra,xhigh,95639,93184,0,667,546,96306,2455,0.151084
5729,2026-09-23T01:06:17.648Z,population,gpt-6-astra,xhigh,98333,95488,0,1480,1360,99813,2845,0.197938
5730,2026-09-23T01:07:09.744Z,population,gpt-6-astra,xhigh,101453,98176,0,1677,1523,103130,3277,0.214796
5731,2026-09-23T01:08:46.309Z,population,gpt-6-astra,xhigh,108749,101248,0,3152,516,111901,7501,0.333858
5732,2026-09-23T01:09:08.452Z,population,gpt-6-astra,xhigh,112020,108544,0,507,376,112527,3476,0.168654
5733,2026-09-23T01:09:15.890Z,population,gpt-6-astra,xhigh,118351,111872,0,173,47,118524,6479,0.185312
5734,2026-09-23T01:09:21.669Z,population,gpt-6-astra,xhigh,120126,118144,0,123,13,120249,1982,0.144114
5735,2026-09-23T01:10:00.128Z,population,gpt-6-astra,xhigh,121821,119936,0,1217,222,123038,1885,0.199636
5736,2026-09-23T01:10:10.356Z,population,gpt-6-astra,xhigh,123360,121600,0,233,80,123593,1760,0.15085
5737,2026-09-23T01:10:38.947Z,population,gpt-6-astra,xhigh,124207,123136,0,897,694,125104,1071,0.178696
5738,2026-09-23T01:12:54.114Z,population,gpt-6-astra,xhigh,127424,124032,0,4456,1543,131880,3392,0.380752
5739,2026-09-23T01:14:24.987Z,population,gpt-6-astra,xhigh,131936,127232,0,2959,507,134895,4704,0.322222
5740,2026-09-23T01:15:25.025Z,population,gpt-6-astra,xhigh,135186,131712,0,1926,516,137112,3474,0.262752
5741,2026-09-23T01:15:34.993Z,population,gpt-6-astra,xhigh,137178,135040,0,258,195,137436,2138,0.16932
5742,2026-09-23T01:17:49.655Z,population,gpt-6-astra,xhigh,137789,136960,0,4367,516,142156,829,0.3636
5743,2026-09-23T01:18:03.019Z,population,gpt-6-astra,xhigh,142213,137600,0,288,173,142501,4613,0.19813
5744,2026-09-23T01:19:07.510Z,population,gpt-6-astra,xhigh,142772,142080,0,2078,807,144850,692,0.2529
5745,2026-09-23T01:19:18.970Z,population,gpt-6-astra,xhigh,144920,142592,0,292,189,145212,2328,0.180472
5746,2026-09-23T01:19:28.835Z,population,gpt-6-astra,xhigh,146060,144768,0,227,137,146287,1292,0.169038
5747,2026-09-23T01:19:40.449Z,population,gpt-6-astra,xhigh,146805,145920,0,290,24,147095,885,0.16927
5748,2026-09-23T01:20:27.292Z,population,gpt-6-astra,xhigh,150144,146688,0,1280,938,151424,3456,0.245248
5749,2026-09-23T01:21:04.515Z,population,gpt-6-astra,xhigh,152215,150016,0,968,13,153183,2199,0.220406
5750,2026-09-23T01:21:13.054Z,population,gpt-6-astra,xhigh,154275,152064,0,115,15,154390,2211,0.179924
5751,2026-09-23T01:21:56.251Z,population,gpt-6-astra,xhigh,156758,154112,0,1280,1136,158038,2646,0.244572
5752,2026-09-23T01:22:03.932Z,population,gpt-6-astra,xhigh,158977,156160,0,165,32,159142,2817,0.19258
5753,2026-09-23T01:23:12.650Z,population,gpt-6-astra,xhigh,159563,158848,0,2176,1034,161739,715,0.274798
5754,2026-09-23T01:25:00.085Z,population,gpt-6-astra,xhigh,161902,65920,0,3395,2070,165297,95982,1.19549
5755,2026-09-23T01:26:18.917Z,population,gpt-6-astra,xhigh,165481,161664,0,2539,1034,168020,3817,0.326784
5756,2026-09-23T01:26:30.625Z,population,gpt-6-astra,xhigh,168114,165248,0,201,95,168315,2866,0.203958
5757,2026-09-23T01:26:48.312Z,population,gpt-6-astra,xhigh,169100,167936,0,529,405,169629,1164,0.206026
5758,2026-09-23T01:26:59.759Z,population,gpt-6-astra,xhigh,171169,168960,0,304,51,171473,2209,0.20625
5759,2026-09-23T01:27:24.705Z,population,gpt-6-astra,xhigh,174971,171008,0,755,654,175726,3963,0.248388
5760,2026-09-23T01:28:18.496Z,population,gpt-6-astra,xhigh,178870,174848,0,1696,1552,180566,4022,0.299868
5761,2026-09-23T01:30:36.312Z,population,gpt-6-astra,xhigh,180956,178688,0,4526,1792,185482,2268,0.427668
5762,2026-09-23T01:32:04.189Z,population,gpt-6-astra,xhigh,185540,180736,0,2851,1034,188391,4804,0.371326
5763,2026-09-23T01:33:14.857Z,population,gpt-6-astra,xhigh,188465,185344,0,2037,1925,190502,3121,0.318404
5764,2026-09-23T01:33:54.970Z,population,gpt-6-astra,xhigh,194366,188288,0,1247,1034,195613,6078,0.311418
5765,2026-09-23T01:36:30.434Z,population,gpt-6-astra,xhigh,195687,194176,0,5032,2808,200719,1511,0.460886
5766,2026-09-23T01:36:49.241Z,population,gpt-6-astra,xhigh,200879,195456,0,276,136,201155,5423,0.263486
5767,2026-09-23T01:38:30.870Z,population,gpt-6-astra,xhigh,202695,200704,0,3140,2408,205835,1991,0.377614
5768,2026-09-23T01:40:35.651Z,population,gpt-6-astra,xhigh,206020,202496,0,4065,2367,210085,3524,0.440986
5769,2026-09-23T01:41:36.792Z,population,gpt-6-astra,xhigh,210257,205824,0,1928,1349,212185,4433,0.346554
5770,2026-09-23T01:43:08.132Z,population,gpt-6-astra,xhigh,212264,210048,0,2575,2480,214839,2216,0.360958
5771,2026-09-23T01:43:43.424Z,population,gpt-6-astra,xhigh,215622,212096,0,901,516,216523,3526,0.292406
5772,2026-09-23T01:44:45.074Z,population,gpt-6-astra,xhigh,216581,215424,0,1705,1604,218286,1157,0.312244
5773,2026-09-23T01:47:09.523Z,population,gpt-6-astra,xhigh,221144,216448,0,4463,3304,225607,4696,0.486558
5774,2026-09-23T01:48:51.442Z,population,gpt-6-astra,xhigh,225665,220544,0,2682,2360,228347,5121,0.405854
5775,2026-09-23T01:52:56.338Z,population,gpt-6-astra,xhigh,233754,225536,0,7709,5134,241463,8218,0.693166
5776,2026-09-23T01:53:20.347Z,population,gpt-6-astra,xhigh,241943,233600,0,713,516,242656,8343,0.35268
5777,2026-09-23T01:54:13.739Z,population,gpt-6-astra,xhigh,242817,241792,0,1199,750,244016,1025,0.311992
5778,2026-09-23T01:56:02.217Z,population,gpt-6-astra,xhigh,244813,242688,0,3525,1552,248338,2125,0.440188
5779,2026-09-23T01:59:39.341Z,population,gpt-6-astra,xhigh,248375,244736,0,7064,0,255439,3639,0.634326
5780,2026-09-23T01:59:48.728Z,population,gpt-6-astra,xhigh,38932,31616,0,222,16,39154,7316,0.115876
5781,2026-09-23T01:59:57.979Z,population,gpt-6-astra,xhigh,48750,38784,0,202,0,48952,9966,0.148544
5782,2026-09-23T02:00:07.944Z,population,gpt-6-astra,xhigh,53825,48512,0,256,43,54081,5313,0.114442
5783,2026-09-23T02:00:18.995Z,population,gpt-6-astra,xhigh,66713,53632,0,265,72,66978,13081,0.197692
5784,2026-09-23T02:00:30.151Z,population,gpt-6-astra,xhigh,78380,66176,0,206,42,78586,12204,0.198516
5785,2026-09-23T02:00:50.475Z,population,gpt-6-astra,xhigh,84284,78208,0,487,367,84771,6076,0.163318
5786,2026-09-23T02:01:01.120Z,population,gpt-6-astra,xhigh,87466,84096,0,184,91,87650,3370,0.126996
5787,2026-09-23T02:01:50.119Z,population,gpt-6-astra,xhigh,94004,87296,0,1576,150,95580,6708,0.233176
5788,2026-09-23T02:01:58.750Z,population,gpt-6-astra,xhigh,96695,93824,0,80,10,96775,2871,0.126534
5789,2026-09-23T02:02:12.810Z,population,gpt-6-astra,xhigh,100289,96512,0,232,120,100521,3777,0.145882
5790,2026-09-23T02:02:36.122Z,population,gpt-6-astra,xhigh,103656,100096,0,607,543,104263,3560,0.166046
5791,2026-09-23T02:02:57.875Z,population,gpt-6-astra,xhigh,112010,103552,0,652,450,112662,8458,0.220732
5792,2026-09-23T02:03:21.582Z,population,gpt-6-astra,xhigh,116250,111872,0,654,103,116904,4378,0.188352
5793,2026-09-23T02:03:38.278Z,population,gpt-6-astra,xhigh,117684,116096,0,467,95,118151,1588,0.155326
5794,2026-09-23T02:04:56.076Z,population,gpt-6-astra,xhigh,118249,117504,0,2469,284,120718,745,0.248404
5795,2026-09-23T02:05:12.817Z,population,gpt-6-astra,xhigh,120776,118144,0,438,365,121214,2632,0.166364
5796,2026-09-23T02:06:00.217Z,population,gpt-6-astra,xhigh,123174,120576,0,1403,735,124577,2598,0.216706
5797,2026-09-23T02:06:13.790Z,population,gpt-6-astra,xhigh,124652,123008,0,371,186,125023,1644,0.157998
5798,2026-09-23T02:06:32.778Z,population,gpt-6-astra,xhigh,125888,124544,0,550,448,126438,1344,0.165484
5799,2026-09-23T02:06:58.349Z,population,gpt-6-astra,xhigh,127791,125696,0,637,504,128428,2095,0.178496
5800,2026-09-23T02:07:42.767Z,population,gpt-6-astra,xhigh,130682,127616,0,1430,223,132112,3066,0.229776
5801,2026-09-23T02:08:23.549Z,population,gpt-6-astra,xhigh,132965,130560,0,1267,222,134232,2405,0.21796
5802,2026-09-23T02:08:39.072Z,population,gpt-6-astra,xhigh,134323,132864,0,335,231,134658,1459,0.164204
5803,2026-09-23T02:10:02.684Z,population,gpt-6-astra,xhigh,135775,134144,0,2630,1386,138405,1631,0.281954
5804,2026-09-23T02:10:14.793Z,population,gpt-6-astra,xhigh,138639,135680,0,273,73,138912,2959,0.17892
5805,2026-09-23T02:11:11.235Z,population,gpt-6-astra,xhigh,139162,138496,0,1671,171,140833,666,0.228706
5806,2026-09-23T02:11:34.453Z,population,gpt-6-astra,xhigh,141068,139008,0,601,516,141669,2060,0.189658
5807,2026-09-23T02:11:44.891Z,population,gpt-6-astra,xhigh,142540,140928,0,177,37,142717,1612,0.165898
5808,2026-09-23T02:12:03.703Z,population,gpt-6-astra,xhigh,143432,142336,0,319,96,143751,1096,0.169246
5809,2026-09-23T02:12:23.687Z,population,gpt-6-astra,xhigh,144480,143232,0,503,357,144983,1248,0.180862
5810,2026-09-23T02:12:28.508Z,population,gpt-6-astra,xhigh,145165,144384,0,61,20,145226,781,0.155244
5811,2026-09-23T02:12:52.289Z,population,gpt-6-astra,xhigh,146059,145024,0,662,218,146721,1035,0.188474
5812,2026-09-23T02:13:22.838Z,population,gpt-6-astra,xhigh,149088,145920,0,907,377,149995,3168,0.22295
5813,2026-09-23T02:13:35.456Z,population,gpt-6-astra,xhigh,150135,148992,0,270,45,150405,1143,0.173922
5814,2026-09-23T02:14:09.548Z,population,gpt-6-astra,xhigh,152239,150016,0,1048,454,153287,2223,0.224646
5815,2026-09-23T02:14:32.773Z,population,gpt-6-astra,xhigh,154071,152064,0,600,110,154671,2007,0.202134
5816,2026-09-23T02:15:08.123Z,population,gpt-6-astra,xhigh,154852,153856,0,909,202,155761,996,0.209266
5817,2026-09-23T02:15:29.528Z,population,gpt-6-astra,xhigh,155982,154752,0,622,401,156604,1230,0.198152
5818,2026-09-23T02:15:56.892Z,population,gpt-6-astra,xhigh,157145,155776,0,799,432,157944,1369,0.209416
5819,2026-09-23T02:16:05.490Z,population,gpt-6-astra,xhigh,158157,157056,0,129,13,158286,1101,0.174516
5820,2026-09-23T02:16:34.210Z,population,gpt-6-astra,xhigh,159621,157952,0,656,251,160277,1669,0.207442
5821,2026-09-23T02:16:40.991Z,population,gpt-6-astra,xhigh,160529,159488,0,81,20,160610,1041,0.173948
5822,2026-09-23T02:17:03.855Z,population,gpt-6-astra,xhigh,161117,160384,0,538,184,161655,733,0.194614
5823,2026-09-23T02:17:24.694Z,population,gpt-6-astra,xhigh,162192,160896,0,591,334,162783,1296,0.203406
5824,2026-09-23T02:17:48.919Z,population,gpt-6-astra,xhigh,162886,162048,0,707,255,163593,838,0.205778
5825,2026-09-23T02:18:14.975Z,population,gpt-6-astra,xhigh,164337,162816,0,694,407,165031,1521,0.212726
5826,2026-09-23T02:18:24.415Z,population,gpt-6-astra,xhigh,165444,164224,0,53,0,165497,1220,0.179074
5827,2026-09-23T02:19:20.822Z,population,gpt-6-astra,xhigh,166359,165376,0,1675,1198,168034,983,0.258956
5828,2026-09-23T02:20:28.581Z,population,gpt-6-astra,xhigh,168420,166144,0,2083,516,170503,2276,0.293054
5829,2026-09-23T02:21:16.972Z,population,gpt-6-astra,xhigh,171030,168320,0,1512,964,172542,2710,0.27102
5830,2026-09-23T02:22:16.178Z,population,gpt-6-astra,xhigh,172653,170880,0,1593,1406,174246,1773,0.26826
5831,2026-09-23T02:22:42.254Z,population,gpt-6-astra,xhigh,177949,172544,0,751,271,178700,5405,0.264144
5832,2026-09-23T02:23:08.467Z,population,gpt-6-astra,xhigh,179225,177792,0,567,315,179792,1433,0.220472
5833,2026-09-23T02:23:20.421Z,population,gpt-6-astra,xhigh,181641,179072,0,295,155,181936,2569,0.219512
5834,2026-09-23T02:24:25.802Z,population,gpt-6-astra,xhigh,182854,87296,0,1539,1398,184393,95558,1.119826
5835,2026-09-23T02:24:52.054Z,population,gpt-6-astra,xhigh,184682,182784,0,543,194,185225,1898,0.228914
5836,2026-09-23T02:26:14.607Z,population,gpt-6-astra,xhigh,185382,184576,0,2625,1516,188007,806,0.323886
5837,2026-09-23T02:27:18.853Z,population,gpt-6-astra,xhigh,188823,185216,0,1911,1753,190734,3607,0.316836
5838,2026-09-23T02:27:41.161Z,population,gpt-6-astra,xhigh,191086,188672,0,639,281,191725,2414,0.244762
5839,2026-09-23T02:28:51.832Z,population,gpt-6-astra,xhigh,191874,190976,0,1794,1606,193668,898,0.289656
5840,2026-09-23T02:29:53.456Z,population,gpt-6-astra,xhigh,194835,191744,0,1646,1452,196481,3091,0.304954
5841,2026-09-23T02:30:12.834Z,population,gpt-6-astra,xhigh,196741,194688,0,429,12,197170,2053,0.236668
5842,2026-09-23T02:31:41.903Z,population,gpt-6-astra,xhigh,197373,196608,0,2509,2434,199882,765,0.329708
5843,2026-09-23T02:31:51.692Z,population,gpt-6-astra,xhigh,207772,197248,0,182,74,207954,10524,0.311588
5844,2026-09-23T02:32:07.382Z,population,gpt-6-astra,xhigh,217155,207616,0,302,108,217457,9539,0.318106
5845,2026-09-23T02:33:37.327Z,population,gpt-6-astra,xhigh,226826,217088,0,2658,1921,229484,9738,0.447368
5846,2026-09-23T02:35:02.647Z,population,gpt-6-astra,xhigh,230055,226688,0,2435,2230,232490,3367,0.382108
5847,2026-09-23T02:35:43.125Z,population,gpt-6-astra,xhigh,233215,229888,0,1219,869,234434,3327,0.324108
5848,2026-09-23T02:36:38.777Z,population,gpt-6-astra,xhigh,235040,233088,0,1626,1533,236666,1952,0.333908
5849,2026-09-23T02:37:04.180Z,population,gpt-6-astra,xhigh,239492,234880,0,727,394,240219,4612,0.31735
5850,2026-09-23T02:37:15.010Z,population,gpt-6-astra,xhigh,240337,239360,0,164,28,240501,977,0.25733
5851,2026-09-23T02:37:35.440Z,population,gpt-6-astra,xhigh,241001,240256,0,451,106,241452,745,0.270256
5852,2026-09-23T02:38:06.894Z,population,gpt-6-astra,xhigh,241521,240896,0,803,433,242324,625,0.287296
5853,2026-09-23T02:38:31.380Z,population,gpt-6-astra,xhigh,243057,241408,0,629,207,243686,1649,0.289348
5854,2026-09-23T02:40:28.388Z,population,gpt-6-astra,xhigh,243799,242944,0,3275,3058,247074,855,0.415244
5855,2026-09-23T02:44:25.882Z,population,gpt-6-astra,xhigh,247116,87296,0,7407,0,254523,159820,2.055846
5856,2026-09-23T02:44:34.309Z,population,gpt-6-astra,xhigh,39279,31616,0,206,10,39485,7663,0.118546
5857,2026-09-23T02:44:46.823Z,population,gpt-6-astra,xhigh,49017,39040,0,308,0,49325,9977,0.15421
5858,2026-09-23T02:45:01.163Z,population,gpt-6-astra,xhigh,53647,48896,0,409,38,54056,4751,0.116856
5859,2026-09-23T02:45:17.039Z,population,gpt-6-astra,xhigh,63469,53504,0,482,60,63951,9965,0.177254
5860,2026-09-23T02:45:44.694Z,population,gpt-6-astra,xhigh,71764,63232,0,830,44,72594,8532,0.190052
5861,2026-09-23T02:46:45.097Z,population,gpt-6-astra,xhigh,75355,71552,0,1957,33,77312,3803,0.207432
5862,2026-09-23T02:46:58.113Z,population,gpt-6-astra,xhigh,77464,75136,0,381,51,77845,2328,0.117466
5863,2026-09-23T02:47:24.190Z,population,gpt-6-astra,xhigh,79722,77312,0,624,516,80346,2410,0.132612
5864,2026-09-23T02:51:00.390Z,population,gpt-6-astra,xhigh,85429,79488,0,3201,0,88630,5941,0.298948
5865,2026-09-23T02:51:10.382Z,population,gpt-6-astra,xhigh,88688,85248,0,231,15,88919,3440,0.131198
5866,2026-09-23T02:51:24.962Z,population,gpt-6-astra,xhigh,92003,88448,0,434,279,92437,3555,0.145698
5867,2026-09-23T02:53:09.244Z,population,gpt-6-astra,xhigh,98115,91776,0,3409,516,101524,6339,0.325616
5868,2026-09-23T02:53:22.319Z,population,gpt-6-astra,xhigh,101580,97920,0,229,67,101809,3660,0.14597
5869,2026-09-23T02:54:22.643Z,population,gpt-6-astra,xhigh,107730,101376,0,1932,516,109662,6354,0.261516
5870,2026-09-23T02:56:12.073Z,population,gpt-6-astra,xhigh,109720,107520,0,3571,516,113291,2200,0.30807
5871,2026-09-23T02:56:39.734Z,population,gpt-6-astra,xhigh,113350,109568,0,802,516,114152,3782,0.187488
5872,2026-09-23T02:56:50.525Z,population,gpt-6-astra,xhigh,119684,113152,0,300,218,119984,6532,0.193472
5873,2026-09-23T02:58:11.008Z,population,gpt-6-astra,xhigh,123972,119552,0,2606,516,126578,4420,0.294052
5874,2026-09-23T02:59:21.280Z,population,gpt-6-astra,xhigh,126637,123776,0,2260,508,128897,2861,0.265386
5875,2026-09-23T02:59:37.540Z,population,gpt-6-astra,xhigh,128953,126464,0,462,302,129415,2489,0.174454
5876,2026-09-23T02:59:57.741Z,population,gpt-6-astra,xhigh,129694,128768,0,566,254,130260,926,0.166328
5877,2026-09-23T03:00:49.180Z,population,gpt-6-astra,xhigh,130355,129536,0,1436,1034,131791,819,0.209526
5878,2026-09-23T03:01:31.362Z,population,gpt-6-astra,xhigh,132044,130176,0,1315,1034,133359,1868,0.214606
5879,2026-09-23T03:01:49.770Z,population,gpt-6-astra,xhigh,133631,131840,0,545,382,134176,1791,0.177
5880,2026-09-23T03:02:18.719Z,population,gpt-6-astra,xhigh,137483,133504,0,860,516,138343,3979,0.216294
5881,2026-09-23T03:02:36.660Z,population,gpt-6-astra,xhigh,138488,137344,0,494,289,138982,1144,0.173484
5882,2026-09-23T03:03:00.104Z,population,gpt-6-astra,xhigh,139559,138368,0,715,516,140274,1191,0.186028
5883,2026-09-23T03:03:23.657Z,population,gpt-6-astra,xhigh,141088,139392,0,483,462,141571,1696,0.180502
5884,2026-09-23T03:04:32.442Z,population,gpt-6-astra,xhigh,141594,140928,0,241,17,141835,666,0.159638
5885,2026-09-23T03:05:25.385Z,population,gpt-6-astra,xhigh,142042,141440,0,1637,1552,143679,602,0.22931
5886,2026-09-23T03:06:00.400Z,population,gpt-6-astra,xhigh,145021,141824,0,1082,242,146103,3197,0.227894
5887,2026-09-23T03:06:24.483Z,population,gpt-6-astra,xhigh,146163,144896,0,724,516,146887,1267,0.193766
5888,2026-09-23T03:06:37.553Z,population,gpt-6-astra,xhigh,147073,146048,0,317,296,147390,1025,0.172148
5889,2026-09-23T03:08:21.434Z,population,gpt-6-astra,xhigh,147413,146944,0,1349,1087,148762,469,0.219084
5890,2026-09-23T03:09:42.695Z,population,gpt-6-astra,xhigh,148938,147200,0,2599,1753,151537,1738,0.29453
5891,2026-09-23T03:09:55.573Z,population,gpt-6-astra,xhigh,151690,148736,0,331,189,152021,2954,0.194826
5892,2026-09-23T03:10:03.217Z,population,gpt-6-astra,xhigh,152215,151552,0,141,0,152356,663,0.165232
5893,2026-09-23T03:10:18.207Z,population,gpt-6-astra,xhigh,153897,152064,0,423,58,154320,1833,0.191544
5894,2026-09-23T03:10:44.923Z,population,gpt-6-astra,xhigh,156868,153728,0,605,516,157473,3140,0.215378
5895,2026-09-23T03:11:00.095Z,population,gpt-6-astra,xhigh,161577,156672,0,335,281,161912,4905,0.222472
5896,2026-09-23T03:12:00.724Z,population,gpt-6-astra,xhigh,163634,161408,0,1823,516,165457,2226,0.274818
5897,2026-09-23T03:12:09.731Z,population,gpt-6-astra,xhigh,165513,163456,0,178,26,165691,2057,0.192926
5898,2026-09-23T03:12:38.733Z,population,gpt-6-astra,xhigh,165901,165376,0,734,651,166635,525,0.207326
5899,2026-09-23T03:13:40.510Z,population,gpt-6-astra,xhigh,168971,165760,0,1924,516,170895,3211,0.29407
5900,2026-09-23T03:14:14.310Z,population,gpt-6-astra,xhigh,170952,168832,0,927,770,171879,2120,0.236382
5901,2026-09-23T03:15:16.880Z,population,gpt-6-astra,xhigh,172186,170752,0,1976,1552,174162,1434,0.283892
5902,2026-09-23T03:15:47.199Z,population,gpt-6-astra,xhigh,174217,172032,0,793,573,175010,2185,0.233532
5903,2026-09-23T03:15:56.603Z,population,gpt-6-astra,xhigh,175275,174080,0,233,166,175508,1195,0.19768
5904,2026-09-23T03:16:26.826Z,population,gpt-6-astra,xhigh,182400,175104,0,926,800,183326,7296,0.294364
5905,2026-09-23T03:16:56.986Z,population,gpt-6-astra,xhigh,185823,182272,0,913,779,186736,3551,0.263432
5906,2026-09-23T03:17:12.192Z,population,gpt-6-astra,xhigh,186792,185600,0,334,185,187126,1192,0.21422
5907,2026-09-23T03:17:38.065Z,population,gpt-6-astra,xhigh,187539,186624,0,740,379,188279,915,0.232774
5908,2026-09-23T03:17:51.530Z,population,gpt-6-astra,xhigh,188368,187392,0,348,160,188716,976,0.214552
5909,2026-09-23T03:18:19.725Z,population,gpt-6-astra,xhigh,188819,188160,0,742,663,189561,659,0.23185
5910,2026-09-23T03:20:14.433Z,population,gpt-6-astra,xhigh,189584,188672,0,1569,1028,191153,912,0.276242
5911,2026-09-23T03:20:24.865Z,population,gpt-6-astra,xhigh,191759,189440,0,245,224,192004,2319,0.22488
5912,2026-09-23T03:21:37.665Z,population,gpt-6-astra,xhigh,192027,191616,0,265,21,192292,411,0.208976
5913,2026-09-23T03:22:56.143Z,population,gpt-6-astra,xhigh,192500,191872,0,2191,2036,194691,628,0.307702
5914,2026-09-23T03:23:14.844Z,population,gpt-6-astra,xhigh,194832,192384,0,477,456,195309,2448,0.240714
5915,2026-09-23T03:24:27.703Z,population,gpt-6-astra,xhigh,195332,194688,0,330,150,195662,644,0.217628
5916,2026-09-23T03:24:35.742Z,population,gpt-6-astra,xhigh,195843,195200,0,146,0,195989,643,0.20893
5917,2026-09-23T03:24:45.652Z,population,gpt-6-astra,xhigh,196045,195712,0,249,65,196294,333,0.211492
5918,2026-09-23T03:25:04.406Z,population,gpt-6-astra,xhigh,198381,195840,0,268,52,198649,2541,0.23465
5919,2026-09-23T03:25:38.551Z,population,gpt-6-astra,xhigh,198728,198144,0,895,516,199623,584,0.248734
5920,2026-09-23T03:25:53.910Z,population,gpt-6-astra,xhigh,200065,198528,0,390,115,200455,1537,0.233398
5921,2026-09-23T03:26:18.096Z,population,gpt-6-astra,xhigh,200640,199936,0,671,476,201311,704,0.240526
5922,2026-09-23T03:26:48.189Z,population,gpt-6-astra,xhigh,201571,200448,0,772,516,202343,1123,0.250278
5923,2026-09-23T03:26:57.294Z,population,gpt-6-astra,xhigh,202400,201344,0,81,0,202481,1056,0.215954
5924,2026-09-23T03:27:05.008Z,population,gpt-6-astra,xhigh,202539,202240,0,179,54,202718,299,0.21418
5925,2026-09-23T03:27:14.624Z,population,gpt-6-astra,xhigh,203272,202368,0,233,130,203505,904,0.223058
5926,2026-09-23T03:27:20.706Z,population,gpt-6-astra,xhigh,203879,203136,0,121,26,204000,743,0.216616
5927,2026-09-23T03:28:18.421Z,population,gpt-6-astra,xhigh,204058,203648,0,1420,1264,205478,410,0.278748
5928,2026-09-23T03:28:47.662Z,population,gpt-6-astra,xhigh,205765,203904,0,846,500,206611,1861,0.264814
5929,2026-09-23T03:28:58.872Z,population,gpt-6-astra,xhigh,206667,205568,0,171,16,206838,1099,0.225108
5930,2026-09-23T03:29:22.975Z,population,gpt-6-astra,xhigh,206897,206464,0,618,480,207515,433,0.241694
5931,2026-09-23T03:30:47.551Z,population,gpt-6-astra,xhigh,207725,206720,0,2214,2067,209939,1005,0.32747
5932,2026-09-23T03:31:00.565Z,population,gpt-6-astra,xhigh,210163,207488,0,255,131,210418,2675,0.246988
5933,2026-09-23T03:31:17.492Z,population,gpt-6-astra,xhigh,211890,210048,0,444,227,212334,1842,0.250668
5934,2026-09-23T03:32:36.208Z,population,gpt-6-astra,xhigh,212496,211712,0,2194,2052,214690,784,0.329252
5935,2026-09-23T03:32:47.245Z,population,gpt-6-astra,xhigh,214843,212352,0,151,56,214994,2491,0.244812
5936,2026-09-23T03:32:59.386Z,population,gpt-6-astra,xhigh,216144,214656,0,180,51,216324,1488,0.238536
5937,2026-09-23T03:33:21.379Z,population,gpt-6-astra,xhigh,217405,215936,0,635,496,218040,1469,0.262376
5938,2026-09-23T03:33:32.789Z,population,gpt-6-astra,xhigh,218105,217216,0,220,0,218325,889,0.237106
5939,2026-09-23T03:33:52.920Z,population,gpt-6-astra,xhigh,218444,217984,0,518,311,218962,460,0.248484
5940,2026-09-23T03:34:03.474Z,population,gpt-6-astra,xhigh,219232,218240,0,221,0,219453,992,0.23921
5941,2026-09-23T03:34:50.412Z,population,gpt-6-astra,xhigh,220055,219008,0,1465,1131,221520,1047,0.302728
5942,2026-09-23T03:35:09.959Z,population,gpt-6-astra,xhigh,224654,219904,0,362,256,225016,4750,0.285504
5943,2026-09-23T03:36:28.859Z,population,gpt-6-astra,xhigh,225106,224512,0,2510,1466,227616,594,0.355952
5944,2026-09-23T03:36:42.011Z,population,gpt-6-astra,xhigh,227697,225024,0,249,58,227946,2673,0.264204
5945,2026-09-23T03:38:50.917Z,population,gpt-6-astra,xhigh,228500,227584,0,4136,2568,232636,916,0.443544
5946,2026-09-23T03:39:43.724Z,population,gpt-6-astra,xhigh,232778,228352,0,1620,1531,234398,4426,0.353612
5947,2026-09-23T03:41:10.381Z,population,gpt-6-astra,xhigh,236377,232704,0,2760,1421,239137,3673,0.407434
5948,2026-09-23T03:41:53.561Z,population,gpt-6-astra,xhigh,239200,236288,0,1316,1034,240516,2912,0.331208
5949,2026-09-23T03:43:37.306Z,population,gpt-6-astra,xhigh,241018,239104,0,3304,2262,244322,1914,0.423444
5950,2026-09-23T03:45:13.856Z,population,gpt-6-astra,xhigh,244378,240896,0,3018,2436,247396,3482,0.426616
5951,2026-09-23T03:48:47.472Z,population,gpt-6-astra,xhigh,247433,244224,0,6861,0,254294,3209,0.619364
5952,2026-09-23T03:48:59.199Z,population,gpt-6-astra,xhigh,38728,12160,0,283,21,39011,26568,0.29199
5953,2026-09-23T03:49:09.714Z,population,gpt-6-astra,xhigh,48630,38528,0,289,26,48919,10102,0.153998
5954,2026-09-23T03:49:16.942Z,population,gpt-6-astra,xhigh,52802,48512,0,135,0,52937,4290,0.098162
5955,2026-09-23T03:49:29.001Z,population,gpt-6-astra,xhigh,57073,52608,0,286,69,57359,4465,0.111558
5956,2026-09-23T03:49:46.394Z,population,gpt-6-astra,xhigh,59517,56832,0,452,52,59969,2685,0.106282
5957,2026-09-23T03:50:31.836Z,population,gpt-6-astra,xhigh,67644,59392,0,1313,56,68957,8252,0.207562
5958,2026-09-23T03:50:42.850Z,population,gpt-6-astra,xhigh,69807,67456,0,259,32,70066,2351,0.103916
5959,2026-09-23T03:50:51.953Z,population,gpt-6-astra,xhigh,74126,69632,0,201,33,74327,4494,0.124622
5960,2026-09-23T03:51:05.565Z,population,gpt-6-astra,xhigh,82665,73984,0,326,45,82991,8681,0.177094
5961,2026-09-23T03:51:25.102Z,population,gpt-6-astra,xhigh,83493,82432,0,591,68,84084,1061,0.122592
5962,2026-09-23T03:51:44.478Z,population,gpt-6-astra,xhigh,84347,83328,0,377,83,84724,1019,0.112368
5963,2026-09-23T03:52:01.650Z,population,gpt-6-astra,xhigh,93290,84224,0,319,78,93609,9066,0.190834
5964,2026-09-23T03:52:20.927Z,population,gpt-6-astra,xhigh,94048,93056,0,363,104,94411,992,0.121126
5965,2026-09-23T03:52:41.339Z,population,gpt-6-astra,xhigh,96849,93824,0,588,374,97437,3025,0.153474
5966,2026-09-23T03:53:05.983Z,population,gpt-6-astra,xhigh,98017,96640,0,357,196,98374,1377,0.12826
5967,2026-09-23T03:53:22.892Z,population,gpt-6-astra,xhigh,103808,97792,0,508,267,104316,6016,0.183352
5968,2026-09-23T03:53:42.631Z,population,gpt-6-astra,xhigh,104602,103680,0,532,128,105134,922,0.1395
5969,2026-09-23T03:54:00.741Z,population,gpt-6-astra,xhigh,105450,104448,0,473,178,105923,1002,0.138118
5970,2026-09-23T03:54:22.120Z,population,gpt-6-astra,xhigh,109979,105216,0,487,252,110466,4763,0.177196
5971,2026-09-23T03:54:50.002Z,population,gpt-6-astra,xhigh,110763,109824,0,787,516,111550,939,0.158564
5972,2026-09-23T03:55:57.659Z,population,gpt-6-astra,xhigh,112620,110592,0,2030,516,114650,2028,0.232372
5973,2026-09-23T03:56:10.752Z,population,gpt-6-astra,xhigh,114732,112384,0,311,60,115043,2348,0.151414
5974,2026-09-23T03:56:44.914Z,population,gpt-6-astra,xhigh,115581,114560,0,939,328,116520,1021,0.17172
5975,2026-09-23T03:57:19.259Z,population,gpt-6-astra,xhigh,116827,115456,0,936,313,117763,1371,0.175966
5976,2026-09-23T03:57:24.535Z,population,gpt-6-astra,xhigh,118071,116608,0,64,43,118135,1463,0.134438
5977,2026-09-23T03:58:18.759Z,population,gpt-6-astra,xhigh,118158,117888,0,213,0,118371,270,0.131238
5978,2026-09-23T03:58:34.367Z,population,gpt-6-astra,xhigh,118635,118016,0,369,0,119004,619,0.142656
5979,2026-09-23T03:59:14.351Z,population,gpt-6-astra,xhigh,119206,118400,0,1146,766,120352,806,0.18376
5980,2026-09-23T03:59:32.027Z,population,gpt-6-astra,xhigh,121149,119040,0,250,229,121399,2109,0.15263
5981,2026-09-23T04:00:24.498Z,population,gpt-6-astra,xhigh,121422,120960,0,186,0,121608,462,0.13488
5982,2026-09-23T04:00:59.171Z,population,gpt-6-astra,xhigh,121804,121216,0,536,323,122340,588,0.153896
5983,2026-09-23T04:01:10.433Z,population,gpt-6-astra,xhigh,127033,121600,0,227,90,127260,5433,0.18728
5984,2026-09-23T04:01:21.982Z,population,gpt-6-astra,xhigh,127987,126848,0,158,137,128145,1139,0.146138
5985,2026-09-23T04:02:19.502Z,population,gpt-6-astra,xhigh,128168,127744,0,336,0,128504,424,0.148784
5986,2026-09-23T04:02:45.670Z,population,gpt-6-astra,xhigh,128754,128000,0,469,10,129223,754,0.15899
5987,2026-09-23T04:03:17.983Z,population,gpt-6-astra,xhigh,130503,128512,0,984,563,131487,1991,0.197622
5988,2026-09-23T04:04:21.286Z,population,gpt-6-astra,xhigh,134693,130304,0,1670,1034,136363,4389,0.257694
5989,2026-09-23T04:05:54.086Z,population,gpt-6-astra,xhigh,137536,134528,0,2905,516,140441,3008,0.309858
5990,2026-09-23T04:06:18.448Z,population,gpt-6-astra,xhigh,140555,137344,0,732,516,141287,3211,0.206054
5991,2026-09-23T04:06:51.840Z,population,gpt-6-astra,xhigh,141542,140416,0,641,483,142183,1126,0.183726
5992,2026-09-23T04:07:54.561Z,population,gpt-6-astra,xhigh,144586,141312,0,2010,516,146596,3274,0.274552
5993,2026-09-23T04:08:09.421Z,population,gpt-6-astra,xhigh,146659,144384,0,350,204,147009,2275,0.184634
5994,2026-09-23T04:08:34.656Z,population,gpt-6-astra,xhigh,148599,146432,0,542,374,149141,2167,0.195202
5995,2026-09-23T04:08:59.897Z,population,gpt-6-astra,xhigh,153789,148480,0,776,516,154565,5309,0.24037
5996,2026-09-23T04:10:28.818Z,population,gpt-6-astra,xhigh,154803,153600,0,2682,844,157485,1203,0.29973
5997,2026-09-23T04:11:01.777Z,population,gpt-6-astra,xhigh,157628,154624,0,1033,120,158661,3004,0.236314
5998,2026-09-23T04:11:29.120Z,population,gpt-6-astra,xhigh,158896,157440,0,804,444,159700,1456,0.2122
5999,2026-09-23T04:11:52.593Z,population,gpt-6-astra,xhigh,161026,158720,0,570,153,161596,2306,0.21028
6000,2026-09-23T04:12:29.972Z,population,gpt-6-astra,xhigh,161863,160896,0,963,847,162826,967,0.218716
6001,2026-09-23T04:12:43.474Z,population,gpt-6-astra,xhigh,164129,161664,0,353,181,164482,2465,0.203964
6002,2026-09-23T04:12:51.430Z,population,gpt-6-astra,xhigh,164967,163968,0,168,33,165135,999,0.182358
6003,2026-09-23T04:13:47.649Z,population,gpt-6-astra,xhigh,168596,164736,0,1774,516,170370,3860,0.292036
6004,2026-09-23T04:14:05.550Z,population,gpt-6-astra,xhigh,170941,168448,0,443,46,171384,2493,0.215528
6005,2026-09-23T04:14:17.957Z,population,gpt-6-astra,xhigh,171825,170752,0,303,46,172128,1073,0.196632
6006,2026-09-23T04:14:31.011Z,population,gpt-6-astra,xhigh,173174,171648,0,274,121,173448,1526,0.200608
6007,2026-09-23T04:14:39.769Z,population,gpt-6-astra,xhigh,174452,172928,0,228,57,174680,1524,0.199568
6008,2026-09-23T04:15:48.380Z,population,gpt-6-astra,xhigh,176082,174208,0,2212,1403,178294,1874,0.303548
6009,2026-09-23T04:16:09.216Z,population,gpt-6-astra,xhigh,178372,175872,0,572,319,178944,2500,0.229472
6010,2026-09-23T04:16:40.167Z,population,gpt-6-astra,xhigh,179357,178176,0,926,376,180283,1181,0.236286
6011,2026-09-23T04:17:14.423Z,population,gpt-6-astra,xhigh,180517,179200,0,844,516,181361,1317,0.23457
6012,2026-09-23T04:17:45.534Z,population,gpt-6-astra,xhigh,181869,180352,0,905,812,182774,1517,0.240772
6013,2026-09-23T04:18:48.690Z,population,gpt-6-astra,xhigh,182916,84224,0,131,0,183047,98692,1.077694
6014,2026-09-23T04:19:09.553Z,population,gpt-6-astra,xhigh,183315,182784,0,438,116,183753,531,0.209994
6015,2026-09-23T04:19:51.484Z,population,gpt-6-astra,xhigh,183910,183168,0,1128,1034,185038,742,0.246988
6016,2026-09-23T04:20:46.449Z,population,gpt-6-astra,xhigh,185061,183680,0,170,0,185231,1381,0.20599
6017,2026-09-23T04:21:29.491Z,population,gpt-6-astra,xhigh,185506,184832,0,1195,1034,186701,674,0.251322
6018,2026-09-23T04:21:45.533Z,population,gpt-6-astra,xhigh,187443,185344,0,372,12,187815,2099,0.224934
6019,2026-09-23T04:22:27.168Z,population,gpt-6-astra,xhigh,188108,187264,0,1259,1023,189367,844,0.258654
6020,2026-09-23T04:22:50.514Z,population,gpt-6-astra,xhigh,189889,187904,0,685,118,190574,1985,0.242004
6021,2026-09-23T04:23:15.282Z,population,gpt-6-astra,xhigh,190866,189696,0,500,419,191366,1170,0.226396
6022,2026-09-23T04:24:11.963Z,population,gpt-6-astra,xhigh,191389,190720,0,185,0,191574,669,0.20666
6023,2026-09-23T04:24:51.244Z,population,gpt-6-astra,xhigh,191884,191232,0,1220,246,193104,652,0.258752
6024,2026-09-23T04:25:17.029Z,population,gpt-6-astra,xhigh,193342,191744,0,767,516,194109,1598,0.246074
6025,2026-09-23T04:25:26.818Z,population,gpt-6-astra,xhigh,194405,193152,0,168,47,194573,1253,0.214082
6026,2026-09-23T04:26:00.115Z,population,gpt-6-astra,xhigh,194894,194176,0,963,347,195857,718,0.249506
6027,2026-09-23T04:26:17.862Z,population,gpt-6-astra,xhigh,195950,194688,0,409,327,196359,1262,0.227758
6028,2026-09-23T04:26:54.843Z,population,gpt-6-astra,xhigh,196382,195712,0,127,0,196509,670,0.208762
6029,2026-09-23T04:27:20.734Z,population,gpt-6-astra,xhigh,196651,196224,0,765,516,197416,427,0.238744
6030,2026-09-23T04:27:47.434Z,population,gpt-6-astra,xhigh,198020,196480,0,775,659,198795,1540,0.25063
6031,2026-09-23T04:27:55.587Z,population,gpt-6-astra,xhigh,198913,197888,0,123,0,199036,1025,0.214288
6032,2026-09-23T04:28:06.879Z,population,gpt-6-astra,xhigh,200577,198784,0,287,49,200864,1793,0.231064
6033,2026-09-23T04:28:39.308Z,population,gpt-6-astra,xhigh,202611,200448,0,797,516,203408,2163,0.261928
6034,2026-09-23T04:28:59.645Z,population,gpt-6-astra,xhigh,211337,202368,0,604,285,211941,8969,0.322258
6035,2026-09-23T04:29:45.394Z,population,gpt-6-astra,xhigh,215106,211200,0,1421,1060,216527,3906,0.32131
6036,2026-09-23T04:30:18.866Z,population,gpt-6-astra,xhigh,217303,214912,0,709,516,218012,2391,0.274272
6037,2026-09-23T04:30:33.832Z,population,gpt-6-astra,xhigh,220299,217088,0,415,254,220714,3211,0.269948
6038,2026-09-23T04:31:34.743Z,population,gpt-6-astra,xhigh,220965,220160,0,1926,516,222891,805,0.32451
6039,2026-09-23T04:32:11.629Z,population,gpt-6-astra,xhigh,222990,220800,0,1055,1034,224045,2190,0.29545
6040,2026-09-23T04:33:05.790Z,population,gpt-6-astra,xhigh,224068,222848,0,222,0,224290,1220,0.246148
6041,2026-09-23T04:34:51.048Z,population,gpt-6-astra,xhigh,224558,223872,0,3148,2983,227706,686,0.388132
6042,2026-09-23T04:35:07.100Z,population,gpt-6-astra,xhigh,228131,224384,0,296,212,228427,3747,0.276654
6043,2026-09-23T04:35:51.535Z,population,gpt-6-astra,xhigh,228450,227968,0,85,0,228535,482,0.237038
6044,2026-09-23T04:36:59.721Z,population,gpt-6-astra,xhigh,228700,228224,0,2179,503,230879,476,0.341934
6045,2026-09-23T04:37:16.945Z,population,gpt-6-astra,xhigh,231094,228480,0,450,228,231544,2614,0.27712
6046,2026-09-23T04:38:01.011Z,population,gpt-6-astra,xhigh,232194,230912,0,1154,958,233348,1282,0.301432
6047,2026-09-23T04:38:20.010Z,population,gpt-6-astra,xhigh,233478,232064,0,406,349,233884,1414,0.266504
6048,2026-09-23T04:38:50.147Z,population,gpt-6-astra,xhigh,235425,233344,0,806,516,236231,2081,0.294454
6049,2026-09-23T04:39:13.289Z,population,gpt-6-astra,xhigh,237060,235264,0,477,396,237537,1796,0.277074
6050,2026-09-23T04:39:26.024Z,population,gpt-6-astra,xhigh,240817,236928,0,282,202,241099,3889,0.289918
6051,2026-09-23T04:41:15.369Z,population,gpt-6-astra,xhigh,242329,240640,0,3542,1929,245871,1689,0.43463
6052,2026-09-23T04:44:06.314Z,population,gpt-6-astra,xhigh,245908,242176,0,5509,0,251417,3732,0.554946
6053,2026-09-23T04:44:17.514Z,population,gpt-6-astra,xhigh,37386,31616,0,256,21,37642,5770,0.102116
6054,2026-09-23T04:44:26.630Z,population,gpt-6-astra,xhigh,46073,37248,0,227,29,46300,8825,0.136848
6055,2026-09-23T04:44:45.813Z,population,gpt-6-astra,xhigh,48339,45952,0,240,42,48579,2387,0.081822
6056,2026-09-23T04:44:56.003Z,population,gpt-6-astra,xhigh,54384,48128,0,175,77,54559,6256,0.119438
6057,2026-09-23T04:45:07.218Z,population,gpt-6-astra,xhigh,57813,54144,0,257,32,58070,3669,0.103684
6058,2026-09-23T04:45:13.684Z,population,gpt-6-astra,xhigh,58225,57600,0,107,21,58332,625,0.0692
6059,2026-09-23T04:45:31.224Z,population,gpt-6-astra,xhigh,59510,57984,0,491,60,60001,1526,0.097794
6060,2026-09-23T04:45:49.641Z,population,gpt-6-astra,xhigh,60189,59392,0,456,205,60645,797,0.090162
6061,2026-09-23T04:46:07.070Z,population,gpt-6-astra,xhigh,65064,60032,0,508,407,65572,5032,0.135752
6062,2026-09-23T04:46:29.454Z,population,gpt-6-astra,xhigh,68228,64896,0,688,326,68916,3332,0.132616
6063,2026-09-23T04:46:56.122Z,population,gpt-6-astra,xhigh,69199,68096,0,778,324,69977,1103,0.118026
6064,2026-09-23T04:47:02.736Z,population,gpt-6-astra,xhigh,70095,68992,0,85,45,70180,1103,0.084272
6065,2026-09-23T04:47:12.364Z,population,gpt-6-astra,xhigh,70266,69888,0,163,51,70429,378,0.081818
6066,2026-09-23T04:47:22.492Z,population,gpt-6-astra,xhigh,71970,70144,0,260,44,72230,1826,0.101404
6067,2026-09-23T04:47:48.417Z,population,gpt-6-astra,xhigh,73235,71808,0,620,516,73855,1427,0.117078
6068,2026-09-23T04:48:00.527Z,population,gpt-6-astra,xhigh,76161,73088,0,305,210,76466,3073,0.119068
6069,2026-09-23T04:48:34.409Z,population,gpt-6-astra,xhigh,76494,76032,0,31,0,76525,462,0.082202
6070,2026-09-23T04:49:03.378Z,population,gpt-6-astra,xhigh,76638,76288,0,360,235,76998,350,0.097788
6071,2026-09-23T04:49:18.184Z,population,gpt-6-astra,xhigh,79480,76416,0,434,173,79914,3064,0.128756
6072,2026-09-23T04:49:54.476Z,population,gpt-6-astra,xhigh,79942,79360,0,31,0,79973,582,0.08673
6073,2026-09-23T04:50:19.998Z,population,gpt-6-astra,xhigh,80218,79744,0,332,58,80550,474,0.101084
6074,2026-09-23T04:50:27.688Z,population,gpt-6-astra,xhigh,81740,80000,0,191,37,81931,1740,0.10695
6075,2026-09-23T04:50:43.229Z,population,gpt-6-astra,xhigh,83252,81536,0,449,354,83701,1716,0.121146
6076,2026-09-23T04:51:17.817Z,population,gpt-6-astra,xhigh,83729,83072,0,31,0,83760,657,0.091192
6077,2026-09-23T04:51:46.357Z,population,gpt-6-astra,xhigh,83873,83584,0,316,23,84189,289,0.102274
6078,2026-09-23T04:52:10.617Z,population,gpt-6-astra,xhigh,87296,83712,0,691,516,87987,3584,0.154102
6079,2026-09-23T04:52:16.584Z,population,gpt-6-astra,xhigh,88015,87168,0,84,51,88099,847,0.099838
6080,2026-09-23T04:53:09.226Z,population,gpt-6-astra,xhigh,88205,87808,0,231,157,88436,397,0.103328
6081,2026-09-23T04:54:09.360Z,population,gpt-6-astra,xhigh,88544,88064,0,549,516,89093,480,0.120314
6082,2026-09-23T04:54:59.872Z,population,gpt-6-astra,xhigh,89200,88320,0,598,516,89798,880,0.12702
6083,2026-09-23T04:55:40.316Z,population,gpt-6-astra,xhigh,89905,88960,0,264,222,90169,945,0.11161
6084,2026-09-23T04:55:47.618Z,population,gpt-6-astra,xhigh,91710,89728,0,142,68,91852,1982,0.116648
6085,2026-09-23T04:56:30.696Z,population,gpt-6-astra,xhigh,91958,91520,0,289,84,92247,438,0.11035
6086,2026-09-23T04:56:37.880Z,population,gpt-6-astra,xhigh,92435,91776,0,140,107,92575,659,0.105366
6087,2026-09-23T04:57:22.379Z,population,gpt-6-astra,xhigh,92682,92288,0,296,142,92978,394,0.111028
6088,2026-09-23T04:57:37.740Z,population,gpt-6-astra,xhigh,94676,92544,0,396,363,95072,2132,0.133664
6089,2026-09-23T04:58:22.275Z,population,gpt-6-astra,xhigh,95222,68992,0,608,478,95830,26230,0.361692
6090,2026-09-23T04:58:33.903Z,population,gpt-6-astra,xhigh,101337,95104,0,293,260,101630,6233,0.172084
6091,2026-09-23T04:59:10.762Z,population,gpt-6-astra,xhigh,101736,101120,0,619,178,102355,616,0.13823
6092,2026-09-23T04:59:17.579Z,population,gpt-6-astra,xhigh,102467,101504,0,166,83,102633,963,0.119434
6093,2026-09-23T04:59:48.464Z,population,gpt-6-astra,xhigh,102739,102272,0,200,11,102939,467,0.116942
6094,2026-09-23T05:00:12.280Z,population,gpt-6-astra,xhigh,103130,102528,0,733,247,103863,602,0.145198
6095,2026-09-23T05:00:20.064Z,population,gpt-6-astra,xhigh,104023,102912,0,160,73,104183,1111,0.122022
6096,2026-09-23T05:00:24.210Z,population,gpt-6-astra,xhigh,104270,103808,0,31,0,104301,462,0.109978
6097,2026-09-23T05:00:36.280Z,population,gpt-6-astra,xhigh,104409,104064,0,53,20,104462,345,0.110164
6098,2026-09-23T05:01:27.329Z,population,gpt-6-astra,xhigh,104570,104192,0,141,60,104711,378,0.115022
6099,2026-09-23T05:02:20.720Z,population,gpt-6-astra,xhigh,104818,104448,0,207,174,105025,370,0.118498
6100,2026-09-23T05:03:05.270Z,population,gpt-6-astra,xhigh,105133,104576,0,31,0,105164,557,0.111696
6101,2026-09-23T05:04:09.377Z,population,gpt-6-astra,xhigh,105270,104960,0,488,413,105758,310,0.13246
6102,2026-09-23T05:04:43.141Z,population,gpt-6-astra,xhigh,105865,105088,0,31,0,105896,777,0.114408
6103,2026-09-23T05:05:33.665Z,population,gpt-6-astra,xhigh,106001,105728,0,50,17,106051,273,0.110958
6104,2026-09-23T05:06:28.723Z,population,gpt-6-astra,xhigh,106160,105856,0,160,75,106320,304,0.116896
6105,2026-09-23T05:06:43.712Z,population,gpt-6-astra,xhigh,107605,105984,0,280,247,107885,1621,0.136194
6106,2026-09-23T05:07:13.521Z,population,gpt-6-astra,xhigh,107994,107392,0,31,0,108025,602,0.114962
6107,2026-09-23T05:08:15.961Z,population,gpt-6-astra,xhigh,108133,107776,0,426,247,108559,357,0.132646
6108,2026-09-23T05:08:36.505Z,population,gpt-6-astra,xhigh,108724,107904,0,599,516,109323,820,0.146054
6109,2026-09-23T05:08:53.360Z,population,gpt-6-astra,xhigh,109428,108544,0,31,0,109459,884,0.118934
6110,2026-09-23T05:10:03.905Z,population,gpt-6-astra,xhigh,109567,109312,0,653,387,110220,255,0.144512
6111,2026-09-23T05:10:09.916Z,population,gpt-6-astra,xhigh,110467,109440,0,127,48,110594,1027,0.12606
6112,2026-09-23T05:10:33.427Z,population,gpt-6-astra,xhigh,110703,110336,0,31,0,110734,367,0.115556
6113,2026-09-23T05:11:26.206Z,population,gpt-6-astra,xhigh,110841,110464,0,133,100,110974,377,0.120884
6114,2026-09-23T05:12:31.782Z,population,gpt-6-astra,xhigh,111081,110720,0,603,516,111684,361,0.14448
6115,2026-09-23T05:13:07.037Z,population,gpt-6-astra,xhigh,111792,110848,0,117,84,111909,944,0.126138
6116,2026-09-23T05:14:04.047Z,population,gpt-6-astra,xhigh,112018,111616,0,388,167,112406,402,0.135036
6117,2026-09-23T05:14:12.123Z,population,gpt-6-astra,xhigh,112826,111872,0,195,110,113021,954,0.131162
6118,2026-09-23T05:15:01.488Z,population,gpt-6-astra,xhigh,113130,112640,0,549,516,113679,490,0.14499
6119,2026-09-23T05:15:46.183Z,population,gpt-6-astra,xhigh,113788,112896,0,455,422,114243,892,0.144566
6120,2026-09-23T05:16:40.384Z,population,gpt-6-astra,xhigh,114352,113664,0,599,516,114951,688,0.150494
6121,2026-09-23T05:17:23.563Z,population,gpt-6-astra,xhigh,115058,114176,0,347,314,115405,882,0.140346
6122,2026-09-23T05:18:14.941Z,population,gpt-6-astra,xhigh,115513,114816,0,365,22,115878,697,0.140036
6123,2026-09-23T05:19:10.487Z,population,gpt-6-astra,xhigh,121033,115328,0,1580,516,122613,5705,0.251378
6124,2026-09-23T05:19:27.683Z,population,gpt-6-astra,xhigh,123456,120448,0,436,193,123892,3008,0.172328
6125,2026-09-23T05:19:34.967Z,population,gpt-6-astra,xhigh,125416,123392,0,148,31,125564,2024,0.151032
6126,2026-09-23T05:20:09.120Z,population,gpt-6-astra,xhigh,125775,125312,0,1046,406,126821,463,0.182242
6127,2026-09-23T05:20:30.165Z,population,gpt-6-astra,xhigh,127157,125696,0,442,213,127599,1461,0.162406
6128,2026-09-23T05:20:54.805Z,population,gpt-6-astra,xhigh,127992,126976,0,701,107,128693,1016,0.172186
6129,2026-09-23T05:21:35.511Z,population,gpt-6-astra,xhigh,128776,127872,0,1248,469,130024,904,0.199312
6130,2026-09-23T05:22:11.645Z,population,gpt-6-astra,xhigh,130205,128640,0,933,133,131138,1565,0.19094
6131,2026-09-23T05:22:44.946Z,population,gpt-6-astra,xhigh,132060,130048,0,708,516,132768,2012,0.185568
6132,2026-09-23T05:22:53.251Z,population,gpt-6-astra,xhigh,133190,131968,0,149,63,133339,1222,0.151638
6133,2026-09-23T05:23:48.781Z,population,gpt-6-astra,xhigh,133608,133120,0,1545,516,135153,488,0.21525
6134,2026-09-23T05:24:09.360Z,population,gpt-6-astra,xhigh,135296,133504,0,579,474,135875,1792,0.180374
6135,2026-09-23T05:24:18.709Z,population,gpt-6-astra,xhigh,137193,135168,0,145,60,137338,2025,0.162668
6136,2026-09-23T05:24:35.204Z,population,gpt-6-astra,xhigh,137396,137088,0,407,20,137803,308,0.160518
6137,2026-09-23T05:24:42.335Z,population,gpt-6-astra,xhigh,137893,137216,0,142,72,138035,677,0.151086
6138,2026-09-23T05:25:11.492Z,population,gpt-6-astra,xhigh,138810,137728,0,777,516,139587,1082,0.187398
6139,2026-09-23T05:25:48.986Z,population,gpt-6-astra,xhigh,139680,138624,0,1125,516,140805,1056,0.205434
6140,2026-09-23T05:25:56.296Z,population,gpt-6-astra,xhigh,140896,139520,0,93,60,140989,1376,0.15793
6141,2026-09-23T05:26:05.573Z,population,gpt-6-astra,xhigh,141135,140800,0,178,0,141313,335,0.15305
6142,2026-09-23T05:26:39.549Z,population,gpt-6-astra,xhigh,141931,141056,0,1027,967,142958,875,0.201156
6143,2026-09-23T05:27:16.683Z,population,gpt-6-astra,xhigh,142986,141824,0,136,51,143122,1162,0.160244
6144,2026-09-23T05:27:33.221Z,population,gpt-6-astra,xhigh,144342,142848,0,477,335,144819,1494,0.181638
6145,2026-09-23T05:27:52.683Z,population,gpt-6-astra,xhigh,145860,144128,0,549,516,146409,1732,0.188898
6146,2026-09-23T05:28:37.766Z,population,gpt-6-astra,xhigh,146558,145664,0,1172,516,147730,894,0.213204
6147,2026-09-23T05:28:46.694Z,population,gpt-6-astra,xhigh,147900,146432,0,202,18,148102,1468,0.171212
6148,2026-09-23T05:29:02.249Z,population,gpt-6-astra,xhigh,148279,147712,0,404,321,148683,567,0.173582
6149,2026-09-23T05:29:12.478Z,population,gpt-6-astra,xhigh,150224,148096,0,184,110,150408,2128,0.178576
6150,2026-09-23T05:29:50.204Z,population,gpt-6-astra,xhigh,150515,150016,0,170,0,150685,499,0.163506
6151,2026-09-23T05:30:12.067Z,population,gpt-6-astra,xhigh,151225,150400,0,633,458,151858,825,0.1903
6152,2026-09-23T05:30:51.951Z,population,gpt-6-astra,xhigh,152739,151040,0,1067,1034,153806,1699,0.22138
6153,2026-09-23T05:32:10.955Z,population,gpt-6-astra,xhigh,153913,152576,0,1115,516,155028,1337,0.221696
6154,2026-09-23T05:32:48.541Z,population,gpt-6-astra,xhigh,155056,153728,0,83,50,155139,1328,0.171158
6155,2026-09-23T05:32:55.114Z,population,gpt-6-astra,xhigh,155167,154880,0,105,72,155272,287,0.163
6156,2026-09-23T05:33:06.033Z,population,gpt-6-astra,xhigh,155296,155008,0,106,34,155402,288,0.163188
6157,2026-09-23T05:34:06.004Z,population,gpt-6-astra,xhigh,155596,155136,0,1775,1447,157371,460,0.248486
6158,2026-09-23T05:34:16.216Z,population,gpt-6-astra,xhigh,157429,155392,0,141,58,157570,2037,0.182812
6159,2026-09-23T05:35:17.321Z,population,gpt-6-astra,xhigh,157757,157312,0,948,915,158705,445,0.209162
6160,2026-09-23T05:36:05.976Z,population,gpt-6-astra,xhigh,158772,157568,0,918,841,159690,1204,0.215508
6161,2026-09-23T05:36:26.755Z,population,gpt-6-astra,xhigh,159759,158592,0,96,63,159855,1167,0.175062
6162,2026-09-23T05:38:07.724Z,population,gpt-6-astra,xhigh,159924,159616,0,1585,1552,161509,308,0.241946
6163,2026-09-23T05:39:27.540Z,population,gpt-6-astra,xhigh,161616,159744,0,975,896,162591,1872,0.227214
6164,2026-09-23T05:39:49.030Z,population,gpt-6-astra,xhigh,162658,161408,0,96,63,162754,1250,0.178708
6165,2026-09-23T05:40:59.508Z,population,gpt-6-astra,xhigh,162822,162432,0,889,758,163711,390,0.210782
6166,2026-09-23T05:41:09.156Z,population,gpt-6-astra,xhigh,163866,162688,0,82,49,163948,1178,0.178568
6167,2026-09-23T05:41:35.976Z,population,gpt-6-astra,xhigh,164015,163712,0,402,322,164417,303,0.186842
6168,2026-09-23T05:42:54.050Z,population,gpt-6-astra,xhigh,164484,163840,0,1067,1034,165551,644,0.22363
6169,2026-09-23T05:43:24.924Z,population,gpt-6-astra,xhigh,165618,164352,0,437,404,166055,1266,0.198862
6170,2026-09-23T05:44:03.462Z,population,gpt-6-astra,xhigh,166122,165504,0,191,113,166313,618,0.181234
6171,2026-09-23T05:45:05.702Z,population,gpt-6-astra,xhigh,166380,166016,0,549,516,166929,364,0.197106
6172,2026-09-23T05:45:24.304Z,population,gpt-6-astra,xhigh,167990,166272,0,441,51,168431,1718,0.205502
6173,2026-09-23T05:46:22.619Z,population,gpt-6-astra,xhigh,170394,167808,0,1781,516,172175,2586,0.282718
6174,2026-09-23T05:47:15.210Z,population,gpt-6-astra,xhigh,172321,169984,0,1509,516,173830,2337,0.268804
6175,2026-09-23T05:47:54.164Z,population,gpt-6-astra,xhigh,174079,172288,0,1061,357,175140,1791,0.243248
6176,2026-09-23T05:48:57.157Z,population,gpt-6-astra,xhigh,175237,173952,0,1946,848,177183,1285,0.284102
6177,2026-09-23T05:49:40.141Z,population,gpt-6-astra,xhigh,177307,175104,0,1076,516,178383,2203,0.250934
6178,2026-09-23T05:49:52.766Z,population,gpt-6-astra,xhigh,179025,177280,0,297,104,179322,1745,0.20958
6179,2026-09-23T05:50:43.745Z,population,gpt-6-astra,xhigh,181798,178944,0,1527,341,183325,2854,0.283834
6180,2026-09-23T05:51:07.575Z,population,gpt-6-astra,xhigh,183867,181632,0,598,312,184465,2235,0.233882
6181,2026-09-23T05:51:30.251Z,population,gpt-6-astra,xhigh,184821,183680,0,649,421,185470,1141,0.22754
6182,2026-09-23T05:51:58.716Z,population,gpt-6-astra,xhigh,185601,184704,0,820,516,186421,897,0.234674
6183,2026-09-23T05:52:22.556Z,population,gpt-6-astra,xhigh,186628,185472,0,586,421,187214,1156,0.226332
6184,2026-09-23T05:52:46.273Z,population,gpt-6-astra,xhigh,187753,186496,0,583,367,188336,1257,0.228216
6185,2026-09-23T05:53:17.397Z,population,gpt-6-astra,xhigh,188597,187648,0,666,516,189263,949,0.230438
6186,2026-09-23T05:53:49.309Z,population,gpt-6-astra,xhigh,189417,188416,0,712,516,190129,1001,0.234026
6187,2026-09-23T05:54:48.513Z,population,gpt-6-astra,xhigh,190442,189312,0,1468,1321,191910,1130,0.274012
6188,2026-09-23T05:55:19.249Z,population,gpt-6-astra,xhigh,192210,190336,0,747,425,192957,1874,0.246426
6189,2026-09-23T05:55:32.322Z,population,gpt-6-astra,xhigh,193121,192128,0,230,54,193351,993,0.213558
6190,2026-09-23T05:55:51.136Z,population,gpt-6-astra,xhigh,193722,193024,0,293,140,194015,698,0.214654
6191,2026-09-23T05:57:30.245Z,population,gpt-6-astra,xhigh,194316,193536,0,2197,2034,196513,780,0.311186
6192,2026-09-23T05:57:50.039Z,population,gpt-6-astra,xhigh,196647,194176,0,376,151,197023,2471,0.237686
6193,2026-09-23T05:58:20.553Z,population,gpt-6-astra,xhigh,197397,196480,0,686,516,198083,917,0.23995
6194,2026-09-23T05:59:34.946Z,population,gpt-6-astra,xhigh,198684,95104,0,1993,1034,200677,103580,1.230554
6195,2026-09-23T05:59:52.710Z,population,gpt-6-astra,xhigh,200873,198528,0,383,199,201256,2345,0.241128
6196,2026-09-23T06:00:27.220Z,population,gpt-6-astra,xhigh,202061,200704,0,976,516,203037,1357,0.263074
6197,2026-09-23T06:00:39.616Z,population,gpt-6-astra,xhigh,203065,201984,0,152,46,203217,1081,0.220394
6198,2026-09-23T06:01:10.373Z,population,gpt-6-astra,xhigh,203429,202880,0,909,487,204338,549,0.25382
6199,2026-09-23T06:01:17.680Z,population,gpt-6-astra,xhigh,204550,203264,0,58,25,204608,1286,0.219024
6200,2026-09-23T06:01:51.742Z,population,gpt-6-astra,xhigh,204712,204416,0,942,516,205654,296,0.254476
6201,2026-09-23T06:02:32.439Z,population,gpt-6-astra,xhigh,205725,204544,0,1082,705,206807,1181,0.270454
6202,2026-09-23T06:02:58.905Z,population,gpt-6-astra,xhigh,206875,205568,0,712,516,207587,1307,0.254238
6203,2026-09-23T06:03:48.726Z,population,gpt-6-astra,xhigh,208121,206720,0,1104,1034,209225,1401,0.27593
6204,2026-09-23T06:04:32.257Z,population,gpt-6-astra,xhigh,210882,208000,0,1192,907,212074,2882,0.29642
6205,2026-09-23T06:04:43.456Z,population,gpt-6-astra,xhigh,212144,210816,0,259,73,212403,1328,0.237046
6206,2026-09-23T06:06:02.051Z,population,gpt-6-astra,xhigh,212670,211968,0,2128,1341,214798,702,0.325388
6207,2026-09-23T06:06:47.851Z,population,gpt-6-astra,xhigh,215038,212608,0,1228,1128,216266,2430,0.298308
6208,2026-09-23T06:07:21.955Z,population,gpt-6-astra,xhigh,216356,214912,0,31,0,216387,1444,0.230902
6209,2026-09-23T06:08:44.586Z,population,gpt-6-astra,xhigh,216491,216192,0,1687,1530,218178,299,0.303532
6210,2026-09-23T06:10:30.405Z,population,gpt-6-astra,xhigh,218469,216320,0,2765,2693,221234,2149,0.37606
6211,2026-09-23T06:10:58.508Z,population,gpt-6-astra,xhigh,221352,218368,0,168,67,221520,2984,0.256608
6212,2026-09-23T06:12:00.385Z,population,gpt-6-astra,xhigh,221687,221184,0,1938,516,223625,503,0.323114
6213,2026-09-23T06:13:53.494Z,population,gpt-6-astra,xhigh,223703,221568,0,3655,1552,227358,2135,0.425668
6214,2026-09-23T06:14:18.462Z,population,gpt-6-astra,xhigh,227426,223616,0,698,516,228124,3810,0.296616
6215,2026-09-23T06:14:57.082Z,population,gpt-6-astra,xhigh,235773,227328,0,1076,516,236849,8445,0.365578
6216,2026-09-23T06:16:15.957Z,population,gpt-6-astra,xhigh,236931,235648,0,2046,1389,238977,1283,0.350778
6217,2026-09-23T06:17:00.010Z,population,gpt-6-astra,xhigh,239274,236800,0,1173,849,240447,2474,0.32019
6218,2026-09-23T06:17:51.906Z,population,gpt-6-astra,xhigh,240960,239104,0,1110,1034,242070,1856,0.313164
6219,2026-09-23T06:18:17.071Z,population,gpt-6-astra,xhigh,242637,240896,0,712,516,243349,1741,0.293906
6220,2026-09-23T11:32:08.084Z,accuracy,gpt-6-astra,xhigh,246803,12160,0,280,0,247083,234643,2.37259
6221,2026-09-23T11:35:27.958Z,accuracy,gpt-6-astra,xhigh,247120,246656,0,6470,0,253590,464,0.574796
6222,2026-09-23T11:35:36.338Z,accuracy,gpt-6-astra,xhigh,41635,12160,0,162,0,41797,29475,0.31501
6223,2026-09-23T11:35:56.209Z,accuracy,gpt-6-astra,xhigh,46787,41472,0,587,125,47374,5315,0.123972
6224,2026-09-23T11:36:18.669Z,accuracy,gpt-6-astra,xhigh,51384,46592,0,647,101,52031,4792,0.126862
6225,2026-09-23T11:36:31.964Z,accuracy,gpt-6-astra,xhigh,61480,51200,0,372,13,61852,10280,0.1726
6226,2026-09-23T11:37:00.784Z,accuracy,gpt-6-astra,xhigh,66686,61312,0,892,516,67578,5374,0.159652
6227,2026-09-23T11:37:38.386Z,accuracy,gpt-6-astra,xhigh,71506,66560,0,1166,516,72672,4946,0.17432
6228,2026-09-23T11:38:14.491Z,accuracy,gpt-6-astra,xhigh,78584,71296,0,890,516,79474,7288,0.188676
6229,2026-09-23T11:38:31.086Z,accuracy,gpt-6-astra,xhigh,83925,78464,0,385,123,84310,5461,0.152324
6230,2026-09-23T11:39:45.025Z,accuracy,gpt-6-astra,xhigh,84456,83712,0,2381,516,86837,744,0.210202
6231,2026-09-23T11:39:58.946Z,accuracy,gpt-6-astra,xhigh,86861,84224,0,406,218,87267,2637,0.130894
6232,2026-09-23T11:42:23.315Z,accuracy,gpt-6-astra,xhigh,91544,86656,0,4716,516,96260,4888,0.371336
6233,2026-09-23T11:43:31.735Z,accuracy,gpt-6-astra,xhigh,96284,91392,0,2095,418,98379,4892,0.245062
6234,2026-09-23T11:44:44.694Z,accuracy,gpt-6-astra,xhigh,98925,96128,0,2282,347,101207,2797,0.238198
6235,2026-09-23T11:44:53.629Z,accuracy,gpt-6-astra,xhigh,101267,98688,0,210,41,101477,2579,0.134978
6236,2026-09-23T11:45:02.300Z,accuracy,gpt-6-astra,xhigh,101655,101120,0,212,32,101867,535,0.11707
6237,2026-09-23T11:45:06.084Z,accuracy,gpt-6-astra,xhigh,102145,101504,0,36,0,102181,641,0.109714
6238,2026-09-23T11:45:12.344Z,accuracy,gpt-6-astra,xhigh,102237,102016,0,109,10,102346,221,0.109676
6239,2026-09-23T11:45:36.417Z,accuracy,gpt-6-astra,xhigh,102467,102016,0,684,516,103151,451,0.140726
6240,2026-09-23T11:46:24.646Z,accuracy,gpt-6-astra,xhigh,103846,102272,0,1452,221,105298,1574,0.190612
6241,2026-09-23T11:46:34.017Z,accuracy,gpt-6-astra,xhigh,105399,103680,0,104,31,105503,1719,0.12607
6242,2026-09-23T11:46:52.119Z,accuracy,gpt-6-astra,xhigh,105798,105216,0,464,95,106262,582,0.134236
6243,2026-09-23T11:46:58.627Z,accuracy,gpt-6-astra,xhigh,106676,105600,0,106,65,106782,1076,0.12166
6244,2026-09-23T11:47:07.614Z,accuracy,gpt-6-astra,xhigh,106866,106496,0,194,0,107060,370,0.119896
6245,2026-09-23T11:47:22.054Z,accuracy,gpt-6-astra,xhigh,108591,106624,0,351,0,108942,1967,0.143844
6246,2026-09-23T11:49:08.638Z,accuracy,gpt-6-astra,xhigh,112495,108416,0,3324,1034,115819,4079,0.315406
6247,2026-09-23T11:49:21.082Z,accuracy,gpt-6-astra,xhigh,115843,112256,0,325,139,116168,3587,0.164376
6248,2026-09-23T11:49:41.568Z,accuracy,gpt-6-astra,xhigh,119730,115712,0,566,153,120296,4018,0.184192
6249,2026-09-23T11:49:47.487Z,accuracy,gpt-6-astra,xhigh,120476,119552,0,103,0,120579,924,0.133942
6250,2026-09-23T11:51:52.577Z,accuracy,gpt-6-astra,xhigh,120697,120320,0,4046,1034,124743,377,0.32639
6251,2026-09-23T11:52:09.921Z,accuracy,gpt-6-astra,xhigh,124767,120576,0,365,115,125132,4191,0.180736
6252,2026-09-23T11:52:25.289Z,accuracy,gpt-6-astra,xhigh,128809,124544,0,440,247,129249,4265,0.189194
6253,2026-09-23T11:52:50.786Z,accuracy,gpt-6-astra,xhigh,138339,128640,0,661,516,139000,9699,0.25868
6254,2026-09-23T11:55:07.059Z,accuracy,gpt-6-astra,xhigh,146937,138112,0,4434,747,151371,8825,0.448062
6255,2026-09-23T11:56:03.915Z,accuracy,gpt-6-astra,xhigh,151476,146816,0,1810,515,153286,4660,0.283916
6256,2026-09-23T11:57:12.154Z,accuracy,gpt-6-astra,xhigh,153356,151296,0,2193,516,155549,2060,0.281546
6257,2026-09-23T11:58:15.771Z,accuracy,gpt-6-astra,xhigh,156790,153216,0,2031,906,158821,3574,0.290506
6258,2026-09-23T11:59:01.251Z,accuracy,gpt-6-astra,xhigh,159217,156672,0,1423,433,160640,2545,0.253272
6259,2026-09-23T11:59:32.180Z,accuracy,gpt-6-astra,xhigh,162765,158976,0,670,516,163435,3789,0.230366
6260,2026-09-23T12:01:47.321Z,accuracy,gpt-6-astra,xhigh,167452,162560,0,4405,516,171857,4892,0.43173
6261,2026-09-23T12:01:59.362Z,accuracy,gpt-6-astra,xhigh,171881,167296,0,319,68,172200,4585,0.229096
6262,2026-09-23T12:03:13.102Z,accuracy,gpt-6-astra,xhigh,176383,171648,0,2235,1034,178618,4735,0.330748
6263,2026-09-23T12:04:42.239Z,accuracy,gpt-6-astra,xhigh,178702,176256,0,2875,845,181577,2446,0.344466
6264,2026-09-23T12:05:31.254Z,accuracy,gpt-6-astra,xhigh,181657,178560,0,1512,516,183169,3097,0.28513
6265,2026-09-23T12:05:42.023Z,accuracy,gpt-6-astra,xhigh,183284,181504,0,223,13,183507,1780,0.210454
6266,2026-09-23T12:06:11.836Z,accuracy,gpt-6-astra,xhigh,184074,183168,0,803,452,184877,906,0.232378
6267,2026-09-23T12:06:37.449Z,accuracy,gpt-6-astra,xhigh,189806,183936,0,761,477,190567,5870,0.280686
6268,2026-09-23T12:08:21.810Z,accuracy,gpt-6-astra,xhigh,190719,189312,0,2494,2196,193213,1407,0.328082
6269,2026-09-23T12:09:13.638Z,accuracy,gpt-6-astra,xhigh,196441,190592,0,1617,516,198058,5849,0.329932
6270,2026-09-23T12:10:26.250Z,accuracy,gpt-6-astra,xhigh,198245,196352,0,2311,516,200556,1893,0.330832
6271,2026-09-23T12:11:35.164Z,accuracy,gpt-6-astra,xhigh,201998,198144,0,2174,759,204172,3854,0.345384
6272,2026-09-23T12:12:03.394Z,accuracy,gpt-6-astra,xhigh,204246,201856,0,860,403,205106,2390,0.268756
6273,2026-09-23T12:12:15.817Z,accuracy,gpt-6-astra,xhigh,205639,204160,0,297,202,205936,1479,0.2338
6274,2026-09-23T12:12:33.711Z,accuracy,gpt-6-astra,xhigh,206072,205568,0,467,342,206539,504,0.233958
6275,2026-09-23T12:12:43.040Z,accuracy,gpt-6-astra,xhigh,206740,205952,0,196,0,206936,788,0.223632
6276,2026-09-23T12:13:04.364Z,accuracy,gpt-6-astra,xhigh,207254,206592,0,577,418,207831,662,0.242062
6277,2026-09-23T12:13:33.427Z,accuracy,gpt-6-astra,xhigh,208659,207104,0,743,562,209402,1555,0.259804
6278,2026-09-23T12:14:51.651Z,accuracy,gpt-6-astra,xhigh,214454,208512,0,2516,516,216970,5942,0.393732
6279,2026-09-23T12:15:02.611Z,accuracy,gpt-6-astra,xhigh,217039,214272,0,281,81,217320,2767,0.255992
6280,2026-09-23T12:15:31.948Z,accuracy,gpt-6-astra,xhigh,217539,216960,0,601,516,218140,579,0.2528
6281,2026-09-23T12:16:44.276Z,accuracy,gpt-6-astra,xhigh,219466,71296,0,996,0,220462,148170,1.602796
6282,2026-09-23T12:17:14.914Z,accuracy,gpt-6-astra,xhigh,220556,220416,0,396,114,220952,140,0.241616
6283,2026-09-23T12:17:42.247Z,accuracy,gpt-6-astra,xhigh,223175,220416,0,779,514,223954,2759,0.286956
6284,2026-09-23T12:18:06.842Z,accuracy,gpt-6-astra,xhigh,226982,223104,0,678,516,227660,3878,0.295784
6285,2026-09-23T12:18:25.536Z,accuracy,gpt-6-astra,xhigh,229730,226816,0,508,303,230238,2914,0.281356
6286,2026-09-23T12:19:02.676Z,accuracy,gpt-6-astra,xhigh,230426,229632,0,729,516,231155,794,0.274022
6287,2026-09-23T12:19:40.036Z,accuracy,gpt-6-astra,xhigh,233378,230272,0,1033,474,234411,3106,0.312982
6288,2026-09-23T12:20:08.740Z,accuracy,gpt-6-astra,xhigh,234773,233216,0,679,516,235452,1557,0.282736
6289,2026-09-23T12:20:37.101Z,accuracy,gpt-6-astra,xhigh,235959,234624,0,558,318,236517,1335,0.275874
6290,2026-09-23T12:21:52.244Z,accuracy,gpt-6-astra,xhigh,236668,235776,0,1673,1490,238341,892,0.328346
6291,2026-09-23T12:22:13.855Z,accuracy,gpt-6-astra,xhigh,238956,236544,0,597,174,239553,2412,0.290514
6292,2026-09-23T12:22:28.341Z,accuracy,gpt-6-astra,xhigh,239818,238848,0,298,163,240116,970,0.263448
6293,2026-09-23T12:22:47.785Z,accuracy,gpt-6-astra,xhigh,241349,239616,0,439,132,241788,1733,0.278896
6294,2026-09-23T12:23:23.104Z,accuracy,gpt-6-astra,xhigh,242827,241152,0,860,349,243687,1675,0.300902
6295,2026-09-23T12:23:43.324Z,accuracy,gpt-6-astra,xhigh,244719,242688,0,536,373,245255,2031,0.289798
6296,2026-09-23T12:27:35.924Z,accuracy,gpt-6-astra,xhigh,245292,244608,0,7417,0,252709,684,0.622298
6297,2026-09-23T12:27:43.513Z,accuracy,gpt-6-astra,xhigh,42589,34944,0,135,9,42724,7645,0.118144
6298,2026-09-23T12:27:55.703Z,accuracy,gpt-6-astra,xhigh,46411,42368,0,340,26,46751,4043,0.099798
6299,2026-09-23T12:28:04.694Z,accuracy,gpt-6-astra,xhigh,57446,46208,0,222,0,57668,11238,0.169688
6300,2026-09-23T12:28:12.349Z,accuracy,gpt-6-astra,xhigh,58637,57216,0,191,8,58828,1421,0.080976
6301,2026-09-23T12:28:23.071Z,accuracy,gpt-6-astra,xhigh,62651,58496,0,140,11,62791,4155,0.107046
6302,2026-09-23T12:28:32.599Z,accuracy,gpt-6-astra,xhigh,66112,62464,0,260,0,66372,3648,0.111944
6303,2026-09-23T12:28:44.695Z,accuracy,gpt-6-astra,xhigh,66840,65920,0,106,13,66946,920,0.08042
6304,2026-09-23T12:28:57.620Z,accuracy,gpt-6-astra,xhigh,69777,66688,0,340,18,70117,3089,0.114578
6305,2026-09-23T12:29:08.833Z,accuracy,gpt-6-astra,xhigh,70872,69632,0,267,19,71139,1240,0.095382
6306,2026-09-23T12:29:27.865Z,accuracy,gpt-6-astra,xhigh,77223,70656,0,183,26,77406,6567,0.145476
6307,2026-09-23T12:29:38.397Z,accuracy,gpt-6-astra,xhigh,79499,77056,0,237,10,79736,2443,0.113336
6308,2026-09-23T12:30:05.078Z,accuracy,gpt-6-astra,xhigh,80001,79360,0,516,105,80517,641,0.11157
6309,2026-09-23T12:30:20.909Z,accuracy,gpt-6-astra,xhigh,82524,79872,0,313,8,82837,2652,0.122042
6310,2026-09-23T12:30:35.679Z,accuracy,gpt-6-astra,xhigh,82904,82304,0,359,41,83263,600,0.106254
6311,2026-09-23T12:31:05.792Z,accuracy,gpt-6-astra,xhigh,83877,82688,0,695,516,84572,1189,0.129328
6312,2026-09-23T12:31:19.014Z,accuracy,gpt-6-astra,xhigh,86900,83712,0,381,58,87281,3188,0.134642
6313,2026-09-23T12:31:35.775Z,accuracy,gpt-6-astra,xhigh,88742,86784,0,438,178,89180,1958,0.128264
6314,2026-09-23T12:34:12.302Z,accuracy,gpt-6-astra,xhigh,93887,88576,0,4655,50,98542,5311,0.374436
6315,2026-09-23T12:34:27.053Z,accuracy,gpt-6-astra,xhigh,98566,93696,0,278,12,98844,4870,0.156296
6316,2026-09-23T12:36:18.025Z,accuracy,gpt-6-astra,xhigh,98963,98432,0,3564,424,102527,531,0.281942
6317,2026-09-23T12:36:30.589Z,accuracy,gpt-6-astra,xhigh,102609,98816,0,289,35,102898,3793,0.151196
6318,2026-09-23T12:36:41.598Z,accuracy,gpt-6-astra,xhigh,105088,102400,0,258,120,105346,2688,0.14218
6319,2026-09-23T12:36:56.231Z,accuracy,gpt-6-astra,xhigh,109497,104960,0,305,146,109802,4537,0.16558
6320,2026-09-23T12:37:50.651Z,accuracy,gpt-6-astra,xhigh,111416,109312,0,1720,368,113136,2104,0.216352
6321,2026-09-23T12:38:17.319Z,accuracy,gpt-6-astra,xhigh,113214,111232,0,753,516,113967,1982,0.168702
6322,2026-09-23T12:38:30.681Z,accuracy,gpt-6-astra,xhigh,114772,113024,0,279,155,115051,1748,0.144454
6323,2026-09-23T12:38:51.732Z,accuracy,gpt-6-astra,xhigh,115439,114560,0,544,219,115983,879,0.15055
6324,2026-09-23T12:39:03.697Z,accuracy,gpt-6-astra,xhigh,116265,115200,0,273,104,116538,1065,0.1395
6325,2026-09-23T12:39:10.383Z,accuracy,gpt-6-astra,xhigh,118660,116096,0,130,0,118790,2564,0.148236
6326,2026-09-23T12:40:40.728Z,accuracy,gpt-6-astra,xhigh,119105,118528,0,2941,516,122046,577,0.271348
6327,2026-09-23T12:41:44.811Z,accuracy,gpt-6-astra,xhigh,122070,119040,0,2041,516,124111,3030,0.25139
6328,2026-09-23T12:42:12.688Z,accuracy,gpt-6-astra,xhigh,124169,121984,0,869,516,125038,2185,0.187284
6329,2026-09-23T12:42:38.954Z,accuracy,gpt-6-astra,xhigh,125372,124032,0,714,516,126086,1340,0.173132
6330,2026-09-23T12:43:15.538Z,accuracy,gpt-6-astra,xhigh,126618,125312,0,1140,150,127758,1306,0.195372
6331,2026-09-23T12:43:41.263Z,accuracy,gpt-6-astra,xhigh,127864,126592,0,637,516,128501,1272,0.171162
6332,2026-09-23T12:43:55.663Z,accuracy,gpt-6-astra,xhigh,130800,127744,0,299,204,131099,3056,0.173254
6333,2026-09-23T12:44:19.204Z,accuracy,gpt-6-astra,xhigh,132625,130688,0,566,462,133191,1937,0.178358
6334,2026-09-23T12:45:00.312Z,accuracy,gpt-6-astra,xhigh,133849,132480,0,1255,516,135104,1369,0.20892
6335,2026-09-23T12:46:40.973Z,accuracy,gpt-6-astra,xhigh,135162,133760,0,3225,516,138387,1402,0.30903
6336,2026-09-23T12:47:49.340Z,accuracy,gpt-6-astra,xhigh,138460,135040,0,2199,171,140659,3420,0.27919
6337,2026-09-23T12:48:11.294Z,accuracy,gpt-6-astra,xhigh,141391,138368,0,594,341,141985,3023,0.198298
6338,2026-09-23T12:48:21.565Z,accuracy,gpt-6-astra,xhigh,142355,141312,0,205,102,142560,1043,0.161992
6339,2026-09-23T12:48:32.697Z,accuracy,gpt-6-astra,xhigh,144091,142208,0,192,0,144283,1883,0.170638
6340,2026-09-23T12:49:24.976Z,accuracy,gpt-6-astra,xhigh,147267,144000,0,1171,1034,148438,3267,0.23522
6341,2026-09-23T12:50:34.834Z,accuracy,gpt-6-astra,xhigh,152330,147200,0,2224,516,154554,5130,0.3097
6342,2026-09-23T12:50:52.162Z,accuracy,gpt-6-astra,xhigh,154638,152192,0,425,140,155063,2446,0.197902
6343,2026-09-23T12:51:23.037Z,accuracy,gpt-6-astra,xhigh,156661,154496,0,868,719,157529,2165,0.219546
6344,2026-09-23T12:52:43.656Z,accuracy,gpt-6-astra,xhigh,157800,156544,0,2484,1034,160284,1256,0.293304
6345,2026-09-23T12:52:57.103Z,accuracy,gpt-6-astra,xhigh,160308,157696,0,203,75,160511,2612,0.193966
6346,2026-09-23T12:53:17.225Z,accuracy,gpt-6-astra,xhigh,161912,160256,0,209,76,162121,1656,0.187266
6347,2026-09-23T12:53:40.165Z,accuracy,gpt-6-astra,xhigh,162321,161792,0,610,516,162931,529,0.197582
6348,2026-09-23T12:53:54.781Z,accuracy,gpt-6-astra,xhigh,163899,162176,0,369,324,164268,1723,0.197856
6349,2026-09-23T12:54:06.508Z,accuracy,gpt-6-astra,xhigh,166254,163840,0,167,41,166421,2414,0.19633
6350,2026-09-23T12:54:27.301Z,accuracy,gpt-6-astra,xhigh,167274,166144,0,562,403,167836,1130,0.205544
6351,2026-09-23T12:55:39.687Z,accuracy,gpt-6-astra,xhigh,168569,167168,0,2340,773,170909,1401,0.298178
6352,2026-09-23T12:56:02.857Z,accuracy,gpt-6-astra,xhigh,170980,168448,0,641,127,171621,2532,0.225818
6353,2026-09-23T12:56:24.759Z,accuracy,gpt-6-astra,xhigh,171799,170880,0,654,334,172453,919,0.21277
6354,2026-09-23T12:57:01.220Z,accuracy,gpt-6-astra,xhigh,172643,171776,0,989,516,173632,867,0.229896
6355,2026-09-23T12:57:11.799Z,accuracy,gpt-6-astra,xhigh,174920,172544,0,161,38,175081,2376,0.204354
6356,2026-09-23T12:57:27.632Z,accuracy,gpt-6-astra,xhigh,175568,174848,0,421,160,175989,720,0.203098
6357,2026-09-23T12:58:24.299Z,accuracy,gpt-6-astra,xhigh,176134,175488,0,1709,1034,177843,646,0.267398
6358,2026-09-23T12:59:38.747Z,accuracy,gpt-6-astra,xhigh,178549,176000,0,1792,1552,180341,2549,0.29109
6359,2026-09-23T13:01:00.883Z,accuracy,gpt-6-astra,xhigh,180740,178432,0,2439,1339,183179,2308,0.323462
6360,2026-09-23T13:01:24.016Z,accuracy,gpt-6-astra,xhigh,183924,180608,0,464,294,184388,3316,0.236968
6361,2026-09-23T13:01:41.914Z,accuracy,gpt-6-astra,xhigh,186207,183808,0,328,118,186535,2399,0.224198
6362,2026-09-23T13:02:12.173Z,accuracy,gpt-6-astra,xhigh,187662,186112,0,805,441,188467,1550,0.241862
6363,2026-09-23T13:02:29.945Z,accuracy,gpt-6-astra,xhigh,188845,187520,0,384,107,189229,1325,0.21997
6364,2026-09-23T13:02:44.388Z,accuracy,gpt-6-astra,xhigh,189558,188800,0,358,72,189916,758,0.21428
6365,2026-09-23T13:03:36.818Z,accuracy,gpt-6-astra,xhigh,190081,189440,0,1139,1034,191220,641,0.2528
6366,2026-09-23T13:03:53.063Z,accuracy,gpt-6-astra,xhigh,191649,189952,0,328,116,191977,1697,0.223322
6367,2026-09-23T13:04:16.275Z,accuracy,gpt-6-astra,xhigh,192082,191488,0,609,423,192691,594,0.227878
6368,2026-09-23T13:05:19.113Z,accuracy,gpt-6-astra,xhigh,192973,192000,0,1635,1472,194608,973,0.28348
6369,2026-09-23T13:05:47.278Z,accuracy,gpt-6-astra,xhigh,195283,192896,0,829,516,196112,2387,0.258216
6370,2026-09-23T13:06:16.839Z,accuracy,gpt-6-astra,xhigh,196303,195200,0,711,516,197014,1103,0.24178
6371,2026-09-23T13:06:31.947Z,accuracy,gpt-6-astra,xhigh,197118,196224,0,415,269,197533,894,0.225914
6372,2026-09-23T13:06:43.018Z,accuracy,gpt-6-astra,xhigh,198034,196992,0,254,14,198288,1042,0.220112
6373,2026-09-23T13:07:56.739Z,accuracy,gpt-6-astra,xhigh,199082,197888,0,1822,1552,200904,1194,0.300928
6374,2026-09-23T13:08:16.338Z,accuracy,gpt-6-astra,xhigh,201362,199040,0,504,111,201866,2322,0.24746
6375,2026-09-23T13:08:39.322Z,accuracy,gpt-6-astra,xhigh,202521,201216,0,644,116,203165,1305,0.246466
6376,2026-09-23T13:10:30.519Z,accuracy,gpt-6-astra,xhigh,203305,202368,0,2449,2184,205754,937,0.334188
6377,2026-09-23T13:12:56.534Z,accuracy,gpt-6-astra,xhigh,206530,203264,0,3420,3202,209950,3266,0.406924
6378,2026-09-23T13:14:16.262Z,accuracy,gpt-6-astra,xhigh,210181,206464,0,2539,1034,212720,3717,0.370584
6379,2026-09-23T13:15:03.039Z,accuracy,gpt-6-astra,xhigh,212970,210048,0,1309,1034,214279,2922,0.304718
6380,2026-09-23T13:18:25.815Z,accuracy,gpt-6-astra,xhigh,215766,83712,0,3415,3268,219181,132054,1.575002
6381,2026-09-23T13:18:53.443Z,accuracy,gpt-6-astra,xhigh,219432,215680,0,822,455,220254,3752,0.2943
6382,2026-09-23T13:19:27.144Z,accuracy,gpt-6-astra,xhigh,220706,219392,0,1042,311,221748,1314,0.284632
6383,2026-09-23T13:21:51.635Z,accuracy,gpt-6-astra,xhigh,221809,220544,0,3701,3510,225510,1265,0.418244
6384,2026-09-23T13:21:59.712Z,accuracy,gpt-6-astra,xhigh,225621,221696,0,140,38,225761,3925,0.267946
6385,2026-09-23T13:22:50.259Z,accuracy,gpt-6-astra,xhigh,225896,225536,0,1544,46,227440,360,0.306336
6386,2026-09-23T13:24:54.163Z,accuracy,gpt-6-astra,xhigh,227624,225792,0,2902,2782,230526,1832,0.389212
6387,2026-09-23T13:25:46.193Z,accuracy,gpt-6-astra,xhigh,230727,227584,0,1559,516,232286,3143,0.336964
6388,2026-09-23T13:25:54.229Z,accuracy,gpt-6-astra,xhigh,232999,230656,0,154,65,233153,2343,0.261786
6389,2026-09-23T13:26:01.026Z,accuracy,gpt-6-astra,xhigh,233330,232960,0,95,0,233425,370,0.24141
6390,2026-09-23T13:26:11.716Z,accuracy,gpt-6-astra,xhigh,234956,233216,0,267,0,235223,1740,0.263966
6391,2026-09-23T13:28:35.786Z,accuracy,gpt-6-astra,xhigh,238090,234880,0,3694,3184,241784,3210,0.45168
6392,2026-09-23T13:29:20.037Z,accuracy,gpt-6-astra,xhigh,241848,237952,0,1215,1053,243063,3896,0.337662
6393,2026-09-23T13:29:56.636Z,accuracy,gpt-6-astra,xhigh,244312,241792,0,1124,691,245436,2520,0.323192
6394,2026-09-23T13:33:12.735Z,accuracy,gpt-6-astra,xhigh,245473,244224,0,6422,0,251895,1249,0.577814
6395,2026-09-23T13:33:18.052Z,accuracy,gpt-6-astra,xhigh,41592,34944,0,54,0,41646,6648,0.104124
6396,2026-09-23T13:33:28.912Z,accuracy,gpt-6-astra,xhigh,45615,41472,0,244,26,45859,4143,0.095102
6397,2026-09-23T13:33:37.914Z,accuracy,gpt-6-astra,xhigh,53867,45440,0,228,17,54095,8427,0.14111
6398,2026-09-23T13:33:44.237Z,accuracy,gpt-6-astra,xhigh,61573,53632,0,142,68,61715,7941,0.140142
6399,2026-09-23T13:34:09.052Z,accuracy,gpt-6-astra,xhigh,70211,61440,0,727,57,70938,8771,0.1855
6400,2026-09-23T13:34:19.006Z,accuracy,gpt-6-astra,xhigh,71360,70016,0,247,81,71607,1344,0.095806
6401,2026-09-23T13:35:07.928Z,accuracy,gpt-6-astra,xhigh,75539,71168,0,1556,70,77095,4371,0.192678
6402,2026-09-23T13:35:26.517Z,accuracy,gpt-6-astra,xhigh,78357,75392,0,543,98,78900,2965,0.132192
6403,2026-09-23T13:35:32.952Z,accuracy,gpt-6-astra,xhigh,79005,78208,0,107,16,79112,797,0.091528
6404,2026-09-23T13:36:13.497Z,accuracy,gpt-6-astra,xhigh,85992,78848,0,1267,98,87259,7144,0.213638
6405,2026-09-23T13:36:24.327Z,accuracy,gpt-6-astra,xhigh,87363,85760,0,252,30,87615,1603,0.11439
6406,2026-09-23T13:36:35.462Z,accuracy,gpt-6-astra,xhigh,88296,87168,0,292,126,88588,1128,0.113048
6407,2026-09-23T13:37:09.977Z,accuracy,gpt-6-astra,xhigh,91174,88064,0,996,363,92170,3110,0.168964
6408,2026-09-23T13:37:26.968Z,accuracy,gpt-6-astra,xhigh,92336,91008,0,449,319,92785,1328,0.126738
6409,2026-09-23T13:37:39.704Z,accuracy,gpt-6-astra,xhigh,94428,92160,0,332,154,94760,2268,0.13144
6410,2026-09-23T13:37:47.831Z,accuracy,gpt-6-astra,xhigh,97129,94208,0,110,32,97239,2921,0.128918
6411,2026-09-23T13:37:55.906Z,accuracy,gpt-6-astra,xhigh,98328,96896,0,90,27,98418,1432,0.115716
6412,2026-09-23T13:38:04.685Z,accuracy,gpt-6-astra,xhigh,100916,98176,0,173,88,101089,2740,0.134226
6413,2026-09-23T13:38:12.750Z,accuracy,gpt-6-astra,xhigh,101347,100736,0,206,137,101553,611,0.117146
6414,2026-09-23T13:38:29.143Z,accuracy,gpt-6-astra,xhigh,103843,101120,0,441,135,104284,2723,0.1504
6415,2026-09-23T13:38:47.302Z,accuracy,gpt-6-astra,xhigh,104505,103680,0,456,380,104961,825,0.13473
6416,2026-09-23T13:39:06.759Z,accuracy,gpt-6-astra,xhigh,105177,104320,0,495,377,105672,857,0.13764
6417,2026-09-23T13:39:24.242Z,accuracy,gpt-6-astra,xhigh,107627,104960,0,356,335,107983,2667,0.14943
6418,2026-09-23T13:39:58.728Z,accuracy,gpt-6-astra,xhigh,108006,107392,0,78,0,108084,614,0.117432
6419,2026-09-23T13:40:09.088Z,accuracy,gpt-6-astra,xhigh,108326,107776,0,159,27,108485,550,0.121226
6420,2026-09-23T13:40:31.492Z,accuracy,gpt-6-astra,xhigh,108656,108160,0,545,14,109201,496,0.14037
6421,2026-09-23T13:41:31.025Z,accuracy,gpt-6-astra,xhigh,114139,108416,0,1849,372,115988,5723,0.258096
6422,2026-09-23T13:42:33.517Z,accuracy,gpt-6-astra,xhigh,116448,113408,0,1955,114,118403,3040,0.241558
6423,2026-09-23T13:43:18.565Z,accuracy,gpt-6-astra,xhigh,118440,116352,0,1418,305,119858,2088,0.208132
6424,2026-09-23T13:43:31.629Z,accuracy,gpt-6-astra,xhigh,120191,118272,0,368,209,120559,1919,0.155862
6425,2026-09-23T13:44:05.662Z,accuracy,gpt-6-astra,xhigh,121665,120064,0,721,125,122386,1601,0.172124
6426,2026-09-23T13:44:16.070Z,accuracy,gpt-6-astra,xhigh,122443,121472,0,206,89,122649,971,0.141482
6427,2026-09-23T13:44:22.715Z,accuracy,gpt-6-astra,xhigh,124910,122240,0,105,34,125015,2670,0.15419
6428,2026-09-23T13:44:34.402Z,accuracy,gpt-6-astra,xhigh,125132,124800,0,230,28,125362,332,0.13962
6429,2026-09-23T13:44:51.948Z,accuracy,gpt-6-astra,xhigh,125529,124928,0,471,320,126000,601,0.154488
6430,2026-09-23T13:45:21.837Z,accuracy,gpt-6-astra,xhigh,126138,125312,0,707,152,126845,826,0.168922
6431,2026-09-23T13:46:09.958Z,accuracy,gpt-6-astra,xhigh,127054,125952,0,1479,266,128533,1102,0.210922
6432,2026-09-23T13:46:21.974Z,accuracy,gpt-6-astra,xhigh,128790,126848,0,220,69,129010,1942,0.157268
6433,2026-09-23T13:46:42.504Z,accuracy,gpt-6-astra,xhigh,129188,128640,0,427,153,129615,548,0.15547
6434,2026-09-23T13:46:59.297Z,accuracy,gpt-6-astra,xhigh,129740,129024,0,395,171,130135,716,0.155934
6435,2026-09-23T13:47:11.258Z,accuracy,gpt-6-astra,xhigh,131880,129536,0,153,8,132033,2344,0.160626
6436,2026-09-23T13:47:22.578Z,accuracy,gpt-6-astra,xhigh,133361,131712,0,222,103,133583,1649,0.159302
6437,2026-09-23T13:48:04.509Z,accuracy,gpt-6-astra,xhigh,135992,133248,0,1183,474,137175,2744,0.219838
6438,2026-09-23T13:48:38.134Z,accuracy,gpt-6-astra,xhigh,138022,135936,0,964,59,138986,2086,0.204996
6439,2026-09-23T13:48:53.159Z,accuracy,gpt-6-astra,xhigh,139315,137984,0,285,57,139600,1331,0.165544
6440,2026-09-23T13:49:14.017Z,accuracy,gpt-6-astra,xhigh,142474,139264,0,499,175,142973,3210,0.196314
6441,2026-09-23T13:49:32.028Z,accuracy,gpt-6-astra,xhigh,143210,142464,0,361,128,143571,746,0.167974
6442,2026-09-23T13:50:12.699Z,accuracy,gpt-6-astra,xhigh,143935,143104,0,907,790,144842,831,0.196764
6443,2026-09-23T13:50:32.324Z,accuracy,gpt-6-astra,xhigh,146494,143872,0,490,261,146984,2622,0.194592
6444,2026-09-23T13:50:47.420Z,accuracy,gpt-6-astra,xhigh,148490,146432,0,275,72,148765,2058,0.180762
6445,2026-09-23T13:51:47.961Z,accuracy,gpt-6-astra,xhigh,148867,148480,0,1471,1220,150338,387,0.2259
6446,2026-09-23T13:51:59.021Z,accuracy,gpt-6-astra,xhigh,151349,148736,0,240,100,151589,2613,0.186866
6447,2026-09-23T13:52:29.871Z,accuracy,gpt-6-astra,xhigh,155263,151296,0,906,388,156169,3967,0.236266
6448,2026-09-23T13:53:14.149Z,accuracy,gpt-6-astra,xhigh,156532,155136,0,1361,516,157893,1396,0.237146
6449,2026-09-23T13:53:34.527Z,accuracy,gpt-6-astra,xhigh,157978,156416,0,552,245,158530,1562,0.199636
6450,2026-09-23T13:54:27.652Z,accuracy,gpt-6-astra,xhigh,158779,157952,0,1315,1034,160094,827,0.231972
6451,2026-09-23T13:54:40.836Z,accuracy,gpt-6-astra,xhigh,160600,158720,0,324,73,160924,1880,0.19372
6452,2026-09-23T13:56:18.456Z,accuracy,gpt-6-astra,xhigh,161051,160512,0,2368,2183,163419,539,0.284302
6453,2026-09-23T13:56:45.670Z,accuracy,gpt-6-astra,xhigh,163838,161024,0,486,162,164324,2814,0.213464
6454,2026-09-23T13:57:04.425Z,accuracy,gpt-6-astra,xhigh,164631,163712,0,425,309,165056,919,0.194152
6455,2026-09-23T13:57:46.118Z,accuracy,gpt-6-astra,xhigh,165396,164608,0,1105,762,166501,788,0.227738
6456,2026-09-23T13:58:07.645Z,accuracy,gpt-6-astra,xhigh,167309,165376,0,600,348,167909,1933,0.214706
6457,2026-09-23T13:59:02.128Z,accuracy,gpt-6-astra,xhigh,168354,167296,0,1178,1034,169532,1058,0.236776
6458,2026-09-23T13:59:15.753Z,accuracy,gpt-6-astra,xhigh,170106,168320,0,348,188,170454,1786,0.20358
6459,2026-09-23T13:59:36.684Z,accuracy,gpt-6-astra,xhigh,171102,169984,0,597,207,171699,1118,0.211014
6460,2026-09-23T14:00:05.679Z,accuracy,gpt-6-astra,xhigh,171793,171008,0,683,516,172476,785,0.213008
6461,2026-09-23T14:00:34.608Z,accuracy,gpt-6-astra,xhigh,172704,171776,0,542,197,173246,928,0.208156
6462,2026-09-23T14:00:49.944Z,accuracy,gpt-6-astra,xhigh,173446,172672,0,358,0,173804,774,0.198312
6463,2026-09-23T14:02:57.486Z,accuracy,gpt-6-astra,xhigh,173949,173440,0,3320,2933,177269,509,0.34453
6464,2026-09-23T14:04:30.401Z,accuracy,gpt-6-astra,xhigh,178183,173824,0,2170,2002,180353,4359,0.325914
6465,2026-09-23T14:05:32.252Z,accuracy,gpt-6-astra,xhigh,180511,178176,0,1502,112,182013,2335,0.276626
6466,2026-09-23T14:06:54.210Z,accuracy,gpt-6-astra,xhigh,182105,180480,0,2058,1831,184163,1625,0.29963
6467,2026-09-23T14:07:28.635Z,accuracy,gpt-6-astra,xhigh,184332,182016,0,561,471,184893,2316,0.233226
6468,2026-09-23T14:08:32.606Z,accuracy,gpt-6-astra,xhigh,186276,184320,0,1308,1287,187584,1956,0.26928
6469,2026-09-23T14:09:28.787Z,accuracy,gpt-6-astra,xhigh,187607,186240,0,177,0,187784,1367,0.20876
6470,2026-09-23T14:10:49.475Z,accuracy,gpt-6-astra,xhigh,188007,187520,0,2410,1034,190417,487,0.31289
6471,2026-09-23T14:10:58.970Z,accuracy,gpt-6-astra,xhigh,190441,187904,0,207,67,190648,2537,0.223624
6472,2026-09-23T14:11:13.388Z,accuracy,gpt-6-astra,xhigh,190787,190336,0,165,42,190952,451,0.203096
6473,2026-09-23T14:11:21.082Z,accuracy,gpt-6-astra,xhigh,191193,190720,0,109,88,191302,473,0.2009
6474,2026-09-23T14:11:56.929Z,accuracy,gpt-6-astra,xhigh,191325,191104,0,85,0,191410,221,0.197564
6475,2026-09-23T14:12:55.592Z,accuracy,gpt-6-astra,xhigh,191497,191232,0,1838,444,193335,265,0.285782
6476,2026-09-23T14:13:42.089Z,accuracy,gpt-6-astra,xhigh,193359,191488,0,1412,516,194771,1871,0.280798
6477,2026-09-23T14:13:50.550Z,accuracy,gpt-6-astra,xhigh,197741,193280,0,183,100,197924,4461,0.24704
6478,2026-09-23T14:14:03.810Z,accuracy,gpt-6-astra,xhigh,198614,197632,0,331,137,198945,982,0.224002
6479,2026-09-23T14:14:20.548Z,accuracy,gpt-6-astra,xhigh,199168,198528,0,414,299,199582,640,0.225628
6480,2026-09-23T14:14:53.961Z,accuracy,gpt-6-astra,xhigh,201309,71168,0,190,0,201499,130141,1.382078
6481,2026-09-23T14:15:38.977Z,accuracy,gpt-6-astra,xhigh,202506,201216,0,1005,777,203511,1290,0.264366
6482,2026-09-23T14:17:06.491Z,accuracy,gpt-6-astra,xhigh,204562,202496,0,2667,1440,207229,2066,0.356506
6483,2026-09-23T14:20:11.061Z,accuracy,gpt-6-astra,xhigh,207253,204544,0,4243,4121,211496,2709,0.443784
6484,2026-09-23T14:21:04.716Z,accuracy,gpt-6-astra,xhigh,211772,207232,0,1685,1103,213457,4540,0.336882
6485,2026-09-23T14:22:56.334Z,accuracy,gpt-6-astra,xhigh,214257,211712,0,3129,2770,217386,2545,0.393612
6486,2026-09-23T14:24:14.714Z,accuracy,gpt-6-astra,xhigh,218151,214144,0,2107,1699,220258,4007,0.359564
6487,2026-09-23T14:25:49.567Z,accuracy,gpt-6-astra,xhigh,220833,218112,0,2473,2394,223306,2721,0.368972
6488,2026-09-23T14:25:54.429Z,accuracy,gpt-6-astra,xhigh,223622,220672,0,44,23,223666,2950,0.252372
6489,2026-09-23T14:26:34.186Z,accuracy,gpt-6-astra,xhigh,223689,223488,0,210,0,223899,201,0.235998
6490,2026-09-23T14:28:50.508Z,accuracy,gpt-6-astra,xhigh,224339,223488,0,3843,2552,228182,851,0.424148
6491,2026-09-23T14:30:23.779Z,accuracy,gpt-6-astra,xhigh,229205,224256,0,2350,2070,231555,4949,0.391246
6492,2026-09-23T14:32:01.097Z,accuracy,gpt-6-astra,xhigh,231704,229120,0,2137,2037,233841,2584,0.36181
6493,2026-09-23T14:32:12.041Z,accuracy,gpt-6-astra,xhigh,233942,231552,0,211,138,234153,2390,0.266002
6494,2026-09-23T14:32:43.418Z,accuracy,gpt-6-astra,xhigh,235685,233856,0,703,516,236388,1829,0.287296
6495,2026-09-23T14:33:08.816Z,accuracy,gpt-6-astra,xhigh,236908,235520,0,544,363,237452,1388,0.2766
6496,2026-09-23T14:36:18.658Z,accuracy,gpt-6-astra,xhigh,238681,236800,0,5570,3419,244251,1881,0.53411
6497,2026-09-23T14:38:44.405Z,accuracy,gpt-6-astra,xhigh,244289,238592,0,2385,1907,246674,5697,0.414812
6498,2026-09-23T14:41:59.928Z,accuracy,gpt-6-astra,xhigh,246711,244096,0,6339,0,253050,2615,0.587196
6499,2026-09-23T14:42:05.719Z,accuracy,gpt-6-astra,xhigh,41512,34944,0,80,0,41592,6568,0.104624
6500,2026-09-23T14:42:17.904Z,accuracy,gpt-6-astra,xhigh,50695,41344,0,341,25,51036,9351,0.151904
6501,2026-09-23T14:42:32.396Z,accuracy,gpt-6-astra,xhigh,51819,50560,0,202,29,52021,1259,0.07325
6502,2026-09-23T14:42:48.764Z,accuracy,gpt-6-astra,xhigh,60817,51584,0,334,66,61151,9233,0.160614
6503,2026-09-23T14:43:03.927Z,accuracy,gpt-6-astra,xhigh,65323,60672,0,331,203,65654,4651,0.123732
6504,2026-09-23T14:43:27.496Z,accuracy,gpt-6-astra,xhigh,70312,65152,0,708,516,71020,5160,0.152152
6505,2026-09-23T14:43:53.620Z,accuracy,gpt-6-astra,xhigh,72886,70144,0,748,516,73634,2742,0.134964
6506,2026-09-23T14:44:18.016Z,accuracy,gpt-6-astra,xhigh,73775,72704,0,579,516,74354,1071,0.112364
6507,2026-09-23T14:44:25.950Z,accuracy,gpt-6-astra,xhigh,77498,73600,0,160,102,77658,3898,0.12058
6508,2026-09-23T14:44:53.621Z,accuracy,gpt-6-astra,xhigh,79796,77312,0,854,336,80650,2484,0.144852
6509,2026-09-23T14:44:59.775Z,accuracy,gpt-6-astra,xhigh,80755,79616,0,98,14,80853,1139,0.095906
6510,2026-09-23T14:45:13.995Z,accuracy,gpt-6-astra,xhigh,81006,80640,0,398,347,81404,366,0.1042
6511,2026-09-23T14:45:28.118Z,accuracy,gpt-6-astra,xhigh,82936,80768,0,382,59,83318,2168,0.121548
6512,2026-09-23T14:46:02.614Z,accuracy,gpt-6-astra,xhigh,83346,82816,0,59,26,83405,530,0.091066
6513,2026-09-23T14:46:28.790Z,accuracy,gpt-6-astra,xhigh,83596,83200,0,171,33,83767,396,0.09571
6514,2026-09-23T14:46:46.326Z,accuracy,gpt-6-astra,xhigh,86426,83456,0,462,348,86888,2970,0.136256
6515,2026-09-23T14:47:02.982Z,accuracy,gpt-6-astra,xhigh,92102,86272,0,357,161,92459,5830,0.162422
6516,2026-09-23T14:47:39.144Z,accuracy,gpt-6-astra,xhigh,92547,91904,0,30,0,92577,643,0.099834
6517,2026-09-23T14:48:20.875Z,accuracy,gpt-6-astra,xhigh,92634,92416,0,813,516,93447,218,0.135246
6518,2026-09-23T14:48:55.594Z,accuracy,gpt-6-astra,xhigh,93475,92416,0,31,0,93506,1059,0.104556
6519,2026-09-23T14:49:57.181Z,accuracy,gpt-6-astra,xhigh,93638,93312,0,1360,948,94998,326,0.164572
6520,2026-09-23T14:50:33.216Z,accuracy,gpt-6-astra,xhigh,95026,93440,0,30,0,95056,1586,0.1108
6521,2026-09-23T14:50:50.866Z,accuracy,gpt-6-astra,xhigh,95208,94848,0,30,0,95238,360,0.099948
6522,2026-09-23T14:51:44.306Z,accuracy,gpt-6-astra,xhigh,95390,94976,0,179,147,95569,414,0.108066
6523,2026-09-23T14:52:51.097Z,accuracy,gpt-6-astra,xhigh,95721,95232,0,548,516,96269,489,0.127522
6524,2026-09-23T14:53:27.260Z,accuracy,gpt-6-astra,xhigh,96421,95488,0,249,179,96670,933,0.117268
6525,2026-09-23T14:54:13.591Z,accuracy,gpt-6-astra,xhigh,96822,96256,0,30,0,96852,566,0.103416
6526,2026-09-23T14:55:08.163Z,accuracy,gpt-6-astra,xhigh,97004,96640,0,215,183,97219,364,0.11103
6527,2026-09-23T14:56:00.156Z,accuracy,gpt-6-astra,xhigh,97400,70144,0,245,213,97645,27256,0.354954
6528,2026-09-23T14:56:48.177Z,accuracy,gpt-6-astra,xhigh,97797,97280,0,274,206,98071,517,0.11615
6529,2026-09-23T14:57:30.358Z,accuracy,gpt-6-astra,xhigh,98223,97664,0,30,0,98253,559,0.104754
6530,2026-09-23T14:58:21.282Z,accuracy,gpt-6-astra,xhigh,98405,98048,0,53,21,98458,357,0.104268
6531,2026-09-23T14:58:48.008Z,accuracy,gpt-6-astra,xhigh,98481,98176,0,834,465,99315,305,0.142926
6532,2026-09-23T14:59:22.904Z,accuracy,gpt-6-astra,xhigh,99343,98304,0,30,0,99373,1039,0.110194
6533,2026-09-23T14:59:44.187Z,accuracy,gpt-6-astra,xhigh,99523,99200,0,128,96,99651,323,0.10883
6534,2026-09-23T15:00:53.526Z,accuracy,gpt-6-astra,xhigh,99801,99328,0,548,516,100349,473,0.131458
6535,2026-09-23T15:01:25.690Z,accuracy,gpt-6-astra,xhigh,100499,99584,0,113,32,100612,915,0.114384
6536,2026-09-23T15:02:14.412Z,accuracy,gpt-6-astra,xhigh,100762,100352,0,54,22,100816,410,0.107152
6537,2026-09-23T15:03:22.331Z,accuracy,gpt-6-astra,xhigh,100966,100608,0,548,516,101514,358,0.131588
6538,2026-09-23T15:03:53.927Z,accuracy,gpt-6-astra,xhigh,101664,100736,0,50,18,101714,928,0.112516
6539,2026-09-23T15:04:45.691Z,accuracy,gpt-6-astra,xhigh,101864,101504,0,60,0,101924,360,0.108104
6540,2026-09-23T15:05:31.711Z,accuracy,gpt-6-astra,xhigh,102074,101632,0,30,0,102104,442,0.107552
6541,2026-09-23T15:06:23.830Z,accuracy,gpt-6-astra,xhigh,102255,101888,0,30,0,102285,367,0.107058
6542,2026-09-23T15:07:38.836Z,accuracy,gpt-6-astra,xhigh,102454,97280,0,591,516,103045,5174,0.17857
6543,2026-09-23T15:08:02.775Z,accuracy,gpt-6-astra,xhigh,103196,102272,0,30,0,103226,924,0.113012
6544,2026-09-23T15:08:53.840Z,accuracy,gpt-6-astra,xhigh,103377,103040,0,30,0,103407,337,0.10791
6545,2026-09-23T15:09:46.814Z,accuracy,gpt-6-astra,xhigh,103558,103168,0,110,78,103668,390,0.112568
6546,2026-09-23T15:10:55.043Z,accuracy,gpt-6-astra,xhigh,103819,103424,0,507,434,104326,395,0.132724
6547,2026-09-23T15:11:23.457Z,accuracy,gpt-6-astra,xhigh,104477,103680,0,30,0,104507,797,0.11315
6548,2026-09-23T15:12:13.701Z,accuracy,gpt-6-astra,xhigh,104658,104320,0,30,0,104688,338,0.1092
6549,2026-09-23T15:13:03.445Z,accuracy,gpt-6-astra,xhigh,104836,104448,0,30,0,104866,388,0.109828
6550,2026-09-23T15:14:04.091Z,accuracy,gpt-6-astra,xhigh,105014,104704,0,334,250,105348,310,0.124504
6551,2026-09-23T15:14:43.381Z,accuracy,gpt-6-astra,xhigh,105497,104832,0,30,0,105527,665,0.112982
6552,2026-09-23T15:15:35.951Z,accuracy,gpt-6-astra,xhigh,105676,105344,0,30,0,105706,332,0.110164
6553,2026-09-23T15:16:22.732Z,accuracy,gpt-6-astra,xhigh,105855,105472,0,30,0,105885,383,0.110802
6554,2026-09-23T15:17:36.246Z,accuracy,gpt-6-astra,xhigh,106034,105728,0,595,516,106629,306,0.138538
6555,2026-09-23T15:18:03.258Z,accuracy,gpt-6-astra,xhigh,106778,105856,0,30,0,106808,922,0.116576
6556,2026-09-23T15:18:52.707Z,accuracy,gpt-6-astra,xhigh,106957,106624,0,30,0,106987,333,0.111454
6557,2026-09-23T15:19:44.866Z,accuracy,gpt-6-astra,xhigh,107136,106752,0,30,0,107166,384,0.112092
6558,2026-09-23T15:20:45.001Z,accuracy,gpt-6-astra,xhigh,107315,107008,0,424,355,107739,307,0.131278
6559,2026-09-23T15:21:24.597Z,accuracy,gpt-6-astra,xhigh,107888,107136,0,30,0,107918,752,0.116156
6560,2026-09-23T15:22:13.592Z,accuracy,gpt-6-astra,xhigh,108067,107648,0,30,0,108097,419,0.113338
6561,2026-09-23T15:23:03.217Z,accuracy,gpt-6-astra,xhigh,108246,107904,0,30,0,108276,342,0.112824
6562,2026-09-23T15:23:53.082Z,accuracy,gpt-6-astra,xhigh,108425,108032,0,30,0,108455,393,0.113462
6563,2026-09-23T15:24:16.240Z,accuracy,gpt-6-astra,xhigh,108478,108288,0,686,516,109164,190,0.144488
6564,2026-09-23T15:24:48.540Z,accuracy,gpt-6-astra,xhigh,111168,108288,0,1002,516,112170,2880,0.187188
6565,2026-09-23T15:25:22.216Z,accuracy,gpt-6-astra,xhigh,112198,110976,0,30,0,112228,1222,0.124696
6566,2026-09-23T15:25:44.381Z,accuracy,gpt-6-astra,xhigh,112377,112000,0,30,0,112407,377,0.11727
6567,2026-09-23T15:26:31.619Z,accuracy,gpt-6-astra,xhigh,112556,112256,0,30,0,112586,300,0.116756
6568,2026-09-23T15:27:42.454Z,accuracy,gpt-6-astra,xhigh,112735,112384,0,592,516,113327,351,0.145494
6569,2026-09-23T15:28:11.492Z,accuracy,gpt-6-astra,xhigh,113476,112512,0,30,0,113506,964,0.123652
6570,2026-09-23T15:29:01.705Z,accuracy,gpt-6-astra,xhigh,113655,113280,0,30,0,113685,375,0.11853
6571,2026-09-23T15:29:51.639Z,accuracy,gpt-6-astra,xhigh,113834,113536,0,30,0,113864,298,0.118016
6572,2026-09-23T15:30:59.873Z,accuracy,gpt-6-astra,xhigh,114013,113664,0,588,516,114601,349,0.146554
6573,2026-09-23T15:31:33.154Z,accuracy,gpt-6-astra,xhigh,114747,113792,0,30,0,114777,955,0.124842
6574,2026-09-23T15:32:23.163Z,accuracy,gpt-6-astra,xhigh,114923,114560,0,30,0,114953,363,0.11969
6575,2026-09-23T15:33:12.047Z,accuracy,gpt-6-astra,xhigh,115099,114688,0,30,0,115129,411,0.120298
6576,2026-09-23T15:34:22.250Z,accuracy,gpt-6-astra,xhigh,115274,114944,0,584,516,115858,330,0.147444
6577,2026-09-23T15:34:53.697Z,accuracy,gpt-6-astra,xhigh,115970,115072,0,31,0,116001,898,0.125602
6578,2026-09-23T15:35:22.393Z,accuracy,gpt-6-astra,xhigh,116092,115840,0,131,16,116223,252,0.12491
6579,2026-09-23T15:36:09.428Z,accuracy,gpt-6-astra,xhigh,119592,115968,0,1435,516,121027,3624,0.223958
6580,2026-09-23T15:36:23.738Z,accuracy,gpt-6-astra,xhigh,121203,118912,0,296,219,121499,2291,0.156622
6581,2026-09-23T15:36:29.385Z,accuracy,gpt-6-astra,xhigh,121588,121088,0,111,9,121699,500,0.131638
6582,2026-09-23T15:36:55.736Z,accuracy,gpt-6-astra,xhigh,122052,121472,0,743,62,122795,580,0.164422
6583,2026-09-23T15:37:16.613Z,accuracy,gpt-6-astra,xhigh,122861,121856,0,501,411,123362,1005,0.156956
6584,2026-09-23T15:37:48.033Z,accuracy,gpt-6-astra,xhigh,123479,122752,0,891,41,124370,727,0.174572
6585,2026-09-23T15:38:14.458Z,accuracy,gpt-6-astra,xhigh,124522,123264,0,700,65,125222,1258,0.170844
6586,2026-09-23T15:38:34.717Z,accuracy,gpt-6-astra,xhigh,125477,124416,0,601,368,126078,1061,0.165076
6587,2026-09-23T15:39:13.947Z,accuracy,gpt-6-astra,xhigh,127228,125312,0,1163,451,128391,1916,0.202622
6588,2026-09-23T15:39:37.699Z,accuracy,gpt-6-astra,xhigh,128773,127104,0,597,301,129370,1669,0.173644
6589,2026-09-23T15:39:48.780Z,accuracy,gpt-6-astra,xhigh,129827,128640,0,263,37,130090,1187,0.15366
6590,2026-09-23T15:40:16.668Z,accuracy,gpt-6-astra,xhigh,130673,129664,0,800,423,131473,1009,0.179754
6591,2026-09-23T15:40:29.422Z,accuracy,gpt-6-astra,xhigh,131975,130432,0,172,44,132147,1543,0.154462
6592,2026-09-23T15:41:01.509Z,accuracy,gpt-6-astra,xhigh,132836,131840,0,610,516,133446,996,0.1723
6593,2026-09-23T15:41:16.688Z,accuracy,gpt-6-astra,xhigh,133564,132608,0,272,36,133836,956,0.155768
6594,2026-09-23T15:41:48.553Z,accuracy,gpt-6-astra,xhigh,134073,133376,0,890,516,134963,697,0.184846
6595,2026-09-23T15:42:23.034Z,accuracy,gpt-6-astra,xhigh,135024,133888,0,31,0,135055,1136,0.146798
6596,2026-09-23T15:42:46.532Z,accuracy,gpt-6-astra,xhigh,135112,134784,0,153,39,135265,328,0.145714
6597,2026-09-23T15:43:23.794Z,accuracy,gpt-6-astra,xhigh,136434,134912,0,1076,516,137510,1522,0.203932
6598,2026-09-23T15:43:45.740Z,accuracy,gpt-6-astra,xhigh,137599,136320,0,252,14,137851,1279,0.16171
6599,2026-09-23T15:44:11.752Z,accuracy,gpt-6-astra,xhigh,138106,137472,0,702,494,138808,634,0.178912
6600,2026-09-23T15:44:40.173Z,accuracy,gpt-6-astra,xhigh,139412,137984,0,611,425,140023,1428,0.182814
6601,2026-09-23T15:45:03.269Z,accuracy,gpt-6-astra,xhigh,140458,139264,0,614,279,141072,1194,0.181904
6602,2026-09-23T15:45:33.699Z,accuracy,gpt-6-astra,xhigh,141238,140288,0,688,516,141926,950,0.184188
6603,2026-09-23T15:46:08.736Z,accuracy,gpt-6-astra,xhigh,142192,141056,0,847,516,143039,1136,0.194766
6604,2026-09-23T15:46:31.463Z,accuracy,gpt-6-astra,xhigh,143329,141952,0,592,219,143921,1377,0.185322
6605,2026-09-23T15:46:49.182Z,accuracy,gpt-6-astra,xhigh,144105,143104,0,430,30,144535,1001,0.174614
6606,2026-09-23T15:47:00.086Z,accuracy,gpt-6-astra,xhigh,144960,143872,0,198,96,145158,1088,0.164652
6607,2026-09-23T15:47:25.550Z,accuracy,gpt-6-astra,xhigh,146291,144768,0,646,206,146937,1523,0.192298
6608,2026-09-23T15:48:01.159Z,accuracy,gpt-6-astra,xhigh,147089,146176,0,799,516,147888,913,0.195256
6609,2026-09-23T15:48:28.625Z,accuracy,gpt-6-astra,xhigh,148200,146944,0,770,516,148970,1256,0.198004
6610,2026-09-23T15:49:06.583Z,accuracy,gpt-6-astra,xhigh,149323,147968,0,941,514,150264,1355,0.208568
6611,2026-09-23T15:49:35.136Z,accuracy,gpt-6-astra,xhigh,151377,149248,0,633,516,152010,2129,0.202188
6612,2026-09-23T15:50:11.614Z,accuracy,gpt-6-astra,xhigh,152038,151296,0,31,0,152069,742,0.160266
6613,2026-09-23T15:50:47.293Z,accuracy,gpt-6-astra,xhigh,152233,151936,0,522,403,152755,297,0.181006
6614,2026-09-23T15:51:23.404Z,accuracy,gpt-6-astra,xhigh,155832,152192,0,1098,462,156930,3640,0.243492
6615,2026-09-23T15:51:46.421Z,accuracy,gpt-6-astra,xhigh,157037,155776,0,677,516,157714,1261,0.202236
6616,2026-09-23T15:51:57.329Z,accuracy,gpt-6-astra,xhigh,157862,156928,0,109,27,157971,934,0.171718
6617,2026-09-23T15:52:31.357Z,accuracy,gpt-6-astra,xhigh,158798,157824,0,31,0,158829,974,0.169114
6618,2026-09-23T15:53:18.619Z,accuracy,gpt-6-astra,xhigh,158887,158720,0,926,516,159813,167,0.20669
6619,2026-09-23T15:53:54.039Z,accuracy,gpt-6-astra,xhigh,159874,158848,0,31,0,159905,1026,0.170658
6620,2026-09-23T15:54:44.637Z,accuracy,gpt-6-astra,xhigh,160010,159744,0,1096,925,161106,266,0.217204
6621,2026-09-23T15:55:07.544Z,accuracy,gpt-6-astra,xhigh,161523,160000,0,570,236,162093,1523,0.20373
6622,2026-09-23T15:55:34.344Z,accuracy,gpt-6-astra,xhigh,162218,161408,0,652,516,162870,810,0.202108
6623,2026-09-23T15:56:09.217Z,accuracy,gpt-6-astra,xhigh,162898,162176,0,31,0,162929,722,0.170946
6624,2026-09-23T15:56:33.501Z,accuracy,gpt-6-astra,xhigh,163049,162816,0,141,75,163190,233,0.172196
6625,2026-09-23T15:57:01.746Z,accuracy,gpt-6-astra,xhigh,163542,162944,0,861,668,164403,598,0.211974
6626,2026-09-23T15:57:33.596Z,accuracy,gpt-6-astra,xhigh,169133,163456,0,897,516,170030,5677,0.265076
6627,2026-09-23T15:58:17.360Z,accuracy,gpt-6-astra,xhigh,176234,169088,0,1352,1034,177586,7146,0.308148
6628,2026-09-23T15:59:27.209Z,accuracy,gpt-6-astra,xhigh,179391,176128,0,2070,1833,181461,3263,0.312258
6629,2026-09-23T16:00:09.560Z,accuracy,gpt-6-astra,xhigh,181587,179328,0,1139,516,182726,2259,0.258868
6630,2026-09-23T16:00:51.164Z,accuracy,gpt-6-astra,xhigh,182800,181504,0,1282,516,184082,1296,0.258564
6631,2026-09-23T16:01:29.364Z,accuracy,gpt-6-astra,xhigh,184303,102272,0,31,0,184334,82031,0.924132
6632,2026-09-23T16:02:22.502Z,accuracy,gpt-6-astra,xhigh,184391,184192,0,1223,1034,185614,199,0.247332
6633,2026-09-23T16:02:57.615Z,accuracy,gpt-6-astra,xhigh,186008,184320,0,31,0,186039,1688,0.20275
6634,2026-09-23T16:04:15.080Z,accuracy,gpt-6-astra,xhigh,186095,185984,0,1851,1428,187946,111,0.279644
6635,2026-09-23T16:04:49.142Z,accuracy,gpt-6-astra,xhigh,188016,185984,0,31,0,188047,2032,0.207854
6636,2026-09-23T16:05:20.117Z,accuracy,gpt-6-astra,xhigh,188104,187904,0,408,30,188512,200,0.210304
6637,2026-09-23T16:06:03.677Z,accuracy,gpt-6-astra,xhigh,188995,188032,0,1110,1034,190105,963,0.253162
6638,2026-09-23T16:06:38.001Z,accuracy,gpt-6-astra,xhigh,190133,188928,0,31,0,190164,1205,0.202528
6639,2026-09-23T16:07:38.183Z,accuracy,gpt-6-astra,xhigh,190254,190080,0,1131,1034,191385,174,0.24837
6640,2026-09-23T16:08:11.958Z,accuracy,gpt-6-astra,xhigh,191413,190208,0,31,0,191444,1205,0.203808
6641,2026-09-23T16:08:55.080Z,accuracy,gpt-6-astra,xhigh,191519,191360,0,592,516,192111,159,0.22255
6642,2026-09-23T16:09:55.580Z,accuracy,gpt-6-astra,xhigh,192224,191488,0,1911,516,194135,736,0.294398
6643,2026-09-23T16:11:15.912Z,accuracy,gpt-6-astra,xhigh,194228,192128,0,2595,1034,196823,2100,0.342878
6644,2026-09-23T16:12:06.653Z,accuracy,gpt-6-astra,xhigh,196879,194176,0,1594,1034,198473,2703,0.300906
6645,2026-09-23T16:12:24.648Z,accuracy,gpt-6-astra,xhigh,198780,196864,0,449,261,199229,1916,0.238474
6646,2026-09-23T16:13:06.068Z,accuracy,gpt-6-astra,xhigh,199865,198656,0,1310,516,201175,1209,0.276246
6647,2026-09-23T16:13:35.162Z,accuracy,gpt-6-astra,xhigh,201246,199808,0,814,515,202060,1438,0.254888
6648,2026-09-23T16:14:06.845Z,accuracy,gpt-6-astra,xhigh,203056,201216,0,841,516,203897,1840,0.261666
6649,2026-09-23T16:14:27.486Z,accuracy,gpt-6-astra,xhigh,204112,203008,0,539,516,204651,1104,0.240998
6650,2026-09-23T16:14:51.511Z,accuracy,gpt-6-astra,xhigh,205209,204032,0,720,516,205929,1177,0.251802
6651,2026-09-23T17:18:33.230Z,publication,gpt-6-astra,xhigh,211164,184320,0,226,0,211390,26844,0.46406
6652,2026-09-23T17:22:10.302Z,publication,gpt-6-astra,xhigh,211427,211072,0,7136,0,218563,355,0.571422
6653,2026-09-23T17:22:16.716Z,publication,gpt-6-astra,xhigh,47482,12160,0,91,0,47573,35322,0.36993
6654,2026-09-23T17:22:29.643Z,publication,gpt-6-astra,xhigh,56232,47360,0,360,84,56592,8872,0.15408
6655,2026-09-23T17:22:42.842Z,publication,gpt-6-astra,xhigh,60377,56064,0,326,32,60703,4313,0.115494
6656,2026-09-23T17:22:53.897Z,publication,gpt-6-astra,xhigh,70958,60160,0,285,18,71243,10798,0.18239
6657,2026-09-23T17:23:05.796Z,publication,gpt-6-astra,xhigh,77768,70784,0,216,125,77984,6984,0.151424
6658,2026-09-23T17:23:20.083Z,publication,gpt-6-astra,xhigh,78002,77568,0,331,0,78333,434,0.098458
6659,2026-09-23T17:23:32.976Z,publication,gpt-6-astra,xhigh,88142,77824,0,288,24,88430,10318,0.195404
6660,2026-09-23T17:23:45.016Z,publication,gpt-6-astra,xhigh,96322,87936,0,221,45,96543,8386,0.182846
6661,2026-09-23T17:24:23.539Z,publication,gpt-6-astra,xhigh,104007,96128,0,978,48,104985,7879,0.223818
6662,2026-09-23T17:24:36.505Z,publication,gpt-6-astra,xhigh,105043,103808,0,345,74,105388,1235,0.133408
6663,2026-09-23T17:24:48.105Z,publication,gpt-6-astra,xhigh,111988,104832,0,213,13,112201,7156,0.187042
6664,2026-09-23T17:25:00.579Z,publication,gpt-6-astra,xhigh,113476,111872,0,282,134,113758,1604,0.142012
6665,2026-09-23T17:25:07.823Z,publication,gpt-6-astra,xhigh,118151,113280,0,178,81,118329,4871,0.17089
6666,2026-09-23T17:25:31.503Z,publication,gpt-6-astra,xhigh,118395,118016,0,612,495,119007,379,0.152406
6667,2026-09-23T17:25:39.676Z,publication,gpt-6-astra,xhigh,121123,118272,0,147,16,121270,2851,0.154132
6668,2026-09-23T17:27:46.706Z,publication,gpt-6-astra,xhigh,121641,120960,0,4078,440,125719,681,0.33167
6669,2026-09-23T17:29:13.044Z,publication,gpt-6-astra,xhigh,125775,121472,0,2655,37,128430,4303,0.297252
6670,2026-09-23T17:30:00.186Z,publication,gpt-6-astra,xhigh,128487,125568,0,1493,17,129980,2919,0.229408
6671,2026-09-23T17:33:13.053Z,publication,gpt-6-astra,xhigh,130035,128256,0,6278,52,136313,1779,0.459946
6672,2026-09-23T17:33:22.428Z,publication,gpt-6-astra,xhigh,136369,129920,0,236,78,136605,6449,0.20621
6673,2026-09-23T17:33:38.978Z,publication,gpt-6-astra,xhigh,140075,136192,0,426,255,140501,3883,0.196322
6674,2026-09-23T17:36:52.751Z,publication,gpt-6-astra,xhigh,142348,139904,0,6378,284,148726,2444,0.483244
6675,2026-09-23T17:37:01.936Z,publication,gpt-6-astra,xhigh,148911,142208,0,142,12,149053,6703,0.216338
6676,2026-09-23T17:38:11.187Z,publication,gpt-6-astra,xhigh,149193,148736,0,2213,146,151406,457,0.263956
6677,2026-09-23T17:39:13.571Z,publication,gpt-6-astra,xhigh,151463,148992,0,1990,473,153453,2471,0.273202
6678,2026-09-23T17:39:25.425Z,publication,gpt-6-astra,xhigh,153613,151296,0,256,93,153869,2317,0.187266
6679,2026-09-23T17:39:41.160Z,publication,gpt-6-astra,xhigh,156471,153472,0,404,65,156875,2999,0.203662
6680,2026-09-23T17:39:50.822Z,publication,gpt-6-astra,xhigh,157495,156288,0,94,8,157589,1207,0.173058
6681,2026-09-23T17:40:25.637Z,publication,gpt-6-astra,xhigh,159337,157312,0,1037,236,160374,2025,0.229412
6682,2026-09-23T17:40:38.822Z,publication,gpt-6-astra,xhigh,161943,159232,0,302,124,162245,2711,0.201442
6683,2026-09-23T17:40:52.124Z,publication,gpt-6-astra,xhigh,164072,161792,0,301,30,164373,2280,0.199642
6684,2026-09-23T17:41:37.704Z,publication,gpt-6-astra,xhigh,164433,163968,0,1415,516,165848,465,0.239368
6685,2026-09-23T17:42:44.699Z,publication,gpt-6-astra,xhigh,167071,164352,0,2023,516,169094,2719,0.292692
6686,2026-09-23T17:42:54.310Z,publication,gpt-6-astra,xhigh,169261,166912,0,219,14,169480,2349,0.201352
6687,2026-09-23T17:43:07.425Z,publication,gpt-6-astra,xhigh,169536,169088,0,303,95,169839,448,0.188718
6688,2026-09-23T17:43:24.990Z,publication,gpt-6-astra,xhigh,170023,169472,0,443,112,170466,551,0.197132
6689,2026-09-23T17:44:09.498Z,publication,gpt-6-astra,xhigh,171314,169856,0,1353,516,172667,1458,0.252086
6690,2026-09-23T17:44:35.414Z,publication,gpt-6-astra,xhigh,172827,171136,0,718,516,173545,1691,0.223946
6691,2026-09-23T17:44:46.226Z,publication,gpt-6-astra,xhigh,174785,172800,0,285,76,175070,1985,0.2069
6692,2026-09-23T17:45:10.824Z,publication,gpt-6-astra,xhigh,175670,174720,0,690,516,176360,950,0.21872
6693,2026-09-23T17:45:43.076Z,publication,gpt-6-astra,xhigh,176545,175616,0,865,427,177410,929,0.228156
6694,2026-09-23T17:46:02.846Z,publication,gpt-6-astra,xhigh,177570,176512,0,452,206,178022,1058,0.209692
6695,2026-09-23T17:47:02.715Z,publication,gpt-6-astra,xhigh,178111,177536,0,1829,516,179940,575,0.274736
6696,2026-09-23T17:47:49.704Z,publication,gpt-6-astra,xhigh,179999,178048,0,1324,27,181323,1951,0.263758
6697,2026-09-23T17:47:54.683Z,publication,gpt-6-astra,xhigh,181436,179968,0,75,12,181511,1468,0.198398
6698,2026-09-23T17:48:02.686Z,publication,gpt-6-astra,xhigh,181863,181376,0,173,45,182036,487,0.194896
6699,2026-09-23T17:48:16.797Z,publication,gpt-6-astra,xhigh,183891,181760,0,267,133,184158,2131,0.21642
6700,2026-09-23T17:48:35.724Z,publication,gpt-6-astra,xhigh,185102,183808,0,542,127,185644,1294,0.223848
6701,2026-09-23T17:49:10.905Z,publication,gpt-6-astra,xhigh,185806,185088,0,1006,516,186812,718,0.242568
6702,2026-09-23T17:49:35.951Z,publication,gpt-6-astra,xhigh,186973,185728,0,697,505,187670,1245,0.233028
6703,2026-09-23T17:49:53.810Z,publication,gpt-6-astra,xhigh,187828,186880,0,456,90,188284,948,0.21916
6704,2026-09-23T17:50:21.477Z,publication,gpt-6-astra,xhigh,189206,187776,0,783,516,189989,1430,0.241226
6705,2026-09-23T17:51:05.130Z,publication,gpt-6-astra,xhigh,191453,189184,0,1355,516,192808,2269,0.279624
6706,2026-09-23T17:51:22.135Z,publication,gpt-6-astra,xhigh,192882,191360,0,422,110,193304,1522,0.22768
6707,2026-09-23T17:51:42.213Z,publication,gpt-6-astra,xhigh,193395,192768,0,412,241,193807,627,0.219638
6708,2026-09-23T17:51:47.964Z,publication,gpt-6-astra,xhigh,194441,193280,0,102,14,194543,1161,0.20999
6709,2026-09-23T17:52:02.093Z,publication,gpt-6-astra,xhigh,195621,194432,0,317,176,195938,1189,0.222172
6710,2026-09-23T17:52:34.489Z,publication,gpt-6-astra,xhigh,196003,195584,0,909,516,196912,419,0.245224
6711,2026-09-23T17:53:03.815Z,publication,gpt-6-astra,xhigh,197035,195968,0,727,317,197762,1067,0.242988
6712,2026-09-23T17:53:32.811Z,publication,gpt-6-astra,xhigh,198027,196992,0,630,262,198657,1035,0.238842
6713,2026-09-23T17:53:48.799Z,publication,gpt-6-astra,xhigh,198856,198016,0,288,200,199144,840,0.220816
6714,2026-09-23T17:54:15.966Z,publication,gpt-6-astra,xhigh,200409,198784,0,597,516,201006,1625,0.244884
6715,2026-09-23T17:54:52.991Z,publication,gpt-6-astra,xhigh,202377,200320,0,825,516,203202,2057,0.26214
6716,2026-09-23T17:55:46.773Z,publication,gpt-6-astra,xhigh,203378,202368,0,1520,1034,204898,1010,0.288468
6717,2026-09-23T17:56:27.470Z,publication,gpt-6-astra,xhigh,204997,203264,0,1177,516,206174,1733,0.279444
6718,2026-09-23T17:57:00.713Z,publication,gpt-6-astra,xhigh,206309,204928,0,704,516,207013,1381,0.253938
6719,2026-09-23T17:57:31.548Z,publication,gpt-6-astra,xhigh,207441,206208,0,623,194,208064,1233,0.249688
6720,2026-09-23T17:58:06.596Z,publication,gpt-6-astra,xhigh,210895,207360,0,914,516,211809,3535,0.28841
6721,2026-09-23T17:58:21.548Z,publication,gpt-6-astra,xhigh,213051,210816,0,181,62,213232,2235,0.242216
6722,2026-09-23T17:58:38.993Z,publication,gpt-6-astra,xhigh,214711,212992,0,343,47,215054,1719,0.247332
6723,2026-09-23T17:58:55.588Z,publication,gpt-6-astra,xhigh,216402,214656,0,337,83,216739,1746,0.248966
6724,2026-09-23T17:59:10.137Z,publication,gpt-6-astra,xhigh,217457,216320,0,257,41,217714,1137,0.24054
6725,2026-09-23T17:59:33.856Z,publication,gpt-6-astra,xhigh,220561,217344,0,692,192,221253,3217,0.284114
6726,2026-09-23T17:59:56.185Z,publication,gpt-6-astra,xhigh,221320,220544,0,592,102,221912,776,0.257904
6727,2026-09-23T18:00:16.969Z,publication,gpt-6-astra,xhigh,222002,221184,0,453,376,222455,818,0.252014
6728,2026-09-23T18:00:43.535Z,publication,gpt-6-astra,xhigh,228017,221952,0,769,411,228786,6065,0.321052
6729,2026-09-23T18:01:09.317Z,publication,gpt-6-astra,xhigh,229062,227968,0,587,144,229649,1094,0.268258
6730,2026-09-23T18:01:47.718Z,publication,gpt-6-astra,xhigh,229744,228992,0,883,793,230627,752,0.280662
6731,2026-09-23T18:02:41.274Z,publication,gpt-6-astra,xhigh,231300,229632,0,1269,1151,232569,1668,0.309762
6732,2026-09-23T18:03:05.717Z,publication,gpt-6-astra,xhigh,232799,231168,0,659,123,233458,1631,0.280428
6733,2026-09-23T18:03:23.649Z,publication,gpt-6-astra,xhigh,233689,232704,0,404,192,234093,985,0.262754
6734,2026-09-23T18:03:38.883Z,publication,gpt-6-astra,xhigh,234482,233600,0,324,146,234806,882,0.25862
6735,2026-09-23T18:04:07.011Z,publication,gpt-6-astra,xhigh,235730,234368,0,728,516,236458,1362,0.284388
6736,2026-09-23T18:04:21.508Z,publication,gpt-6-astra,xhigh,236791,235648,0,274,76,237065,1143,0.260778
6737,2026-09-23T18:04:49.673Z,publication,gpt-6-astra,xhigh,237891,236672,0,822,516,238713,1219,0.289962
6738,2026-09-23T18:05:07.738Z,publication,gpt-6-astra,xhigh,238852,237824,0,467,167,239319,1028,0.271454
6739,2026-09-23T18:05:55.035Z,publication,gpt-6-astra,xhigh,239710,238720,0,1229,1034,240939,990,0.31007
6740,2026-09-23T18:06:17.720Z,publication,gpt-6-astra,xhigh,241152,239616,0,563,173,241715,1536,0.283126
6741,2026-09-23T18:06:25.814Z,publication,gpt-6-astra,xhigh,241917,241024,0,92,0,242009,893,0.254554
6742,2026-09-23T18:07:04.165Z,publication,gpt-6-astra,xhigh,242272,241792,0,1083,619,243355,480,0.300742
6743,2026-09-23T18:10:50.315Z,publication,gpt-6-astra,xhigh,243488,170752,0,7035,0,250523,72736,1.249862
6744,2026-09-23T18:11:00.767Z,publication,gpt-6-astra,xhigh,47386,40192,0,107,0,47493,7194,0.117482
6745,2026-09-23T18:11:15.498Z,publication,gpt-6-astra,xhigh,51649,47232,0,365,27,52014,4417,0.109652
6746,2026-09-23T18:11:28.623Z,publication,gpt-6-astra,xhigh,61937,51456,0,332,21,62269,10481,0.172866
6747,2026-09-23T18:12:00.655Z,publication,gpt-6-astra,xhigh,63483,61696,0,413,35,63896,1787,0.100216
6748,2026-09-23T18:12:13.811Z,publication,gpt-6-astra,xhigh,64505,63360,0,178,15,64683,1145,0.08371
6749,2026-09-23T18:12:31.700Z,publication,gpt-6-astra,xhigh,65984,64384,0,466,57,66450,1600,0.103684
6750,2026-09-23T18:12:51.480Z,publication,gpt-6-astra,xhigh,68492,65920,0,418,39,68910,2572,0.11254
6751,2026-09-23T18:13:20.172Z,publication,gpt-6-astra,xhigh,69057,68352,0,432,67,69489,705,0.097002
6752,2026-09-23T18:13:36.887Z,publication,gpt-6-astra,xhigh,70052,68992,0,398,138,70450,1060,0.099492
6753,2026-09-23T18:13:58.813Z,publication,gpt-6-astra,xhigh,78852,69888,0,428,34,79280,8964,0.180928
6754,2026-09-23T18:14:11.580Z,publication,gpt-6-astra,xhigh,79405,78720,0,271,21,79676,685,0.09912
6755,2026-09-23T18:14:29.269Z,publication,gpt-6-astra,xhigh,83448,79232,0,230,56,83678,4216,0.132892
6756,2026-09-23T18:14:58.559Z,publication,gpt-6-astra,xhigh,86128,83328,0,860,127,86988,2800,0.154328
6757,2026-09-23T18:15:06.603Z,publication,gpt-6-astra,xhigh,87121,65920,0,125,31,87246,21201,0.28418
6758,2026-09-23T18:15:36.720Z,publication,gpt-6-astra,xhigh,87697,87040,0,931,284,88628,657,0.14016
6759,2026-09-23T18:16:01.903Z,publication,gpt-6-astra,xhigh,88852,87552,0,651,156,89503,1300,0.133102
6760,2026-09-23T18:16:35.163Z,publication,gpt-6-astra,xhigh,89564,88704,0,411,126,89975,860,0.117854
6761,2026-09-23T18:17:01.354Z,publication,gpt-6-astra,xhigh,90452,89472,0,752,283,91204,980,0.136872
6762,2026-09-23T18:17:23.184Z,publication,gpt-6-astra,xhigh,91976,90368,0,450,124,92426,1608,0.128948
6763,2026-09-23T18:17:57.408Z,publication,gpt-6-astra,xhigh,92891,91904,0,869,516,93760,987,0.145224
6764,2026-09-23T18:18:35.356Z,publication,gpt-6-astra,xhigh,95597,92800,0,1188,177,96785,2797,0.18017
6765,2026-09-23T18:18:50.806Z,publication,gpt-6-astra,xhigh,96920,95488,0,358,175,97278,1432,0.127708
6766,2026-09-23T18:19:55.630Z,publication,gpt-6-astra,xhigh,98565,96768,0,2054,318,100619,1797,0.217438
6767,2026-09-23T18:20:12.935Z,publication,gpt-6-astra,xhigh,100710,98432,0,512,181,101222,2278,0.146812
6768,2026-09-23T18:21:25.298Z,publication,gpt-6-astra,xhigh,101715,100608,0,2269,67,103984,1107,0.225128
6769,2026-09-23T18:22:30.585Z,publication,gpt-6-astra,xhigh,104056,101632,0,2069,136,106125,2424,0.229322
6770,2026-09-23T18:22:48.342Z,publication,gpt-6-astra,xhigh,106182,103936,0,534,225,106716,2246,0.153096
6771,2026-09-23T18:23:02.639Z,publication,gpt-6-astra,xhigh,107647,106112,0,367,217,108014,1535,0.139812
6772,2026-09-23T18:23:15.898Z,publication,gpt-6-astra,xhigh,108404,107520,0,377,195,108781,884,0.13521
6773,2026-09-23T18:23:22.566Z,publication,gpt-6-astra,xhigh,109283,108288,0,108,19,109391,995,0.123638
6774,2026-09-23T18:23:36.798Z,publication,gpt-6-astra,xhigh,109846,109184,0,326,121,110172,662,0.132104
6775,2026-09-23T18:55:22.179Z,publication,gpt-6-astra,xhigh,110328,87040,0,180,0,110508,23288,0.32892
6776,2026-09-23T18:55:35.215Z,publication,gpt-6-astra,xhigh,118669,110208,0,326,78,118995,8461,0.211118
6777,2026-09-23T18:56:03.314Z,publication,gpt-6-astra,xhigh,129109,118528,0,809,516,129918,10581,0.264788
6778,2026-09-23T18:56:20.372Z,publication,gpt-6-astra,xhigh,138615,129024,0,423,151,139038,9591,0.246084
6779,2026-09-23T18:56:34.286Z,publication,gpt-6-astra,xhigh,140553,138496,0,365,27,140918,2057,0.177316
6780,2026-09-23T18:57:16.447Z,publication,gpt-6-astra,xhigh,142986,140416,0,1334,1034,144320,2570,0.232816
6781,2026-09-23T18:58:36.513Z,publication,gpt-6-astra,xhigh,150074,142848,0,2557,460,152631,7226,0.342958
6782,2026-09-23T19:00:35.495Z,publication,gpt-6-astra,xhigh,152689,149888,0,3884,516,156573,2801,0.372098
6783,2026-09-23T19:01:04.321Z,publication,gpt-6-astra,xhigh,156632,152576,0,874,292,157506,4056,0.236836
6784,2026-09-23T19:02:21.509Z,publication,gpt-6-astra,xhigh,159465,156544,0,2459,516,161924,2921,0.308704
6785,2026-09-23T19:02:50.011Z,publication,gpt-6-astra,xhigh,162035,159360,0,855,365,162890,2675,0.22886
6786,2026-09-23T19:03:01.176Z,publication,gpt-6-astra,xhigh,164028,161920,0,252,15,164280,2108,0.1956
6787,2026-09-23T19:03:12.511Z,publication,gpt-6-astra,xhigh,165556,163840,0,236,23,165792,1716,0.1928
6788,2026-09-23T19:03:23.014Z,publication,gpt-6-astra,xhigh,166337,165376,0,246,26,166583,961,0.187286
6789,2026-09-23T19:03:29.284Z,publication,gpt-6-astra,xhigh,168161,166272,0,114,43,168275,1889,0.190862
6790,2026-09-23T19:03:57.045Z,publication,gpt-6-astra,xhigh,172256,168064,0,704,400,172960,4192,0.245184
6791,2026-09-23T19:04:36.221Z,publication,gpt-6-astra,xhigh,175262,171904,0,1192,516,176454,3358,0.265084
6792,2026-09-23T19:05:07.490Z,publication,gpt-6-astra,xhigh,177107,175104,0,917,516,178024,2003,0.240984
6793,2026-09-23T19:06:06.622Z,publication,gpt-6-astra,xhigh,178721,177024,0,1867,474,180588,1697,0.287344
6794,2026-09-23T19:06:27.111Z,publication,gpt-6-astra,xhigh,180667,178560,0,560,424,181227,2107,0.22763
6795,2026-09-23T19:06:48.206Z,publication,gpt-6-astra,xhigh,181354,180480,0,491,41,181845,874,0.21377
6796,2026-09-23T19:07:33.598Z,publication,gpt-6-astra,xhigh,183677,181248,0,1143,993,184820,2429,0.262688
6797,2026-09-23T19:07:51.329Z,publication,gpt-6-astra,xhigh,184965,183552,0,381,47,185346,1413,0.216732
6798,2026-09-23T19:08:19.397Z,publication,gpt-6-astra,xhigh,185692,184832,0,658,355,186350,860,0.226332
6799,2026-09-23T19:08:44.953Z,publication,gpt-6-astra,xhigh,186495,185472,0,741,482,187236,1023,0.232752
6800,2026-09-23T19:09:20.018Z,publication,gpt-6-astra,xhigh,187723,186368,0,890,425,188613,1355,0.244418
6801,2026-09-23T19:09:44.409Z,publication,gpt-6-astra,xhigh,188933,187520,0,593,443,189526,1413,0.2313
6802,2026-09-23T19:09:48.734Z,publication,gpt-6-astra,xhigh,189835,188800,0,52,12,189887,1035,0.20175
6803,2026-09-23T19:10:09.304Z,publication,gpt-6-astra,xhigh,191162,189696,0,565,86,191727,1466,0.232606
6804,2026-09-23T19:10:39.403Z,publication,gpt-6-astra,xhigh,191845,190976,0,867,449,192712,869,0.243016
6805,2026-09-23T19:11:20.499Z,publication,gpt-6-astra,xhigh,192961,191744,0,1214,516,194175,1217,0.264614
6806,2026-09-23T19:11:51.153Z,publication,gpt-6-astra,xhigh,194519,192768,0,920,516,195439,1751,0.256278
6807,2026-09-23T19:12:19.979Z,publication,gpt-6-astra,xhigh,196622,194304,0,753,516,197375,2318,0.255134
6808,2026-09-23T19:12:46.304Z,publication,gpt-6-astra,xhigh,199062,196480,0,636,343,199698,2582,0.2541
6809,2026-09-23T19:13:18.590Z,publication,gpt-6-astra,xhigh,199944,198912,0,753,426,200697,1032,0.246882
6810,2026-09-23T19:13:30.851Z,publication,gpt-6-astra,xhigh,201060,199808,0,311,33,201371,1252,0.227878
6811,2026-09-23T19:13:55.499Z,publication,gpt-6-astra,xhigh,201620,200832,0,665,516,202285,788,0.241962
6812,2026-09-23T19:14:19.218Z,publication,gpt-6-astra,xhigh,202814,201472,0,634,516,203448,1342,0.246592
6813,2026-09-23T19:14:40.910Z,publication,gpt-6-astra,xhigh,203661,202624,0,585,155,204246,1037,0.242244
6814,2026-09-23T19:15:08.810Z,publication,gpt-6-astra,xhigh,204386,203520,0,705,516,205091,866,0.24743
6815,2026-09-23T19:15:35.836Z,publication,gpt-6-astra,xhigh,205432,204160,0,782,516,206214,1272,0.25598
6816,2026-09-23T19:15:45.016Z,publication,gpt-6-astra,xhigh,206419,205312,0,215,90,206634,1107,0.227132
6817,2026-09-23T19:15:55.936Z,publication,gpt-6-astra,xhigh,208475,206208,0,268,247,208743,2267,0.242278
6818,2026-09-23T19:16:23.549Z,publication,gpt-6-astra,xhigh,208766,208384,0,155,0,208921,382,0.219954
6819,2026-09-23T19:16:53.723Z,publication,gpt-6-astra,xhigh,209101,208640,0,908,516,210009,461,0.25865
6820,2026-09-23T19:17:00.055Z,publication,gpt-6-astra,xhigh,210133,209024,0,36,15,210169,1109,0.221914
6821,2026-09-23T19:17:37.427Z,publication,gpt-6-astra,xhigh,210192,210048,0,127,0,210319,144,0.217838
6822,2026-09-23T19:18:02.883Z,publication,gpt-6-astra,xhigh,210480,210176,0,757,329,211237,304,0.251066
6823,2026-09-23T19:18:27.606Z,publication,gpt-6-astra,xhigh,211440,210432,0,664,226,212104,1008,0.253712
6824,2026-09-23T19:19:01.300Z,publication,gpt-6-astra,xhigh,212264,211328,0,760,576,213024,936,0.258688
6825,2026-09-23T19:19:11.405Z,publication,gpt-6-astra,xhigh,213329,212224,0,245,121,213574,1105,0.235524
6826,2026-09-23T19:19:33.075Z,publication,gpt-6-astra,xhigh,214210,213248,0,537,516,214747,962,0.249718
6827,2026-09-23T19:20:11.444Z,publication,gpt-6-astra,xhigh,214770,214016,0,124,0,214894,754,0.227756
6828,2026-09-23T19:20:43.907Z,publication,gpt-6-astra,xhigh,215153,214656,0,795,568,215948,497,0.259376
6829,2026-09-23T19:21:09.749Z,publication,gpt-6-astra,xhigh,216004,215040,0,625,516,216629,964,0.25593
6830,2026-09-23T19:21:27.085Z,publication,gpt-6-astra,xhigh,216752,215808,0,413,392,217165,944,0.245898
6831,2026-09-23T19:22:03.881Z,publication,gpt-6-astra,xhigh,217188,216576,0,148,0,217336,612,0.230096
6832,2026-09-23T19:22:53.523Z,publication,gpt-6-astra,xhigh,217553,217088,0,1154,1025,218707,465,0.279438
6833,2026-09-23T19:23:22.808Z,publication,gpt-6-astra,xhigh,218918,217344,0,774,516,219692,1574,0.271784
6834,2026-09-23T19:23:26.192Z,publication,gpt-6-astra,xhigh,219749,218752,0,19,0,219768,997,0.229672
6835,2026-09-23T19:24:13.080Z,publication,gpt-6-astra,xhigh,219791,219648,0,120,0,219911,143,0.227078
6836,2026-09-23T19:25:05.178Z,publication,gpt-6-astra,xhigh,220096,219648,0,1464,1206,221560,448,0.297328
6837,2026-09-23T19:25:33.439Z,publication,gpt-6-astra,xhigh,221618,219904,0,602,516,222220,1714,0.267144
6838,2026-09-23T19:25:48.531Z,publication,gpt-6-astra,xhigh,222353,221440,0,364,299,222717,913,0.24877
6839,2026-09-23T19:26:39.270Z,publication,gpt-6-astra,xhigh,222740,222208,0,120,0,222860,532,0.233528
6840,2026-09-23T19:26:53.577Z,publication,gpt-6-astra,xhigh,223041,222592,0,210,91,223251,449,0.237582
6841,2026-09-23T19:27:32.755Z,publication,gpt-6-astra,xhigh,224065,222848,0,992,971,225057,1217,0.284618
6842,2026-09-23T19:28:23.518Z,publication,gpt-6-astra,xhigh,225080,223872,0,120,0,225200,1208,0.241952
6843,2026-09-23T19:28:36.038Z,publication,gpt-6-astra,xhigh,225401,224896,0,64,21,225465,505,0.233146
6844,2026-09-23T19:29:42.324Z,publication,gpt-6-astra,xhigh,225776,225280,0,2050,1457,227826,496,0.33274
6845,2026-09-23T19:30:38.702Z,publication,gpt-6-astra,xhigh,228719,225664,0,1606,1513,230325,3055,0.336514
6846,2026-09-23T19:30:50.717Z,publication,gpt-6-astra,xhigh,230527,228608,0,298,214,230825,1919,0.262698
6847,2026-09-23T19:32:05.662Z,publication,gpt-6-astra,xhigh,230848,230400,0,869,516,231717,448,0.27833
6848,2026-09-23T19:32:28.581Z,publication,gpt-6-astra,xhigh,231774,230656,0,622,516,232396,1118,0.272936
6849,2026-09-23T19:33:08.254Z,publication,gpt-6-astra,xhigh,232608,231680,0,1055,1034,233663,928,0.29371
6850,2026-09-23T19:33:59.841Z,publication,gpt-6-astra,xhigh,233686,232448,0,70,0,233756,1238,0.248328
6851,2026-09-23T19:35:08.743Z,publication,gpt-6-astra,xhigh,233849,233472,0,1756,1707,235605,377,0.325042
6852,2026-09-23T19:36:00.591Z,publication,gpt-6-astra,xhigh,235628,233728,0,104,0,235732,1900,0.257928
6853,2026-09-23T19:36:55.310Z,publication,gpt-6-astra,xhigh,235917,235520,0,1402,1346,237319,397,0.30959
6854,2026-09-23T19:37:51.801Z,publication,gpt-6-astra,xhigh,237342,235776,0,70,0,237412,1566,0.254936
6855,2026-09-23T19:38:27.569Z,publication,gpt-6-astra,xhigh,237505,237184,0,915,847,238420,321,0.286144
6856,2026-09-23T19:41:02.622Z,publication,gpt-6-astra,xhigh,238911,181888,0,4902,0,243813,57023,0.997218
6857,2026-09-23T19:41:09.570Z,publication,gpt-6-astra,xhigh,45383,12160,0,84,0,45467,33223,0.34859
6858,2026-09-23T19:41:16.529Z,publication,gpt-6-astra,xhigh,51126,45184,0,105,28,51231,5942,0.109854
6859,2026-09-23T19:41:39.479Z,publication,gpt-6-astra,xhigh,52297,50944,0,710,0,53007,1353,0.099974
6860,2026-09-23T19:41:50.244Z,publication,gpt-6-astra,xhigh,53182,52096,0,246,13,53428,1086,0.075256
6861,2026-09-23T19:41:55.028Z,publication,gpt-6-astra,xhigh,53847,52992,0,90,0,53937,855,0.066042
6862,2026-09-23T20:00:53.555Z,publication,gpt-6-astra,xhigh,57173,53632,0,157,0,57330,3541,0.096892
6863,2026-09-23T20:01:03.756Z,publication,gpt-6-astra,xhigh,59075,56960,0,287,14,59362,2115,0.09246
6864,2026-09-23T20:01:08.971Z,publication,gpt-6-astra,xhigh,69205,58880,0,103,12,69308,10325,0.16728
6865,2026-09-23T20:01:14.851Z,publication,gpt-6-astra,xhigh,78589,68992,0,135,11,78724,9597,0.171712
6866,2026-09-23T20:01:22.382Z,publication,gpt-6-astra,xhigh,84914,78464,0,189,25,85103,6450,0.152414
6867,2026-09-23T20:01:28.936Z,publication,gpt-6-astra,xhigh,94470,84736,0,153,26,94623,9734,0.189726
6868,2026-09-23T20:01:46.448Z,publication,gpt-6-astra,xhigh,99255,94336,0,449,9,99704,4919,0.165976
6869,2026-09-23T20:02:37.824Z,publication,gpt-6-astra,xhigh,105695,99072,0,1618,204,107313,6623,0.246202
6870,2026-09-23T20:02:46.414Z,publication,gpt-6-astra,xhigh,107370,105472,0,200,39,107570,1898,0.134452
6871,2026-09-23T20:04:37.338Z,publication,gpt-6-astra,xhigh,109692,107136,0,3551,19,113243,2556,0.310246
6872,2026-09-23T20:05:27.124Z,publication,gpt-6-astra,xhigh,113299,109568,0,1531,671,114830,3731,0.223428
6873,2026-09-23T20:07:43.317Z,publication,gpt-6-astra,xhigh,114887,113152,0,4478,7,119365,1735,0.354402
6874,2026-09-23T20:07:53.140Z,publication,gpt-6-astra,xhigh,119505,114688,0,257,21,119762,4817,0.175708
6875,2026-09-23T20:08:01.601Z,publication,gpt-6-astra,xhigh,122613,119296,0,182,43,122795,3317,0.161566
6876,2026-09-23T20:08:20.359Z,publication,gpt-6-astra,xhigh,125141,122496,0,551,115,125692,2645,0.176496
6877,2026-09-23T20:09:47.842Z,publication,gpt-6-astra,xhigh,125859,124928,0,2771,516,128630,931,0.272788
6878,2026-09-23T20:10:10.990Z,publication,gpt-6-astra,xhigh,128790,125696,0,597,417,129387,3094,0.186486
6879,2026-09-23T20:10:42.151Z,publication,gpt-6-astra,xhigh,131625,128640,0,871,166,132496,2985,0.20204
6880,2026-09-23T20:11:06.089Z,publication,gpt-6-astra,xhigh,132589,131456,0,656,35,133245,1133,0.175586
6881,2026-09-23T20:11:38.739Z,publication,gpt-6-astra,xhigh,133746,132352,0,720,293,134466,1394,0.182292
6882,2026-09-23T20:11:53.405Z,publication,gpt-6-astra,xhigh,135550,133504,0,286,17,135836,2046,0.168264
6883,2026-09-23T20:12:11.035Z,publication,gpt-6-astra,xhigh,138097,135424,0,449,68,138546,2673,0.184604
6884,2026-09-23T20:12:28.154Z,publication,gpt-6-astra,xhigh,138731,137984,0,333,122,139064,747,0.162104
6885,2026-09-23T20:12:43.825Z,publication,gpt-6-astra,xhigh,140735,113152,0,214,49,140949,27583,0.399682
6886,2026-09-23T20:13:17.863Z,publication,gpt-6-astra,xhigh,144215,140544,0,878,131,145093,3671,0.221154
6887,2026-09-23T20:13:36.746Z,publication,gpt-6-astra,xhigh,145614,144000,0,506,227,146120,1614,0.18544
6888,2026-09-23T20:14:29.853Z,publication,gpt-6-astra,xhigh,147294,145408,0,1517,846,148811,1886,0.240118
6889,2026-09-23T20:14:51.661Z,publication,gpt-6-astra,xhigh,154035,147200,0,625,209,154660,6835,0.2468
6890,2026-09-23T20:15:21.501Z,publication,gpt-6-astra,xhigh,155026,153856,0,837,464,155863,1170,0.207406
6891,2026-09-23T20:15:36.925Z,publication,gpt-6-astra,xhigh,156312,154880,0,210,45,156522,1432,0.1797
6892,2026-09-23T20:15:53.707Z,publication,gpt-6-astra,xhigh,156813,156160,0,471,18,157284,653,0.18624
6893,2026-09-23T20:16:12.588Z,publication,gpt-6-astra,xhigh,159426,156672,0,436,66,159862,2754,0.206012
6894,2026-09-23T20:16:38.145Z,publication,gpt-6-astra,xhigh,162191,159232,0,669,345,162860,2959,0.222272
6895,2026-09-23T20:17:11.547Z,publication,gpt-6-astra,xhigh,164416,162048,0,747,14,165163,2368,0.223078
6896,2026-09-23T20:17:39.529Z,publication,gpt-6-astra,xhigh,165882,164224,0,783,135,166665,1658,0.219954
6897,2026-09-23T20:17:54.913Z,publication,gpt-6-astra,xhigh,167135,165760,0,336,13,167471,1375,0.19631
6898,2026-09-23T20:18:11.683Z,publication,gpt-6-astra,xhigh,168290,167040,0,430,104,168720,1250,0.20104
6899,2026-09-23T20:18:32.787Z,publication,gpt-6-astra,xhigh,169004,168192,0,523,63,169527,812,0.202462
6900,2026-09-23T20:18:49.939Z,publication,gpt-6-astra,xhigh,169729,168832,0,412,49,170141,897,0.198402
6901,2026-09-23T20:19:37.174Z,publication,gpt-6-astra,xhigh,170451,169600,0,1408,870,171859,851,0.24851
6902,2026-09-23T20:19:50.970Z,publication,gpt-6-astra,xhigh,172143,170240,0,353,21,172496,1903,0.20692
6903,2026-09-23T20:20:06.355Z,publication,gpt-6-astra,xhigh,172737,172032,0,394,28,173131,705,0.198782
6904,2026-09-23T20:20:44.569Z,publication,gpt-6-astra,xhigh,173800,172544,0,1168,512,174968,1256,0.243504
6905,2026-09-23T20:21:39.189Z,publication,gpt-6-astra,xhigh,175129,173696,0,1413,1034,176542,1433,0.258676
6906,2026-09-23T20:22:18.221Z,publication,gpt-6-astra,xhigh,177049,174976,0,1229,516,178278,2073,0.257156
6907,2026-09-23T20:22:28.642Z,publication,gpt-6-astra,xhigh,179609,176896,0,217,64,179826,2713,0.214876
6908,2026-09-23T20:23:09.753Z,publication,gpt-6-astra,xhigh,179985,179456,0,849,516,180834,529,0.227196
6909,2026-09-23T20:23:46.165Z,publication,gpt-6-astra,xhigh,181055,179840,0,992,922,182047,1215,0.24159
6910,2026-09-23T20:24:38.297Z,publication,gpt-6-astra,xhigh,182070,180864,0,154,0,182224,1206,0.200624
6911,2026-09-23T20:25:39.316Z,publication,gpt-6-astra,xhigh,182416,181888,0,1640,461,184056,528,0.269168
6912,2026-09-23T20:26:02.164Z,publication,gpt-6-astra,xhigh,184112,182272,0,685,516,184797,1840,0.234922
6913,2026-09-23T20:26:35.254Z,publication,gpt-6-astra,xhigh,184991,183936,0,668,367,185659,1055,0.227886
6914,2026-09-23T20:26:54.159Z,publication,gpt-6-astra,xhigh,185784,184832,0,334,313,186118,952,0.211052
6915,2026-09-23T20:27:46.489Z,publication,gpt-6-astra,xhigh,186141,185600,0,184,0,186325,541,0.20021
6916,2026-09-23T20:28:31.099Z,publication,gpt-6-astra,xhigh,186582,185984,0,1084,1018,187666,598,0.246164
6917,2026-09-23T20:29:23.735Z,publication,gpt-6-astra,xhigh,187689,186368,0,156,0,187845,1321,0.207378
6918,2026-09-23T20:29:58.273Z,publication,gpt-6-astra,xhigh,188025,187520,0,916,868,188941,505,0.23837
6919,2026-09-23T20:30:35.258Z,publication,gpt-6-astra,xhigh,188964,187904,0,127,0,189091,1060,0.204854
6920,2026-09-23T20:31:14.746Z,publication,gpt-6-astra,xhigh,189225,188800,0,1211,115,190436,425,0.2536
6921,2026-09-23T20:31:34.291Z,publication,gpt-6-astra,xhigh,190528,189056,0,504,206,191032,1472,0.228976
6922,2026-09-23T20:31:43.506Z,publication,gpt-6-astra,xhigh,191532,190336,0,195,0,191727,1196,0.212046
6923,2026-09-23T21:31:43.755Z,publication,gpt-6-astra,xhigh,194453,145408,0,250,0,194703,49045,0.648358
6924,2026-09-23T21:31:57.026Z,publication,gpt-6-astra,xhigh,200592,194304,0,286,68,200878,6288,0.271484
6925,2026-09-23T21:33:02.694Z,publication,gpt-6-astra,xhigh,205255,200448,0,2042,516,207297,4807,0.350618
6926,2026-09-23T21:33:26.467Z,publication,gpt-6-astra,xhigh,207438,205056,0,650,516,208088,2382,0.261376
6927,2026-09-23T21:33:51.196Z,publication,gpt-6-astra,xhigh,210554,207232,0,751,73,211305,3322,0.278002
6928,2026-09-23T21:34:29.763Z,publication,gpt-6-astra,xhigh,211517,210432,0,1144,216,212661,1085,0.278482
6929,2026-09-23T21:34:57.967Z,publication,gpt-6-astra,xhigh,212880,211328,0,717,234,213597,1552,0.262698
6930,2026-09-23T21:35:34.830Z,publication,gpt-6-astra,xhigh,218004,212736,0,1009,285,219013,5268,0.315866
6931,2026-09-23T21:36:01.102Z,publication,gpt-6-astra,xhigh,219354,217856,0,743,355,220097,1498,0.269986
6932,2026-09-23T21:36:30.189Z,publication,gpt-6-astra,xhigh,220310,219136,0,826,36,221136,1174,0.272176
6933,2026-09-23T21:36:51.178Z,publication,gpt-6-astra,xhigh,221261,220160,0,421,266,221682,1101,0.25222
6934,2026-09-23T21:37:15.688Z,publication,gpt-6-astra,xhigh,222054,221056,0,556,371,222610,998,0.258836
6935,2026-09-23T21:39:27.870Z,publication,gpt-6-astra,xhigh,223069,221952,0,4295,0,227364,1117,0.447872
6936,2026-09-23T21:39:34.914Z,publication,gpt-6-astra,xhigh,50654,12160,0,139,0,50793,38494,0.40405
6937,2026-09-23T21:39:49.838Z,publication,gpt-6-astra,xhigh,53228,50432,0,278,28,53506,2796,0.092292
6938,2026-09-23T21:40:07.709Z,publication,gpt-6-astra,xhigh,59582,52992,0,513,32,60095,6590,0.144542
6939,2026-09-23T21:40:31.512Z,publication,gpt-6-astra,xhigh,62619,59392,0,555,28,63174,3227,0.119412
6940,2026-09-23T21:40:44.439Z,publication,gpt-6-astra,xhigh,63629,62464,0,314,0,63943,1165,0.089814
6941,2026-09-23T21:41:06.758Z,publication,gpt-6-astra,xhigh,71746,63488,0,604,17,72350,8258,0.176268
6942,2026-09-23T21:41:27.593Z,publication,gpt-6-astra,xhigh,76703,71552,0,305,63,77008,5151,0.138312
6943,2026-09-23T21:41:49.175Z,publication,gpt-6-astra,xhigh,82104,76544,0,564,65,82668,5560,0.160344
6944,2026-09-23T21:42:09.946Z,publication,gpt-6-astra,xhigh,82968,81920,0,541,0,83509,1048,0.11945
6945,2026-09-23T21:42:24.512Z,publication,gpt-6-astra,xhigh,84429,82816,0,380,78,84809,1613,0.117946
6946,2026-09-23T21:42:41.657Z,publication,gpt-6-astra,xhigh,84876,84224,0,450,91,85326,652,0.113244
6947,2026-09-23T21:42:59.131Z,publication,gpt-6-astra,xhigh,85746,84736,0,468,0,86214,1010,0.118236
6948,2026-09-23T21:43:11.628Z,publication,gpt-6-astra,xhigh,86505,85632,0,296,15,86801,873,0.109162
6949,2026-09-23T21:43:40.797Z,publication,gpt-6-astra,xhigh,87467,86400,0,868,252,88335,1067,0.14047
6950,2026-09-23T21:44:00.573Z,publication,gpt-6-astra,xhigh,88476,87296,0,597,25,89073,1180,0.128946
6951,2026-09-23T21:44:14.957Z,publication,gpt-6-astra,xhigh,90713,88320,0,319,130,91032,2393,0.1282
6952,2026-09-23T21:44:43.329Z,publication,gpt-6-astra,xhigh,91157,90496,0,563,353,91720,661,0.125256
6953,2026-09-23T21:45:08.058Z,publication,gpt-6-astra,xhigh,91997,91008,0,436,136,92433,989,0.122698
6954,2026-09-23T21:45:43.086Z,publication,gpt-6-astra,xhigh,92494,91776,0,49,17,92543,718,0.101406
6955,2026-09-23T21:45:47.679Z,publication,gpt-6-astra,xhigh,92571,92288,0,51,19,92622,283,0.097668
6956,2026-09-23T21:46:11.970Z,publication,gpt-6-astra,xhigh,92679,92416,0,370,9,93049,263,0.113546
6957,2026-09-23T21:46:50.864Z,publication,gpt-6-astra,xhigh,93111,92544,0,191,159,93302,567,0.107764
6958,2026-09-23T21:47:08.838Z,publication,gpt-6-astra,xhigh,93359,92928,0,134,23,93493,431,0.103938
6959,2026-09-23T21:47:19.749Z,publication,gpt-6-astra,xhigh,93609,93184,0,233,145,93842,425,0.109084
6960,2026-09-23T21:47:53.640Z,publication,gpt-6-astra,xhigh,93870,93440,0,30,0,93900,430,0.09924
6961,2026-09-23T21:48:19.076Z,publication,gpt-6-astra,xhigh,93957,93696,0,247,172,94204,261,0.108656
6962,2026-09-23T21:48:53.376Z,publication,gpt-6-astra,xhigh,94232,93824,0,30,0,94262,408,0.099404
6963,2026-09-23T21:49:19.473Z,publication,gpt-6-astra,xhigh,94320,94080,0,193,75,94513,240,0.10613
6964,2026-09-23T21:49:44.443Z,publication,gpt-6-astra,xhigh,95297,94208,0,421,271,95718,1089,0.126148
6965,2026-09-23T21:50:18.047Z,publication,gpt-6-astra,xhigh,95919,95104,0,30,0,95949,815,0.104754
6966,2026-09-23T21:50:44.476Z,publication,gpt-6-astra,xhigh,96007,95744,0,246,163,96253,263,0.110674
6967,2026-09-23T21:51:21.117Z,publication,gpt-6-astra,xhigh,96281,95872,0,30,0,96311,409,0.101462
6968,2026-09-23T21:51:38.742Z,publication,gpt-6-astra,xhigh,96368,96128,0,119,12,96487,240,0.104478
6969,2026-09-23T21:51:52.029Z,publication,gpt-6-astra,xhigh,96629,96256,0,222,31,96851,373,0.111086
6970,2026-09-23T21:52:26.320Z,publication,gpt-6-astra,xhigh,96913,96512,0,30,0,96943,401,0.102022
6971,2026-09-23T21:53:03.845Z,publication,gpt-6-astra,xhigh,97001,96768,0,663,475,97664,233,0.132248
6972,2026-09-23T21:53:10.359Z,publication,gpt-6-astra,xhigh,97755,96896,0,78,6,97833,859,0.109386
6973,2026-09-23T21:53:46.125Z,publication,gpt-6-astra,xhigh,97950,97536,0,980,76,98930,414,0.150676
6974,2026-09-23T21:53:58.302Z,publication,gpt-6-astra,xhigh,99559,97792,0,281,64,99840,1767,0.129512
6975,2026-09-23T21:54:05.602Z,publication,gpt-6-astra,xhigh,99996,99456,0,51,10,100047,540,0.107406
6976,2026-09-23T21:54:11.291Z,publication,gpt-6-astra,xhigh,100134,99840,0,117,0,100251,294,0.10863
