type,start_seconds,end_seconds
AgentMessage,5.892,12.381
Reasoning,31.081,31.535
AgentMessage,31.54,32.331
Extension,33.54,34.661
AgentMessage,36.535,48.851
AgentMessage,104.185,105.436
CommandExecution,108.702,108.703
Extension,108.73,110.001
CommandExecution,115.872,115.872
Extension,115.863,117.642
AgentMessage,121.845,141.481
AgentMessage,271.155,272.315
Extension,274.531,275.746
Extension,283.861,285.206
Reasoning,287.26,288.83
Extension,291.129,292.115
AgentMessage,297.115,323.571
AgentMessage,487.845,489.075
Extension,491.813,494.235
Extension,497.928,498.801
AgentMessage,500.365,520.231
Reasoning,601.875,602.305
AgentMessage,602.309,605.245
CommandExecution,609.149,609.15
CommandExecution,609.297,609.298
Reasoning,611.12,613.145
CommandExecution,617.374,617.375
Extension,617.396,618.295
Reasoning,621.18,622.661
Extension,630.408,631.356
CommandExecution,629.383,631.724
Reasoning,633.816,635.001
CommandExecution,628.189,637.188
CommandExecution,638.181,638.182
Reasoning,640.575,642.055
AgentMessage,642.058,644.22
CommandExecution,653.042,653.043
CommandExecution,651.982,653.438
Reasoning,654.485,656.442
CommandExecution,650.795,660.771
CommandExecution,680.125,680.126
CommandExecution,680.309,681.921
Reasoning,682.93,685.335
CommandExecution,687.503,687.503
Reasoning,689.353,690.295
CommandExecution,699.447,699.448
Reasoning,701.561,701.717
CommandExecution,712.497,712.497
CommandExecution,711.43,717.266
Reasoning,714.685,726.45
CommandExecution,778.191,778.192
Reasoning,780.665,781.204
AgentMessage,781.215,784.185
CommandExecution,813.958,813.959
CommandExecution,814.154,814.33
Reasoning,818.15,818.596
CommandExecution,823.65,823.65
Extension,823.687,824.525
Reasoning,826.245,827.44
CommandExecution,836.907,837.104
Reasoning,839.942,840.975
CommandExecution,837.289,841.385
CommandExecution,843.791,843.792
Reasoning,846.33,848.835
CommandExecution,855.04,855.04
CommandExecution,853.973,860.465
Reasoning,860.72,861.58
CommandExecution,864.443,864.444
Reasoning,868.3,883.4
CommandExecution,698.379,936.345
CommandExecution,940.102,940.103
Reasoning,941.525,942.11
CommandExecution,951.315,951.553
Reasoning,953.074,953.564
AgentMessage,953.584,958.129
CommandExecution,970.799,970.8
CommandExecution,970.996,971.274
Reasoning,973.654,975.314
CommandExecution,950.12,993.674
CommandExecution,994.246,994.455
CommandExecution,994.517,994.517
CommandExecution,1001.48,1003.89
Reasoning,1006.0,1008.205
CommandExecution,1011.113,1011.429
Reasoning,1012.995,1025.69
CommandExecution,1038.221,1038.222
Reasoning,1040.745,1041.655
CommandExecution,1054.044,1062.007
Reasoning,1056.84,1068.15
AgentMessage,1068.176,1070.4
CommandExecution,1071.574,1071.574
CommandExecution,1002.669,1076.858
Reasoning,1073.645,1093.735
CommandExecution,1111.206,1111.207
CommandExecution,1111.374,1111.375
Reasoning,1112.95,1113.62
Reasoning,1123.425,1132.075
CommandExecution,1158.738,1159.048
Reasoning,1163.836,1164.36
CommandExecution,1166.874,1167.548
Reasoning,1169.35,1172.01
Extension,1175.99,1177.792
CommandExecution,1177.996,1179.56
Reasoning,1182.305,1186.936
CommandExecution,1193.406,1193.768
Extension,1193.803,1194.675
Reasoning,1198.455,1214.166
CommandExecution,1216.149,1216.149
CommandExecution,1120.328,1222.511
Reasoning,1219.385,1222.516
AgentMessage,1222.526,1224.98
CommandExecution,1228.156,1228.156
Reasoning,1232.235,1234.18
CommandExecution,1237.519,1238.327
Reasoning,1245.475,1247.375
CommandExecution,1252.224,1252.478
Reasoning,1254.52,1255.717
CommandExecution,1259.552,1261.453
Reasoning,1263.46,1279.791
CommandExecution,1356.372,1356.373
Reasoning,1359.165,1374.546
CommandExecution,1377.059,1377.06
Reasoning,1380.77,1388.395
CommandExecution,1412.663,1414.946
Reasoning,1418.555,1428.375
CommandExecution,1467.737,1467.737
Reasoning,1471.691,1474.826
CommandExecution,1511.762,1511.806
Reasoning,1513.805,1517.786
AgentMessage,1517.789,1522.131
AgentMessage,1523.424,1523.424
CommandExecution,1533.213,1533.214
Reasoning,1535.716,1538.426
CommandExecution,1544.666,1544.667
Reasoning,1546.841,1547.635
CommandExecution,1552.406,1552.406
Reasoning,1554.662,1555.061
AgentMessage,1555.063,1557.746
Reasoning,1557.75,1571.296
CommandExecution,1591.574,1592.983
Reasoning,1595.251,1596.426
CommandExecution,1590.369,1599.64
CommandExecution,1602.816,1602.817
Reasoning,1605.015,1625.181
Reasoning,1625.185,1643.081
CommandExecution,1655.8,1655.8
CommandExecution,1654.671,1659.247
Reasoning,1661.641,1664.566
CommandExecution,1667.97,1667.971
Reasoning,1670.946,1688.331
Reasoning,1688.334,1710.661
AgentMessage,1710.664,1714.576
CommandExecution,1601.706,1730.08
CommandExecution,1738.292,1745.042
Reasoning,1743.985,1752.626
CommandExecution,1758.503,1758.503
CommandExecution,1051.64,1758.628
CommandExecution,1052.843,1758.637
CommandExecution,1035.949,1758.644
CommandExecution,1034.762,1758.759
CommandExecution,1037.142,1758.813
CommandExecution,1119.125,1758.882
CommandExecution,1758.948,1758.949
Reasoning,1760.396,1762.961
CommandExecution,1770.424,1770.424
CommandExecution,1768.156,1770.996
Reasoning,1773.571,1779.476
CommandExecution,1796.626,1796.628
CommandExecution,1796.722,1796.722
Reasoning,1801.126,1812.061
CommandExecution,1769.344,1848.096
CommandExecution,1938.185,1938.395
Reasoning,1940.311,1958.956
CommandExecution,2024.202,2028.049
Reasoning,2028.316,2047.146
CommandExecution,2158.096,2158.131
Reasoning,2162.736,2172.447
CommandExecution,2210.539,2215.348
Reasoning,2215.001,2217.049
AgentMessage,2217.052,2220.673
CommandExecution,2226.456,2226.456
CommandExecution,2225.34,2227.834
Reasoning,2229.961,2248.772
Reasoning,2248.777,2257.836
CommandExecution,2265.412,2265.413
Reasoning,2268.682,2271.836
CommandExecution,2276.291,2276.291
Reasoning,2279.331,2287.336
CommandExecution,2297.819,2297.873
Reasoning,2301.026,2301.501
CommandExecution,2309.969,2309.97
CommandExecution,2308.852,2312.293
Reasoning,2312.721,2325.951
CommandExecution,2397.706,2397.916
Reasoning,2403.471,2408.202
Reasoning,2414.798,2416.606
CommandExecution,2411.317,2418.984
CommandExecution,2427.185,2428.182
CommandExecution,2428.387,2431.291
Reasoning,2431.128,2441.152
CommandExecution,2448.093,2448.094
Reasoning,2453.203,2474.241
AgentMessage,2474.244,2477.121
CommandExecution,2446.984,2484.618
CommandExecution,2500.153,2500.153
CommandExecution,2500.303,2500.304
Reasoning,2503.791,2504.846
CommandExecution,2508.949,2508.949
Reasoning,2514.296,2517.486
CommandExecution,2524.982,2526.458
Reasoning,2530.296,2552.806
Reasoning,2552.809,2563.951
CommandExecution,2570.903,2571.017
Reasoning,2573.437,2590.261
CommandExecution,2569.7,2590.35
CommandExecution,2605.014,2605.015
Reasoning,2607.921,2613.051
CommandExecution,2618.588,2622.143
CommandExecution,2617.382,2628.126
Reasoning,2623.846,2644.641
CommandExecution,2666.112,2672.445
Reasoning,2669.576,2690.946
CommandExecution,2692.824,2692.824
Reasoning,2695.331,2716.646
CommandExecution,2740.094,2740.168
Reasoning,2743.666,2764.861
CommandExecution,2774.863,2775.02
CommandExecution,2773.657,2777.165
Reasoning,2778.171,2802.801
CommandExecution,2805.282,2809.538
Reasoning,2809.926,2830.773
CommandExecution,2836.808,2836.809
CommandExecution,2835.683,2857.633
ContextCompaction,2836.817,3008.764
CommandExecution,3013.02,3013.02
CommandExecution,3013.109,3013.109
Reasoning,3015.396,3015.706
AgentMessage,3015.711,3017.896
CommandExecution,3023.889,3023.89
CommandExecution,3023.936,3027.474
Reasoning,3026.971,3027.771
CommandExecution,3031.814,3031.815
CommandExecution,3024.038,3034.155
CommandExecution,3034.23,3034.23
AgentMessage,3037.886,3041.056
CommandExecution,2603.867,3044.173
CommandExecution,2211.751,3044.173
AgentMessage,3059.141,3060.006
CommandExecution,3065.992,3065.992
Reasoning,3070.866,3071.671
CommandExecution,3076.433,3076.433
CommandExecution,3083.02,3083.02
Reasoning,3084.506,3085.182
CommandExecution,3088.794,3088.794
Reasoning,3092.821,3093.18
AgentMessage,3093.185,3094.756
CommandExecution,3097.946,3097.947
CommandExecution,3103.342,3103.587
Extension,3103.641,3105.285
Reasoning,3108.165,3109.02
CommandExecution,3113.626,3113.798
Reasoning,3119.866,3120.525
CommandExecution,3127.085,3127.086
Reasoning,3129.46,3130.075
McpToolCall,3136.758,3138.715
CommandExecution,3138.919,3139.123
Reasoning,3142.03,3142.715
McpToolCall,3145.183,3145.185
CommandExecution,3145.276,3145.276
McpToolCall,3149.883,3149.884
CommandExecution,3150.065,3150.065
Reasoning,3151.74,3152.16
McpToolCall,3152.81,3152.827
Reasoning,3154.7,3160.931
AgentMessage,3160.934,3162.125
CommandExecution,3165.423,3165.423
AgentMessage,3174.033,3174.034
Reasoning,3176.71,3177.505
CommandExecution,3164.342,3178.714
CommandExecution,3198.913,3199.356
Reasoning,3201.442,3202.45
AgentMessage,3211.1,3213.1
Reasoning,3213.103,3215.345
CommandExecution,3220.846,3221.049
CommandExecution,3207.422,3223.129
Reasoning,3225.517,3228.23
CommandExecution,3234.262,3234.969
Reasoning,3236.641,3239.0
CommandExecution,3243.827,3254.262
Reasoning,3257.91,3258.82
AgentMessage,3258.822,3260.96
CommandExecution,3272.393,3272.394
Reasoning,3276.495,3277.775
CommandExecution,3282.082,3282.082
Reasoning,3283.89,3284.405
AgentMessage,3284.407,3285.605
Extension,3288.355,3289.53
CommandExecution,3289.737,3289.764
Reasoning,3293.37,3295.375
CommandExecution,3300.602,3300.603
Reasoning,3302.391,3307.445
AgentMessage,3307.455,3308.93
CommandExecution,3314.311,3314.312
Extension,3314.236,3316.25
Reasoning,3317.855,3318.57
CommandExecution,3314.391,3318.718
Extension,3325.414,3326.421
CommandExecution,3327.784,3327.785
Reasoning,3329.845,3330.68
CommandExecution,3326.624,3330.798
CommandExecution,3335.987,3335.987
Reasoning,3338.34,3341.844
CommandExecution,3345.666,3346.148
Reasoning,3348.17,3357.395
CommandExecution,3360.077,3360.3
Reasoning,3362.58,3363.35
CommandExecution,3383.159,3383.159
Reasoning,3387.244,3387.885
CommandExecution,3393.255,3393.256
Reasoning,3394.994,3400.109
CommandExecution,3403.125,3403.126
Reasoning,3405.344,3407.845
CommandExecution,3383.361,3431.603
Reasoning,3436.304,3438.669
CommandExecution,3442.73,3442.731
CommandExecution,3429.666,3443.533
Reasoning,3448.694,3450.479
AgentMessage,3450.484,3452.444
CommandExecution,3456.674,3456.822
Reasoning,3460.464,3466.409
CommandExecution,3495.376,3495.904
Reasoning,3535.974,3536.344
AgentMessage,3536.346,3537.125
CommandExecution,3547.989,3547.99
CommandExecution,3548.134,3548.244
CommandExecution,3548.039,3548.418
Reasoning,3551.089,3551.487
AgentMessage,3551.504,3553.749
CommandExecution,3563.741,3567.269
CommandExecution,3561.328,3570.91
Reasoning,3566.375,3574.024
CommandExecution,3576.435,3576.464
Reasoning,3578.309,3581.644
CommandExecution,3584.186,3584.186
Reasoning,3585.879,3586.529
CommandExecution,3589.653,3589.653
Reasoning,3592.529,3595.614
CommandExecution,3604.007,3604.21
CommandExecution,3562.532,3607.691
Reasoning,3606.139,3609.611
CommandExecution,3639.978,3639.979
CommandExecution,3638.787,3641.806
Reasoning,3643.81,3648.61
AgentMessage,3648.613,3650.3
CommandExecution,3661.121,3661.483
CommandExecution,3659.921,3667.052
Reasoning,3664.914,3669.66
CommandExecution,3677.832,3678.193
Reasoning,3682.799,3689.254
CommandExecution,3442.92,3699.26
CommandExecution,3678.401,3700.499
CommandExecution,3700.847,3701.587
CommandExecution,3701.792,3701.857
Reasoning,3703.449,3706.214
CommandExecution,3712.9,3713.445
Reasoning,3718.314,3721.244
AgentMessage,3723.327,3723.327
Reasoning,3726.369,3735.049
CommandExecution,3740.525,3740.848
Reasoning,3743.529,3744.019
CommandExecution,3739.322,3750.458
CommandExecution,3749.596,3754.704
Reasoning,3754.863,3773.204
CommandExecution,3775.932,3776.379
Reasoning,3779.253,3787.019
AgentMessage,3787.022,3788.264
CommandExecution,3494.173,3795.207
CommandExecution,3796.047,3796.38
Reasoning,3798.883,3799.593
CommandExecution,3801.307,3801.816
Reasoning,3803.938,3815.639
CommandExecution,3823.669,3823.67
Reasoning,3826.983,3830.19
CommandExecution,3832.739,3832.739
Reasoning,3841.253,3850.584
CommandExecution,3748.394,3851.865
CommandExecution,3852.392,3852.392
Reasoning,3854.273,3857.119
CommandExecution,3862.591,3864.483
Reasoning,3878.303,3881.123
CommandExecution,3897.713,3898.893
Reasoning,3901.404,3902.06
CommandExecution,3905.546,3905.547
Reasoning,3912.429,3920.823
AgentMessage,3920.874,3922.764
AgentMessage,3925.184,3926.106
CommandExecution,3928.487,3928.977
Reasoning,3931.928,3933.018
CommandExecution,3936.843,3936.843
Reasoning,3939.733,3943.423
CommandExecution,3945.618,3946.02
Reasoning,3950.396,3951.143
CommandExecution,3953.812,3953.813
Reasoning,3956.258,3958.773
CommandExecution,3962.112,3962.112
Reasoning,3964.323,3966.418
AgentMessage,3966.423,3968.157
AgentMessage,3970.489,3970.489
Reasoning,3976.048,3978.423
Extension,3978.76,3998.762
CommandExecution,4002.694,4003.122
Reasoning,4006.393,4008.898
CommandExecution,4009.979,4009.979
Reasoning,4014.133,4021.508
Extension,4021.715,4041.717
CommandExecution,4044.943,4045.34
AgentMessage,4048.588,4050.954
AgentMessage,4129.519,4130.163
CommandExecution,4131.713,4132.184
Reasoning,4134.043,4143.198
CommandExecution,4145.427,4145.428
Reasoning,4147.583,4148.338
CommandExecution,4152.33,4152.331
Reasoning,4156.363,4159.608
AgentMessage,4159.615,4160.533
CommandExecution,4163.263,4163.959
CommandExecution,4170.267,4170.95
CommandExecution,4180.38,4180.445
Reasoning,4182.793,4187.188
CommandExecution,4191.991,4192.203
Reasoning,4194.768,4197.783
CommandExecution,4202.248,4202.248
Reasoning,4205.743,4214.318
CommandExecution,4221.625,4221.626
AgentMessage,4224.528,4227.448
AgentMessage,4228.567,4228.567
Reasoning,4233.158,4251.668
CommandExecution,4253.01,4253.487
Reasoning,4264.233,4271.258
CommandExecution,4274.203,4274.204
Reasoning,4278.553,4279.78
Extension,4280.427,4286.268
CommandExecution,4292.112,4292.555
Reasoning,4299.738,4303.743
AgentMessage,4303.745,4304.563
CommandExecution,4318.532,4319.624
AgentMessage,4327.848,4330.233
AgentMessage,4582.134,4582.983
CommandExecution,4586.288,4586.288
CommandExecution,4586.304,4586.305
Reasoning,4590.478,4592.983
CommandExecution,4594.363,4594.364
Reasoning,4596.662,4606.148
AgentMessage,4606.151,4613.263
Reasoning,6868.457,6869.461
AgentMessage,6869.467,6871.201
CommandExecution,6874.456,6874.457
CommandExecution,6874.485,6874.485
Reasoning,6877.175,6879.18
CommandExecution,6882.433,6882.434
CommandExecution,6882.633,6886.348
Reasoning,6885.771,6900.761
CommandExecution,6902.919,6902.92
Reasoning,6906.193,6910.297
CommandExecution,6920.73,6920.73
Reasoning,6924.701,6943.371
AgentMessage,6943.377,6945.276
CommandExecution,6945.959,6945.96
Reasoning,6948.405,6964.139
Reasoning,7027.751,7028.701
CommandExecution,7029.459,7029.46
Reasoning,7032.621,7047.926
CommandExecution,7069.907,7069.907
Reasoning,7074.856,7079.321
CommandExecution,7081.287,7081.287
Reasoning,7083.071,7095.811
CommandExecution,7131.764,7135.423
Reasoning,7134.756,7155.801
CommandExecution,7157.296,7157.297
Reasoning,7160.216,7177.076
CommandExecution,7201.322,7212.48
Reasoning,7205.946,7217.906
CommandExecution,7237.928,7242.861
Reasoning,7241.041,7242.932
CommandExecution,7245.885,7245.885
Reasoning,7248.247,7248.722
AgentMessage,7248.724,7251.751
CommandExecution,7261.879,7279.719
Reasoning,7265.088,7282.972
CommandExecution,7336.438,7336.439
Reasoning,7342.588,7350.014
CommandExecution,7372.756,7373.25
CommandExecution,7371.567,7384.576
Reasoning,7376.592,7392.618
CommandExecution,7393.928,7393.929
Reasoning,7398.247,7405.942
CommandExecution,7409.51,7413.729
Reasoning,7412.312,7421.653
CommandExecution,7425.976,7426.066
Reasoning,7428.757,7431.073
Reasoning,7437.089,7454.648
AgentMessage,7454.653,7456.913
CommandExecution,7484.99,7485.28
CommandExecution,7485.477,7487.57
Reasoning,7490.058,7491.303
CommandExecution,7497.192,7497.356
CommandExecution,7497.549,7498.25
Reasoning,7501.363,7503.923
CommandExecution,7511.198,7511.199
Reasoning,7514.524,7515.39
Reasoning,7520.318,7529.018
McpToolCall,7529.965,7531.949
McpToolCall,7541.244,7541.553
Reasoning,7544.158,7545.368
McpToolCall,7550.839,7551.254
CommandExecution,7551.444,7551.753
CommandExecution,7511.39,7563.62
ContextCompaction,7551.76,7705.563
CommandExecution,7711.283,7711.283
CommandExecution,7716.678,7716.678
CommandExecution,7716.737,7716.738
CommandExecution,7716.804,7716.804
Reasoning,7719.953,7720.414
AgentMessage,7720.416,7721.81
CommandExecution,7724.655,7724.655
CommandExecution,7724.732,7724.732
Reasoning,7727.539,7735.014
CommandExecution,7735.978,7735.978
Reasoning,7737.335,7738.349
CommandExecution,7760.621,7761.651
Reasoning,7763.261,7764.684
CommandExecution,7775.952,7776.055
CommandExecution,7777.451,7781.754
Reasoning,7780.343,7783.049
CommandExecution,7787.751,7787.751
CommandExecution,7787.835,7787.835
Reasoning,7791.424,7792.164
CommandExecution,7798.5,7798.5
McpToolCall,7798.511,7799.474
Reasoning,7801.209,7804.911
CommandExecution,7808.356,7808.356
CommandExecution,7808.521,7808.521
Reasoning,7814.929,7815.409
CommandExecution,7776.251,7817.152
AgentMessage,7815.412,7818.069
CommandExecution,7822.853,7822.853
CommandExecution,7822.949,7822.949
Reasoning,7824.494,7825.759
CommandExecution,7829.884,7829.885
CommandExecution,7829.972,7829.974
CommandExecution,7835.123,7835.123
Reasoning,7838.509,7840.014
CommandExecution,7848.948,7849.534
Reasoning,7853.309,7854.144
CommandExecution,7860.547,7870.574
Reasoning,7872.329,7873.999
McpToolCall,7880.358,7882.82
CommandExecution,7882.893,7882.893
Reasoning,7884.634,7886.554
CommandExecution,7849.725,7887.882
AgentMessage,7886.556,7888.569
CommandExecution,7893.495,7893.496
CommandExecution,7893.689,7894.488
Reasoning,7896.074,7897.674
Reasoning,7923.954,7925.139
CommandExecution,7936.846,7938.65
CommandExecution,7911.912,7938.897
CommandExecution,7938.97,7938.97
Reasoning,7940.571,7941.674
Reasoning,7950.289,7950.808
CommandExecution,7946.556,7953.557
CommandExecution,7954.116,7954.117
Reasoning,7955.961,7957.323
CommandExecution,7964.476,7964.476
CommandExecution,7964.676,7964.677
CommandExecution,7921.06,7968.412
Reasoning,7967.999,7969.422
CommandExecution,7981.634,7981.655
CommandExecution,7981.851,7984.043
Reasoning,7984.652,7985.114
CommandExecution,7988.575,7988.576
Reasoning,7990.16,7990.695
Reasoning,8001.249,8011.19
CommandExecution,8018.912,8023.261
CommandExecution,7996.909,8025.41
Reasoning,8021.549,8028.824
CommandExecution,8030.528,8030.529
Reasoning,8033.589,8040.744
AgentMessage,8040.749,8042.664
Reasoning,8060.214,8063.104
CommandExecution,8057.109,8065.004
CommandExecution,8074.788,8076.962
Reasoning,8077.884,8079.47
CommandExecution,8086.156,8086.22
Reasoning,8089.531,8090.269
CommandExecution,8092.922,8092.922
Reasoning,8095.002,8097.09
CommandExecution,8110.172,8110.172
CommandExecution,8109.109,8111.871
Reasoning,8113.844,8120.664
CommandExecution,8084.959,8122.945
Reasoning,8132.214,8132.774
Reasoning,8148.224,8149.594
CommandExecution,8154.644,8154.682
Reasoning,8156.56,8157.889
CommandExecution,8162.404,8162.404
CommandExecution,8143.184,8162.608
CommandExecution,8162.794,8162.803
Reasoning,8164.964,8167.36
CommandExecution,8183.976,8184.428
Reasoning,8186.307,8192.065
CommandExecution,8196.41,8196.411
Reasoning,8199.524,8200.91
CommandExecution,8196.617,8200.937
AgentMessage,8200.912,8203.11
CommandExecution,8208.418,8208.418
CommandExecution,8182.779,8213.941
Reasoning,8215.81,8220.19
CommandExecution,8181.58,8222.832
CommandExecution,8223.815,8223.815
CommandExecution,8223.894,8223.895
Reasoning,8236.93,8238.495
CommandExecution,8244.215,8244.215
CommandExecution,8243.11,8244.524
Reasoning,8246.389,8254.225
CommandExecution,8231.91,8255.459
CommandExecution,8257.029,8257.268
Reasoning,8259.69,8262.752
CommandExecution,8267.84,8267.841
CommandExecution,8267.934,8267.934
CommandExecution,8268.001,8268.002
Reasoning,8269.78,8286.265
Reasoning,8286.27,8295.877
CommandExecution,8298.324,8298.324
CommandExecution,8298.514,8298.798
Reasoning,8302.764,8304.85
AgentMessage,8304.853,8307.685
CommandExecution,8327.464,8327.465
CommandExecution,8327.677,8327.965
Reasoning,8330.94,8331.765
CommandExecution,8337.767,8337.768
Reasoning,8341.714,8342.552
CommandExecution,8344.331,8344.331
CommandExecution,8339.167,8344.456
Reasoning,8346.875,8352.42
CommandExecution,8381.557,8381.835
Reasoning,8384.505,8387.09
CommandExecution,8393.848,8394.182
McpToolCall,8394.192,8394.9
Reasoning,8396.935,8402.575
Reasoning,8414.445,8418.91
CommandExecution,8419.728,8419.728
Reasoning,8421.904,8428.76
CommandExecution,8431.256,8431.256
Reasoning,8439.715,8443.33
AgentMessage,8443.334,8445.47
CommandExecution,8447.989,8447.989
CommandExecution,8411.002,8452.704
Reasoning,8450.657,8467.185
CommandExecution,8473.583,8473.583
Reasoning,8475.13,8478.175
CommandExecution,8492.22,8492.22
Reasoning,8499.985,8502.405
CommandExecution,8507.622,8508.968
Reasoning,8511.89,8527.576
CommandExecution,8530.564,8530.564
Reasoning,8532.916,8538.395
AgentMessage,8538.399,8540.762
Reasoning,8540.765,8546.5
CommandExecution,8554.547,8554.547
CommandExecution,8337.968,8558.008
Reasoning,8556.245,8571.955
CommandExecution,8579.573,8579.574
Reasoning,8581.512,8581.971
CommandExecution,8588.438,8589.565
Reasoning,8592.46,8593.35
AgentMessage,8597.33,8604.145
AgentMessage,8608.7,8610.176
CommandExecution,8612.407,8612.407
Reasoning,8616.135,8633.055
AgentMessage,8633.06,8633.865
CommandExecution,8638.462,8638.463
CommandExecution,8638.557,8638.557
Reasoning,8640.441,8659.24
CommandExecution,8659.696,8659.697
Reasoning,8661.935,8664.445
CommandExecution,8665.071,8665.071
Reasoning,8667.08,8688.286
CommandExecution,8790.151,8790.152
Reasoning,8792.65,8801.971
Reasoning,8968.13,8987.296
CommandExecution,8987.8,8987.8
CommandExecution,8988.019,8988.02
CommandExecution,8964.606,8997.407
Reasoning,8990.015,9002.715
AgentMessage,9002.719,9003.171
CommandExecution,9005.815,9005.815
CommandExecution,9005.953,9005.953
Reasoning,9008.785,9027.325
CommandExecution,9046.362,9048.436
CommandExecution,9045.166,9049.256
Reasoning,9050.245,9053.096
CommandExecution,9057.65,9057.661
CommandExecution,9057.86,9058.716
Reasoning,9062.3,9067.05
CommandExecution,9067.702,9067.703
Reasoning,9071.115,9075.368
CommandExecution,9086.408,9086.408
Reasoning,9092.505,9103.155
CommandExecution,9085.244,9104.798
CommandExecution,9121.992,9121.992
CommandExecution,9122.127,9122.127
Reasoning,9124.507,9128.035
CommandExecution,9137.832,9137.833
CommandExecution,9137.909,9137.909
Reasoning,9145.17,9157.38
CommandExecution,9162.638,9162.639
CommandExecution,9162.744,9162.744
Reasoning,9165.015,9171.9
AgentMessage,9171.903,9172.19
CommandExecution,9175.977,9182.203
Reasoning,9178.77,9186.99
CommandExecution,9190.587,9190.587
CommandExecution,9086.609,9190.693
Reasoning,9195.64,9215.17
CommandExecution,9218.415,9218.416
CommandExecution,9216.09,9221.793
Reasoning,9220.907,9228.152
Reasoning,9231.841,9246.551
Reasoning,9249.915,9265.11
CommandExecution,9217.287,9267.385
CommandExecution,9273.852,9273.852
CommandExecution,9272.774,9275.958
Reasoning,9276.697,9279.67
CommandExecution,9296.594,9296.594
Reasoning,9300.392,9315.62
Reasoning,9324.66,9337.82
CommandExecution,9343.311,9352.894
Reasoning,9346.92,9364.836
AgentMessage,9364.84,9365.166
Reasoning,9365.168,9367.61
CommandExecution,9368.308,9368.308
CommandExecution,9368.384,9368.384
CommandExecution,9319.721,9369.517
Reasoning,9374.32,9386.58
CommandExecution,9388.417,9388.417
CommandExecution,9387.296,9392.621
Reasoning,9391.016,9394.14
CommandExecution,9394.566,9394.566
Reasoning,9396.715,9413.71
CommandExecution,9416.149,9422.118
Reasoning,9418.777,9432.83
CommandExecution,9433.624,9433.625
CommandExecution,9433.746,9433.746
Reasoning,9435.799,9445.63
Reasoning,9454.99,9459.625
CommandExecution,9414.941,9463.42
CommandExecution,9463.618,9463.844
Reasoning,9467.35,9473.509
CommandExecution,9478.418,9478.419
CommandExecution,9477.332,9484.815
Reasoning,9481.191,9500.261
Reasoning,9500.265,9506.93
AgentMessage,9506.933,9507.17
CommandExecution,9511.573,9511.573
CommandExecution,9511.653,9511.653
CommandExecution,9510.491,9515.748
CommandExecution,9450.732,9532.218
Reasoning,9513.914,9534.292
CommandExecution,9535.272,9535.615
Reasoning,9537.35,9540.816
CommandExecution,9544.895,9544.895
CommandExecution,9546.282,9552.597
Reasoning,9549.144,9552.91
CommandExecution,9558.252,9558.253
McpToolCall,9558.267,9558.875
Reasoning,9561.059,9579.83
Reasoning,9594.105,9614.794
CommandExecution,9615.656,9615.971
Reasoning,9618.605,9619.984
AgentMessage,9619.987,9622.154
CommandExecution,9590.863,9624.609
Reasoning,9622.162,9641.864
CommandExecution,9642.563,9642.564
Reasoning,9650.004,9672.16
CommandExecution,9684.177,9684.178
Reasoning,9687.93,9709.002
CommandExecution,9709.202,9709.203
CommandExecution,9545.084,9728.797
Reasoning,9717.046,9735.93
CommandExecution,9741.231,9741.231
Reasoning,9743.329,9770.449
Reasoning,9770.452,9782.011
CommandExecution,9787.714,9787.714
Reasoning,9789.771,9792.95
AgentMessage,9792.953,9793.67
CommandExecution,9801.223,9801.224
CommandExecution,9589.652,9806.464
Reasoning,9804.009,9823.794
CommandExecution,9825.274,9825.274
Reasoning,9828.489,9833.764
CommandExecution,9841.759,9843.183
Reasoning,9845.276,9855.094
AgentMessage,9858.529,9864.764
CommandExecution,7408.31,10054.676
AgentMessage,10739.809,10741.649
CommandExecution,10743.262,10743.263
Reasoning,10750.114,10765.84
CommandExecution,10770.091,10770.135
Reasoning,10775.259,10791.239
Reasoning,10791.244,10806.474
CommandExecution,10815.729,10815.729
CommandExecution,10814.612,10821.826
CommandExecution,10813.422,10830.654
Reasoning,10818.18,10833.885
Reasoning,10833.887,10849.314
Reasoning,10849.317,10863.564
CommandExecution,10864.652,10864.652
Reasoning,10868.289,10880.359
AgentMessage,10880.369,10883.504
CommandExecution,10886.607,10888.441
Reasoning,10890.784,10897.331
CommandExecution,10924.7,10925.696
CommandExecution,10925.804,10925.804
Reasoning,10927.66,10946.936
Reasoning,10946.939,10963.499
CommandExecution,11036.194,11036.534
CommandExecution,11036.64,11036.64
ContextCompaction,11036.649,11195.019
CommandExecution,11198.673,11198.673
CommandExecution,11202.76,11202.761
CommandExecution,11202.825,11202.825
Reasoning,11204.24,11204.989
CommandExecution,11214.965,11214.966
CommandExecution,11215.152,11216.079
CommandExecution,11216.139,11216.139
CommandExecution,11224.599,11224.599
CommandExecution,11224.664,11224.665
Reasoning,11227.314,11227.919
AgentMessage,11227.929,11230.189
CommandExecution,11325.643,11325.792
Reasoning,11328.641,11329.15
CommandExecution,11335.2,11335.201
CommandExecution,11336.458,11336.459
Reasoning,11338.141,11338.65
CommandExecution,11349.676,11349.98
CommandExecution,11350.174,11352.599
Reasoning,11352.675,11353.641
CommandExecution,11360.4,11361.336
CommandExecution,11361.401,11361.401
Reasoning,11363.05,11364.405
CommandExecution,11335.387,11365.054
CommandExecution,11368.41,11368.41
CommandExecution,11368.601,11369.501
Reasoning,11371.525,11372.125
CommandExecution,11377.856,11378.117
Reasoning,11381.0,11381.395
AgentMessage,11381.397,11383.733
CommandExecution,11378.302,11390.351
CommandExecution,11395.942,11395.942
CommandExecution,11396.024,11396.024
Reasoning,11398.826,11400.245
CommandExecution,11443.027,11445.92
Reasoning,11449.87,11450.461
CommandExecution,11453.101,11453.101
Reasoning,11454.71,11457.51
CommandExecution,11478.579,11478.579
CommandExecution,11478.77,11479.095
Reasoning,11480.836,11481.446
CommandExecution,11484.87,11484.87
CommandExecution,11444.218,11491.056
Reasoning,11491.966,11492.736
CommandExecution,11512.323,11512.323
CommandExecution,11512.516,11517.507
Reasoning,11516.623,11517.767
CommandExecution,11513.703,11517.929
CommandExecution,11521.841,11521.951
CommandExecution,11522.139,11525.44
Reasoning,11525.661,11527.907
AgentMessage,11527.909,11531.376
CommandExecution,11534.564,11534.565
Reasoning,11537.907,11542.621
CommandExecution,11560.437,11560.437
CommandExecution,11559.264,11565.73
Reasoning,11564.781,11568.137
CommandExecution,11571.428,11571.429
CommandExecution,11571.616,11574.609
Reasoning,11574.351,11575.011
CommandExecution,11582.986,11582.986
CommandExecution,11583.196,11583.196
Reasoning,11588.916,11589.391
CommandExecution,11598.47,11598.47
Reasoning,11602.306,11612.192
CommandExecution,11623.335,11623.335
CommandExecution,11622.257,11628.358
Reasoning,11626.556,11631.172
CommandExecution,11597.396,11643.055
CommandExecution,11648.442,11648.442
Reasoning,11651.182,11652.147
AgentMessage,11652.162,11654.627
CommandExecution,11657.152,11657.153
Reasoning,11658.887,11659.712
CommandExecution,11662.097,11662.098
Reasoning,11665.022,11665.837
CommandExecution,11667.625,11667.625
Reasoning,11670.703,11672.127
CommandExecution,11688.731,11692.241
Reasoning,11692.292,11693.607
CommandExecution,11696.863,11697.751
CommandExecution,11708.625,11708.625
Reasoning,11711.857,11712.967
CommandExecution,11720.897,11720.897
Reasoning,11722.287,11723.722
CommandExecution,11719.833,11728.255
CommandExecution,11731.308,11731.309
CommandExecution,11730.235,11736.335
Reasoning,11733.774,11737.922
Reasoning,11747.487,11748.042
AgentMessage,11748.044,11749.257
CommandExecution,11758.36,11758.36
CommandExecution,11758.546,11758.704
McpToolCall,11758.712,11760.914
Reasoning,11762.877,11764.067
CommandExecution,11767.661,11767.662
Reasoning,11769.527,11770.882
CommandExecution,11775.47,11775.47
Reasoning,11778.345,11778.938
CommandExecution,11775.662,11784.723
CommandExecution,11787.884,11787.885
CommandExecution,11707.468,11791.251
Reasoning,11791.516,11796.267
CommandExecution,11798.477,11798.478
Reasoning,11800.452,11801.092
Reasoning,11814.827,11819.347
CommandExecution,11823.215,11823.215
Reasoning,11826.252,11827.998
CommandExecution,11786.807,11828.785
CommandExecution,11823.415,11829.303
AgentMessage,11828.0,11829.702
CommandExecution,11836.335,11836.336
CommandExecution,11835.244,11838.487
Reasoning,11838.917,11842.388
CommandExecution,11850.598,11850.62
Reasoning,11852.463,11862.493
CommandExecution,11865.773,11865.773
Reasoning,11867.797,11878.413
CommandExecution,11881.065,11881.066
Reasoning,11890.074,11895.238
AgentMessage,11895.243,11897.325
CommandExecution,11910.252,11910.277
CommandExecution,11911.536,11911.536
Reasoning,11915.083,11927.009
CommandExecution,11929.126,11929.126
Reasoning,11930.979,11941.193
CommandExecution,11910.473,11942.822
CommandExecution,11948.15,11948.151
Reasoning,11950.473,11951.218
CommandExecution,11812.36,11972.227
Extension,11951.48,11981.482
CommandExecution,11985.835,11985.835
Reasoning,11989.583,11990.218
AgentMessage,11990.22,11993.168
CommandExecution,11999.533,11999.534
McpToolCall,11999.546,11999.978
Reasoning,12001.603,12002.214
CommandExecution,11998.456,12006.865
CommandExecution,12007.056,12007.348
Reasoning,12011.278,12015.623
CommandExecution,12024.198,12024.522
Reasoning,12026.323,12028.728
CommandExecution,12033.611,12033.611
McpToolCall,12033.619,12033.918
Reasoning,12041.278,12052.248
CommandExecution,12059.424,12059.424
Reasoning,12060.986,12062.108
Extension,12062.472,12082.472
CommandExecution,12090.361,12090.672
CommandExecution,12058.36,12091.051
McpToolCall,12090.68,12091.184
Reasoning,12104.213,12105.113
AgentMessage,12105.119,12106.774
CommandExecution,12114.765,12114.765
CommandExecution,12114.83,12119.716
Reasoning,12118.018,12131.829
CommandExecution,12133.563,12133.563
Reasoning,12136.404,12152.833
CommandExecution,12114.86,12153.933
Extension,12153.071,12183.072
CommandExecution,12192.279,12192.573
Reasoning,12195.875,12210.994
AgentMessage,12210.999,12212.224
CommandExecution,12213.511,12213.511
Reasoning,12215.074,12218.894
CommandExecution,12220.942,12220.943
Reasoning,12225.22,12236.671
Extension,12236.877,12266.879
CommandExecution,12272.512,12272.513
Reasoning,12275.644,12280.949
CommandExecution,12281.422,12281.422
CommandExecution,12023.002,12287.013
Reasoning,12283.654,12294.214
CommandExecution,12300.513,12300.513
Reasoning,12302.444,12304.209
CommandExecution,12333.27,12334.344
Reasoning,12337.009,12337.689
CommandExecution,12340.162,12340.162
AgentMessage,12344.984,12348.739
CommandExecution,11511.262,12351.577
AgentMessage,12729.145,12731.11
CommandExecution,12734.62,12734.62
Extension,12734.646,12736.181
Reasoning,12738.129,12747.62
Extension,12749.53,12750.952
Reasoning,12755.029,12755.65
Extension,12759.822,12761.09
Reasoning,12766.265,12768.435
AgentMessage,12768.438,12771.375
Extension,12779.243,12780.58
Reasoning,12783.995,12785.03
Extension,12787.515,12788.54
Reasoning,12791.925,12793.475
CommandExecution,12780.769,12793.628
Extension,12796.825,12798.416
Reasoning,12800.26,12811.37
Extension,12819.216,12820.675
CommandExecution,12820.861,12821.419
Reasoning,12825.74,12841.905
Extension,12848.536,12849.67
CommandExecution,12849.846,12849.847
Reasoning,12851.96,12854.257
CommandExecution,12859.088,12859.089
Extension,12859.118,12860.995
Reasoning,12864.531,12865.776
AgentMessage,12865.778,12868.809
Extension,12872.783,12875.951
Reasoning,12877.995,12899.95
Extension,12905.492,12907.185
CommandExecution,12907.373,12907.373
Reasoning,12910.791,12927.565
Extension,12931.723,12933.459
CommandExecution,12933.656,12934.179
Reasoning,12938.72,12949.415
CommandExecution,12954.96,12954.96
Extension,12954.989,12956.442
Reasoning,12958.71,12959.566
Extension,12965.303,12966.705
CommandExecution,12966.898,12967.92
ContextCompaction,12967.906,13244.48
CommandExecution,13248.579,13248.58
Reasoning,13250.33,13251.605
AgentMessage,13251.615,13254.37
CommandExecution,13261.246,13261.247
Extension,13261.202,13262.268
Reasoning,13265.3,13265.67
CommandExecution,13272.908,13272.909
Extension,13272.935,13273.95
Reasoning,13276.13,13278.59
Extension,13317.787,13319.206
Reasoning,13321.59,13322.14
Extension,13329.879,13331.32
CommandExecution,13316.762,13332.666
CommandExecution,13332.847,13333.121
Reasoning,13335.515,13336.031
AgentMessage,13336.033,13339.396
Extension,13344.491,13345.905
Reasoning,13351.56,13356.24
CommandExecution,13362.228,13362.229
Extension,13362.25,13363.278
Reasoning,13365.52,13367.536
CommandExecution,13581.394,13581.605
Reasoning,13584.322,13591.196
CommandExecution,13594.057,13594.058
Reasoning,13595.795,13600.456
CommandExecution,13601.491,13601.492
Reasoning,13603.336,13605.736
Reasoning,13682.221,13683.641
AgentMessage,13683.65,13687.024
CommandExecution,13691.618,13691.649
Reasoning,13693.958,13697.126
CommandExecution,13702.65,13702.65
CommandExecution,13702.838,13703.454
CommandExecution,13703.642,13704.507
Reasoning,13706.621,13709.851
CommandExecution,13679.434,13711.69
CommandExecution,13730.181,13730.181
Reasoning,13732.156,13733.926
CommandExecution,13741.743,13741.743
CommandExecution,13741.932,13742.06
CommandExecution,13740.607,13744.49
Reasoning,13743.761,13748.886
CommandExecution,13752.012,13752.013
Reasoning,13755.306,13759.426
CommandExecution,13764.211,13764.212
Reasoning,13766.121,13768.036
CommandExecution,13763.089,13768.514
CommandExecution,13771.206,13771.206
Reasoning,13776.136,13783.271
CommandExecution,13787.8,13787.8
CommandExecution,13787.986,13790.906
Reasoning,13790.671,13792.871
AgentMessage,13792.875,13795.161
CommandExecution,13813.531,13820.403
Reasoning,13816.406,13821.156
CommandExecution,13832.388,13832.388
CommandExecution,13833.758,13835.933
Reasoning,13837.431,13841.506
CommandExecution,13849.722,13849.723
Reasoning,13852.539,13862.736
CommandExecution,13869.66,13870.218
CommandExecution,13870.422,13870.422
Reasoning,13874.278,13875.496
AgentMessage,13875.501,13878.717
CommandExecution,13848.648,13879.448
Reasoning,13890.271,13891.966
CommandExecution,13899.88,13899.88
McpToolCall,13901.076,13901.682
CommandExecution,13900.065,13905.772
Reasoning,13903.581,13906.736
CommandExecution,13909.041,13909.041
Reasoning,13911.021,13922.021
CommandExecution,13926.038,13926.039
CommandExecution,13926.231,13929.479
Reasoning,13928.918,13934.086
Extension,13937.492,13938.426
CommandExecution,13938.504,13938.505
Reasoning,13940.503,13944.896
CommandExecution,13952.516,13952.516
Reasoning,13956.427,13964.441
CommandExecution,13967.419,13967.42
CommandExecution,13832.571,13986.23
Reasoning,13970.061,13988.896
AgentMessage,13988.898,13990.947
CommandExecution,13992.445,13992.446
CommandExecution,14002.733,14002.733
CommandExecution,14001.638,14007.826
Reasoning,14005.946,14009.207
CommandExecution,14016.335,14016.645
McpToolCall,14016.655,14017.052
Reasoning,14021.001,14038.188
CommandExecution,14042.163,14042.221
McpToolCall,14042.23,14042.482
Reasoning,14047.241,14060.576
CommandExecution,14062.015,14062.275
Reasoning,14077.451,14080.171
CommandExecution,14072.262,14080.378
AgentMessage,14080.176,14083.201
CommandExecution,14091.28,14091.281
McpToolCall,14092.364,14092.729
CommandExecution,14091.355,14096.14
Reasoning,14096.281,14110.486
CommandExecution,14073.446,14113.956
Extension,14110.691,14155.693
CommandExecution,14169.377,14169.377
CommandExecution,14169.394,14169.394
CommandExecution,14169.54,14169.85
Reasoning,14171.716,14174.531
AgentMessage,14174.544,14176.367
Reasoning,14176.371,14192.491
Extension,14192.695,14237.696
CommandExecution,14245.623,14246.201
Reasoning,14248.997,14267.172
Reasoning,14267.176,14274.917
Extension,14274.984,14319.985
Reasoning,14321.975,14323.958
AgentMessage,14323.961,14326.426
CommandExecution,14333.919,14333.919
Reasoning,14336.292,14344.866
CommandExecution,14071.077,14351.773
CommandExecution,14351.846,14351.847
Reasoning,14354.716,14358.621
CommandExecution,14384.054,14385.215
Reasoning,14386.791,14387.271
Reasoning,14390.436,14403.687
AgentMessage,14403.697,14428.742
CommandExecution,13752.205,14634.574
AgentMessage,17659.274,17660.849
CommandExecution,17666.687,17666.687
Extension,17666.717,17668.624
Reasoning,17671.099,17674.9
CommandExecution,17684.47,17684.47
CommandExecution,17684.605,17685.523
Reasoning,17688.354,17691.67
CommandExecution,17700.865,17700.866
CommandExecution,17700.936,17700.936
Reasoning,17703.354,17718.9
CommandExecution,17684.635,17728.379
Reasoning,17718.904,17737.484
AgentMessage,17737.487,17740.309
CommandExecution,17743.543,17743.544
Extension,17743.588,17744.65
Reasoning,17747.069,17762.602
CommandExecution,17797.092,17797.093
CommandExecution,17796.012,17805.476
Reasoning,17799.096,17807.514
CommandExecution,17815.681,17815.682
CommandExecution,17815.751,17815.751
Reasoning,17817.625,17820.149
CommandExecution,17823.005,17823.005
Reasoning,17825.689,17827.714
CommandExecution,17835.958,17835.958
CommandExecution,17836.035,17836.035
Reasoning,17838.234,17853.794
Reasoning,17853.797,17869.365
AgentMessage,17869.369,17872.64
CommandExecution,17938.611,17939.47
Reasoning,17942.154,17957.695
Reasoning,17957.698,17958.93
Reasoning,17982.39,17994.474
CommandExecution,18002.434,18002.435
CommandExecution,18002.565,18003.169
CommandExecution,18002.593,18003.335
CommandExecution,18002.538,18008.04
Reasoning,18007.049,18019.554
CommandExecution,18023.038,18023.039
Reasoning,18025.344,18031.909
CommandExecution,18056.678,18059.182
Reasoning,18063.754,18065.889
CommandExecution,18076.182,18076.301
CommandExecution,18077.67,18079.648
Reasoning,18080.964,18082.87
AgentMessage,18082.873,18085.555
Reasoning,18085.557,18102.492
CommandExecution,18110.538,18110.741
Reasoning,18112.694,18129.074
CommandExecution,18132.981,18132.981
CommandExecution,18109.355,18139.548
Reasoning,18136.979,18152.785
CommandExecution,18157.215,18157.215
CommandExecution,18157.346,18162.844
Reasoning,18161.54,18177.66
Reasoning,18177.664,18185.299
AgentMessage,18185.303,18188.009
CommandExecution,18189.381,18189.381
Reasoning,18193.144,18194.324
CommandExecution,18197.756,18197.757
CommandExecution,18076.486,18215.451
Reasoning,18207.994,18225.646
CommandExecution,18227.002,18227.002
Reasoning,18232.244,18233.824
CommandExecution,18239.925,18242.555
Reasoning,18242.83,18260.994
CommandExecution,18265.629,18265.944
McpToolCall,18265.951,18266.595
Reasoning,18269.0,18286.5
CommandExecution,18287.849,18288.164
CommandExecution,18297.423,18306.45
Reasoning,18304.521,18323.531
Reasoning,18323.533,18333.334
AgentMessage,18333.337,18335.084
CommandExecution,18297.481,18338.907
CommandExecution,18344.242,18344.243
Reasoning,18348.549,18358.569
CommandExecution,18377.628,18377.628
CommandExecution,18377.813,18378.126
Reasoning,18382.109,18397.99
Reasoning,18397.993,18415.339
Extension,18415.567,18460.567
CommandExecution,18475.877,18476.556
Reasoning,18479.68,18485.55
AgentMessage,18485.553,18487.39
Reasoning,18487.393,18504.092
CommandExecution,18511.274,18511.275
Reasoning,18513.651,18529.336
Reasoning,18529.34,18544.28
CommandExecution,18297.451,18572.823
Extension,18544.573,18574.574
CommandExecution,18583.001,18583.001
Reasoning,18585.489,18587.814
CommandExecution,18615.175,18616.248
Reasoning,18618.374,18619.024
AgentMessage,18622.671,18638.85
CommandExecution,17978.873,18691.968
AgentMessage,19806.374,19808.074
CommandExecution,19811.381,19811.382
ContextCompaction,19811.418,19994.726
CommandExecution,20000.776,20000.776
CommandExecution,20000.837,20000.837
Reasoning,20002.46,20002.885
AgentMessage,20002.889,20005.71
CommandExecution,20009.706,20009.707
CommandExecution,20009.78,20009.781
Reasoning,20011.495,20012.319
CommandExecution,20017.142,20017.143
CommandExecution,20017.21,20017.211
Reasoning,20018.824,20021.465
CommandExecution,20023.604,20023.605
Reasoning,20025.03,20025.765
AgentMessage,20077.11,20078.755
Reasoning,20094.009,20094.839
CommandExecution,20098.507,20098.507
Reasoning,20193.62,20194.689
AgentMessage,20194.699,20197.965
CommandExecution,20203.978,20203.984
CommandExecution,20204.066,20204.066
Reasoning,20205.694,20207.095
CommandExecution,20217.973,20222.012
Reasoning,20221.471,20223.0
CommandExecution,20189.458,20223.604
CommandExecution,20228.353,20229.801
Reasoning,20234.184,20235.674
CommandExecution,20246.25,20246.25
Reasoning,20248.464,20250.41
AgentMessage,20250.414,20252.574
CommandExecution,20263.032,20263.166
CommandExecution,20245.153,20264.761
Reasoning,20264.572,20265.27
CommandExecution,20269.05,20269.05
CommandExecution,20269.116,20269.116
Reasoning,20272.396,20272.86
CommandExecution,20283.25,20283.421
CommandExecution,20282.063,20287.53
Reasoning,20287.654,20288.214
CommandExecution,20291.649,20291.65
Reasoning,20295.39,20296.62
CommandExecution,20299.019,20299.019
Reasoning,20302.32,20303.831
Reasoning,20319.644,20320.981
AgentMessage,20320.986,20323.12
CommandExecution,20316.419,20326.777
CommandExecution,20327.404,20327.404
Reasoning,20329.509,20330.364
CommandExecution,20340.454,20340.455
Reasoning,20342.155,20345.781
Extension,20349.879,20350.981
CommandExecution,20351.063,20351.064
Reasoning,20352.769,20363.0
CommandExecution,20366.219,20366.22
Extension,20366.274,20367.315
CommandExecution,20339.313,20374.997
Reasoning,20370.355,20377.535
CommandExecution,20283.611,20424.162
CommandExecution,20436.735,20436.736
Reasoning,20440.719,20442.1
CommandExecution,20451.243,20451.244
Reasoning,20453.965,20454.34
AgentMessage,20454.343,20456.644
CommandExecution,20466.81,20466.81
Reasoning,20468.359,20471.33
CommandExecution,20465.728,20471.343
CommandExecution,20451.439,20478.216
CommandExecution,20478.309,20478.309
McpToolCall,20478.323,20478.76
Reasoning,20480.472,20481.35
CommandExecution,20464.539,20481.831
CommandExecution,20493.902,20493.902
Reasoning,20495.66,20498.655
CommandExecution,20503.068,20503.457
Extension,20503.494,20504.644
Reasoning,20506.535,20518.923
McpToolCall,20526.017,20526.396
CommandExecution,20527.67,20527.671
CommandExecution,20526.583,20529.314
Reasoning,20541.059,20548.634
CommandExecution,20537.961,20548.653
AgentMessage,20548.637,20551.13
CommandExecution,20536.77,20598.912
CommandExecution,20602.941,20602.942
Reasoning,20604.829,20615.325
CommandExecution,20617.668,20618.003
Reasoning,20621.92,20639.055
Reasoning,20639.058,20642.328
CommandExecution,20650.748,20650.749
CommandExecution,20650.86,20650.86
Reasoning,20654.67,20667.49
CommandExecution,20670.262,20670.553
CommandExecution,20670.623,20670.624
Reasoning,20678.242,20680.765
CommandExecution,20690.635,20691.797
Reasoning,20695.785,20712.826
Reasoning,20712.829,20713.584
CommandExecution,20716.913,20716.913
Reasoning,20723.889,20741.42
Reasoning,20741.423,20746.105
CommandExecution,20747.931,20747.932
CommandExecution,20747.999,20747.999
Reasoning,20749.93,20767.77
CommandExecution,20774.059,20774.06
Reasoning,20776.044,20777.31
AgentMessage,20777.331,20780.051
Reasoning,20780.055,20796.221
Reasoning,20796.226,20803.189
CommandExecution,20807.637,20807.993
Reasoning,20810.05,20825.653
Reasoning,20825.656,20844.598
CommandExecution,20846.815,20846.816
CommandExecution,20846.885,20846.886
Reasoning,20850.104,20853.79
CommandExecution,20535.579,20854.263
CommandExecution,20895.647,20897.366
Reasoning,20898.875,20907.696
CommandExecution,20909.351,20909.351
Reasoning,20913.789,20929.344
AgentMessage,20929.359,20933.134
CommandExecution,20962.379,20964.566
Reasoning,20966.124,20967.451
CommandExecution,20974.024,20974.024
Reasoning,20977.055,20992.08
CommandExecution,20997.235,20997.237
Reasoning,21000.839,21019.77
Reasoning,21019.773,21033.785
CommandExecution,21055.556,21056.691
Reasoning,21058.689,21060.484
CommandExecution,21067.444,21067.445
Reasoning,21069.749,21075.759
AgentMessage,21075.762,21078.144
AgentMessage,21083.8,21084.94
CommandExecution,21090.125,21090.125
Reasoning,21094.186,21114.274
Reasoning,21114.278,21133.515
Reasoning,21133.518,21147.14
CommandExecution,21200.961,21201.186
Reasoning,21204.939,21225.209
Reasoning,21225.213,21233.456
AgentMessage,21233.458,21235.541
CommandExecution,21240.657,21240.657
Extension,21240.684,21242.989
Reasoning,21245.771,21263.24
Reasoning,21263.243,21267.206
CommandExecution,21280.405,21280.771
Reasoning,21283.07,21301.949
Reasoning,21301.952,21319.161
Reasoning,21319.164,21340.954
Reasoning,21340.957,21356.954
Reasoning,21356.957,21377.564
Reasoning,21377.567,21395.49
Reasoning,21395.493,21414.389
CommandExecution,21439.214,21439.377
Reasoning,21441.279,21447.429
CommandExecution,21464.589,21464.835
Reasoning,21467.624,21487.049
Reasoning,21487.052,21505.979
Reasoning,21505.982,21515.304
AgentMessage,21515.307,21517.68
CommandExecution,21572.589,21572.59
Reasoning,21575.899,21592.34
Reasoning,21592.343,21607.965
Reasoning,21607.967,21625.484
Reasoning,21625.487,21647.946
Reasoning,21647.949,21649.18
CommandExecution,21651.41,21651.41
Reasoning,21654.764,21667.455
AgentMessage,21667.457,21668.504
CommandExecution,21681.51,21681.77
Reasoning,21683.979,21703.679
Reasoning,21703.683,21720.16
Reasoning,21720.162,21736.604
Reasoning,21761.584,21778.635
Reasoning,21778.638,21779.294
CommandExecution,21782.443,21782.443
Reasoning,21786.014,21799.799
CommandExecution,21873.596,21873.597
Reasoning,21876.904,21894.664
Reasoning,21894.667,21914.769
Reasoning,21914.774,21915.961
CommandExecution,21920.773,21920.773
Reasoning,21924.51,21934.773
CommandExecution,21944.158,21945.257
Reasoning,21949.419,21965.469
Reasoning,21965.472,21980.449
Reasoning,21980.454,21985.459
CommandExecution,21990.13,21990.134
Reasoning,21996.424,22016.44
Reasoning,22016.448,22036.374
Reasoning,22036.376,22050.814
Reasoning,22050.816,22054.079
CommandExecution,22056.799,22056.8
Reasoning,22058.659,22075.464
Reasoning,22075.467,22094.814
Reasoning,22094.816,22100.709
CommandExecution,22103.118,22103.118
Reasoning,22107.369,22124.194
Reasoning,22141.004,22159.154
Reasoning,22159.157,22164.899
CommandExecution,22173.795,22175.267
Reasoning,22177.738,22194.899
AgentMessage,22194.902,22197.734
CommandExecution,22247.007,22247.007
Reasoning,22249.819,22251.684
CommandExecution,22256.082,22256.083
Reasoning,22260.578,22277.704
CommandExecution,22294.513,22295.682
Reasoning,22298.184,22314.731
Reasoning,22314.748,22319.559
CommandExecution,22325.284,22325.284
Reasoning,22329.456,22349.819
Reasoning,22349.823,22368.544
Reasoning,22368.547,22387.624
Reasoning,22387.627,22404.829
Reasoning,22404.833,22418.419
CommandExecution,22419.796,22419.796
Reasoning,22422.004,22422.633
CommandExecution,22428.545,22428.545
Reasoning,22431.549,22447.837
Reasoning,22447.84,22463.899
Reasoning,22463.902,22479.749
Reasoning,22479.752,22497.695
Reasoning,22497.699,22515.72
Reasoning,22515.729,22518.894
CommandExecution,22521.687,22521.687
Reasoning,22528.984,22547.614
Reasoning,22547.617,22564.214
Reasoning,22564.217,22588.009
CommandExecution,22588.25,22588.536
Reasoning,22590.669,22608.105
Reasoning,22608.109,22624.566
Reasoning,22624.569,22641.464
Reasoning,22641.467,22658.395
Reasoning,22658.397,22676.97
Reasoning,22676.973,22694.975
Reasoning,22694.982,22713.085
Reasoning,22713.088,22727.56
CommandExecution,22730.581,22733.082
Reasoning,22734.744,22738.72
CommandExecution,22755.679,22755.679
Reasoning,22758.544,22774.876
Reasoning,22774.879,22790.947
Reasoning,22790.95,22807.196
Reasoning,22807.202,22824.232
Reasoning,22824.236,22827.104
AgentMessage,22827.107,22828.86
CommandExecution,22872.693,22872.693
Reasoning,22877.405,22894.185
Reasoning,22894.189,22912.91
Reasoning,22912.913,22928.18
Reasoning,22928.183,22944.3
CommandExecution,23056.607,23058.747
Reasoning,23062.481,23078.041
Reasoning,23078.044,23094.581
Reasoning,23094.585,23113.757
CommandExecution,23142.971,23146.587
Reasoning,23146.75,23162.311
Reasoning,23162.314,23177.822
Reasoning,23177.825,23182.414
CommandExecution,23204.779,23213.376
Reasoning,23209.046,23224.647
Reasoning,23224.649,23240.322
CommandExecution,23244.512,23244.513
Reasoning,23249.106,23254.536
CommandExecution,23261.104,23261.104
Reasoning,23264.631,23280.111
Reasoning,23280.116,23296.501
Reasoning,23296.504,23311.541
Reasoning,23311.552,23326.496
CommandExecution,23352.704,23352.705
Reasoning,23356.296,23373.022
Reasoning,23373.024,23393.296
Reasoning,23393.316,23410.406
Reasoning,23410.411,23415.146
CommandExecution,23416.858,23416.859
Reasoning,23419.416,23434.966
Reasoning,23434.969,23450.516
Reasoning,23450.519,23466.616
Reasoning,23466.619,23483.331
CommandExecution,23486.786,23486.786
Reasoning,23490.756,23508.822
Reasoning,23508.824,23531.071
Reasoning,23531.074,23543.996
AgentMessage,23543.999,23545.881
CommandExecution,23559.456,23568.146
Reasoning,23563.464,23580.521
Reasoning,23580.526,23599.771
Reasoning,23599.775,23618.931
Reasoning,23618.934,23635.451
CommandExecution,23641.226,23650.214
Reasoning,23647.296,23668.418
Reasoning,23668.421,23690.486
Reasoning,23690.489,23700.958
CommandExecution,23703.909,23703.909
Reasoning,23707.461,23725.796
Reasoning,23725.799,23730.231
CommandExecution,23736.017,23736.017
Reasoning,23738.942,23755.546
Reasoning,23755.549,23771.661
Reasoning,23771.664,23788.252
Reasoning,23788.257,23806.396
Reasoning,23806.399,23824.299
CommandExecution,23849.718,23852.83
Reasoning,23857.186,23857.641
ContextCompaction,23861.733,24140.598
Reasoning,24142.566,24143.072
AgentMessage,24143.086,24144.666
CommandExecution,24146.387,24146.388
CommandExecution,24154.66,24154.661
CommandExecution,24154.735,24154.736
Reasoning,24156.402,24157.077
CommandExecution,24160.058,24160.059
CommandExecution,24160.138,24160.139
Reasoning,24163.581,24164.161
CommandExecution,24191.935,24191.935
CommandExecution,24190.822,24193.828
Reasoning,24193.232,24193.911
CommandExecution,24196.763,24196.763
Reasoning,24198.306,24198.876
CommandExecution,24208.989,24215.907
Reasoning,24215.472,24217.086
AgentMessage,24217.116,24219.772
CommandExecution,24226.919,24226.92
CommandExecution,24227.001,24227.001
Reasoning,24229.056,24229.812
CommandExecution,24267.983,24268.04
Reasoning,24274.936,24276.136
CommandExecution,24280.155,24280.156
CommandExecution,24280.368,24281.215
Reasoning,24283.076,24284.272
CommandExecution,24311.46,24311.461
CommandExecution,24310.353,24314.289
Reasoning,24313.696,24315.644
CommandExecution,24326.187,24326.687
Reasoning,24329.386,24330.262
CommandExecution,24332.835,24332.835
Reasoning,24339.916,24341.912
CommandExecution,24344.323,24344.323
Reasoning,24347.961,24351.842
CommandExecution,24354.201,24354.201
Reasoning,24357.344,24362.902
CommandExecution,24366.041,24366.042
CommandExecution,24366.15,24366.151
CommandExecution,24324.978,24371.215
Reasoning,24369.196,24372.308
CommandExecution,24398.865,24398.865
Reasoning,24403.808,24404.878
CommandExecution,24210.209,24405.066
AgentMessage,24404.886,24407.146
CommandExecution,24414.196,24414.197
Reasoning,24417.292,24417.936
CommandExecution,24413.077,24419.869
CommandExecution,24423.728,24423.728
Reasoning,24425.477,24427.161
CommandExecution,24422.637,24427.428
McpToolCall,24431.572,24432.247
Reasoning,24434.296,24436.808
CommandExecution,24440.312,24440.313
Reasoning,24443.242,24443.782
CommandExecution,24448.203,24448.204
McpToolCall,24448.226,24448.482
Reasoning,24451.346,24454.672
CommandExecution,24455.826,24455.826
Reasoning,24459.117,24460.671
CommandExecution,24500.539,24500.86
CommandExecution,24499.327,24502.885
Reasoning,24502.781,24503.282
Reasoning,24516.554,24517.702
CommandExecution,24522.475,24522.476
CommandExecution,24511.821,24524.247
Reasoning,24529.347,24530.356
AgentMessage,24530.37,24532.876
Reasoning,24532.878,24552.052
CommandExecution,24513.036,24569.358
CommandExecution,24578.584,24578.603
CommandExecution,24578.818,24579.141
Reasoning,24580.866,24596.582
CommandExecution,24603.172,24603.173
McpToolCall,24603.189,24603.69
Reasoning,24605.911,24610.486
CommandExecution,24619.55,24619.55
Reasoning,24626.466,24632.167
AgentMessage,24632.17,24633.787
CommandExecution,24635.371,24635.372
Reasoning,24638.792,24639.516
CommandExecution,24659.805,24659.805
CommandExecution,24658.713,24659.953
Reasoning,24662.666,24666.309
CommandExecution,24672.086,24672.086
Reasoning,24679.548,24684.307
CommandExecution,24690.389,24690.571
Reasoning,24693.742,24708.092
CommandExecution,24723.938,24723.938
CommandExecution,24724.037,24724.038
Reasoning,24725.906,24729.376
CommandExecution,24733.452,24733.453
Reasoning,24737.676,24738.673
AgentMessage,24738.691,24740.542
CommandExecution,24762.301,24764.221
Reasoning,24765.203,24783.732
CommandExecution,24786.065,24786.065
Reasoning,24793.436,24797.896
CommandExecution,24802.199,24802.199
Reasoning,24804.327,24817.081
CommandExecution,24819.515,24819.516
CommandExecution,24819.585,24819.585
Reasoning,24821.596,24822.479
CommandExecution,24831.144,24831.319
Reasoning,24833.319,24850.431
CommandExecution,24510.606,24860.628
CommandExecution,24884.6,24884.621
Reasoning,24886.936,24888.007
CommandExecution,24891.437,24891.437
Reasoning,24893.432,24894.262
CommandExecution,24897.755,24897.755
Reasoning,24901.722,24904.971
AgentMessage,24904.974,24907.626
CommandExecution,24910.698,24910.698
Reasoning,24914.311,24928.047
CommandExecution,24957.102,24957.102
Reasoning,24959.121,24966.524
CommandExecution,25003.639,25006.73
Reasoning,25006.546,25007.271
CommandExecution,25013.136,25013.136
Reasoning,25015.402,25021.372
AgentMessage,25021.375,25023.461
AgentMessage,25027.267,25028.936
CommandExecution,25038.139,25038.14
CommandExecution,25038.246,25038.247
Reasoning,25040.292,25047.572
CommandExecution,25057.956,25058.241
CommandExecution,25058.315,25058.316
Reasoning,25060.522,25081.612
Reasoning,25081.616,25103.142
Reasoning,25103.146,25123.717
Reasoning,25123.72,25136.691
CommandExecution,25139.938,25139.938
Reasoning,25142.156,25143.007
AgentMessage,25143.009,25145.561
CommandExecution,25164.677,25164.678
Reasoning,25166.876,25191.581
Reasoning,25191.584,25212.906
Reasoning,25212.91,25232.994
CommandExecution,25269.099,25269.099
Reasoning,25271.776,25273.466
CommandExecution,25277.636,25277.636
Reasoning,25281.136,25300.496
Reasoning,25300.5,25320.956
CommandExecution,25342.563,25342.563
CommandExecution,25341.452,25345.519
Reasoning,25344.691,25348.512
CommandExecution,25354.421,25354.421
Reasoning,25359.321,25380.526
Reasoning,25380.536,25394.656
CommandExecution,25441.556,25441.96
Reasoning,25446.086,25474.292
CommandExecution,25492.748,25492.748
Reasoning,25495.969,25501.351
AgentMessage,25501.355,25507.642
CommandExecution,25513.831,25513.831
CommandExecution,25512.73,25514.833
Reasoning,25517.626,25522.396
Extension,25524.031,25525.001
Reasoning,25527.732,25529.096
Extension,25531.82,25533.601
CommandExecution,25533.664,25533.664
Reasoning,25536.086,25558.832
Reasoning,25558.835,25573.857
Extension,25578.341,25579.553
CommandExecution,25579.628,25579.628
Reasoning,25582.293,25606.576
Reasoning,25606.586,25621.457
Reasoning,25621.46,25639.227
Reasoning,25639.23,25655.642
Reasoning,25655.645,25673.372
Reasoning,25673.375,25692.062
Reasoning,25692.132,25699.636
CommandExecution,25741.975,25741.975
Reasoning,25750.556,25776.103
Reasoning,25776.112,25786.696
CommandExecution,25823.943,25824.853
Reasoning,25827.831,25828.526
CommandExecution,25833.916,25833.916
Reasoning,25836.196,25858.477
Reasoning,25858.48,25877.572
CommandExecution,25908.27,25909.538
CommandExecution,25909.463,25912.235
Reasoning,25913.156,25925.596
CommandExecution,25936.394,25936.395
CommandExecution,25936.476,25936.477
Reasoning,25939.106,25957.292
Reasoning,25957.295,25975.097
CommandExecution,26004.469,26004.469
Reasoning,26008.751,26024.041
CommandExecution,26027.401,26027.402
CommandExecution,26027.593,26029.491
Reasoning,26031.022,26042.476
CommandExecution,26043.068,26043.068
Reasoning,26045.642,26066.318
Reasoning,26066.321,26076.021
CommandExecution,26079.07,26079.07
CommandExecution,26079.154,26079.154
Reasoning,26083.776,26084.259
CommandExecution,26085.841,26085.842
Reasoning,26091.462,26110.142
Reasoning,26110.145,26124.047
Reasoning,26172.266,26174.167
AgentMessage,26174.182,26177.091
CommandExecution,26169.079,26178.459
CommandExecution,26226.354,26226.89
Reasoning,26229.256,26233.536
CommandExecution,26238.238,26238.239
Reasoning,26240.912,26254.592
CommandExecution,26257.093,26257.093
Reasoning,26259.672,26281.357
Reasoning,26281.361,26305.347
Reasoning,26305.35,26321.792
Reasoning,26321.795,26339.582
Reasoning,26339.585,26359.577
Reasoning,26359.583,26382.352
Reasoning,26382.357,26386.597
AgentMessage,26386.6,26388.564
CommandExecution,26405.445,26406.152
Reasoning,26409.826,26411.533
CommandExecution,26406.343,26413.302
CommandExecution,26419.476,26419.476
Reasoning,26423.782,26441.834
Reasoning,26441.84,26460.708
Reasoning,26460.711,26476.272
CommandExecution,26508.874,26509.76
CommandExecution,26509.833,26509.833
Reasoning,26512.097,26519.047
CommandExecution,26538.812,26538.812
Reasoning,26542.947,26561.357
Reasoning,26561.36,26580.373
Reasoning,26580.376,26600.132
Reasoning,26600.135,26609.487
CommandExecution,26613.273,26613.274
Reasoning,26618.672,26621.687
Reasoning,26719.801,26724.52
CommandExecution,26715.983,26729.164
CommandExecution,26730.975,26730.976
Reasoning,26735.965,26757.17
Reasoning,26757.173,26776.816
Reasoning,26776.82,26794.052
Extension,26800.995,26803.057
CommandExecution,26803.138,26803.138
Reasoning,26805.761,26821.812
CommandExecution,26855.319,26856.548
Reasoning,26858.942,26877.958
Reasoning,26877.961,26887.372
CommandExecution,26956.251,26956.252
Reasoning,26960.053,26962.178
AgentMessage,26962.193,26963.949
CommandExecution,26968.462,26982.737
Reasoning,26972.144,26989.009
CommandExecution,26994.681,26994.682
Reasoning,26999.794,27020.794
Reasoning,27020.798,27037.75
Reasoning,27037.753,27043.785
CommandExecution,27051.464,27051.465
CommandExecution,27050.383,27062.196
Reasoning,27054.03,27075.12
CommandExecution,27079.183,27079.436
CommandExecution,27079.628,27161.151
ContextCompaction,27080.655,27323.441
CommandExecution,27331.649,27331.649
Reasoning,27336.517,27336.877
AgentMessage,27336.881,27338.552
CommandExecution,27342.654,27342.655
CommandExecution,27342.74,27342.741
Reasoning,27346.694,27347.547
CommandExecution,27350.165,27350.166
Reasoning,27353.467,27354.732
CommandExecution,27356.93,27356.931
Reasoning,27360.127,27366.248
CommandExecution,27367.018,27367.019
Reasoning,27371.943,27372.428
CommandExecution,27389.786,27389.786
Reasoning,27392.275,27392.928
CommandExecution,27388.7,27393.526
CommandExecution,27399.889,27400.161
Reasoning,27403.108,27404.653
AgentMessage,27404.663,27406.223
CommandExecution,27438.09,27438.09
CommandExecution,27436.947,27439.716
Reasoning,27439.914,27441.323
CommandExecution,27457.898,27458.365
Reasoning,27469.078,27469.643
CommandExecution,27479.82,27480.743
CommandExecution,27480.807,27480.808
Reasoning,27484.318,27486.354
CommandExecution,27478.638,27489.126
Extension,27496.541,27498.084
CommandExecution,27498.144,27498.145
Reasoning,27500.978,27501.798
CommandExecution,27435.763,27504.429
Reasoning,27523.109,27523.618
CommandExecution,27529.883,27529.883
Reasoning,27534.814,27535.524
CommandExecution,27518.009,27553.911
CommandExecution,27583.868,27583.868
Reasoning,27587.184,27600.976
AgentMessage,27600.989,27606.299
CommandExecution,27582.808,27653.639
CommandExecution,27670.397,27671.403
Reasoning,27673.981,27674.62
CommandExecution,27685.139,27685.139
CommandExecution,27684.081,27691.934
Reasoning,27687.195,27692.165
CommandExecution,27697.031,27697.031
McpToolCall,27697.046,27697.606
Reasoning,27700.06,27701.02
CommandExecution,27705.146,27705.146
Reasoning,27708.534,27717.24
Reasoning,27795.335,27800.552
McpToolCall,27805.566,27806.025
CommandExecution,27806.211,27806.535
Reasoning,27810.185,27810.8
CommandExecution,27822.383,27824.225
Reasoning,27826.306,27828.395
CommandExecution,27820.014,27830.161
CommandExecution,27831.247,27831.248
Reasoning,27835.474,27840.111
CommandExecution,27787.333,27845.366
CommandExecution,27872.418,27873.144
Reasoning,27880.372,27881.196
AgentMessage,27881.207,27883.707
CommandExecution,27821.198,27884.474
CommandExecution,27890.766,27891.068
Reasoning,27894.04,27898.591
CommandExecution,27901.169,27901.17
Reasoning,27904.45,27918.161
CommandExecution,27958.201,27958.201
CommandExecution,27958.387,27959.157
Reasoning,27962.621,27963.436
CommandExecution,27992.085,27997.012
Reasoning,28001.103,28027.407
CommandExecution,27682.896,28039.393
CommandExecution,28045.592,28046.183
Reasoning,28048.091,28050.911
AgentMessage,28050.921,28053.256
CommandExecution,28095.585,28098.374
Reasoning,28099.406,28105.141
CommandExecution,28110.365,28110.365
AgentMessage,28113.152,28117.191
AgentMessage,28121.197,28123.337
CommandExecution,28125.972,28125.973
Reasoning,28128.482,28151.677
CommandExecution,28152.723,28152.724
Reasoning,28157.217,28161.377
CommandExecution,28162.092,28162.093
Reasoning,28165.747,28184.347
CommandExecution,28222.522,28222.932
Reasoning,28224.897,28225.632
CommandExecution,28226.601,28226.602
Reasoning,28229.212,28235.077
Reasoning,28244.257,28252.952
AgentMessage,28252.972,28254.982
CommandExecution,28240.554,28287.652
CommandExecution,28346.677,28346.678
Reasoning,28349.918,28360.503
CommandExecution,28373.733,28373.733
Reasoning,28377.998,28382.943
Extension,28388.634,28390.14
CommandExecution,28390.2,28390.2
Reasoning,28392.344,28404.493
CommandExecution,28407.876,28407.876
Reasoning,28411.603,28412.568
CommandExecution,28415.925,28415.926
Reasoning,28418.993,28428.318
CommandExecution,28542.29,28547.061
Reasoning,28545.089,28547.454
AgentMessage,28547.457,28550.163
CommandExecution,28554.563,28554.563
Reasoning,28557.013,28561.491
CommandExecution,28561.947,28561.947
Reasoning,28564.787,28586.389
CommandExecution,28615.575,28630.05
Reasoning,28620.969,28634.129
CommandExecution,28639.052,28639.052
Reasoning,28648.233,28650.928
Reasoning,28659.368,28676.657
CommandExecution,28692.796,28692.797
CommandExecution,28691.629,28711.032
Reasoning,28697.419,28711.831
CommandExecution,28713.141,28713.142
Reasoning,28715.101,28718.011
AgentMessage,28718.013,28720.341
CommandExecution,28725.73,28725.731
Reasoning,28727.54,28728.13
CommandExecution,28738.326,28738.326
Reasoning,28741.095,28743.605
AgentMessage,28743.609,28744.49
Reasoning,28744.492,28748.67
CommandExecution,28753.979,28753.979
Reasoning,28756.534,28773.899
Reasoning,28773.902,28784.284
CommandExecution,28737.139,28821.514
CommandExecution,28829.502,28830.173
CommandExecution,28830.245,28830.245
Reasoning,28832.063,28836.522
CommandExecution,28839.733,28839.734
Reasoning,28841.352,28843.042
CommandExecution,28844.607,28844.608
Reasoning,28846.502,28847.426
CommandExecution,28863.653,28864.102
Reasoning,28866.521,28882.516
Reasoning,28882.518,28886.715
CommandExecution,28907.716,28908.91
Reasoning,28910.41,28912.15
AgentMessage,28912.152,28913.815
CommandExecution,28917.402,28917.402
Reasoning,28919.825,28922.47
CommandExecution,28932.078,28934.177
Reasoning,28936.269,28937.564
CommandExecution,28933.261,28939.974
CommandExecution,28943.383,28943.384
Reasoning,28945.589,28960.819
CommandExecution,28986.124,28994.004
Reasoning,28989.058,29009.028
Reasoning,29009.031,29016.818
CommandExecution,29019.437,29019.438
Reasoning,29021.657,29032.832
CommandExecution,29063.125,29064.805
Reasoning,29068.811,29077.081
CommandExecution,29080.607,29080.608
Reasoning,29083.761,29099.301
Reasoning,29099.304,29114.993
Reasoning,29114.997,29128.137
CommandExecution,29135.928,29136.591
CommandExecution,29136.654,29136.655
Reasoning,29139.37,29140.775
CommandExecution,28984.938,29142.925
AgentMessage,29140.78,29143.41
CommandExecution,29156.094,29157.356
Reasoning,29159.125,29165.565
CommandExecution,29134.74,29173.632
Reasoning,29175.565,29176.13
CommandExecution,29188.345,29188.345
Reasoning,29190.967,29207.315
Reasoning,29207.317,29224.526
CommandExecution,29187.248,29225.013
Reasoning,29224.529,29244.579
CommandExecution,29246.905,29246.906
Reasoning,29253.908,29273.581
Reasoning,29273.584,29279.883
CommandExecution,29281.967,29281.968
McpToolCall,29281.984,29282.608
CommandExecution,29171.704,29287.273
Reasoning,29286.224,29302.974
Reasoning,29302.977,29319.908
CommandExecution,29368.868,29368.975
CommandExecution,29369.157,29378.401
Reasoning,29372.257,29387.522
CommandExecution,29394.205,29394.319
McpToolCall,29394.326,29394.767
CommandExecution,29394.822,29394.823
Reasoning,29396.507,29398.157
AgentMessage,29398.161,29400.332
CommandExecution,29402.503,29402.504
Reasoning,29404.672,29408.264
CommandExecution,29426.143,29426.177
CommandExecution,29426.253,29426.253
Reasoning,29429.492,29433.806
CommandExecution,29439.14,29439.45
Reasoning,29441.306,29443.601
Reasoning,29457.351,29462.442
CommandExecution,29453.255,29465.626
CommandExecution,29468.1,29468.436
Reasoning,29470.382,29472.667
CommandExecution,29476.693,29477.625
CommandExecution,29481.848,29483.039
Reasoning,29486.705,29494.301
CommandExecution,29452.067,29512.931
CommandExecution,29518.777,29519.454
CommandExecution,29519.514,29519.514
Reasoning,29521.571,29527.576
CommandExecution,29533.14,29533.538
Reasoning,29538.612,29545.125
CommandExecution,29549.415,29549.415
Reasoning,29551.595,29568.811
Reasoning,29568.817,29577.825
CommandExecution,29587.274,29587.666
CommandExecution,29586.085,29591.478
Reasoning,29589.988,29591.895
AgentMessage,29591.906,29594.035
Reasoning,29594.038,29602.13
CommandExecution,29607.932,29607.933
Reasoning,29609.955,29628.73
Reasoning,29628.734,29645.295
Reasoning,29645.298,29658.485
CommandExecution,29661.924,29662.245
Reasoning,29664.416,29683.965
Reasoning,29683.969,29688.434
CommandExecution,29714.207,29714.58
Reasoning,29716.621,29717.494
CommandExecution,29723.412,29723.748
Reasoning,29726.599,29744.28
Reasoning,29744.289,29760.901
CommandExecution,29788.676,29790.599
CommandExecution,29450.877,29798.598
Reasoning,29794.199,29810.821
Reasoning,29810.824,29819.658
CommandExecution,29823.532,29823.532
Reasoning,29825.769,29842.553
AgentMessage,29842.557,29843.913
CommandExecution,29880.195,29881.19
Reasoning,29883.873,29885.528
AgentMessage,29885.533,29888.408
AgentMessage,29891.553,29893.208
CommandExecution,29895.963,29895.963
Reasoning,29900.253,29916.233
Reasoning,29916.237,29932.288
Reasoning,29932.291,29947.083
CommandExecution,29949.519,29949.519
Reasoning,29952.142,29972.398
CommandExecution,30082.884,30084.265
Reasoning,30086.197,30102.223
Reasoning,30102.226,30112.413
AgentMessage,30112.415,30113.658
CommandExecution,30117.581,30117.581
Reasoning,30122.122,30124.637
CommandExecution,30152.176,30168.355
Reasoning,30173.255,30189.072
CommandExecution,30193.458,30193.458
Reasoning,30196.937,30200.377
CommandExecution,30205.751,30205.751
Reasoning,30207.812,30214.497
CommandExecution,30215.523,30215.523
Reasoning,30218.397,30235.392
Reasoning,30235.395,30252.267
Reasoning,30252.273,30262.648
CommandExecution,30296.417,30300.756
Reasoning,30300.416,30307.597
CommandExecution,30310.814,30310.814
Reasoning,30313.187,30335.817
Reasoning,30335.82,30346.708
Reasoning,30346.711,30360.012
Reasoning,30360.014,30377.207
Reasoning,30377.21,30398.423
Reasoning,30398.427,30414.132
AgentMessage,30414.134,30415.536
Reasoning,30467.491,30484.486
CommandExecution,30461.938,30491.267
Reasoning,30484.489,30501.057
CommandExecution,30502.711,30502.711
Reasoning,30506.076,30523.096
Reasoning,30523.106,30540.308
Reasoning,30540.31,30558.961
Reasoning,30558.963,30567.451
CommandExecution,30633.141,30650.185
ContextCompaction,30634.148,30837.567
CommandExecution,30842.274,30842.274
Reasoning,30843.617,30844.146
AgentMessage,30844.151,30846.211
CommandExecution,30850.328,30850.329
Reasoning,30852.446,30853.206
CommandExecution,30858.832,30858.833
Reasoning,30861.627,30862.806
CommandExecution,30859.015,30862.882
CommandExecution,30872.216,30872.217
Reasoning,30873.637,30875.017
CommandExecution,30871.118,30879.434
CommandExecution,30882.783,30883.045
CommandExecution,30883.12,30883.12
Reasoning,30884.717,30885.502
AgentMessage,30885.507,30887.882
CommandExecution,30895.349,30895.349
Reasoning,30896.982,30899.423
CommandExecution,30902.882,30902.882
Reasoning,30907.292,30910.073
CommandExecution,30928.611,30931.764
Reasoning,30931.542,30933.137
CommandExecution,30936.793,30936.793
Reasoning,30938.687,30941.767
CommandExecution,30950.373,30950.373
Reasoning,30954.332,30960.947
CommandExecution,30949.316,30981.144
Reasoning,30992.593,30993.552
CommandExecution,30984.22,30997.624
CommandExecution,30998.871,30998.872
CommandExecution,31000.161,31000.161
Reasoning,31002.772,31004.779
AgentMessage,31004.782,31006.832
CommandExecution,30999.057,31010.225
CommandExecution,31023.855,31026.173
CommandExecution,31029.919,31029.919
Reasoning,31033.032,31035.357
CommandExecution,31045.752,31045.753
Reasoning,31047.282,31049.743
CommandExecution,31052.395,31052.395
CommandExecution,31044.678,31055.843
CommandExecution,30894.286,31057.146
Reasoning,31058.772,31059.273
CommandExecution,31067.801,31067.801
CommandExecution,31066.657,31070.923
Reasoning,31069.408,31075.078
CommandExecution,31081.632,31081.632
CommandExecution,31081.816,31082.112
Reasoning,31085.493,31087.978
CommandExecution,31092.804,31092.804
McpToolCall,31092.814,31093.388
Reasoning,31094.98,31096.823
CommandExecution,31102.779,31102.779
CommandExecution,31102.963,31103.202
Reasoning,31105.113,31110.483
CommandExecution,31140.608,31142.256
Reasoning,31145.688,31147.303
AgentMessage,31147.314,31149.533
McpToolCall,31155.203,31155.938
CommandExecution,31156.12,31156.416
CommandExecution,31165.039,31178.584
Reasoning,31170.467,31178.757
CommandExecution,31199.887,31199.887
CommandExecution,31198.802,31200.741
Reasoning,31201.62,31210.533
CommandExecution,31218.964,31219.282
Reasoning,31221.628,31223.464
CommandExecution,31224.514,31224.514
CommandExecution,31217.776,31224.599
CommandExecution,31165.099,31225.451
Reasoning,31227.013,31230.088
CommandExecution,31239.878,31240.513
CommandExecution,31240.696,31240.968
Reasoning,31242.798,31253.829
AgentMessage,31253.838,31255.313
CommandExecution,31260.803,31260.804
Reasoning,31268.448,31270.053
CommandExecution,31273.977,31273.977
CommandExecution,31274.162,31274.412
Reasoning,31276.148,31276.67
CommandExecution,31279.973,31280.316
CommandExecution,31280.375,31280.375
CommandExecution,31285.194,31286.292
CommandExecution,31286.35,31286.35
Reasoning,31288.058,31288.758
CommandExecution,31291.138,31291.692
Reasoning,31294.713,31295.485
AgentMessage,31295.488,31297.453
Reasoning,31297.457,31312.228
Reasoning,31343.778,31344.623
CommandExecution,31347.379,31347.379
CommandExecution,31340.605,31348.3
Reasoning,31349.953,31351.644
CommandExecution,31379.485,31379.768
CommandExecution,31378.297,31384.428
Reasoning,31385.269,31393.663
CommandExecution,31422.166,31422.167
Reasoning,31424.228,31424.789
AgentMessage,31424.792,31427.332
Reasoning,31427.334,31430.393
CommandExecution,31441.045,31441.356
CommandExecution,31439.861,31447.786
Reasoning,31446.489,31451.548
CommandExecution,31456.349,31456.349
Reasoning,31465.539,31482.07
CommandExecution,31485.466,31485.467
Reasoning,31488.075,31488.552
CommandExecution,31501.985,31501.985
Reasoning,31506.715,31510.014
CommandExecution,31165.068,31510.486
AgentMessage,31510.019,31511.989
CommandExecution,31500.88,31513.258
Reasoning,31511.993,31530.864
CommandExecution,31540.085,31540.086
Reasoning,31544.263,31545.849
CommandExecution,31578.188,31578.485
Reasoning,31583.599,31594.414
AgentMessage,31594.449,31598.594
CommandExecution,31600.871,31601.056
CommandExecution,31578.667,31616.228
Reasoning,31606.284,31626.08
CommandExecution,31676.418,31676.418
Reasoning,31679.774,31692.33
CommandExecution,31696.56,31696.793
CommandExecution,31695.375,31713.691
Reasoning,31704.519,31722.38
CommandExecution,31737.112,31737.38
CommandExecution,31735.924,31744.743
Reasoning,31740.184,31748.449
CommandExecution,31750.156,31750.157
Reasoning,31752.149,31755.469
CommandExecution,31774.729,31777.855
Reasoning,31778.204,31790.904
CommandExecution,31801.485,31802.79
CommandExecution,31802.668,31806.702
Reasoning,31806.119,31815.729
CommandExecution,31837.127,31845.889
Reasoning,31842.744,31854.459
AgentMessage,31854.463,31856.569
CommandExecution,31877.9,31878.143
CommandExecution,31878.327,31880.11
Reasoning,31885.389,31898.139
CommandExecution,31907.734,31934.172
Reasoning,31912.776,31941.719
CommandExecution,31944.74,31944.74
Reasoning,31949.079,31950.499
CommandExecution,31968.007,31969.107
Reasoning,31971.984,31972.709
AgentMessage,31972.714,31975.414
Reasoning,31975.417,31980.165
CommandExecution,31985.319,31985.32
CommandExecution,31966.822,32003.034
CommandExecution,31838.31,32006.837
Reasoning,31996.464,32013.94
CommandExecution,32051.605,32051.605
Reasoning,32054.554,32055.339
CommandExecution,32072.194,32072.195
Reasoning,32075.829,32077.279
CommandExecution,32071.12,32082.409
CommandExecution,32069.938,32097.991
Reasoning,32087.352,32107.735
CommandExecution,32112.469,32112.767
McpToolCall,32112.775,32113.324
Reasoning,32115.91,32121.654
CommandExecution,32124.618,32124.619
Reasoning,32127.319,32134.675
CommandExecution,32180.615,32180.811
CommandExecution,32180.881,32180.882
Reasoning,32185.734,32194.829
CommandExecution,32202.305,32202.598
McpToolCall,32202.605,32203.11
Reasoning,32205.734,32207.494
CommandExecution,32217.652,32233.01
Reasoning,32221.952,32258.969
Reasoning,32258.984,32266.86
AgentMessage,32266.863,32268.474
CommandExecution,32273.381,32273.809
CommandExecution,32217.625,32293.712
Reasoning,32277.889,32295.484
Reasoning,32295.494,32301.119
CommandExecution,32303.112,32303.113
Reasoning,32305.979,32321.664
CommandExecution,32358.119,32358.352
Reasoning,32363.112,32367.854
CommandExecution,32373.379,32373.668
CommandExecution,32373.852,32380.671
Reasoning,32377.266,32381.594
AgentMessage,32381.599,32383.624
Reasoning,32383.626,32396.974
CommandExecution,32406.473,32406.473
Reasoning,32414.471,32435.589
CommandExecution,32436.427,32436.427
Reasoning,32442.459,32444.989
CommandExecution,32523.768,32525.396
Reasoning,32527.908,32546.599
AgentMessage,32546.609,32550.414
CommandExecution,32554.085,32554.086
Reasoning,32557.397,32582.219
CommandExecution,32217.597,32609.04
Extension,32582.596,32612.598
CommandExecution,32622.351,32622.352
Reasoning,32625.558,32658.45
CommandExecution,32713.431,32713.431
CommandExecution,32713.519,32713.519
CommandExecution,32712.363,32715.521
Reasoning,32718.794,32720.379
Reasoning,32725.684,32741.179
AgentMessage,32741.284,32747.158
AgentMessage,32756.614,32763.652
CommandExecution,32767.82,32767.821
Reasoning,32771.194,32789.299
CommandExecution,32792.073,32792.073
Reasoning,32798.654,32811.837
CommandExecution,32813.32,32813.32
Reasoning,32817.844,32830.274
CommandExecution,32834.202,32834.202
Reasoning,32837.659,32858.154
AgentMessage,32858.157,32859.534
CommandExecution,32863.455,32863.456
CommandExecution,32903.301,32903.416
Reasoning,32905.664,32910.734
CommandExecution,32916.484,32916.484
Reasoning,32921.044,32929.175
CommandExecution,32941.5,32941.656
Reasoning,32944.784,32967.0
Reasoning,32967.007,32980.694
CommandExecution,32982.95,32982.951
Reasoning,32986.049,32995.869
CommandExecution,33044.695,33044.695
Reasoning,33047.574,33069.54
Reasoning,33069.544,33098.434
Reasoning,33098.437,33110.489
AgentMessage,33110.492,33115.194
CommandExecution,33178.371,33178.371
Reasoning,33186.794,33207.134
CommandExecution,33238.179,33238.179
CommandExecution,33237.104,33247.221
Reasoning,33243.144,33286.479
Reasoning,33286.484,33288.264
AgentMessage,33288.266,33289.964
CommandExecution,33298.541,33298.542
Reasoning,33303.221,33328.674
Reasoning,33328.677,33336.664
CommandExecution,33362.349,33372.014
Reasoning,33369.245,33401.269
Reasoning,33401.272,33437.47
Reasoning,33437.475,33464.329
CommandExecution,33485.336,33505.006
Reasoning,33491.039,33526.284
Reasoning,33526.287,33558.774
Reasoning,33558.779,33586.025
Reasoning,33586.029,33594.709
CommandExecution,33650.785,33650.811
CommandExecution,33650.889,33650.89
Reasoning,33654.664,33681.204
Reasoning,33681.207,33709.804
Reasoning,33709.808,33744.644
Reasoning,33744.648,33774.589
AgentMessage,33774.592,33777.969
CommandExecution,33789.184,33789.652
CommandExecution,33790.949,33790.949
Reasoning,33794.374,33818.264
Reasoning,33818.267,33841.649
CommandExecution,33875.592,33875.592
CommandExecution,33874.521,33876.076
Reasoning,33879.279,33908.814
Reasoning,33908.817,33933.71
Reasoning,33933.715,33955.739
Reasoning,33955.749,33957.194
CommandExecution,33789.834,33957.308
CommandExecution,33959.868,33959.869
CommandExecution,33975.809,33980.305
Reasoning,33985.719,33987.904
AgentMessage,33987.909,33989.659
Reasoning,33989.663,34005.769
CommandExecution,33976.992,34012.294
CommandExecution,34012.475,34012.803
Reasoning,34015.309,34016.144
McpToolCall,34028.634,34029.204
CommandExecution,34029.28,34029.28
Reasoning,34032.544,34036.879
CommandExecution,34027.626,34039.63
Extension,34037.852,34082.853
McpToolCall,34094.567,34094.934
CommandExecution,34095.116,34095.533
CommandExecution,34107.543,34123.299
Reasoning,34114.753,34130.283
Reasoning,34130.286,34145.845
Reasoning,34145.848,34158.614
AgentMessage,34158.616,34160.719
CommandExecution,34166.018,34166.364
CommandExecution,34107.487,34176.954
Reasoning,34170.398,34186.444
CommandExecution,34188.324,34188.325
Reasoning,34192.499,34194.484
CommandExecution,34196.01,34196.011
Reasoning,34200.237,34215.794
Reasoning,34215.797,34231.619
Reasoning,34231.622,34247.144
Reasoning,34247.147,34268.614
Reasoning,34268.617,34270.959
CommandExecution,34271.845,34271.846
Reasoning,34275.029,34281.854
AgentMessage,34281.874,34282.539
Extension,34282.751,34327.753
CommandExecution,34337.26,34337.26
Reasoning,34339.734,34355.293
Reasoning,34355.307,34370.829
Reasoning,34370.841,34381.759
CommandExecution,34389.156,34389.156
Reasoning,34392.314,34410.42
Reasoning,34410.423,34416.37
AgentMessage,34416.373,34417.844
Extension,34417.956,34462.957
CommandExecution,34107.515,34479.681
CommandExecution,34479.756,34479.756
Reasoning,34484.389,34500.131
CommandExecution,34543.928,34546.41
Reasoning,34549.769,34561.569
CommandExecution,34564.576,34564.576
AgentMessage,34567.819,34570.589
AgentMessage,34579.149,34580.844
CommandExecution,34584.413,34584.414
ContextCompaction,34584.491,34790.155
CommandExecution,34796.444,34796.445
Reasoning,34799.039,34799.654
CommandExecution,34805.617,34805.617
CommandExecution,34805.638,34805.638
CommandExecution,34805.655,34805.656
Reasoning,34807.209,34813.534
AgentMessage,34813.537,34817.144
CommandExecution,34818.887,34818.887
CommandExecution,34824.105,34824.106
Reasoning,34829.239,34829.844
CommandExecution,34904.093,34904.094
Reasoning,34906.219,34906.814
Reasoning,34978.139,34979.654
CommandExecution,34971.478,34982.323
CommandExecution,34989.109,34989.109
CommandExecution,34997.982,34998.358
CommandExecution,34998.546,34999.299
Reasoning,35004.189,35005.5
AgentMessage,35005.559,35007.384
CommandExecution,35015.238,35015.239
CommandExecution,35015.311,35015.311
CommandExecution,35015.381,35015.381
Reasoning,35017.139,35018.569
CommandExecution,35034.357,35034.358
CommandExecution,35033.289,35034.482
Reasoning,35036.009,35036.78
CommandExecution,35047.884,35051.95
Reasoning,35051.964,35053.994
CommandExecution,35059.279,35059.279
CommandExecution,35059.339,35059.339
Reasoning,35061.679,35063.464
AgentMessage,35063.474,35065.334
CommandExecution,35080.403,35080.403
CommandExecution,35049.076,35081.224
Reasoning,35081.95,35083.08
CommandExecution,35088.631,35088.632
Reasoning,35090.634,35092.95
CommandExecution,35096.689,35096.689
CommandExecution,35087.559,35099.415
Reasoning,35098.735,35100.13
CommandExecution,35108.595,35108.595
Reasoning,35111.695,35113.019
AgentMessage,35113.024,35114.755
CommandExecution,35120.991,35120.991
Reasoning,35123.62,35124.255
CommandExecution,35131.766,35131.766
Reasoning,35133.755,35136.3
CommandExecution,34989.288,35158.769
Extension,35136.512,35166.514
CommandExecution,35172.217,35172.218
CommandExecution,35172.294,35172.295
CommandExecution,35179.345,35182.267
Reasoning,35182.318,35183.855
AgentMessage,35183.864,35185.235
McpToolCall,35189.949,35192.455
CommandExecution,35192.634,35192.933
Reasoning,35194.305,35195.91
CommandExecution,35199.176,35199.176
Reasoning,35202.53,35203.755
Extension,35204.063,35234.064
McpToolCall,35240.838,35241.095
CommandExecution,35241.274,35241.549
Reasoning,35252.883,35254.216
AgentMessage,35254.217,35255.83
CommandExecution,35261.521,35261.804
Reasoning,35263.769,35264.972
CommandExecution,35267.683,35267.683
CommandExecution,35250.35,35268.003
Reasoning,35269.22,35271.205
CommandExecution,35260.322,35275.904
Extension,35271.497,35301.498
CommandExecution,35307.631,35307.898
Reasoning,35310.016,35311.95
AgentMessage,35311.955,35314.135
CommandExecution,35316.38,35316.381
Reasoning,35318.38,35320.702
CommandExecution,35250.319,35322.764
CommandExecution,35326.774,35327.61
Reasoning,35330.61,35332.55
CommandExecution,35337.795,35338.153
Reasoning,35341.735,35345.84
CommandExecution,35350.368,35350.823
Reasoning,35352.604,35354.421
Extension,35354.767,35384.769
Reasoning,35386.981,35388.985
CommandExecution,35392.633,35393.279
Reasoning,35397.555,35398.347
AgentMessage,35398.35,35399.972
CommandExecution,35419.273,35421.333
Reasoning,35428.735,35430.38
CommandExecution,35435.353,35435.635
Reasoning,35437.72,35440.805
Extension,35441.207,35486.209
CommandExecution,35496.138,35496.139
Reasoning,35498.426,35501.142
AgentMessage,35501.15,35502.478
CommandExecution,35505.329,35505.329
Reasoning,35507.505,35510.561
Extension,35510.903,35555.904
CommandExecution,35565.603,35565.603
Reasoning,35567.31,35569.17
AgentMessage,35569.173,35570.879
Extension,35572.323,35617.324
CommandExecution,35624.222,35624.223
CommandExecution,35250.295,35624.495
Reasoning,35626.545,35629.596
Extension,35629.958,35674.959
CommandExecution,35681.842,35681.842
Reasoning,35683.42,35684.225
CommandExecution,35712.508,35713.584
Reasoning,35715.192,35716.271
AgentMessage,35721.955,35724.805
AgentMessage,35729.92,35731.663
CommandExecution,35737.236,35737.236
CommandExecution,35737.245,35737.246
CommandExecution,35737.254,35737.255
Reasoning,35742.025,35743.4
CommandExecution,35752.107,35752.108
CommandExecution,35752.108,35752.108
CommandExecution,35752.125,35752.125
Reasoning,35754.285,35759.98
CommandExecution,35760.928,35760.928
Reasoning,35763.905,35766.705
CommandExecution,35771.393,35771.393
Reasoning,35773.47,35780.421
AgentMessage,35780.425,35783.247
CommandExecution,35791.477,35791.478
CommandExecution,35790.418,35793.257
Reasoning,35794.301,35795.935
Reasoning,35855.02,35857.106
CommandExecution,35851.278,35878.585
CommandExecution,35888.754,35888.754
Reasoning,35891.225,35892.521
CommandExecution,35901.746,35901.746
Reasoning,35906.736,35909.926
Reasoning,35947.525,35950.871
CommandExecution,35955.575,35955.985
CommandExecution,35956.175,35956.948
Reasoning,35958.845,35959.452
CommandExecution,35943.927,35966.099
CommandExecution,35966.164,35966.164
Reasoning,35968.376,35970.051
AgentMessage,35970.06,35972.791
CommandExecution,35979.799,35979.799
Reasoning,35983.335,35987.155
CommandExecution,35997.332,35999.281
CommandExecution,35998.517,35999.607
Reasoning,36001.511,36009.706
Reasoning,36025.815,36028.375
CommandExecution,36031.272,36031.272
CommandExecution,36022.509,36031.665
Reasoning,36033.745,36035.716
AgentMessage,36035.725,36037.551
Reasoning,36037.554,36039.531
CommandExecution,36041.965,36041.966
Reasoning,36044.721,36047.891
Reasoning,36071.535,36072.895
CommandExecution,36068.475,36080.681
CommandExecution,36080.721,36080.722
Reasoning,36083.076,36092.701
Reasoning,36102.27,36105.92
CommandExecution,36109.427,36109.427
CommandExecution,36109.612,36109.721
Reasoning,36111.721,36118.325
AgentMessage,36118.33,36120.1
CommandExecution,36123.61,36123.611
Reasoning,36130.66,36132.406
CommandExecution,36099.265,36135.331
CommandExecution,35979.931,36153.894
Extension,36132.613,36162.614
CommandExecution,36170.569,36170.57
CommandExecution,36178.608,36190.992
Reasoning,36182.612,36193.62
CommandExecution,36179.79,36193.789
AgentMessage,36193.622,36194.637
CommandExecution,36209.703,36209.703
McpToolCall,36209.713,36210.431
Reasoning,36212.991,36222.061
Extension,36222.184,36252.185
McpToolCall,36259.504,36259.931
CommandExecution,36260.123,36260.431
Reasoning,36270.516,36280.346
Extension,36280.563,36310.565
AgentMessage,36313.481,36315.441
McpToolCall,36320.173,36320.566
CommandExecution,36320.825,36321.089
Reasoning,36334.456,36345.466
CommandExecution,36331.559,36347.573
CommandExecution,36348.026,36348.289
Reasoning,36350.211,36354.316
CommandExecution,36358.091,36358.091
Reasoning,36362.25,36366.26
CommandExecution,36368.601,36368.601
Reasoning,36370.646,36382.325
CommandExecution,36389.147,36389.462
Reasoning,36394.157,36400.366
AgentMessage,36400.38,36401.365
CommandExecution,36331.528,36409.722
Extension,36401.533,36446.534
CommandExecution,36451.153,36451.153
Reasoning,36453.576,36462.106
CommandExecution,36465.277,36465.277
Reasoning,36468.256,36481.156
AgentMessage,36481.159,36482.245
CommandExecution,36508.605,36509.9
Reasoning,36513.196,36521.811
CommandExecution,36523.377,36523.377
Reasoning,36530.108,36540.896
Extension,36541.053,36586.054
CommandExecution,36590.963,36590.963
Reasoning,36594.236,36604.857
AgentMessage,36604.866,36605.901
CommandExecution,36618.404,36619.838
Reasoning,36622.046,36627.521
Extension,36627.609,36672.611
CommandExecution,36676.954,36676.955
Reasoning,36679.181,36696.179
AgentMessage,36696.182,36696.968
CommandExecution,36331.502,36726.731
Extension,36697.357,36742.358
CommandExecution,36749.469,36749.469
Reasoning,36751.756,36759.116
CommandExecution,36797.213,36798.313
AgentMessage,36806.546,36808.911
Reasoning,36814.726,36817.946
AgentMessage,36817.955,36819.371
CommandExecution,36827.558,36827.559
CommandExecution,36827.592,36827.593
CommandExecution,36827.601,36827.601
Reasoning,36832.686,36848.556
Reasoning,36848.56,36864.586
Reasoning,36864.59,36879.166
CommandExecution,36880.271,36880.272
Reasoning,36882.991,36898.611
Reasoning,36898.614,36916.631
Reasoning,36916.634,36935.891
CommandExecution,36937.443,36937.443
Reasoning,36941.485,36959.306
Reasoning,36959.309,36965.466
AgentMessage,36965.468,36966.505
CommandExecution,36969.774,36969.774
Reasoning,36973.79,36990.941
Reasoning,36990.944,37008.44
Reasoning,37008.451,37011.231
CommandExecution,37091.58,37091.743
Reasoning,37096.18,37102.65
CommandExecution,37105.153,37105.321
Reasoning,37107.595,37123.35
CommandExecution,37181.026,37181.501
Reasoning,37184.52,37204.21
Reasoning,37204.213,37211.105
CommandExecution,37212.546,37212.547
Reasoning,37217.505,37235.895
Reasoning,37235.899,37250.525
CommandExecution,37251.525,37251.525
Reasoning,37254.58,37263.14
CommandExecution,37264.859,37264.86
Reasoning,37267.82,37271.635
AgentMessage,37271.638,37273.805
Reasoning,37273.807,37291.12
Reasoning,37291.123,37300.535
Reasoning,37399.474,37416.774
CommandExecution,37395.507,37417.058
Reasoning,37416.777,37431.371
CommandExecution,37433.273,37433.285
Reasoning,37440.759,37445.574
AgentMessage,37445.585,37446.365
CommandExecution,37471.658,37472.275
CommandExecution,37472.456,37473.656
Reasoning,37475.775,37487.88
CommandExecution,37492.069,37492.07
CommandExecution,37504.234,37505.243
Reasoning,37509.109,37527.794
CommandExecution,37503.048,37534.709
Reasoning,37527.797,37535.114
CommandExecution,37536.586,37536.587
Reasoning,37540.484,37541.684
AgentMessage,37541.687,37543.394
CommandExecution,37548.668,37548.669
Reasoning,37551.134,37552.389
CommandExecution,37547.576,37560.685
Extension,37552.742,37597.743
CommandExecution,37602.424,37602.424
Reasoning,37605.539,37621.11
Reasoning,37621.113,37632.174
AgentMessage,37632.177,37633.074
CommandExecution,37470.479,37642.892
Extension,37633.191,37678.192
CommandExecution,37684.18,37684.18
CommandExecution,37691.326,37694.569
Reasoning,37702.064,37720.394
Reasoning,37720.397,37733.525
CommandExecution,37737.074,37737.075
McpToolCall,37737.083,37737.614
Reasoning,37740.699,37759.044
Reasoning,37759.047,37776.084
Reasoning,37776.087,37796.309
Reasoning,37796.313,37809.465
CommandExecution,37827.074,37828.11
McpToolCall,37828.081,37828.665
Reasoning,37832.034,37833.42
AgentMessage,37833.426,37835.409
Reasoning,37845.692,37861.225
CommandExecution,37842.15,37861.629
Reasoning,37861.227,37878.339
Reasoning,37878.342,37896.124
Reasoning,37896.126,37902.424
CommandExecution,37842.125,37923.533
CommandExecution,37980.064,37990.342
Reasoning,37983.314,38001.603
CommandExecution,38003.934,38004.264
Reasoning,38008.164,38020.154
AgentMessage,38020.163,38021.779
CommandExecution,38053.961,38071.572
Reasoning,38057.862,38075.489
Reasoning,38075.491,38091.604
CommandExecution,38093.416,38093.416
Reasoning,38097.647,38115.069
Reasoning,38115.072,38126.765
CommandExecution,38132.611,38139.946
Reasoning,38138.078,38157.769
Reasoning,38157.772,38170.289
CommandExecution,38171.027,38171.027
Reasoning,38177.01,38193.9
Reasoning,38194.001,38212.33
AgentMessage,38212.333,38213.66
Reasoning,38234.71,38238.631
CommandExecution,38231.439,38239.48
CommandExecution,38242.036,38242.037
Reasoning,38247.934,38252.028
CommandExecution,37842.101,38257.391
CommandExecution,38257.458,38257.458
Reasoning,38262.123,38282.91
Reasoning,38282.914,38296.689
CommandExecution,38322.068,38323.141
AgentMessage,38331.328,38333.493
AgentMessage,38336.443,38338.308
CommandExecution,38345.414,38345.415
CommandExecution,38345.456,38345.456
Reasoning,38350.849,38369.769
Reasoning,38369.772,38386.549
Reasoning,38386.553,38404.258
Reasoning,38404.263,38420.834
Reasoning,38420.839,38440.184
Reasoning,38440.188,38457.484
Reasoning,38464.259,38469.193
CommandExecution,38473.65,38473.651
ContextCompaction,38474.363,38664.461
Reasoning,38668.993,38669.704
AgentMessage,38669.74,38671.098
CommandExecution,38673.777,38673.777
CommandExecution,38673.843,38673.843
Reasoning,38675.793,38677.408
CommandExecution,38685.079,38685.079
CommandExecution,38685.104,38685.105
CommandExecution,38685.242,38685.331
Reasoning,38687.229,38687.823
CommandExecution,38696.48,38696.541
Reasoning,38699.468,38700.313
CommandExecution,38710.42,38710.956
Reasoning,38712.954,38713.473
CommandExecution,38718.905,38719.165
AgentMessage,38721.493,38723.568
AgentMessage,38727.378,38729.102
CommandExecution,38732.403,38732.403
CommandExecution,38732.495,38732.495
CommandExecution,38740.565,38740.565
CommandExecution,38740.623,38740.623
Reasoning,38742.288,38743.493
CommandExecution,38750.613,38750.613
CommandExecution,38750.677,38750.678
Reasoning,38756.223,38756.918
CommandExecution,38762.269,38762.274
Reasoning,38782.404,38783.043
AgentMessage,38783.063,38786.063
CommandExecution,38791.469,38791.469
CommandExecution,38791.527,38791.528
Reasoning,38884.198,38886.303
Reasoning,38946.859,38949.474
CommandExecution,38941.68,38954.22
CommandExecution,38993.216,38993.216
Reasoning,39003.59,39005.253
CommandExecution,39011.072,39011.118
CommandExecution,39009.89,39011.647
Reasoning,39016.329,39017.7
AgentMessage,39017.708,39019.318
CommandExecution,39026.668,39031.359
Reasoning,39032.288,39033.174
CommandExecution,39025.488,39035.258
CommandExecution,39037.075,39037.075
Reasoning,39042.413,39042.899
Reasoning,39048.524,39054.138
CommandExecution,39073.791,39073.791
CommandExecution,39072.704,39074.361
Reasoning,39076.508,39077.449
CommandExecution,39087.157,39089.104
CommandExecution,39085.967,39090.592
Reasoning,39092.208,39094.288
CommandExecution,39103.019,39103.019
CommandExecution,39103.08,39103.62
Reasoning,39109.598,39110.763
CommandExecution,39113.188,39113.188
Reasoning,39116.348,39122.508
CommandExecution,39138.95,39138.95
Reasoning,39141.548,39144.908
CommandExecution,39137.74,39147.456
CommandExecution,39148.454,39148.454
Reasoning,39153.373,39162.249
CommandExecution,39185.762,39190.055
Reasoning,39197.353,39197.978
AgentMessage,39197.983,39201.043
CommandExecution,39210.742,39210.743
Reasoning,39217.413,39219.608
CommandExecution,39224.7,39224.7
CommandExecution,39224.774,39224.774
Reasoning,39230.328,39231.058
CommandExecution,39233.058,39233.059
Reasoning,39244.213,39245.798
CommandExecution,39210.928,39247.021
CommandExecution,39248.078,39248.078
Reasoning,39254.278,39262.088
CommandExecution,39103.056,39275.815
Reasoning,39274.324,39277.243
CommandExecution,39279.906,39279.906
CommandExecution,39270.33,39283.499
Reasoning,39284.628,39285.115
CommandExecution,39296.246,39300.971
McpToolCall,39297.254,39301.269
CommandExecution,39301.345,39301.345
Reasoning,39307.893,39311.813
CommandExecution,39318.75,39318.798
McpToolCall,39319.985,39320.339
CommandExecution,39318.977,39320.624
Reasoning,39325.633,39342.518
CommandExecution,39345.89,39346.222
Reasoning,39352.398,39357.578
CommandExecution,39379.118,39379.118
CommandExecution,39377.946,39379.48
Reasoning,39381.813,39383.298
AgentMessage,39383.308,39386.898
McpToolCall,39390.79,39391.158
CommandExecution,39391.231,39391.231
Reasoning,39397.488,39399.033
Reasoning,39409.728,39416.971
CommandExecution,39418.121,39418.122
CommandExecution,39405.892,39423.195
Reasoning,39420.803,39435.828
CommandExecution,39441.476,39441.476
CommandExecution,39441.659,39441.918
Reasoning,39445.078,39466.768
Reasoning,39466.778,39467.535
AgentMessage,39467.538,39469.857
CommandExecution,39405.866,39481.14
CommandExecution,39552.741,39558.495
Reasoning,39558.259,39580.969
CommandExecution,39585.12,39585.431
Reasoning,39588.675,39608.908
CommandExecution,39631.268,39631.268
CommandExecution,39630.198,39631.592
Reasoning,39635.853,39639.198
CommandExecution,39647.149,39647.149
CommandExecution,39647.261,39647.262
Reasoning,39674.928,39687.948
CommandExecution,39689.816,39689.816
Reasoning,39694.013,39710.251
CommandExecution,39715.723,39715.794
CommandExecution,39715.87,39715.87
Reasoning,39719.848,39721.204
CommandExecution,39726.502,39726.503
CommandExecution,39726.597,39726.597
Reasoning,39738.293,39738.928
CommandExecution,39741.287,39741.288
Reasoning,39744.498,39749.118
CommandExecution,39762.58,39762.58
Reasoning,39770.047,39773.603
AgentMessage,39773.618,39776.455
Reasoning,39776.457,39799.985
CommandExecution,39405.84,39805.789
Reasoning,39799.989,39821.493
CommandExecution,39825.756,39825.756
Reasoning,39827.768,39828.403
CommandExecution,39824.686,39830.454
CommandExecution,39833.461,39834.62
Reasoning,39836.943,39857.843
CommandExecution,39884.12,39884.12
Reasoning,39886.764,39907.103
AgentMessage,39907.11,39909.039
CommandExecution,39947.222,39948.897
Reasoning,39952.693,39956.883
CommandExecution,39959.606,39959.607
AgentMessage,39964.648,39966.848
Reasoning,39971.443,39973.273
AgentMessage,39973.283,39975.298
CommandExecution,39981.46,39981.461
CommandExecution,39981.577,39981.577
Reasoning,39985.803,40007.784
Reasoning,40007.788,40029.423
Reasoning,40029.426,40048.673
CommandExecution,40149.36,40162.133
Reasoning,40152.573,40172.103
CommandExecution,40215.044,40215.044
Reasoning,40219.838,40230.335
CommandExecution,40236.658,40236.737
Reasoning,40242.063,40242.993
AgentMessage,40243.013,40244.764
CommandExecution,40235.472,40247.362
CommandExecution,40253.797,40254.37
CommandExecution,40252.61,40257.577
Reasoning,40256.693,40259.668
CommandExecution,40265.831,40265.831
Reasoning,40269.234,40289.093
CommandExecution,40294.737,40294.738
CommandExecution,40293.674,40296.353
Reasoning,40298.843,40305.355
CommandExecution,40331.64,40333.63
Reasoning,40336.838,40361.009
Reasoning,40361.026,40382.163
Reasoning,40382.169,40402.253
Reasoning,40402.256,40415.894
CommandExecution,40420.378,40420.378
Reasoning,40425.053,40430.938
AgentMessage,40430.943,40433.603
CommandExecution,40419.179,40452.618
CommandExecution,40330.456,40502.474
CommandExecution,40515.744,40526.16
Reasoning,40520.508,40539.903
CommandExecution,40542.079,40542.079
Reasoning,40548.012,40550.428
CommandExecution,40556.482,40560.058
Reasoning,40561.433,40564.693
CommandExecution,40557.661,40571.416
CommandExecution,40574.852,40574.852
McpToolCall,40574.861,40575.533
Reasoning,40578.798,40600.458
Reasoning,40600.469,40610.47
CommandExecution,40628.046,40628.047
CommandExecution,40628.234,40629.303
Reasoning,40632.818,40654.573
CommandExecution,40662.287,40662.287
CommandExecution,40662.468,40662.852
Reasoning,40665.848,40666.408
CommandExecution,40673.459,40673.459
McpToolCall,40673.469,40674.08
Reasoning,40678.158,40679.079
CommandExecution,40689.771,40689.772
CommandExecution,40689.847,40705.75
Reasoning,40710.146,40728.671
Reasoning,40728.673,40737.493
CommandExecution,40753.068,40766.148
Reasoning,40758.632,40775.998
CommandExecution,40778.92,40779.276
Reasoning,40783.862,40787.307
CommandExecution,40794.252,40794.252
Reasoning,40799.469,40820.452
Reasoning,40820.457,40846.133
Reasoning,40846.136,40866.923
Reasoning,40866.927,40871.314
AgentMessage,40871.317,40874.16
CommandExecution,40877.118,40877.166
CommandExecution,40877.24,40877.24
Reasoning,40880.184,40881.438
CommandExecution,40895.985,40895.986
Reasoning,40898.792,40923.169
Reasoning,40923.178,40945.438
CommandExecution,40689.801,40959.901
Reasoning,40945.445,40967.343
Reasoning,40967.35,40984.053
CommandExecution,40988.937,40988.937
Reasoning,40995.232,41012.897
Reasoning,41012.9,41032.149
CommandExecution,41034.358,41034.358
Reasoning,41037.488,41044.278
CommandExecution,41056.024,41057.142
CommandExecution,41054.843,41066.496
Reasoning,41064.716,41086.548
CommandExecution,41094.167,41094.167
CommandExecution,40689.744,41097.56
Reasoning,41097.708,41118.652
Reasoning,41118.655,41138.318
Reasoning,41138.322,41161.178
Reasoning,41161.181,41179.562
Reasoning,41179.565,41202.063
Reasoning,41202.066,41202.581
CommandExecution,41203.935,41203.935
Reasoning,41207.717,41227.812
Reasoning,41227.815,41249.588
Reasoning,41249.591,41270.628
Reasoning,41270.63,41274.917
AgentMessage,41274.922,41276.187
CommandExecution,41281.782,41281.843
CommandExecution,41280.598,41288.604
Reasoning,41283.972,41307.482
Reasoning,41307.486,41326.882
Reasoning,41326.885,41329.307
CommandExecution,41331.57,41331.57
Reasoning,41335.507,41358.042
CommandExecution,41387.932,41387.932
Reasoning,41393.987,41415.362
CommandExecution,41453.532,41455.465
Reasoning,41459.137,41474.677
CommandExecution,41476.765,41476.765
AgentMessage,41481.697,41483.718
AgentMessage,41486.818,41488.457
CommandExecution,41491.027,41491.028
Reasoning,41494.682,41513.422
Reasoning,41513.425,41519.977
CommandExecution,41521.293,41521.293
Reasoning,41527.007,41544.642
Reasoning,41544.648,41566.257
Reasoning,41566.262,41569.162
Reasoning,41662.052,41667.577
CommandExecution,41658.42,41672.025
CommandExecution,41684.88,41684.939
ContextCompaction,41684.948,41869.225
Reasoning,41872.581,41873.207
AgentMessage,41873.216,41874.732
CommandExecution,41876.467,41876.468
Reasoning,41878.563,41880.042
CommandExecution,41886.678,41886.679
CommandExecution,41886.713,41886.713
CommandExecution,41886.73,41886.73
Reasoning,41889.771,41891.651
CommandExecution,41899.886,41900.496
CommandExecution,41900.55,41900.551
Reasoning,41903.251,41905.607
AgentMessage,41905.612,41908.332
CommandExecution,41911.122,41911.122
CommandExecution,41911.179,41911.18
Reasoning,41913.681,41915.927
Reasoning,41946.402,41947.521
CommandExecution,41953.409,41953.41
CommandExecution,41953.519,41953.525
CommandExecution,41943.102,41958.472
CommandExecution,41971.026,41971.026
Reasoning,41974.587,41975.176
CommandExecution,41969.967,41975.685
CommandExecution,41968.781,41979.541
CommandExecution,41979.599,41979.599
Reasoning,41982.026,41982.567
CommandExecution,41989.152,41989.185
Reasoning,41991.996,41992.732
AgentMessage,41992.737,41994.717
CommandExecution,42002.542,42003.375
Reasoning,42005.912,42006.521
CommandExecution,42023.259,42024.944
CommandExecution,42024.441,42025.014
Reasoning,42027.466,42028.651
CommandExecution,42035.081,42035.081
CommandExecution,42034.022,42035.61
Reasoning,42036.969,42037.516
CommandExecution,42046.631,42046.632
Reasoning,42050.737,42051.581
CommandExecution,42058.971,42060.084
Reasoning,42063.166,42064.087
CommandExecution,42078.726,42078.726
CommandExecution,42078.811,42078.812
Reasoning,42082.311,42082.887
AgentMessage,42082.891,42085.082
CommandExecution,42060.263,42091.577
CommandExecution,42093.989,42093.989
Reasoning,42096.311,42098.186
CommandExecution,42104.752,42104.753
CommandExecution,42104.769,42104.77
Reasoning,42107.736,42108.186
CommandExecution,42115.788,42115.788
CommandExecution,42115.893,42115.893
Reasoning,42118.13,42119.791
CommandExecution,42104.836,42121.139
McpToolCall,42124.816,42125.412
CommandExecution,42125.465,42125.466
Reasoning,42128.411,42129.986
CommandExecution,42137.829,42137.829
Reasoning,42139.306,42140.787
CommandExecution,42143.295,42143.295
Reasoning,42145.806,42149.367
CommandExecution,42165.066,42165.067
CommandExecution,42003.553,42177.208
Reasoning,42173.257,42177.977
CommandExecution,42181.358,42181.358
CommandExecution,42181.439,42181.439
CommandExecution,42187.522,42189.618
Reasoning,42192.601,42194.836
AgentMessage,42194.839,42196.387
CommandExecution,42204.508,42204.525
CommandExecution,42203.326,42205.41
Reasoning,42207.337,42209.991
McpToolCall,42213.326,42213.677
Reasoning,42217.841,42220.087
Extension,42220.409,42250.41
McpToolCall,42260.984,42261.297
CommandExecution,42261.479,42262.584
Reasoning,42278.408,42286.786
AgentMessage,42286.792,42288.292
CommandExecution,42275.87,42289.04
CommandExecution,42275.846,42294.001
CommandExecution,42298.7,42298.7
CommandExecution,42298.887,42299.205
Reasoning,42302.805,42310.146
CommandExecution,42313.115,42313.115
Reasoning,42316.291,42321.166
Extension,42321.485,42351.486
CommandExecution,42275.821,42357.853
CommandExecution,42358.264,42358.596
Reasoning,42361.011,42368.482
AgentMessage,42368.487,42370.586
CommandExecution,42380.877,42380.933
Reasoning,42383.491,42394.111
Extension,42394.459,42424.461
CommandExecution,42436.158,42436.461
Reasoning,42437.931,42440.101
Extension,42440.414,42470.415
Reasoning,42472.106,42474.666
AgentMessage,42474.671,42476.891
CommandExecution,42482.344,42482.393
Reasoning,42485.011,42496.271
Extension,42496.627,42526.629
Reasoning,42537.856,42540.546
AgentMessage,42540.549,42542.181
Reasoning,42542.183,42551.52
CommandExecution,42579.706,42579.706
Reasoning,42581.692,42584.391
Extension,42584.643,42614.645
CommandExecution,42619.698,42619.698
Reasoning,42627.316,42629.193
AgentMessage,42629.196,42630.791
Extension,42631.138,42661.139
CommandExecution,42665.211,42665.212
Reasoning,42667.445,42671.308
CommandExecution,42275.797,42687.65
Extension,42671.86,42701.861
CommandExecution,42706.144,42706.144
Reasoning,42708.705,42709.061
AgentMessage,42709.063,42710.637
CommandExecution,42735.658,42736.769
CommandExecution,42746.274,42746.275
Reasoning,42750.586,42751.991
AgentMessage,42752.011,42754.406
Reasoning,42759.067,42763.046
AgentMessage,42763.051,42764.241
CommandExecution,42766.592,42766.592
CommandExecution,42777.133,42777.133
CommandExecution,42777.208,42777.208
Reasoning,42780.911,42796.906
Reasoning,42796.91,42808.541
CommandExecution,42811.662,42811.663
Reasoning,42814.501,42825.211
AgentMessage,42825.214,42827.356
CommandExecution,42832.305,42832.306
Reasoning,42835.786,42851.281
Reasoning,42851.297,42856.756
CommandExecution,42859.877,42859.877
Reasoning,42862.001,42862.561
CommandExecution,42867.126,42867.126
Reasoning,42870.931,42872.476
Reasoning,42930.041,42949.661
CommandExecution,42950.752,42950.752
Reasoning,42954.306,42957.446
CommandExecution,42987.483,42987.483
Reasoning,42991.752,43008.777
Reasoning,43008.78,43013.111
AgentMessage,43013.114,43014.796
CommandExecution,43015.861,43015.861
Reasoning,43020.121,43031.307
CommandExecution,43060.812,43061.924
Reasoning,43064.962,43066.187
CommandExecution,43072.872,43072.873
Reasoning,43074.877,43080.327
AgentMessage,43080.33,43081.927
Reasoning,43085.867,43101.428
AgentMessage,43101.43,43103.299
CommandExecution,43114.439,43114.439
Reasoning,43123.532,43125.982
CommandExecution,43128.052,43128.053
Reasoning,43131.338,43148.26
CommandExecution,43153.961,43153.962
Extension,43158.395,43208.396
CommandExecution,43216.651,43216.651
Reasoning,43220.493,43221.823
AgentMessage,43221.826,43223.473
Extension,43223.775,43273.777
CommandExecution,43287.72,43287.72
Reasoning,43290.963,43291.768
AgentMessage,43291.778,43293.508
Extension,43293.881,43343.883
CommandExecution,43352.778,43352.779
Reasoning,43355.623,43356.674
AgentMessage,43356.679,43358.244
Extension,43358.572,43408.572
CommandExecution,43415.818,43415.818
Reasoning,43418.809,43421.667
AgentMessage,43421.669,43423.619
Extension,43423.952,43473.953
CommandExecution,43481.028,43481.028
Reasoning,43483.271,43488.271
AgentMessage,43488.284,43489.934
Extension,43490.274,43540.275
CommandExecution,43555.078,43555.078
Reasoning,43558.139,43559.58
AgentMessage,43559.584,43561.359
Reasoning,43564.82,43580.06
AgentMessage,43580.063,43581.314
CommandExecution,43583.128,43583.128
CommandExecution,43587.054,43587.054
Reasoning,43591.309,43609.595
Reasoning,43609.598,43625.695
Reasoning,43625.698,43635.505
CommandExecution,43636.61,43636.611
Reasoning,43639.06,43658.13
Reasoning,43658.134,43662.71
CommandExecution,43664.493,43664.494
Reasoning,43666.675,43684.685
Reasoning,43684.688,43694.075
AgentMessage,43694.078,43695.46
Reasoning,43765.42,43775.575
CommandExecution,43791.778,43801.684
Reasoning,43795.255,43813.775
CommandExecution,43815.093,43815.093
Reasoning,43818.385,43820.861
AgentMessage,43820.864,43823.171
CommandExecution,43860.231,43862.301
Reasoning,43864.695,43873.815
CommandExecution,43910.235,43910.236
Reasoning,43914.505,43928.805
CommandExecution,43932.023,43932.024
Reasoning,43934.361,43944.723
CommandExecution,43930.93,43946.338
CommandExecution,43946.516,43946.596
Reasoning,43950.275,43952.784
AgentMessage,43952.787,43954.842
CommandExecution,43965.355,43965.355
CommandExecution,43965.474,43971.911
CommandExecution,43965.45,43977.229
Reasoning,43971.575,43987.376
CommandExecution,43996.608,43996.608
Reasoning,44002.721,44006.006
CommandExecution,44012.039,44027.525
Reasoning,44018.285,44037.141
CommandExecution,44064.349,44065.33
Reasoning,44068.551,44077.971
AgentMessage,44077.975,44079.431
CommandExecution,44087.207,44087.207
CommandExecution,44087.389,44088.295
Reasoning,44090.565,44092.281
CommandExecution,44100.566,44100.566
CommandExecution,44099.503,44108.585
Reasoning,44101.98,44114.311
CommandExecution,44115.525,44115.526
CommandExecution,44125.891,44127.052
CommandExecution,44124.712,44127.515
Reasoning,44130.841,44135.851
CommandExecution,44065.508,44157.398
Reasoning,44152.076,44171.261
AgentMessage,44171.271,44172.416
CommandExecution,44141.191,44172.922
CommandExecution,44173.722,44173.722
Reasoning,44177.436,44178.456
CommandExecution,44180.766,44180.767
Reasoning,44183.201,44184.866
CommandExecution,44186.755,44186.755
Reasoning,44188.828,44190.256
CommandExecution,44193.843,44193.844
Reasoning,44196.316,44213.526
Reasoning,44213.529,44217.852
AgentMessage,44217.854,44218.881
CommandExecution,44222.566,44222.566
Reasoning,44227.231,44227.791
CommandExecution,44232.676,44232.676
Reasoning,44234.751,44250.636
Reasoning,44268.596,44275.221
CommandExecution,44265.327,44281.695
CommandExecution,44282.731,44282.731
Reasoning,44287.076,44297.871
CommandExecution,44303.059,44319.359
Reasoning,44305.881,44320.731
AgentMessage,44320.736,44322.346
CommandExecution,44326.481,44326.481
Reasoning,44329.001,44331.866
CommandExecution,44340.949,44341.992
Reasoning,44345.571,44348.438
CommandExecution,44356.03,44356.75
CommandExecution,44356.825,44356.825
Reasoning,44360.181,44362.651
CommandExecution,44369.89,44370.982
Reasoning,44373.151,44386.591
CommandExecution,44398.191,44398.191
CommandExecution,44368.702,44400.543
Reasoning,44400.491,44404.946
AgentMessage,44404.951,44406.602
CommandExecution,44325.412,44417.515
Extension,44406.869,44436.87
CommandExecution,44441.206,44441.206
Reasoning,44445.871,44447.562
CommandExecution,44454.913,44454.914
Reasoning,44457.291,44460.662
CommandExecution,44463.92,44463.92
Reasoning,44466.576,44475.006
CommandExecution,44478.866,44478.867
Reasoning,44482.466,44492.304
CommandExecution,44505.099,44505.099
Reasoning,44508.446,44518.341
Reasoning,44541.306,44551.872
AgentMessage,44551.876,44553.196
CommandExecution,44537.427,44553.724
CommandExecution,44565.251,44566.548
Reasoning,44568.686,44571.482
CommandExecution,44575.513,44576.191
CommandExecution,44576.268,44576.268
Reasoning,44586.351,44604.681
CommandExecution,44583.194,44615.133
Extension,44604.798,44634.8
CommandExecution,44639.469,44639.469
Reasoning,44642.706,44645.012
AgentMessage,44645.021,44646.761
CommandExecution,44654.126,44654.126
Reasoning,44656.286,44668.86
CommandExecution,44653.043,44670.258
Extension,44670.209,44700.209
CommandExecution,44707.661,44707.661
Reasoning,44709.797,44725.362
Reasoning,44725.365,44729.266
AgentMessage,44729.269,44731.261
CommandExecution,44564.065,44741.232
Extension,44731.419,44761.42
CommandExecution,44768.649,44769.846
Reasoning,44775.252,44778.027
CommandExecution,44783.214,44794.227
Reasoning,44786.301,44804.066
McpToolCall,44805.852,44806.352
Reasoning,44811.466,44815.257
AgentMessage,44815.271,44816.916
Extension,44817.249,44847.251
McpToolCall,44856.61,44856.857
CommandExecution,44857.035,44857.066
Reasoning,44859.886,44863.802
CommandExecution,44866.693,44866.99
Reasoning,44870.557,44886.332
Extension,44886.694,44916.696
McpToolCall,44922.569,44922.942
CommandExecution,44938.951,44953.178
CommandExecution,44938.892,44958.35
Reasoning,44944.759,44961.696
Reasoning,44961.706,44966.743
AgentMessage,44966.746,44968.245
CommandExecution,44986.209,44986.529
CommandExecution,44986.609,44986.609
Reasoning,44990.626,45006.316
CommandExecution,44938.916,45032.093
CommandExecution,45042.224,45042.224
Reasoning,45045.183,45057.856
AgentMessage,45057.871,45060.096
Extension,45060.426,45090.427
CommandExecution,45096.207,45096.237
Reasoning,45099.505,45115.025
Reasoning,45115.028,45120.191
Extension,45120.908,45150.909
Reasoning,45157.851,45159.17
AgentMessage,45159.173,45160.826
Reasoning,45170.16,45185.694
Reasoning,45185.698,45194.59
Extension,45194.966,45224.967
CommandExecution,45232.637,45232.638
Reasoning,45242.538,45258.869
AgentMessage,45258.873,45259.879
Extension,45260.046,45290.046
CommandExecution,45294.896,45294.896
Reasoning,45298.778,45315.415
Extension,45315.578,45345.58
Reasoning,45358.473,45363.158
CommandExecution,44938.863,45363.727
AgentMessage,45363.162,45364.853
Extension,45365.161,45395.162
CommandExecution,45402.569,45402.569
Reasoning,45407.682,45408.572
CommandExecution,45410.581,45410.582
Reasoning,45413.152,45419.592
CommandExecution,45424.164,45424.322
Reasoning,45428.077,45443.642
AgentMessage,45443.662,45445.682
CommandExecution,45450.71,45450.71
Reasoning,45453.637,45455.177
Reasoning,45466.347,45482.017
Reasoning,45482.025,45497.417
Reasoning,45497.42,45505.402
Extension,45505.744,45535.745
CommandExecution,45542.841,45542.841
Reasoning,45548.918,45562.831
AgentMessage,45562.851,45563.928
Extension,45564.149,45614.15
CommandExecution,45622.657,45622.657
Reasoning,45627.046,45627.931
AgentMessage,45627.935,45630.096
Extension,45630.404,45680.405
CommandExecution,45686.908,45686.909
Reasoning,45689.971,45705.441
Reasoning,45705.444,45716.16
AgentMessage,45716.164,45716.956
Extension,45717.168,45767.169
CommandExecution,45772.354,45772.354
Reasoning,45774.7,45791.453
Reasoning,45791.457,45796.169
Reasoning,45802.997,45803.795
AgentMessage,45803.799,45805.401
Extension,45805.732,45855.734
CommandExecution,45859.691,45859.692
Reasoning,45864.983,45871.745
AgentMessage,45871.757,45873.029
CommandExecution,45459.02,45898.5
Extension,45873.364,45923.364
CommandExecution,45929.347,45929.348
Reasoning,45935.569,45952.179
AgentMessage,45952.225,45953.739
CommandExecution,45993.707,45994.817
Reasoning,46003.235,46015.795
CommandExecution,46018.974,46018.974
AgentMessage,46022.041,46024.354
Reasoning,46036.089,46055.675
Reasoning,46055.68,46067.199
Reasoning,46067.202,46082.754
AgentMessage,46082.757,46084.359
CommandExecution,46097.28,46097.28
Reasoning,46100.924,46101.799
Extension,46102.132,46152.133
CommandExecution,46156.677,46156.677
AgentMessage,46161.556,46163.22
Extension,46163.567,46213.568
CommandExecution,46219.156,46219.156
Reasoning,46223.333,46223.751
AgentMessage,46223.753,46225.111
Extension,46225.491,46275.492
CommandExecution,46279.857,46279.857
AgentMessage,46283.873,46285.668
Extension,46286.106,46336.106
CommandExecution,46348.705,46348.705
Reasoning,46351.238,46355.614
AgentMessage,46355.616,46356.515
Extension,46356.826,46406.826
CommandExecution,46415.16,46415.16
Reasoning,46420.373,46434.39
AgentMessage,46434.393,46436.043
Extension,46436.409,46486.411
CommandExecution,46490.924,46490.924
AgentMessage,46493.013,46494.693
Extension,46495.1,46545.102
CommandExecution,46549.235,46549.235
Reasoning,46551.608,46552.323
AgentMessage,46552.327,46553.928
Extension,46554.311,46604.312
CommandExecution,46609.382,46609.383
Reasoning,46613.848,46629.378
Reasoning,46629.385,46644.918
Reasoning,46644.92,46646.701
AgentMessage,46646.702,46648.587
Extension,46648.93,46698.932
CommandExecution,46705.737,46705.737
Reasoning,46709.067,46724.473
Reasoning,46724.5,46740.038
AgentMessage,46740.041,46741.507
Extension,46741.981,46791.982
CommandExecution,46797.643,46797.644
Reasoning,46801.95,46817.533
AgentMessage,46817.538,46819.407
Extension,46819.742,46869.742
CommandExecution,46877.595,46877.595
Reasoning,46887.404,46890.987
AgentMessage,46890.99,46892.492
Extension,46892.976,46942.977
CommandExecution,46956.448,46956.448
Reasoning,46962.312,46965.624
AgentMessage,46965.627,46966.767
Reasoning,46971.882,46987.422
Reasoning,46987.425,47002.972
AgentMessage,47002.975,47004.627
CommandExecution,47010.075,47010.076
Reasoning,47013.652,47015.552
Extension,47016.125,47066.126
CommandExecution,47074.92,47074.921
AgentMessage,47080.422,47082.077
Extension,47082.469,47132.47
CommandExecution,47137.531,47137.531
Reasoning,47143.381,47148.692
AgentMessage,47148.695,47149.447
Extension,47149.92,47199.921
CommandExecution,47205.939,47205.939
AgentMessage,47210.897,47212.187
Extension,47212.554,47262.556
CommandExecution,47273.321,47273.321
Reasoning,47278.157,47280.997
AgentMessage,47281.0,47281.567
Extension,47282.964,47332.966
CommandExecution,47341.161,47341.161
Reasoning,47352.672,47365.132
AgentMessage,47365.136,47365.737
Extension,47366.244,47416.246
CommandExecution,47429.525,47429.526
Reasoning,47434.131,47440.331
AgentMessage,47440.334,47440.782
Extension,47441.059,47491.059
CommandExecution,47499.094,47499.094
Reasoning,47504.216,47518.706
AgentMessage,47518.716,47520.063
Extension,47520.424,47570.426
CommandExecution,47580.825,47580.825
Reasoning,47585.921,47586.402
AgentMessage,47586.416,47588.338
Extension,47588.659,47638.66
CommandExecution,47641.398,47641.398
Reasoning,47647.246,47647.721
AgentMessage,47647.734,47649.063
Extension,47649.424,47694.425
CommandExecution,47697.187,47697.187
Reasoning,47704.481,47705.541
AgentMessage,47705.546,47707.121
Extension,47707.394,47752.395
CommandExecution,47756.75,47756.751
Reasoning,47759.646,47760.551
AgentMessage,47760.561,47762.451
Extension,47762.832,47807.834
CommandExecution,47811.18,47811.18
AgentMessage,47814.056,47815.186
Extension,47816.946,47861.948
CommandExecution,47865.679,47865.679
Reasoning,47870.631,47872.296
AgentMessage,47872.301,47873.616
Extension,47873.978,47918.98
CommandExecution,47922.753,47922.753
Reasoning,47927.061,47942.756
Reasoning,47942.77,47943.216
AgentMessage,47943.22,47945.066
Extension,47945.418,47990.42
CommandExecution,47993.11,47993.111
Reasoning,47997.321,47998.776
AgentMessage,47998.79,47999.891
Extension,48000.268,48045.269
CommandExecution,48048.929,48048.929
AgentMessage,48051.62,48053.432
Extension,48053.793,48098.795
CommandExecution,48103.162,48103.163
AgentMessage,48107.881,48109.116
Extension,48109.459,48154.46
CommandExecution,48158.775,48158.776
Reasoning,48161.69,48165.951
AgentMessage,48165.955,48166.851
Extension,48167.203,48212.203
CommandExecution,48220.049,48220.049
Reasoning,48223.391,48224.25
AgentMessage,48224.255,48226.17
Extension,48226.503,48271.504
CommandExecution,48274.085,48274.085
AgentMessage,48277.555,48278.75
Extension,48279.084,48324.085
CommandExecution,48328.598,48328.598
Reasoning,48331.261,48347.12
Reasoning,48347.124,48359.315
AgentMessage,48359.333,48359.505
Extension,48359.618,48404.619
CommandExecution,48407.309,48407.31
Reasoning,48411.78,48414.07
AgentMessage,48414.074,48415.931
Extension,48416.273,48461.274
CommandExecution,48465.185,48465.185
AgentMessage,48470.435,48471.605
Extension,48471.918,48516.919
CommandExecution,48520.367,48520.368
AgentMessage,48524.005,48525.915
Extension,48526.238,48571.239
CommandExecution,48575.354,48575.355
Reasoning,48578.315,48579.85
AgentMessage,48579.86,48581.22
Extension,48581.567,48626.568
CommandExecution,48629.23,48629.23
AgentMessage,48633.505,48634.545
Extension,48634.853,48679.854
CommandExecution,48684.653,48684.653
Reasoning,48689.245,48705.95
Reasoning,48705.954,48720.337
AgentMessage,48720.341,48721.09
Extension,48721.267,48766.269
CommandExecution,48768.915,48768.915
Reasoning,48773.715,48774.26
AgentMessage,48774.264,48775.565
Extension,48775.932,48820.933
CommandExecution,48826.213,48826.213
AgentMessage,48831.54,48832.765
Extension,48833.124,48878.124
CommandExecution,48883.524,48883.525
AgentMessage,48886.67,48888.79
Extension,48889.233,48934.234
CommandExecution,48939.741,48939.741
Reasoning,48942.94,48943.504
AgentMessage,48943.527,48944.895
Extension,48945.103,48990.104
CommandExecution,48993.078,48993.078
AgentMessage,48999.159,49000.715
Extension,49001.097,49046.099
CommandExecution,49048.678,49048.678
Reasoning,49053.364,49056.144
AgentMessage,49056.149,49057.735
Extension,49058.087,49103.088
CommandExecution,49105.831,49105.832
ContextCompaction,49105.972,49299.661
CommandExecution,49305.268,49305.269
Reasoning,49308.232,49310.463
AgentMessage,49310.466,49312.148
CommandExecution,49314.525,49314.526
CommandExecution,49314.582,49314.582
Reasoning,49315.822,49319.513
CommandExecution,49327.536,49327.536
CommandExecution,49327.715,49328.185
Reasoning,49331.588,49334.293
AgentMessage,49334.303,49336.208
AgentMessage,49337.853,49339.228
CommandExecution,49341.563,49341.563
CommandExecution,49341.63,49341.631
Reasoning,49342.888,49343.868
CommandExecution,49346.634,49346.635
Reasoning,49357.563,49358.774
CommandExecution,49360.62,49360.62
Reasoning,49363.028,49363.564
Extension,49363.861,49408.863
CommandExecution,49411.875,49411.875
CommandExecution,49411.928,49411.928
Reasoning,49413.139,49413.784
AgentMessage,49413.809,49415.549
Extension,49416.501,49461.502
CommandExecution,49463.442,49463.442
Reasoning,49464.74,49465.599
AgentMessage,49465.604,49467.2
Extension,49467.517,49512.519
CommandExecution,49514.29,49514.29
Reasoning,49528.425,49529.08
AgentMessage,49529.085,49530.666
CommandExecution,49533.186,49533.186
CommandExecution,49537.743,49537.743
Reasoning,49539.555,49541.085
CommandExecution,49523.37,49541.958
CommandExecution,49543.277,49543.277
CommandExecution,49551.302,49552.256
Reasoning,49554.525,49556.84
CommandExecution,49558.89,49558.89
Reasoning,49560.24,49566.6
CommandExecution,49571.3,49571.3
Reasoning,49572.776,49576.615
AgentMessage,49576.625,49578.141
Reasoning,49586.24,49590.476
CommandExecution,49583.582,49595.049
CommandExecution,49595.664,49595.664
Reasoning,49603.621,49611.061
CommandExecution,49614.52,49614.52
Reasoning,49617.421,49624.851
CommandExecution,49627.195,49627.195
Reasoning,49629.368,49630.221
CommandExecution,49648.24,49648.241
Reasoning,49650.026,49652.701
CommandExecution,49666.364,49666.364
Reasoning,49671.656,49672.196
CommandExecution,49677.731,49677.731
Reasoning,49680.236,49681.007
AgentMessage,49681.011,49683.271
CommandExecution,49686.815,49686.815
Reasoning,49693.257,49695.227
CommandExecution,49704.232,49704.232
CommandExecution,49703.168,49704.264
CommandExecution,49704.311,49704.312
Reasoning,49706.107,49707.422
CommandExecution,49677.909,49711.709
CommandExecution,49711.781,49711.781
CommandExecution,49711.833,49711.833
Reasoning,49713.392,49715.871
CommandExecution,49735.567,49735.567
Reasoning,49737.282,49739.962
AgentMessage,49739.967,49741.722
CommandExecution,49734.494,49745.28
CommandExecution,49757.866,49757.866
Reasoning,49768.547,49772.572
CommandExecution,49776.013,49778.309
CommandExecution,49764.536,49781.257
Reasoning,49782.642,49784.618
CommandExecution,49788.32,49788.887
Reasoning,49791.517,49793.582
CommandExecution,49801.899,49802.882
Reasoning,49804.227,49805.324
CommandExecution,49807.526,49807.527
Reasoning,49809.177,49812.742
CommandExecution,49820.717,49821.415
Reasoning,49822.772,49824.334
CommandExecution,49826.437,49826.437
Reasoning,49828.214,49830.512
CommandExecution,49834.276,49834.276
Reasoning,49840.998,49845.062
CommandExecution,49819.537,49848.144
CommandExecution,49867.661,49867.764
Reasoning,49869.622,49869.992
AgentMessage,49869.994,49871.663
CommandExecution,49873.755,49873.755
Reasoning,49875.16,49875.762
CommandExecution,49885.523,49886.369
CommandExecution,49884.338,49890.958
Reasoning,49890.683,49894.063
CommandExecution,49899.671,49900.115
CommandExecution,49900.295,49901.621
Reasoning,49903.473,49908.573
CommandExecution,49913.669,49913.67
Reasoning,49916.291,49919.438
CommandExecution,49953.634,49955.186
Reasoning,49961.523,49964.423
CommandExecution,49974.222,49974.222
Reasoning,49975.618,49977.268
CommandExecution,49968.166,49985.435
CommandExecution,49985.628,49985.629
CommandExecution,49985.806,49989.721
Reasoning,49994.843,49995.963
AgentMessage,49995.966,49997.698
CommandExecution,50002.324,50002.325
Reasoning,50004.193,50007.023
CommandExecution,50020.714,50020.867
Reasoning,50022.34,50024.813
CommandExecution,50014.526,50047.773
CommandExecution,49886.548,50066.473
Extension,50025.098,50070.1
CommandExecution,50075.365,50075.366
CommandExecution,50075.438,50075.438
Reasoning,50079.229,50079.69
AgentMessage,50079.703,50081.469
CommandExecution,50089.338,50089.338
Reasoning,50092.309,50094.954
CommandExecution,50087.094,50102.021
CommandExecution,50100.796,50102.61
McpToolCall,50102.028,50104.549
CommandExecution,50088.279,50105.14
Reasoning,50105.874,50114.084
Extension,50114.342,50159.342
CommandExecution,50168.621,50168.909
McpToolCall,50168.922,50169.279
Reasoning,50170.779,50176.244
AgentMessage,50176.255,50177.719
CommandExecution,50180.044,50180.044
Reasoning,50182.029,50186.809
Extension,50187.167,50232.168
CommandExecution,50239.999,50240.325
McpToolCall,50240.331,50240.7
CommandExecution,50240.772,50240.772
Reasoning,50242.604,50243.71
Reasoning,50256.016,50263.931
AgentMessage,50263.947,50265.554
CommandExecution,50253.087,50265.975
CommandExecution,50252.999,50270.636
CommandExecution,50303.31,50303.311
CommandExecution,50303.497,50303.929
Reasoning,50306.45,50311.504
CommandExecution,50253.048,50345.444
Extension,50311.832,50356.832
CommandExecution,50367.411,50367.411
Reasoning,50369.137,50384.65
Reasoning,50384.66,50388.401
AgentMessage,50388.403,50390.23
Extension,50390.562,50435.564
CommandExecution,50443.756,50443.757
Reasoning,50445.538,50461.137
Reasoning,50461.14,50463.565
AgentMessage,50463.568,50465.64
Extension,50466.042,50511.043
CommandExecution,50521.144,50521.144
Reasoning,50522.68,50534.869
CommandExecution,50538.854,50538.854
Reasoning,50540.885,50541.58
AgentMessage,50541.583,50543.13
Extension,50543.423,50588.424
CommandExecution,50596.977,50596.978
Reasoning,50598.509,50601.627
AgentMessage,50601.645,50602.741
Extension,50603.134,50648.136
CommandExecution,50656.872,50656.872
Reasoning,50660.586,50676.131
Reasoning,50676.134,50679.602
AgentMessage,50679.603,50681.021
CommandExecution,50253.022,50686.86
Extension,50681.238,50726.238
CommandExecution,50729.801,50729.802
Reasoning,50733.043,50733.706
CommandExecution,50735.212,50735.213
CommandExecution,50735.285,50735.285
Reasoning,50737.311,50744.431
AgentMessage,50744.435,50746.147
CommandExecution,50771.683,50772.833
Reasoning,50774.706,50775.441
CommandExecution,50777.414,50777.414
AgentMessage,50779.911,50782.986
Reasoning,50786.001,50787.311
AgentMessage,50787.314,50788.576
CommandExecution,50790.296,50790.296
CommandExecution,50790.363,50790.364
Reasoning,50792.196,50804.941
Extension,50805.239,50850.239
CommandExecution,50852.149,50852.15
Reasoning,50866.296,50870.951
AgentMessage,50870.957,50872.716
CommandExecution,50874.597,50874.598
Reasoning,50878.482,50880.826
CommandExecution,50863.758,50880.832
CommandExecution,50882.616,50882.616
CommandExecution,50890.653,50891.443
Reasoning,50893.351,50908.891
Reasoning,50908.894,50923.911
CommandExecution,50935.038,50935.038
Reasoning,50938.066,50938.496
AgentMessage,50938.507,50940.832
CommandExecution,50950.679,50950.68
CommandExecution,50950.752,50950.752
Reasoning,50952.941,50959.136
CommandExecution,50962.112,50962.113
Reasoning,50966.891,50982.686
CommandExecution,51001.121,51002.335
Reasoning,51004.582,51006.082
AgentMessage,51006.086,51008.266
CommandExecution,51011.396,51011.397
CommandExecution,51011.472,51011.472
Reasoning,51013.906,51029.557
CommandExecution,51058.624,51058.625
Reasoning,51060.616,51067.752
CommandExecution,51078.558,51079.441
Reasoning,51081.811,51091.137
CommandExecution,51102.269,51103.119
CommandExecution,51103.189,51103.189
Reasoning,51105.616,51108.406
CommandExecution,51111.749,51111.75
Reasoning,51113.981,51127.157
CommandExecution,51146.78,51146.78
Reasoning,51149.262,51164.837
AgentMessage,51164.842,51167.262
CommandExecution,51183.137,51183.137
CommandExecution,51183.209,51183.21
Reasoning,51185.057,51193.012
CommandExecution,51198.11,51198.11
Reasoning,51202.062,51217.832
Extension,51218.169,51263.171
CommandExecution,51265.695,51265.695
Reasoning,51268.122,51268.757
AgentMessage,51268.767,51270.237
Reasoning,51270.24,51273.104
Extension,51273.439,51318.44
CommandExecution,51322.486,51322.486
Reasoning,51325.862,51341.758
AgentMessage,51341.767,51342.828
Extension,51343.135,51388.136
CommandExecution,51390.178,51390.178
Reasoning,51403.787,51409.017
AgentMessage,51409.037,51411.083
CommandExecution,51412.427,51412.428
CommandExecution,51400.038,51414.782
CommandExecution,51425.029,51427.128
Reasoning,51427.783,51443.333
Reasoning,51443.336,51458.873
Reasoning,51458.886,51469.343
AgentMessage,51469.346,51471.737
CommandExecution,51477.355,51477.355
Reasoning,51479.872,51495.403
Reasoning,51495.406,51498.743
CommandExecution,51500.309,51500.31
Reasoning,51503.541,51504.727
CommandExecution,51506.79,51506.79
Reasoning,51510.123,51519.714
CommandExecution,51525.387,51525.387
Reasoning,51527.973,51532.487
CommandExecution,51569.719,51570.806
Reasoning,51572.723,51573.773
CommandExecution,51575.835,51575.835
Reasoning,51581.703,51584.658
CommandExecution,51586.817,51586.817
Reasoning,51590.132,51604.858
Reasoning,51619.073,51634.606
Reasoning,51634.609,51642.388
CommandExecution,51616.196,51670.977
CommandExecution,51679.05,51679.051
Reasoning,51683.538,51688.754
CommandExecution,51694.742,51698.78
Reasoning,51697.578,51708.985
AgentMessage,51708.999,51711.61
CommandExecution,51714.942,51715.239
Reasoning,51726.918,51742.453
CommandExecution,51724.112,51744.799
Reasoning,51742.456,51754.733
CommandExecution,51766.99,51767.13
CommandExecution,51767.186,51767.187
Reasoning,51771.813,51784.703
Reasoning,51792.318,51807.318
CommandExecution,51811.28,51811.28
Reasoning,51816.433,51831.993
Reasoning,51831.997,51845.208
Reasoning,51863.528,51869.469
AgentMessage,51869.472,51871.543
CommandExecution,51876.609,51876.61
CommandExecution,51876.791,51877.351
CommandExecution,51860.07,51891.062
Reasoning,51881.278,51897.159
Reasoning,51897.161,51906.353
CommandExecution,51908.954,51908.954
CommandExecution,51909.036,51909.036
Reasoning,51912.868,51914.988
CommandExecution,51926.084,51926.084
CommandExecution,51926.272,51927.163
CommandExecution,51925.019,51931.603
Reasoning,51933.514,51949.084
Reasoning,51949.087,51964.584
Reasoning,51964.593,51975.666
AgentMessage,51975.677,51977.384
CommandExecution,51994.976,51995.396
Reasoning,52003.418,52016.059
CommandExecution,51927.347,52023.926
CommandExecution,52068.199,52069.827
Reasoning,52071.754,52087.299
Reasoning,52087.301,52099.733
CommandExecution,52105.594,52107.02
Reasoning,52108.92,52109.754
CommandExecution,52111.906,52111.906
CommandExecution,52104.409,52121.719
Reasoning,52119.004,52122.149
AgentMessage,52122.154,52123.889
CommandExecution,52126.69,52126.69
Reasoning,52130.039,52136.484
CommandExecution,52144.964,52144.965
Reasoning,52149.149,52164.849
CommandExecution,52187.715,52188.185
Reasoning,52200.209,52215.759
Reasoning,52215.762,52227.959
AgentMessage,52227.963,52229.729
Reasoning,52251.194,52266.729
CommandExecution,52247.969,52267.857
Reasoning,52266.746,52282.244
Reasoning,52282.248,52296.224
CommandExecution,52301.159,52301.159
Reasoning,52305.724,52313.484
CommandExecution,52323.039,52323.692
CommandExecution,52326.235,52333.297
Reasoning,52329.589,52335.994
AgentMessage,52335.999,52336.75
CommandExecution,52325.05,52336.814
CommandExecution,52346.869,52347.188
CommandExecution,52347.291,52347.291
Reasoning,52351.544,52365.765
CommandExecution,52369.855,52369.855
Reasoning,52373.179,52388.819
CommandExecution,52394.399,52395.957
Reasoning,52399.421,52400.409
CommandExecution,52404.288,52404.289
CommandExecution,52404.468,52411.533
Reasoning,52408.877,52415.469
CommandExecution,52429.97,52429.971
Reasoning,52432.139,52434.329
AgentMessage,52434.335,52435.839
Reasoning,52435.841,52451.383
CommandExecution,52423.906,52456.852
Reasoning,52451.385,52467.791
Reasoning,52467.793,52470.265
CommandExecution,52323.87,52506.565
Extension,52470.495,52515.497
CommandExecution,52522.572,52522.573
Reasoning,52525.724,52531.009
CommandExecution,52539.146,52539.146
Reasoning,52542.684,52545.525
AgentMessage,52545.531,52549.531
CommandExecution,52536.906,52551.323
McpToolCall,52553.778,52554.38
CommandExecution,52552.771,52554.74
CommandExecution,52538.083,52554.939
Reasoning,52579.159,52596.22
Reasoning,52596.223,52613.794
Reasoning,52613.797,52628.665
Reasoning,52628.667,52641.865
Reasoning,52641.868,52658.942
Reasoning,52658.945,52670.815
CommandExecution,52676.049,52676.355
McpToolCall,52676.361,52676.771
Reasoning,52678.52,52683.495
AgentMessage,52683.498,52684.895
CommandExecution,52694.334,52710.412
CommandExecution,52694.304,52713.987
Reasoning,52697.943,52714.811
Reasoning,52714.813,52728.991
Reasoning,52728.993,52744.535
Reasoning,52744.537,52747.393
CommandExecution,52694.277,52788.175
CommandExecution,52790.122,52790.122
CommandExecution,52790.302,52790.581
Reasoning,52794.0,52809.538
Reasoning,52809.541,52825.104
Reasoning,52825.107,52837.16
AgentMessage,52837.164,52838.52
CommandExecution,52847.81,52847.81
CommandExecution,52847.883,52847.883
Reasoning,52850.26,52870.361
Reasoning,52870.363,52888.35
Reasoning,52888.353,52894.045
AgentMessage,52894.048,52894.862
Extension,52894.968,52939.969
Reasoning,52951.28,52966.826
Reasoning,52966.829,52985.076
Reasoning,52985.078,53004.853
Reasoning,53004.855,53013.605
AgentMessage,53013.608,53014.52
Extension,53014.663,53059.664
CommandExecution,53071.612,53071.612
Reasoning,53075.029,53093.232
Reasoning,53093.234,53106.072
AgentMessage,53106.075,53107.046
CommandExecution,52694.253,53120.033
Extension,53107.218,53152.219
CommandExecution,53160.358,53160.358
CommandExecution,53160.429,53160.43
Reasoning,53162.54,53179.626
Reasoning,53179.629,53195.781
Reasoning,53195.783,53214.291
AgentMessage,53214.294,53215.451
CommandExecution,53238.566,53239.667
Reasoning,53242.585,53257.87
CommandExecution,53260.711,53260.712
AgentMessage,53262.74,53265.7
AgentMessage,53271.545,53272.945
CommandExecution,53274.787,53274.787
CommandExecution,53274.855,53274.855
Reasoning,53277.18,53278.91
CommandExecution,53281.29,53281.291
Reasoning,53284.005,53299.56
Reasoning,53299.563,53315.12
Reasoning,53315.123,53330.635
Reasoning,53330.638,53341.035
CommandExecution,53346.132,53346.132
Reasoning,53348.824,53365.689
Reasoning,53365.691,53379.93
Reasoning,53379.934,53395.339
AgentMessage,53395.343,53397.144
Reasoning,53452.698,53457.078
CommandExecution,53505.172,53505.173
CommandExecution,53505.355,53511.3
Reasoning,53509.375,53511.964
CommandExecution,53514.225,53514.225
Reasoning,53518.253,53533.808
Reasoning,53533.813,53541.313
CommandExecution,53542.836,53542.837
Reasoning,53548.198,53561.488
CommandExecution,53563.046,53563.047
Reasoning,53566.483,53568.218
CommandExecution,53570.058,53570.059
Reasoning,53572.383,53587.909
Reasoning,53587.912,53603.464
Reasoning,53603.466,53618.983
Reasoning,53618.986,53630.013
AgentMessage,53630.015,53632.272
CommandExecution,53680.498,53680.498
CommandExecution,53680.682,53706.794
ContextCompaction,53681.689,53923.924
Reasoning,53926.071,53927.486
AgentMessage,53927.491,53928.781
CommandExecution,53931.68,53931.68
CommandExecution,53934.745,53934.746
Reasoning,53935.911,53936.911
CommandExecution,53947.402,53948.265
AgentMessage,53949.536,53952.636
AgentMessage,53954.706,53956.066
CommandExecution,53959.658,53959.659
CommandExecution,53959.735,53959.736
Reasoning,53963.456,53964.311
CommandExecution,53971.399,53971.4
CommandExecution,53971.477,53971.477
Reasoning,53972.586,53973.906
CommandExecution,53979.233,53979.233
CommandExecution,53979.32,53979.321
Reasoning,53980.561,53985.921
Reasoning,54011.116,54011.826
AgentMessage,54011.829,54013.911
CommandExecution,54016.305,54016.306
Reasoning,54018.651,54020.776
CommandExecution,54031.002,54031.002
CommandExecution,54008.537,54035.046
Reasoning,54032.091,54038.536
CommandExecution,54090.075,54090.076
Reasoning,54093.076,54097.846
CommandExecution,54136.08,54136.853
Reasoning,54138.011,54138.671
CommandExecution,54145.01,54145.01
CommandExecution,54152.719,54152.719
CommandExecution,54160.485,54161.976
Reasoning,54162.861,54166.561
CommandExecution,54175.306,54175.306
Reasoning,54176.386,54177.151
AgentMessage,54177.16,54179.467
Reasoning,54206.055,54207.016
CommandExecution,54220.366,54220.366
CommandExecution,54220.544,54220.652
CommandExecution,54203.958,54222.436
Reasoning,54223.086,54225.371
CommandExecution,54228.222,54228.223
Reasoning,54230.756,54231.451
CommandExecution,54234.515,54235.544
Reasoning,54237.561,54239.251
CommandExecution,54244.318,54244.318
Reasoning,54248.782,54254.541
CommandExecution,54260.866,54260.867
Reasoning,54262.161,54265.456
CommandExecution,54284.877,54284.877
Reasoning,54286.046,54287.266
CommandExecution,54292.628,54292.629
Reasoning,54294.12,54307.796
CommandExecution,54315.84,54315.84
Reasoning,54317.281,54319.505
CommandExecution,54321.343,54321.344
Reasoning,54322.995,54325.195
CommandExecution,54314.747,54333.362
CommandExecution,54336.145,54336.145
Reasoning,54337.895,54340.031
Reasoning,54346.121,54348.975
AgentMessage,54348.978,54351.477
CommandExecution,54342.465,54355.248
CommandExecution,54357.471,54357.471
CommandExecution,54357.65,54357.805
Reasoning,54359.435,54363.325
Extension,54363.648,54408.649
CommandExecution,54416.695,54416.695
Reasoning,54418.835,54419.492
Reasoning,54429.46,54430.53
AgentMessage,54430.545,54432.55
CommandExecution,54445.931,54445.932
CommandExecution,54445.993,54445.994
Reasoning,54447.15,54449.821
CommandExecution,54426.781,54452.394
CommandExecution,54456.874,54456.874
CommandExecution,54455.777,54457.343
Reasoning,54458.065,54461.42
CommandExecution,54463.545,54463.546
Reasoning,54464.835,54467.225
Reasoning,54476.761,54480.731
CommandExecution,54487.109,54487.11
Reasoning,54489.265,54493.581
CommandExecution,54503.051,54503.051
Reasoning,54505.03,54512.8
CommandExecution,54515.682,54515.797
Reasoning,54517.475,54518.36
CommandExecution,54522.319,54522.32
Reasoning,54528.862,54529.812
AgentMessage,54529.815,54532.815
CommandExecution,54474.337,54536.055
CommandExecution,54536.76,54536.76
CommandExecution,54536.941,54537.304
Reasoning,54538.555,54539.186
Reasoning,54545.929,54546.58
CommandExecution,54543.434,54546.95
CommandExecution,54562.127,54562.127
CommandExecution,54562.199,54562.2
Reasoning,54563.487,54566.105
CommandExecution,54583.71,54583.74
Reasoning,54585.471,54586.015
Reasoning,54594.58,54597.736
CommandExecution,54607.157,54607.158
CommandExecution,54605.958,54607.204
Reasoning,54609.515,54612.545
CommandExecution,54592.013,54613.49
CommandExecution,54617.394,54617.938
Reasoning,54619.431,54623.701
AgentMessage,54623.703,54625.061
CommandExecution,54626.407,54628.648
Reasoning,54628.89,54633.511
Reasoning,54648.095,54649.875
CommandExecution,54651.0,54651.0
CommandExecution,54645.292,54651.936
CommandExecution,54645.316,54657.19
Reasoning,54653.22,54657.85
CommandExecution,54660.264,54660.264
Reasoning,54661.785,54663.045
CommandExecution,54666.14,54666.14
CommandExecution,54666.197,54666.198
Reasoning,54668.57,54674.086
CommandExecution,54677.341,54677.341
Reasoning,54679.801,54681.845
CommandExecution,54683.885,54683.885
Reasoning,54686.105,54687.531
CommandExecution,54704.121,54706.296
Reasoning,54706.59,54708.78
CommandExecution,54712.163,54714.537
Reasoning,54716.13,54718.835
Reasoning,54732.68,54735.145
CommandExecution,54742.667,54742.667
CommandExecution,54725.478,54742.763
Reasoning,54744.595,54755.985
CommandExecution,54764.416,54764.416
Reasoning,54773.3,54774.235
AgentMessage,54774.238,54775.91
CommandExecution,54785.605,54785.605
Reasoning,54787.39,54800.215
CommandExecution,54784.547,54821.511
Extension,54800.345,54845.347
CommandExecution,54856.986,54856.986
Reasoning,54859.19,54861.641
CommandExecution,54869.057,54869.058
Reasoning,54871.59,54884.235
AgentMessage,54884.245,54885.055
CommandExecution,54867.923,54886.027
CommandExecution,54887.237,54887.237
Reasoning,54894.13,54904.385
CommandExecution,54907.787,54907.787
CommandExecution,54724.296,54910.313
Reasoning,54910.842,54914.075
CommandExecution,54916.019,54916.019
Reasoning,54917.755,54918.407
McpToolCall,54925.573,54929.282
Reasoning,54932.365,54935.607
CommandExecution,54941.912,54941.912
CommandExecution,54940.835,54942.75
CommandExecution,54929.46,54945.462
Reasoning,54944.357,54960.235
CommandExecution,54963.458,54963.458
Reasoning,54965.715,54967.765
McpToolCall,54972.596,54973.076
CommandExecution,54973.253,54973.538
Reasoning,54975.141,54978.035
Extension,54978.433,55023.435
AgentMessage,55024.831,55026.611
McpToolCall,55031.853,55032.175
CommandExecution,55032.353,55032.629
Reasoning,55034.95,55037.47
CommandExecution,55050.735,55051.164
CommandExecution,55051.365,55064.637
Reasoning,55053.855,55069.588
CommandExecution,55072.278,55072.278
CommandExecution,55051.388,55076.397
Reasoning,55074.99,55078.21
CommandExecution,55079.611,55079.611
Reasoning,55081.427,55092.366
CommandExecution,55096.99,55096.99
Reasoning,55098.755,55104.71
AgentMessage,55104.715,55105.765
CommandExecution,55051.418,55147.67
CommandExecution,55156.463,55156.463
Reasoning,55158.575,55165.85
CommandExecution,55173.687,55173.976
Reasoning,55180.675,55181.193
CommandExecution,55187.004,55187.004
Reasoning,55189.11,55202.925
AgentMessage,55202.928,55204.135
Extension,55204.467,55249.467
CommandExecution,55265.128,55265.128
Reasoning,55266.6,55282.036
CommandExecution,55298.383,55298.383
Reasoning,55301.771,55319.403
Reasoning,55319.406,55332.175
AgentMessage,55332.179,55333.441
Extension,55333.632,55378.633
CommandExecution,55393.218,55393.219
Reasoning,55394.92,55411.242
Reasoning,55411.245,55423.202
CommandExecution,55478.357,55478.357
Reasoning,55480.845,55483.361
CommandExecution,55487.247,55487.248
CommandExecution,55051.341,55501.005
Reasoning,55493.86,55512.696
Reasoning,55512.699,55528.561
AgentMessage,55528.564,55529.846
CommandExecution,55530.866,55530.866
Reasoning,55534.065,55536.46
CommandExecution,55538.401,55539.522
Reasoning,55541.461,55553.942
AgentMessage,55553.947,55556.445
CommandExecution,55563.751,55563.752
AgentMessage,55568.555,55572.271
Reasoning,55577.731,55581.87
AgentMessage,55581.878,55583.531
CommandExecution,55592.421,55592.421
CommandExecution,55592.496,55592.496
Reasoning,55594.746,55610.291
Reasoning,55610.295,55628.401
CommandExecution,55631.444,55631.444
Reasoning,55633.321,55649.939
CommandExecution,55652.154,55652.155
Reasoning,55654.321,55669.876
Reasoning,55669.879,55687.861
Reasoning,55687.864,55702.621
AgentMessage,55702.624,55703.036
CommandExecution,55742.146,55742.606
Reasoning,55751.112,55756.476
CommandExecution,55758.596,55758.596
Reasoning,55761.847,55777.998
Reasoning,55778.0,55784.241
CommandExecution,55850.953,55851.238
Reasoning,55853.366,55870.151
Reasoning,55870.154,55878.112
CommandExecution,55898.735,55899.617
Reasoning,55901.536,55918.046
Reasoning,55918.05,55936.592
Reasoning,55936.595,55948.174
CommandExecution,55949.279,55949.28
Reasoning,55951.832,55967.662
Reasoning,55967.671,55986.882
Reasoning,55986.901,55989.846
CommandExecution,56078.947,56078.947
Reasoning,56081.736,56086.251
CommandExecution,56087.735,56087.735
Reasoning,56089.841,56106.941
AgentMessage,56106.952,56108.526
CommandExecution,56130.889,56130.89
Reasoning,56134.971,56140.181
CommandExecution,56142.522,56142.522
Reasoning,56145.134,56148.731
CommandExecution,56129.797,56149.905
CommandExecution,56150.944,56150.945
Reasoning,56154.251,56162.826
CommandExecution,56164.633,56164.634
Reasoning,56168.193,56184.612
Reasoning,56184.615,56200.147
Reasoning,56200.149,56218.307
Reasoning,56218.31,56233.321
AgentMessage,56233.324,56235.269
CommandExecution,56276.095,56276.646
Reasoning,56283.801,56286.226
CommandExecution,56290.15,56290.151
Reasoning,56292.656,56312.002
Reasoning,56312.005,56330.587
Reasoning,56360.481,56361.866
CommandExecution,56392.125,56392.126
Reasoning,56398.621,56406.636
CommandExecution,56408.558,56408.559
Reasoning,56410.79,56426.317
Reasoning,56426.319,56442.737
Reasoning,56496.296,56497.842
CommandExecution,56503.838,56503.838
CommandExecution,56504.018,56504.208
Reasoning,56508.152,56512.262
CommandExecution,56492.848,56513.029
CommandExecution,56514.362,56514.363
Reasoning,56516.136,56531.697
Reasoning,56531.699,56540.868
CommandExecution,56546.759,56549.192
Reasoning,56549.836,56550.981
CommandExecution,56554.97,56554.97
Reasoning,56557.492,56575.302
Reasoning,56575.305,56590.116
CommandExecution,56595.794,56595.795
CommandExecution,56594.687,56601.664
CommandExecution,56594.697,56608.194
Reasoning,56598.716,56615.033
Reasoning,56615.036,56630.997
Reasoning,56631.0,56647.307
Reasoning,56647.31,56664.313
Reasoning,56664.317,56681.942
CommandExecution,56683.259,56683.259
Reasoning,56685.672,56688.502
AgentMessage,56688.506,56690.537
CommandExecution,56722.249,56742.108
Reasoning,56726.027,56743.852
Reasoning,56743.854,56760.937
Reasoning,56760.94,56767.007
CommandExecution,56768.602,56770.984
Reasoning,56772.757,56788.447
Reasoning,56788.45,56805.187
Reasoning,56805.199,56810.257
CommandExecution,56817.541,56817.542
Reasoning,56820.417,56823.412
CommandExecution,56817.724,56831.766
CommandExecution,56834.696,56834.697
CommandExecution,56833.499,56834.936
CommandExecution,56834.873,56835.047
Reasoning,56837.232,56838.382
Reasoning,56844.457,56862.342
Reasoning,56862.345,56879.372
CommandExecution,56897.092,56897.97
Reasoning,56899.877,56919.217
Reasoning,56919.22,56934.013
AgentMessage,56934.016,56935.147
CommandExecution,56939.007,56940.854
Reasoning,56941.877,56959.412
Reasoning,56959.417,56973.537
CommandExecution,56976.303,56976.303
Reasoning,56978.417,56993.972
Reasoning,56993.975,57008.967
Reasoning,57016.108,57033.783
CommandExecution,57013.223,57048.295
Reasoning,57033.785,57050.422
Reasoning,57050.424,57058.983
Extension,57059.115,57104.117
CommandExecution,57115.296,57115.296
Reasoning,57117.162,57121.787
CommandExecution,56937.822,57123.204
AgentMessage,57121.798,57123.512
CommandExecution,57129.612,57129.613
Reasoning,57131.327,57148.136
CommandExecution,57128.518,57150.56
Reasoning,57148.139,57165.226
Reasoning,57165.229,57171.489
Extension,57171.59,57216.591
CommandExecution,57228.113,57228.113
Reasoning,57231.512,57233.992
AgentMessage,57234.012,57235.822
CommandExecution,57245.588,57245.588
CommandExecution,57244.513,57249.761
Reasoning,57249.473,57267.467
Reasoning,57267.478,57286.937
Reasoning,57286.94,57303.357
McpToolCall,57305.667,57306.357
CommandExecution,57306.409,57306.41
Reasoning,57309.107,57311.613
Extension,57311.805,57356.806
AgentMessage,57359.477,57360.972
McpToolCall,57366.469,57367.117
CommandExecution,57367.296,57367.58
Reasoning,57371.942,57386.762
CommandExecution,57399.623,57400.099
CommandExecution,57400.332,57414.965
Reasoning,57407.923,57419.071
CommandExecution,57400.278,57421.531
CommandExecution,57424.242,57424.261
Reasoning,57429.603,57438.641
CommandExecution,57449.308,57450.026
Reasoning,57453.481,57473.857
CommandExecution,57400.369,57496.147
Reasoning,57473.859,57498.207
Reasoning,57498.208,57513.457
AgentMessage,57513.459,57514.657
CommandExecution,57518.928,57518.928
CommandExecution,57518.999,57518.999
Reasoning,57522.351,57542.076
Reasoning,57542.1,57561.161
Reasoning,57561.172,57579.452
CommandExecution,57629.968,57629.968
CommandExecution,57400.302,57835.893
ContextCompaction,57630.083,57857.994
CommandExecution,57866.043,57866.043
CommandExecution,57866.101,57866.102
Reasoning,57868.766,57869.841
AgentMessage,57869.847,57871.451
CommandExecution,57874.242,57874.242
CommandExecution,57874.302,57874.303
Reasoning,57877.026,57877.901
CommandExecution,57884.694,57884.694
CommandExecution,57884.873,57885.248
Reasoning,57888.721,57889.536
CommandExecution,57895.145,57895.145
CommandExecution,57894.078,57895.237
AgentMessage,57900.922,57902.986
AgentMessage,57906.086,57907.436
CommandExecution,57910.452,57910.453
CommandExecution,57910.554,57910.555
Reasoning,57914.056,57915.451
CommandExecution,57934.31,57934.321
CommandExecution,57934.331,57934.331
CommandExecution,57934.369,57934.369
CommandExecution,57941.643,57941.644
Reasoning,57943.821,57944.916
AgentMessage,57944.918,57947.556
CommandExecution,57950.893,57950.893
CommandExecution,57950.983,57950.983
Reasoning,57954.201,57955.426
CommandExecution,57959.314,57959.315
CommandExecution,57959.376,57959.376
CommandExecution,57940.583,57961.674
Reasoning,57962.961,57963.631
CommandExecution,57966.826,57966.826
Reasoning,57968.691,57970.056
CommandExecution,57976.458,57976.459
CommandExecution,57975.396,57979.606
Reasoning,57979.006,57995.766
CommandExecution,57999.383,57999.383
Reasoning,58004.005,58005.746
AgentMessage,58005.751,58009.416
CommandExecution,58089.76,58092.954
Reasoning,58095.045,58099.221
CommandExecution,58137.721,58137.721
Reasoning,58139.805,58141.27
CommandExecution,58149.344,58149.344
CommandExecution,58149.414,58149.414
Reasoning,58152.335,58154.996
CommandExecution,58163.878,58163.879
Reasoning,58167.292,58168.068
CommandExecution,58170.081,58170.081
Reasoning,58173.135,58175.292
CommandExecution,58209.973,58209.973
Reasoning,58212.185,58212.906
CommandExecution,58218.918,58218.919
CommandExecution,58223.977,58223.977
CommandExecution,58162.819,58228.905
Reasoning,58228.517,58231.017
AgentMessage,58231.02,58234.171
CommandExecution,58235.387,58235.733
CommandExecution,58246.312,58246.354
Reasoning,58248.435,58252.525
CommandExecution,58257.829,58257.829
CommandExecution,58258.007,58258.632
CommandExecution,58258.813,58259.363
Reasoning,58263.161,58264.392
CommandExecution,58245.135,58269.238
CommandExecution,58269.293,58269.293
Reasoning,58271.875,58273.251
CommandExecution,58277.147,58278.297
Reasoning,58284.02,58284.946
CommandExecution,58289.11,58289.11
Reasoning,58292.866,58293.78
CommandExecution,58295.788,58295.789
Reasoning,58299.196,58303.116
CommandExecution,58309.136,58311.641
Reasoning,58313.031,58314.916
CommandExecution,58341.58,58341.581
Reasoning,58346.713,58347.686
CommandExecution,58342.942,58349.819
CommandExecution,58341.76,58357.076
CommandExecution,58356.462,58357.274
CommandExecution,58358.631,58359.15
Reasoning,58365.005,58365.965
CommandExecution,58372.901,58372.902
CommandExecution,58373.079,58373.399
Reasoning,58377.541,58379.835
AgentMessage,58390.771,58393.306
CommandExecution,58406.297,58407.514
CommandExecution,58412.696,58412.889
Reasoning,58414.841,58416.911
CommandExecution,58420.857,58420.858
Reasoning,58425.185,58426.012
CommandExecution,58421.037,58437.408
CommandExecution,58438.644,58438.644
CommandExecution,58437.59,58442.778
Reasoning,58441.01,58444.215
Reasoning,58454.405,58462.415
CommandExecution,58464.815,58464.815
Reasoning,58471.935,58479.225
CommandExecution,58481.107,58481.108
CommandExecution,58481.166,58481.166
CommandExecution,58449.054,58481.978
Reasoning,58484.645,58489.107
CommandExecution,58494.108,58494.108
Reasoning,58501.525,58502.515
CommandExecution,58510.989,58510.989
CommandExecution,58493.049,58512.672
Reasoning,58512.715,58522.331
AgentMessage,58522.334,58523.441
CommandExecution,58529.273,58529.273
Reasoning,58536.411,58540.38
CommandExecution,58357.452,58549.735
Reasoning,58563.06,58563.845
CommandExecution,58571.217,58571.217
CommandExecution,58556.382,58573.023
CommandExecution,58573.21,58574.075
McpToolCall,58574.082,58576.331
Reasoning,58579.262,58580.01
CommandExecution,58585.886,58586.238
CommandExecution,58584.701,58586.699
Reasoning,58588.58,58597.881
CommandExecution,58611.222,58611.222
McpToolCall,58611.23,58612.312
Reasoning,58615.52,58627.041
AgentMessage,58627.044,58627.97
CommandExecution,58633.308,58633.579
McpToolCall,58633.586,58633.816
Reasoning,58635.595,58641.055
CommandExecution,58696.686,58696.686
Reasoning,58700.15,58703.325
McpToolCall,58709.184,58709.521
CommandExecution,58709.698,58710.02
Reasoning,58727.617,58736.241
AgentMessage,58736.244,58738.235
CommandExecution,58740.645,58740.646
CommandExecution,58740.721,58740.721
CommandExecution,58723.927,58742.996
CommandExecution,58723.862,58750.215
Reasoning,58742.74,58752.53
CommandExecution,58756.554,58756.821
Reasoning,58759.821,58760.665
Reasoning,58795.12,58796.32
Reasoning,58809.575,58810.45
Reasoning,58814.355,58815.965
AgentMessage,58815.975,58818.089
CommandExecution,58822.491,58822.795
CommandExecution,58723.887,58830.598
Reasoning,58825.031,58843.871
CommandExecution,58849.518,58849.519
Reasoning,58852.102,58852.793
CommandExecution,58855.4,58855.4
Reasoning,58865.506,58882.501
AgentMessage,58882.505,58884.355
Reasoning,58936.83,58939.05
CommandExecution,58942.748,58942.749
Reasoning,58945.955,58956.525
AgentMessage,58956.53,58958.784
Reasoning,59015.299,59032.715
CommandExecution,59033.584,59033.584
Reasoning,59037.431,59045.281
AgentMessage,59045.285,59046.035
Reasoning,59106.065,59122.301
CommandExecution,59133.277,59133.278
CommandExecution,59133.334,59133.334
Reasoning,59136.6,59140.265
CommandExecution,59150.172,59150.172
CommandExecution,59150.252,59150.252
Reasoning,59155.32,59159.151
AgentMessage,59159.154,59161.481
CommandExecution,58723.839,59193.14
Reasoning,59196.63,59197.19
CommandExecution,59198.91,59200.021
CommandExecution,59207.133,59207.133
CommandExecution,59207.195,59207.195
CommandExecution,59207.276,59207.276
AgentMessage,59209.575,59213.955
Reasoning,59217.54,59236.025
AgentMessage,59236.03,59236.82
CommandExecution,59242.263,59242.263
CommandExecution,59242.336,59242.336
Reasoning,59245.07,59261.431
CommandExecution,59265.229,59265.23
CommandExecution,59265.285,59265.286
Reasoning,59272.65,59288.35
CommandExecution,59295.533,59295.534
Reasoning,59297.7,59299.205
CommandExecution,59303.418,59303.418
Reasoning,59306.231,59322.675
AgentMessage,59322.678,59324.065
Reasoning,59454.985,59471.38
CommandExecution,59490.482,59490.537
Reasoning,59494.008,59496.831
CommandExecution,59498.187,59498.187
Reasoning,59500.422,59504.87
CommandExecution,59506.947,59506.947
Reasoning,59513.07,59529.155
CommandExecution,59546.892,59549.744
Reasoning,59550.16,59550.94
AgentMessage,59550.954,59553.235
CommandExecution,59564.804,59564.804
Reasoning,59568.374,59582.491
CommandExecution,59563.719,59593.722
CommandExecution,59597.527,59597.527
CommandExecution,59596.452,59597.761
Reasoning,59605.455,59606.93
CommandExecution,59608.542,59608.543
Reasoning,59612.48,59618.24
CommandExecution,59623.144,59624.337
Reasoning,59626.205,59629.14
CommandExecution,59635.599,59635.599
CommandExecution,59635.619,59642.874
Reasoning,59638.65,59648.124
AgentMessage,59648.126,59650.2
CommandExecution,59635.592,59650.821
CommandExecution,59655.97,59657.077
CommandExecution,59657.15,59658.186
CommandExecution,59658.328,59659.254
CommandExecution,59659.307,59659.308
Reasoning,59663.404,59671.37
CommandExecution,59678.794,59679.593
Reasoning,59683.854,59699.59
CommandExecution,59725.912,59725.913
CommandExecution,59726.049,59726.049
Reasoning,59729.604,59731.004
CommandExecution,59736.92,59736.92
CommandExecution,59735.867,59737.177
Reasoning,59741.539,59758.799
AgentMessage,59758.802,59760.01
CommandExecution,59766.638,59768.672
CommandExecution,59772.694,59772.694
Reasoning,59775.394,59791.5
Reasoning,59801.69,59819.594
CommandExecution,59820.86,59820.861
CommandExecution,59795.92,59828.431
Reasoning,59843.964,59864.24
CommandExecution,59679.77,59869.67
Reasoning,59864.243,59875.965
AgentMessage,59875.968,59877.004
CommandExecution,59880.454,59880.455
Reasoning,59882.374,59899.335
CommandExecution,59879.397,59906.194
CommandExecution,59909.088,59909.088
CommandExecution,59908.006,59910.932
Reasoning,59910.839,59911.854
McpToolCall,59919.272,59919.85
CommandExecution,59918.26,59920.194
Reasoning,59925.439,59941.924
Reasoning,59941.928,59960.479
AgentMessage,59960.483,59961.434
CommandExecution,59963.885,59964.183
CommandExecution,59964.269,59964.27
Reasoning,59967.224,59985.244
Reasoning,59985.247,59999.185
CommandExecution,60053.938,60053.939
McpToolCall,60053.947,60054.379
Reasoning,60057.864,60058.434
CommandExecution,60068.677,60083.904
Reasoning,60072.297,60089.439
CommandExecution,60068.649,60096.211
Reasoning,60089.441,60113.769
AgentMessage,60113.772,60114.689
CommandExecution,60116.624,60116.95
Reasoning,60119.553,60136.924
Reasoning,60136.926,60154.518
CommandExecution,60068.597,60169.202
Reasoning,60154.521,60175.42
Reasoning,60175.422,60182.274
Reasoning,60186.559,60187.734
CommandExecution,60192.936,60193.259
Reasoning,60197.129,60216.259
Reasoning,60216.338,60230.569
AgentMessage,60230.577,60231.89
Reasoning,60285.091,60303.349
Reasoning,60303.352,60321.209
Reasoning,60321.212,60332.924
CommandExecution,60336.721,60336.721
Reasoning,60339.759,60360.059
Reasoning,60360.062,60378.624
Reasoning,60378.627,60392.809
AgentMessage,60392.812,60394.344
Reasoning,60447.439,60465.216
Reasoning,60465.219,60483.999
Reasoning,60484.001,60502.8
CommandExecution,60503.831,60503.831
Reasoning,60510.023,60511.434
AgentMessage,60511.436,60512.639
CommandExecution,60068.619,60546.506
CommandExecution,60551.492,60552.685
CommandExecution,60568.628,60568.628
CommandExecution,60568.688,60568.688
CommandExecution,60568.775,60568.776
AgentMessage,60571.459,60574.014
Reasoning,60579.164,60592.46
AgentMessage,60592.463,60595.555
CommandExecution,60602.693,60602.694
CommandExecution,60602.768,60602.768
Reasoning,60605.614,60622.604
Reasoning,60622.622,60631.584
CommandExecution,60633.126,60633.126
Reasoning,60636.494,60655.174
CommandExecution,60709.667,60710.088
Reasoning,60715.509,60735.839
Reasoning,60735.842,60754.144
Reasoning,60754.147,60772.45
AgentMessage,60772.456,60774.362
CommandExecution,60785.757,60786.148
Reasoning,60788.913,60791.809
CommandExecution,60792.792,60792.792
Reasoning,60797.084,60807.623
CommandExecution,60832.069,60832.463
Reasoning,60834.993,60852.435
Reasoning,60870.709,60871.749
CommandExecution,60896.367,60896.367
CommandExecution,60896.451,60896.451
Reasoning,60904.209,60925.229
CommandExecution,60958.732,60958.733
Reasoning,60961.689,60978.563
Reasoning,60978.567,60994.499
Reasoning,60994.503,61014.049
Reasoning,61014.052,61032.795
Reasoning,61032.806,61050.334
Reasoning,61055.883,61073.608
CommandExecution,61052.271,61075.144
Reasoning,61073.611,61094.131
Reasoning,61094.134,61113.014
Reasoning,61113.016,61123.505
AgentMessage,61123.507,61125.394
CommandExecution,61129.114,61129.114
Reasoning,61133.489,61151.969
CommandExecution,61154.588,61154.779
ContextCompaction,61154.785,61371.536
Reasoning,61377.198,61378.049
AgentMessage,61378.053,61379.433
CommandExecution,61381.452,61381.452
Reasoning,61383.619,61385.193
CommandExecution,61394.4,61395.235
AgentMessage,61397.283,61401.129
AgentMessage,61403.268,61404.689
CommandExecution,61408.484,61408.485
CommandExecution,61414.383,61414.383
Reasoning,61444.423,61445.743
CommandExecution,61450.437,61450.437
CommandExecution,61450.508,61450.508
CommandExecution,61450.599,61450.599
Reasoning,61454.379,61455.603
CommandExecution,61459.165,61459.165
CommandExecution,61435.468,61459.606
CommandExecution,61459.344,61459.941
CommandExecution,61460.118,61460.599
Reasoning,61463.503,61463.913
AgentMessage,61463.923,61465.993
CommandExecution,61469.001,61469.002
CommandExecution,61487.934,61487.935
Reasoning,61490.209,61490.734
CommandExecution,61498.139,61498.14
Reasoning,61503.414,61503.619
CommandExecution,61505.741,61505.742
Reasoning,61510.954,61512.034
CommandExecution,61514.71,61514.71
Reasoning,61516.464,61517.879
CommandExecution,61520.094,61520.095
Reasoning,61522.439,61523.044
CommandExecution,61525.968,61525.968
Reasoning,61534.125,61537.854
AgentMessage,61537.857,61540.389
CommandExecution,61543.495,61543.496
Reasoning,61549.019,61550.209
CommandExecution,61552.432,61552.433
CommandExecution,61486.854,61556.652
Reasoning,61556.109,61557.144
CommandExecution,61565.778,61565.778
Reasoning,61568.664,61569.529
CommandExecution,61572.426,61572.426
Reasoning,61576.229,61576.894
Reasoning,61590.784,61591.521
CommandExecution,61608.41,61608.41
Reasoning,61616.2,61617.379
CommandExecution,61619.495,61620.439
CommandExecution,61586.56,61621.884
Reasoning,61634.579,61635.394
Reasoning,61646.374,61647.599
CommandExecution,61643.355,61650.227
CommandExecution,61655.368,61656.19
CommandExecution,61657.553,61657.945
CommandExecution,61642.175,61658.431
Reasoning,61659.744,61660.756
AgentMessage,61660.759,61663.4
CommandExecution,61665.719,61665.719
Reasoning,61672.886,61673.509
Reasoning,61691.793,61694.294
CommandExecution,61708.021,61709.215
CommandExecution,61709.394,61710.87
Reasoning,61713.94,61715.004
CommandExecution,61719.868,61720.112
Reasoning,61723.259,61724.014
Reasoning,61739.444,61741.37
CommandExecution,61746.517,61746.518
CommandExecution,61746.548,61746.549
CommandExecution,61730.187,61746.877
Reasoning,61751.626,61753.42
CommandExecution,61766.457,61766.468
Reasoning,61769.744,61771.48
CommandExecution,61775.907,61775.907
Reasoning,61779.554,61780.225
AgentMessage,61780.23,61782.25
Reasoning,61782.252,61783.98
CommandExecution,61793.32,61793.32
CommandExecution,61765.275,61805.475
Reasoning,61809.69,61812.625
CommandExecution,61821.557,61821.632
CommandExecution,61821.688,61821.689
Reasoning,61823.94,61825.425
CommandExecution,61833.321,61833.443
Reasoning,61839.035,61843.965
CommandExecution,61656.369,61846.592
CommandExecution,61850.665,61850.665
Reasoning,61852.595,61852.97
AgentMessage,61852.974,61854.925
CommandExecution,61833.623,61865.117
Reasoning,61868.155,61869.105
CommandExecution,61871.734,61871.734
Reasoning,61877.31,61877.94
CommandExecution,61860.478,61878.179
McpToolCall,61882.31,61882.835
Reasoning,61885.31,61888.56
CommandExecution,61893.423,61893.742
Reasoning,61898.885,61905.005
CommandExecution,61969.49,61969.491
Reasoning,61971.39,61971.912
McpToolCall,61977.81,61978.218
CommandExecution,61978.395,61978.706
CommandExecution,61992.883,62006.865
Reasoning,61998.291,62012.17
CommandExecution,62016.647,62016.925
CommandExecution,61992.858,62025.047
Reasoning,62020.78,62027.45
AgentMessage,62027.455,62030.245
CommandExecution,62042.687,62042.727
Reasoning,62045.7,62047.005
Reasoning,62061.985,62067.365
CommandExecution,61992.946,62103.037
Extension,62070.107,62105.108
CommandExecution,62114.126,62114.43
Reasoning,62116.825,62133.345
CommandExecution,62139.958,62139.958
Reasoning,62142.725,62147.862
AgentMessage,62147.865,62150.131
CommandExecution,62151.447,62151.447
Reasoning,62153.541,62156.772
CommandExecution,62172.97,62172.97
Reasoning,62176.555,62179.25
CommandExecution,62187.223,62187.223
Reasoning,62190.76,62205.376
Reasoning,62208.73,62225.011
Reasoning,62231.525,62233.551
AgentMessage,62233.555,62235.541
Reasoning,62239.741,62240.485
Reasoning,62256.35,62269.001
Extension,62269.198,62314.199
CommandExecution,62324.616,62324.617
Reasoning,62328.305,62332.317
CommandExecution,62341.916,62341.916
Reasoning,62345.911,62351.735
AgentMessage,62351.745,62353.046
Reasoning,62359.641,62361.895
Reasoning,62377.075,62393.336
Reasoning,62405.257,62409.696
Extension,62409.963,62439.964
CommandExecution,62449.973,62449.973
Reasoning,62459.257,62460.362
AgentMessage,62460.365,62462.069
Reasoning,62462.071,62464.291
CommandExecution,61992.913,62477.378
Reasoning,62470.39,62488.771
Reasoning,62491.251,62491.716
CommandExecution,62493.942,62495.41
Reasoning,62497.535,62498.351
AgentMessage,62498.353,62500.271
CommandExecution,62502.708,62502.709
Reasoning,62505.746,62507.061
AgentMessage,62507.085,62509.911
Reasoning,62512.6,62515.651
AgentMessage,62515.655,62516.671
CommandExecution,62528.861,62528.861
CommandExecution,62528.937,62528.937
Reasoning,62532.951,62537.066
CommandExecution,62538.594,62538.595
Reasoning,62540.926,62544.031
CommandExecution,62548.824,62548.824
Reasoning,62554.065,62560.381
CommandExecution,62563.221,62563.222
Reasoning,62566.406,62568.791
CommandExecution,62571.459,62571.459
Reasoning,62576.381,62576.936
CommandExecution,62581.845,62581.845
Reasoning,62584.621,62601.008
AgentMessage,62601.011,62602.489
Reasoning,62602.491,62603.591
CommandExecution,62606.561,62606.562
Reasoning,62609.916,62625.611
CommandExecution,62658.215,62659.338
Reasoning,62661.696,62663.898
CommandExecution,62672.888,62672.888
Reasoning,62678.463,62694.021
Reasoning,62694.025,62711.266
CommandExecution,62773.018,62773.115
Reasoning,62778.326,62789.396
CommandExecution,62795.205,62795.205
Reasoning,62804.131,62804.766
AgentMessage,62804.776,62806.916
Reasoning,62806.919,62824.776
CommandExecution,62867.689,62868.813
Reasoning,62870.493,62877.161
CommandExecution,62879.649,62879.649
Reasoning,62884.041,62903.226
CommandExecution,62909.214,62909.364
Reasoning,62913.271,62929.546
CommandExecution,62941.026,62942.093
Reasoning,62944.796,62954.696
AgentMessage,62954.711,62955.686
CommandExecution,62963.253,62964.598
Reasoning,62967.076,62975.506
CommandExecution,62981.516,62981.517
AgentMessage,62985.636,62987.586
Reasoning,62993.971,62995.631
AgentMessage,62995.638,62996.936
CommandExecution,63004.044,63004.044
Reasoning,63008.051,63025.736
Reasoning,63025.739,63042.176
CommandExecution,63042.999,63042.999
Reasoning,63048.166,63051.091
CommandExecution,63054.496,63054.496
Reasoning,63056.941,63057.821
CommandExecution,63062.42,63062.882
Reasoning,63066.026,63080.026
AgentMessage,63080.029,63081.62
CommandExecution,63153.142,63153.143
Reasoning,63157.641,63169.591
Reasoning,63195.726,63206.451
CommandExecution,63192.302,63217.54
CommandExecution,63233.101,63234.381
Reasoning,63245.886,63263.066
Reasoning,63263.069,63281.372
Reasoning,63281.374,63297.626
CommandExecution,63299.636,63299.636
Reasoning,63302.161,63304.071
AgentMessage,63304.076,63305.566
CommandExecution,63307.568,63307.568
Reasoning,63313.761,63316.991
CommandExecution,63324.333,63325.617
Reasoning,63328.241,63346.385
CommandExecution,63389.567,63393.409
Reasoning,63394.711,63413.986
CommandExecution,63415.688,63415.688
Reasoning,63419.166,63434.506
AgentMessage,63434.511,63435.966
Reasoning,63460.881,63462.796
CommandExecution,63467.949,63468.203
CommandExecution,63453.26,63488.85
Reasoning,63471.766,63489.971
CommandExecution,63495.0,63503.053
CommandExecution,63493.815,63511.064
Reasoning,63498.353,63517.803
Reasoning,63517.805,63529.691
CommandExecution,63539.947,63539.948
Reasoning,63543.211,63559.481
Reasoning,63559.485,63577.845
AgentMessage,63577.848,63580.196
Reasoning,63588.93,63609.226
CommandExecution,63584.075,63611.225
CommandExecution,63628.028,63628.028
CommandExecution,63628.214,63628.247
Reasoning,63631.325,63643.891
CommandExecution,63655.064,63656.807
Reasoning,63661.44,63664.401
CommandExecution,63672.362,63672.363
AgentMessage,63682.25,63684.78
Reasoning,63688.395,63703.975
AgentMessage,63703.985,63705.495
CommandExecution,63712.205,63712.205
Reasoning,63722.685,63726.035
CommandExecution,63731.379,63731.379
CommandExecution,63730.315,63739.132
Reasoning,63733.36,63750.62
Reasoning,63750.624,63767.535
Reasoning,63767.538,63780.67
CommandExecution,63821.365,63821.365
Reasoning,63825.545,63842.41
Reasoning,63842.413,63850.605
CommandExecution,63874.784,63874.785
Reasoning,63881.454,63901.22
Reasoning,63901.223,63919.19
CommandExecution,63921.895,63921.896
Reasoning,63926.921,63929.946
AgentMessage,63929.953,63931.434
Reasoning,63931.437,63942.39
CommandExecution,63949.436,63949.981
CommandExecution,63949.464,63950.034
CommandExecution,63950.12,63950.121
Reasoning,63953.934,63969.67
CommandExecution,63978.399,63978.4
Reasoning,63997.809,64013.52
Reasoning,64013.524,64026.314
CommandExecution,64029.637,64029.637
Reasoning,64033.421,64034.974
AgentMessage,64034.979,64036.509
Reasoning,64036.511,64056.876
Extension,64057.088,64087.09
CommandExecution,64092.923,64092.923
Reasoning,64098.584,64115.81
CommandExecution,64121.125,64121.126
Reasoning,64123.634,64128.604
CommandExecution,64120.039,64131.966
CommandExecution,64133.531,64133.531
Reasoning,64136.894,64152.959
AgentMessage,64152.963,64154.644
Reasoning,64154.646,64169.974
Reasoning,64169.977,64189.37
CommandExecution,64192.519,64204.466
Reasoning,64196.604,64216.349
Reasoning,64216.353,64232.693
CommandExecution,64235.185,64235.186
Reasoning,64242.724,64258.799
Reasoning,64258.802,64278.944
Reasoning,64278.947,64296.641
AgentMessage,64296.644,64297.849
Extension,64298.047,64338.048
CommandExecution,64346.416,64346.416
Reasoning,64348.828,64367.954
Reasoning,64367.956,64379.039
Extension,64379.231,64419.232
CommandExecution,64437.633,64437.634
Reasoning,64442.053,64445.053
AgentMessage,64445.056,64446.433
Reasoning,64461.018,64480.848
Reasoning,64480.851,64497.718
CommandExecution,64503.624,64503.624
CommandExecution,64457.563,64507.581
Reasoning,64505.928,64510.598
CommandExecution,64516.828,64516.828
Reasoning,64520.828,64539.589
Reasoning,64539.591,64559.613
Reasoning,64559.617,64567.263
AgentMessage,64567.266,64568.853
CommandExecution,64572.794,64579.672
Reasoning,64577.824,64579.793
CommandExecution,64571.614,64587.883
CommandExecution,64587.905,64588.723
Reasoning,64595.758,64613.948
Reasoning,64613.953,64631.998
Reasoning,64632.002,64638.249
CommandExecution,64639.821,64639.873
Reasoning,64643.763,64662.373
AgentMessage,64662.378,64663.728
CommandExecution,64696.353,64699.456
Reasoning,64701.163,64713.963
CommandExecution,64717.612,64717.612
Reasoning,64721.71,64723.033
CommandExecution,64734.034,64734.687
Reasoning,64736.763,64757.568
CommandExecution,64732.853,64771.185
Reasoning,64757.571,64774.613
CommandExecution,64588.9,64779.718
Reasoning,64774.615,64791.418
Reasoning,64791.424,64798.181
CommandExecution,64799.723,64799.724
Reasoning,64806.188,64807.084
AgentMessage,64807.109,64808.623
CommandExecution,64814.372,64819.871
Reasoning,64818.623,64820.618
CommandExecution,64815.553,64844.594
CommandExecution,64890.662,64890.663
Reasoning,64893.198,64894.633
CommandExecution,64901.011,64901.011
McpToolCall,64901.018,64903.358
Reasoning,64908.319,64909.603
CommandExecution,64922.879,64922.88
CommandExecution,64923.136,64936.473
Reasoning,64926.173,64942.167
CommandExecution,64923.108,64959.532
Reasoning,64942.173,64961.709
Reasoning,64961.711,64981.124
Reasoning,64981.126,64982.953
CommandExecution,64985.396,64985.696
Reasoning,64989.777,65006.938
Reasoning,65006.94,65023.31
CommandExecution,64923.082,65033.763
Reasoning,65023.312,65038.284
AgentMessage,65038.286,65039.493
CommandExecution,65048.431,65048.432
Reasoning,65055.447,65059.162
CommandExecution,65063.118,65063.464
Reasoning,65070.628,65089.723
Reasoning,65089.726,65111.043
Reasoning,65111.046,65130.403
Reasoning,65130.406,65150.555
Reasoning,65150.559,65170.848
Reasoning,65170.852,65192.25
Reasoning,65192.254,65210.788
Reasoning,65210.792,65231.258
Reasoning,65231.261,65237.673
CommandExecution,65243.949,65243.949
CommandExecution,64923.058,65443.598
ContextCompaction,65243.957,65445.711
Reasoning,65449.862,65450.653
AgentMessage,65450.658,65451.928
CommandExecution,65454.024,65454.024
Reasoning,65456.163,65457.123
CommandExecution,65460.716,65460.716
Reasoning,65468.083,65469.363
CommandExecution,65481.164,65481.198
Reasoning,65484.182,65484.722
CommandExecution,65481.187,65485.229
CommandExecution,65494.278,65494.582
CommandExecution,65494.647,65494.648
Reasoning,65497.328,65497.908
CommandExecution,65505.327,65505.659
Reasoning,65507.551,65508.583
CommandExecution,65519.793,65520.058
Reasoning,65521.628,65522.463
CommandExecution,65531.46,65531.474
Reasoning,65536.403,65537.07
CommandExecution,65549.73,65550.519
AgentMessage,65552.05,65554.359
AgentMessage,65559.538,65560.864
CommandExecution,65563.077,65563.077
Reasoning,65566.72,65568.308
CommandExecution,65578.614,65578.615
CommandExecution,65578.691,65578.691
Reasoning,65580.304,65581.5
CommandExecution,65584.229,65584.229
Reasoning,65585.914,65588.589
CommandExecution,65594.357,65594.357
Reasoning,65597.389,65604.51
AgentMessage,65604.544,65607.05
CommandExecution,65611.309,65611.309
Reasoning,65614.354,65615.054
CommandExecution,65678.005,65682.815
Reasoning,65681.64,65684.501
CommandExecution,65686.717,65686.718
Reasoning,65691.435,65700.821
CommandExecution,65703.71,65703.711
Reasoning,65706.471,65707.815
CommandExecution,65712.502,65712.502
Reasoning,65716.031,65719.591
CommandExecution,65725.056,65725.056
Reasoning,65727.201,65728.071
CommandExecution,65731.198,65731.198
Reasoning,65735.291,65743.171
Reasoning,65753.466,65754.626
CommandExecution,65750.679,65755.488
CommandExecution,65761.497,65761.497
Reasoning,65764.421,65767.641
AgentMessage,65767.656,65769.576
CommandExecution,65797.951,65799.114
Reasoning,65800.807,65802.572
CommandExecution,65805.212,65805.212
AgentMessage,65807.362,65809.802
Reasoning,65813.872,65820.952
AgentMessage,65820.954,65822.687
CommandExecution,65831.553,65831.554
Reasoning,65835.057,65845.277
CommandExecution,65849.942,65849.942
Reasoning,65852.382,65863.497
CommandExecution,65938.926,65939.805
Reasoning,65945.353,65945.979
CommandExecution,65947.192,65947.192
Reasoning,65949.343,65953.314
CommandExecution,65957.923,65957.923
Reasoning,65960.143,65962.443
CommandExecution,65964.369,65964.369
Reasoning,65970.65,65975.228
CommandExecution,65982.671,65982.671
Reasoning,65986.654,65991.663
AgentMessage,65991.668,65993.128
CommandExecution,66011.927,66013.735
Reasoning,66015.143,66025.844
CommandExecution,66029.265,66029.265
Reasoning,66031.129,66036.614
CommandExecution,66039.561,66039.562
Reasoning,66045.169,66058.225
CommandExecution,66095.958,66103.453
Reasoning,66101.384,66108.829
CommandExecution,66112.866,66112.867
Reasoning,66115.164,66131.44
CommandExecution,66163.912,66163.912
Reasoning,66167.191,66174.555
CommandExecution,66181.234,66181.322
CommandExecution,66181.501,66182.271
Reasoning,66184.855,66185.84
CommandExecution,66164.1,66189.843
CommandExecution,66189.955,66189.955
Reasoning,66193.465,66197.725
CommandExecution,66205.226,66205.226
CommandExecution,66205.433,66212.381
Reasoning,66208.145,66212.865
CommandExecution,66205.405,66221.527
CommandExecution,66244.126,66244.947
Reasoning,66247.71,66250.975
CommandExecution,66255.506,66255.586
Reasoning,66259.781,66263.515
CommandExecution,66276.775,66277.695
Reasoning,66288.817,66291.435
CommandExecution,66294.131,66294.131
Reasoning,66299.637,66302.315
AgentMessage,66302.318,66304.248
CommandExecution,66310.023,66310.023
CommandExecution,66310.092,66310.092
Reasoning,66312.02,66314.595
CommandExecution,66316.322,66316.322
Reasoning,66318.821,66323.371
CommandExecution,66334.221,66335.503
Reasoning,66338.406,66343.891
CommandExecution,66350.055,66352.158
Reasoning,66361.931,66368.387
CommandExecution,66371.272,66371.273
Reasoning,66373.461,66376.072
CommandExecution,66382.578,66384.167
Reasoning,66389.906,66393.986
CommandExecution,66400.177,66400.178
Reasoning,66403.426,66415.281
CommandExecution,66381.389,66416.63
CommandExecution,66423.536,66423.536
Reasoning,66425.562,66428.048
CommandExecution,66433.453,66434.589
CommandExecution,66245.124,66435.627
Reasoning,66436.756,66441.356
AgentMessage,66441.359,66443.266
CommandExecution,66447.62,66447.621
Reasoning,66449.687,66452.821
CommandExecution,66433.423,66456.053
CommandExecution,66458.418,66462.118
Reasoning,66462.676,66464.311
McpToolCall,66470.38,66470.931
CommandExecution,66471.111,66471.426
Reasoning,66473.691,66487.628
CommandExecution,66559.706,66559.707
Reasoning,66562.472,66563.787
McpToolCall,66570.216,66570.672
CommandExecution,66570.85,66571.141
Reasoning,66572.937,66574.597
CommandExecution,66591.673,66591.673
CommandExecution,66591.899,66613.272
Reasoning,66599.496,66618.077
AgentMessage,66618.078,66619.397
CommandExecution,66591.924,66619.965
Extension,66619.408,66664.41
CommandExecution,66677.064,66677.419
Reasoning,66684.099,66699.667
Reasoning,66699.669,66700.757
AgentMessage,66700.759,66702.459
CommandExecution,66591.875,66707.485
Extension,66702.693,66747.695
CommandExecution,66760.726,66760.726
Reasoning,66763.598,66779.97
AgentMessage,66779.977,66780.972
Extension,66781.141,66826.141
CommandExecution,66840.672,66840.672
Reasoning,66842.994,66860.058
Reasoning,66860.061,66869.463
AgentMessage,66869.466,66870.478
Extension,66870.666,66915.667
CommandExecution,66926.354,66926.354
Reasoning,66930.749,66936.903
AgentMessage,66936.913,66938.728
Extension,66939.092,66984.092
CommandExecution,66996.226,66996.227
Reasoning,67000.809,67017.377
Reasoning,67017.381,67018.779
AgentMessage,67018.781,67019.728
Extension,67019.735,67064.737
CommandExecution,67076.325,67076.325
Reasoning,67079.132,67087.63
CommandExecution,67092.114,67092.115
Reasoning,67097.686,67098.689
AgentMessage,67098.692,67100.669
CommandExecution,66591.851,67101.326
Extension,67101.011,67146.013
CommandExecution,67152.98,67152.98
Reasoning,67154.934,67155.679
AgentMessage,67155.689,67157.149
CommandExecution,67159.15,67161.808
Reasoning,67162.989,67167.109
CommandExecution,67169.567,67169.567
AgentMessage,67172.829,67175.259
Reasoning,67187.184,67204.43
AgentMessage,67204.433,67205.369
CommandExecution,67213.886,67213.887
CommandExecution,67213.962,67213.962
Reasoning,67217.024,67232.584
Reasoning,67232.587,67248.73
Reasoning,67248.743,67267.98
Reasoning,67267.983,67289.54
Reasoning,67289.543,67296.498
AgentMessage,67296.502,67297.998
Extension,67298.237,67343.238
CommandExecution,67355.383,67355.383
AgentMessage,67358.73,67360.43
Reasoning,67365.32,67383.05
AgentMessage,67383.054,67383.985
CommandExecution,67391.651,67391.652
Extension,67399.594,67444.595
CommandExecution,67456.188,67456.189
Reasoning,67459.765,67461.435
AgentMessage,67461.439,67462.464
Reasoning,67470.574,67490.635
Reasoning,67490.637,67492.99
AgentMessage,67492.993,67493.895
CommandExecution,67497.66,67497.66
Extension,67500.432,67545.434
CommandExecution,67558.073,67558.073
Reasoning,67561.242,67561.693
AgentMessage,67561.7,67563.23
Reasoning,67566.262,67585.343
Reasoning,67585.345,67606.835
Reasoning,67606.838,67617.862
AgentMessage,67617.865,67618.915
CommandExecution,67622.564,67622.564
Extension,67631.068,67676.068
CommandExecution,67685.118,67685.118
Reasoning,67686.99,67688.976
AgentMessage,67688.978,67690.841
Reasoning,67694.225,67705.341
AgentMessage,67705.345,67706.325
CommandExecution,67713.763,67713.764
Extension,67716.148,67766.15
CommandExecution,67773.998,67773.998
Reasoning,67777.346,67780.051
AgentMessage,67780.054,67781.031
Extension,67781.374,67831.374
CommandExecution,67840.778,67840.779
Reasoning,67844.911,67852.631
AgentMessage,67852.634,67854.356
Extension,67854.713,67899.714
CommandExecution,67908.174,67908.175
Reasoning,67913.426,67924.486
AgentMessage,67924.495,67926.716
CommandExecution,67934.956,67934.957
Extension,67944.479,67984.48
CommandExecution,67988.442,67988.443
Reasoning,67991.651,67993.586
AgentMessage,67993.596,67995.186
Extension,67995.559,68040.56
CommandExecution,68045.631,68045.631
Reasoning,68049.363,68050.573
AgentMessage,68050.575,68051.591
Extension,68051.949,68096.951
CommandExecution,68100.2,68100.201
Reasoning,68106.332,68114.616
AgentMessage,68114.626,68115.497
Extension,68115.869,68160.87
CommandExecution,68166.083,68166.083
Reasoning,68170.677,68188.577
Reasoning,68188.587,68206.742
AgentMessage,68206.745,68208.182
Extension,68208.274,68253.276
CommandExecution,68256.855,68256.856
Reasoning,68258.957,68262.737
AgentMessage,68262.74,68263.457
Extension,68263.72,68308.721
CommandExecution,68312.507,68312.507
Reasoning,68314.702,68315.117
AgentMessage,68315.12,68316.732
Extension,68318.32,68363.321
CommandExecution,68367.816,68367.816
Reasoning,68371.842,68372.367
AgentMessage,68372.369,68373.653
Extension,68374.015,68419.016
CommandExecution,68422.583,68422.583
Reasoning,68424.712,68425.792
AgentMessage,68425.797,68427.057
Extension,68427.39,68472.392
CommandExecution,68477.598,68477.598
Reasoning,68479.667,68480.322
AgentMessage,68480.328,68481.854
Extension,68482.19,68527.191
CommandExecution,68532.419,68532.419
Reasoning,68534.697,68535.994
AgentMessage,68535.996,68536.943
Extension,68537.241,68582.242
CommandExecution,68587.385,68587.385
Reasoning,68591.328,68595.103
AgentMessage,68595.106,68596.543
Extension,68596.861,68641.862
CommandExecution,68646.692,68646.692
Reasoning,68649.503,68650.393
AgentMessage,68650.398,68651.933
Extension,68652.24,68697.241
CommandExecution,68702.059,68702.059
Reasoning,68705.833,68712.918
AgentMessage,68712.922,68713.518
Extension,68713.751,68758.751
CommandExecution,68764.494,68764.495
Reasoning,68767.218,68768.798
AgentMessage,68768.808,68770.023
Extension,68770.361,68815.362
CommandExecution,68818.98,68818.981
Reasoning,68822.144,68822.868
AgentMessage,68822.875,68824.36
Extension,68824.666,68869.667
CommandExecution,68877.69,68877.691
Reasoning,68880.234,68880.975
AgentMessage,68880.977,68882.363
Extension,68883.297,68928.297
CommandExecution,68932.744,68932.744
Reasoning,68937.684,68939.094
AgentMessage,68939.099,68940.875
Extension,68941.236,68951.238
Reasoning,68966.159,68968.344
CommandExecution,68970.407,68970.407
Reasoning,68975.724,68978.424
CommandExecution,68963.215,68982.8
CommandExecution,68982.868,68982.868
Reasoning,68987.924,68996.344
AgentMessage,68996.347,68998.724
Reasoning,69015.454,69016.969
CommandExecution,69023.181,69023.181
Reasoning,69026.009,69032.149
CommandExecution,69042.731,69042.731
Reasoning,69048.364,69055.204
CommandExecution,69060.37,69060.37
Reasoning,69068.449,69072.849
AgentMessage,69072.859,69075.064
CommandExecution,69083.062,69083.063
Reasoning,69086.454,69091.154
CommandExecution,69011.871,69093.399
CommandExecution,69094.194,69094.194
Reasoning,69097.829,69108.454
CommandExecution,69122.681,69122.706
Reasoning,69125.979,69131.484
CommandExecution,69134.522,69134.523
Reasoning,69137.289,69148.374
CommandExecution,69121.502,69150.071
CommandExecution,69151.181,69151.181
Reasoning,69154.199,69163.792
CommandExecution,69168.9,69168.9
Reasoning,69171.889,69182.599
CommandExecution,69183.537,69183.537
Reasoning,69186.054,69186.999
CommandExecution,69205.029,69207.63
Reasoning,69208.664,69225.596
Reasoning,69225.599,69226.59
AgentMessage,69226.592,69228.519
CommandExecution,69232.539,69232.539
Reasoning,69236.835,69253.425
CommandExecution,69257.568,69257.569
Reasoning,69274.529,69291.667
CommandExecution,69317.407,69317.407
CommandExecution,69317.608,69326.604
CommandExecution,69317.586,69334.037
Reasoning,69322.496,69334.12
CommandExecution,69336.269,69336.399
Reasoning,69340.92,69346.021
CommandExecution,69351.84,69352.629
Reasoning,69357.371,69370.67
AgentMessage,69370.672,69372.575
CommandExecution,69379.262,69379.262
Reasoning,69383.502,69399.12
Reasoning,69399.124,69406.05
CommandExecution,69444.276,69444.805
Reasoning,69448.91,69466.03
CommandExecution,69477.011,69477.011
CommandExecution,69475.954,69492.847
Reasoning,69481.945,69498.216
CommandExecution,69499.902,69499.902
Reasoning,69513.195,69525.43
AgentMessage,69525.435,69526.545
CommandExecution,69536.688,69536.689
CommandExecution,69352.806,69540.082
Reasoning,69540.145,69557.805
Reasoning,69557.808,69560.165
CommandExecution,69562.862,69562.863
Reasoning,69565.78,69576.09
CommandExecution,69535.617,69577.759
Reasoning,69585.455,69586.83
CommandExecution,69594.987,69594.987
CommandExecution,69593.901,69596.064
CommandExecution,69581.185,69597.077
Reasoning,69597.685,69614.32
Reasoning,69614.323,69617.255
AgentMessage,69617.257,69618.915
CommandExecution,69593.925,69619.955
CommandExecution,69697.896,69697.896
Reasoning,69700.632,69703.392
McpToolCall,69710.131,69712.367
CommandExecution,69712.561,69712.882
Reasoning,69714.852,69718.438
CommandExecution,69736.442,69736.442
CommandExecution,69736.665,69760.351
CommandExecution,69736.693,69761.22
Reasoning,69743.201,69762.291
Reasoning,69762.292,69780.326
Reasoning,69780.328,69784.997
AgentMessage,69784.999,69786.499
Extension,69786.768,69826.77
CommandExecution,69839.957,69840.285
CommandExecution,69736.62,69853.724
Reasoning,69842.13,69862.023
Reasoning,69862.027,69878.748
AgentMessage,69878.751,69880.203
Extension,69880.441,69920.441
CommandExecution,69932.879,69932.879
Reasoning,69941.207,69956.861
Reasoning,69956.864,69959.831
AgentMessage,69959.834,69961.411
Extension,69961.754,70006.755
CommandExecution,70016.458,70016.458
Reasoning,70019.165,70034.74
Reasoning,70034.744,70050.106
AgentMessage,70050.108,70050.921
Extension,70051.108,70096.109
CommandExecution,70106.558,70106.558
Reasoning,70108.5,70125.639
Reasoning,70125.642,70134.106
AgentMessage,70134.109,70135.1
Extension,70135.267,70180.267
CommandExecution,70190.107,70190.107
Reasoning,70193.688,70212.688
Reasoning,70212.691,70220.195
AgentMessage,70220.198,70221.093
CommandExecution,69736.642,70253.637
Extension,70221.266,70266.267
CommandExecution,70292.613,70292.614
Reasoning,70297.122,70298.877
AgentMessage,70298.882,70300.067
CommandExecution,70302.126,70303.801
Reasoning,70307.817,70320.807
CommandExecution,70321.858,70321.858
Reasoning,70325.332,70342.132
Reasoning,70342.136,70348.166
AgentMessage,70348.169,70349.271
Reasoning,70362.286,70365.251
CommandExecution,70369.232,70369.232
CommandExecution,70357.735,70378.104
Reasoning,70373.156,70389.706
Reasoning,70389.709,70395.276
AgentMessage,70395.279,70397.531
CommandExecution,70399.91,70399.91
Reasoning,70403.556,70420.591
Reasoning,70420.605,70432.051
CommandExecution,70434.209,70434.365
ContextCompaction,70434.372,70645.109
Reasoning,70647.576,70649.635
AgentMessage,70649.65,70651.255
CommandExecution,70653.316,70653.316
Reasoning,70654.895,70657.0
CommandExecution,70658.953,70658.954
CommandExecution,70676.078,70676.308
Reasoning,70678.95,70680.116
CommandExecution,70689.87,70690.067
Reasoning,70692.094,70692.68
AgentMessage,70692.683,70697.145
CommandExecution,70705.777,70706.091
Reasoning,70708.499,70709.139
CommandExecution,70718.792,70718.916
AgentMessage,70720.414,70722.604
AgentMessage,70726.044,70727.534
CommandExecution,70730.167,70730.168
CommandExecution,70730.261,70730.261
CommandExecution,70738.081,70738.082
Reasoning,70739.921,70741.554
CommandExecution,70744.028,70744.029
Reasoning,70745.614,70748.099
CommandExecution,70751.937,70751.938
CommandExecution,70737.025,70754.277
Reasoning,70755.933,70756.369
AgentMessage,70756.384,70759.519
CommandExecution,70771.616,70771.617
Reasoning,70772.959,70774.829
CommandExecution,70778.402,70778.402
Reasoning,70787.623,70789.129
Reasoning,70796.773,70797.593
CommandExecution,70770.514,70798.886
CommandExecution,70801.339,70801.339
Reasoning,70805.673,70809.923
CommandExecution,70813.212,70813.213
Reasoning,70814.928,70816.618
CommandExecution,70819.097,70819.097
Reasoning,70820.679,70822.218
Reasoning,70879.835,70883.478
CommandExecution,70889.263,70889.264
Reasoning,70893.513,70894.748
CommandExecution,70898.424,70898.962
Reasoning,70901.863,70902.703
CommandExecution,70954.36,70954.361
Reasoning,70962.059,70962.688
AgentMessage,70962.692,70965.714
CommandExecution,70874.699,70967.813
CommandExecution,70969.326,70969.327
Reasoning,70971.938,70972.668
Reasoning,70992.508,70995.392
CommandExecution,71005.644,71008.933
CommandExecution,70986.206,71011.927
CommandExecution,71010.299,71013.583
Reasoning,71018.162,71019.752
CommandExecution,71023.727,71023.727
Reasoning,71029.602,71032.128
CommandExecution,71053.132,71056.934
Reasoning,71060.197,71065.132
CommandExecution,71068.835,71068.836
Reasoning,71085.337,71086.252
CommandExecution,71088.712,71088.712
Reasoning,71091.107,71092.478
CommandExecution,71097.761,71097.761
Reasoning,71100.927,71101.757
AgentMessage,71101.767,71105.753
CommandExecution,71108.687,71108.687
CommandExecution,71096.704,71115.994
Reasoning,71115.387,71117.757
CommandExecution,71129.126,71129.126
CommandExecution,71128.066,71133.735
Reasoning,71136.447,71145.882
CommandExecution,71148.698,71148.698
Reasoning,71153.477,71154.237
CommandExecution,71163.504,71164.048
Reasoning,71167.352,71183.067
CommandExecution,71009.113,71191.11
CommandExecution,71162.325,71202.263
CommandExecution,71260.546,71261.729
Reasoning,71264.282,71269.817
Reasoning,71273.806,71275.218
CommandExecution,71293.907,71293.907
Reasoning,71298.436,71300.541
AgentMessage,71300.553,71302.537
CommandExecution,71294.093,71312.719
CommandExecution,71313.737,71313.737
McpToolCall,71313.746,71314.478
Reasoning,71319.041,71322.716
CommandExecution,71325.405,71325.406
CommandExecution,71295.272,71335.73
Reasoning,71333.481,71337.322
McpToolCall,71344.02,71344.267
CommandExecution,71344.446,71344.784
Reasoning,71348.436,71364.171
CommandExecution,71372.169,71372.169
Reasoning,71374.277,71385.466
CommandExecution,71472.875,71472.876
Reasoning,71475.591,71477.661
McpToolCall,71483.63,71484.021
CommandExecution,71484.2,71484.48
Reasoning,71486.481,71487.496
CommandExecution,71512.255,71512.255
Reasoning,71514.615,71519.926
AgentMessage,71519.928,71522.557
CommandExecution,71556.866,71558.277
CommandExecution,71558.049,71558.353
CommandExecution,71511.179,71563.133
Reasoning,71560.709,71576.751
CommandExecution,71581.946,71581.946
Reasoning,71589.611,71603.121
CommandExecution,71607.673,71607.674
Reasoning,71611.33,71618.145
AgentMessage,71618.147,71620.531
CommandExecution,71624.227,71624.228
CommandExecution,71509.997,71633.764
Reasoning,71639.42,71653.846
CommandExecution,71695.243,71698.471
Reasoning,71703.382,71712.013
CommandExecution,71714.707,71714.708
Reasoning,71719.749,71737.082
CommandExecution,71772.816,71773.131
Reasoning,71780.758,71782.524
CommandExecution,71786.33,71787.58
Reasoning,71790.925,71794.809
CommandExecution,71802.269,71803.856
Reasoning,71810.109,71812.463
CommandExecution,71815.853,71815.854
Reasoning,71818.229,71828.125
AgentMessage,71828.128,71831.089
CommandExecution,71843.025,71843.025
Reasoning,71845.03,71858.506
CommandExecution,71863.24,71863.24
Reasoning,71866.285,71867.445
Extension,71867.743,71912.745
CommandExecution,71925.813,71925.813
Reasoning,71931.222,71948.332
AgentMessage,71948.335,71949.496
CommandExecution,71967.823,71968.984
Reasoning,71979.642,71984.477
CommandExecution,71991.808,71991.808
CommandExecution,71991.87,71991.871
Reasoning,71993.735,71994.715
Extension,71995.175,72040.176
CommandExecution,71508.816,72045.309
CommandExecution,72048.591,72048.591
Reasoning,72050.618,72053.373
AgentMessage,72053.378,72054.914
CommandExecution,72056.619,72059.442
Reasoning,72061.158,72062.808
CommandExecution,72070.4,72070.4
Reasoning,72072.875,72080.505
AgentMessage,72080.509,72081.969
Reasoning,72085.264,72088.019
AgentMessage,72088.03,72089.529
CommandExecution,72098.529,72098.529
CommandExecution,72098.602,72098.602
CommandExecution,72107.38,72107.38
Reasoning,72111.226,72126.935
CommandExecution,72129.262,72129.263
Reasoning,72131.601,72139.204
CommandExecution,72141.195,72141.196
Reasoning,72143.929,72159.66
CommandExecution,72238.256,72238.256
Reasoning,72242.531,72258.096
AgentMessage,72258.099,72260.36
Reasoning,72320.711,72337.211
CommandExecution,72316.604,72342.17
CommandExecution,72375.299,72375.299
Reasoning,72378.497,72384.952
CommandExecution,72393.754,72393.754
Reasoning,72398.022,72407.372
CommandExecution,72392.68,72417.258
CommandExecution,72426.838,72426.838
Reasoning,72431.777,72435.427
CommandExecution,72448.248,72449.327
CommandExecution,72447.066,72449.475
CommandExecution,72450.696,72451.505
Reasoning,72455.092,72457.761
CommandExecution,72458.566,72458.566
Reasoning,72461.793,72462.417
CommandExecution,72492.173,72493.652
Reasoning,72512.362,72515.493
CommandExecution,72522.14,72522.14
CommandExecution,72519.894,72522.222
Reasoning,72525.299,72526.128
AgentMessage,72526.138,72527.645
Reasoning,72539.513,72542.308
CommandExecution,72548.643,72548.644
CommandExecution,72547.583,72550.025
Reasoning,72554.599,72558.908
CommandExecution,72521.079,72561.264
Reasoning,72581.824,72585.093
CommandExecution,72593.55,72593.55
Reasoning,72596.988,72614.603
CommandExecution,72618.817,72618.817
CommandExecution,72592.478,72631.431
Reasoning,72630.793,72632.733
AgentMessage,72632.738,72634.099
CommandExecution,72449.514,72634.49
CommandExecution,72637.089,72637.089
Reasoning,72655.703,72656.209
CommandExecution,72661.518,72667.025
Reasoning,72665.419,72674.809
CommandExecution,72683.325,72683.326
McpToolCall,72683.34,72683.879
Reasoning,72692.243,72707.094
CommandExecution,72781.166,72781.166
Reasoning,72785.428,72786.859
McpToolCall,72792.995,72793.419
CommandExecution,72793.598,72793.939
Reasoning,72799.764,72802.661
CommandExecution,72821.193,72821.193
Reasoning,72823.436,72838.751
Reasoning,72838.753,72841.384
AgentMessage,72841.389,72843.499
CommandExecution,72846.372,72846.373
Reasoning,72852.732,72854.65
CommandExecution,72857.912,72857.913
CommandExecution,72820.118,72867.291
Reasoning,72861.574,72877.448
Reasoning,72877.451,72882.236
CommandExecution,72898.794,72899.09
CommandExecution,72897.608,72900.942
Reasoning,72901.162,72904.142
CommandExecution,72907.614,72907.615
Reasoning,72913.312,72914.159
CommandExecution,72917.579,72917.58
Reasoning,72925.65,72926.509
CommandExecution,72931.542,72931.9
CommandExecution,72818.937,72941.26
Reasoning,72935.731,72951.334
Reasoning,73007.045,73018.775
CommandExecution,73031.207,73031.207
CommandExecution,73031.268,73031.269
Reasoning,73035.773,73037.215
CommandExecution,73054.598,73055.837
Reasoning,73060.53,73076.045
Reasoning,73076.048,73091.55
Reasoning,73091.553,73096.764
AgentMessage,73096.768,73099.1
CommandExecution,73159.434,73159.434
CommandExecution,72817.758,73327.659
ContextCompaction,73164.448,73396.68
Reasoning,73400.371,73401.691
AgentMessage,73401.696,73403.136
CommandExecution,73406.515,73406.516
CommandExecution,73406.593,73406.594
Reasoning,73408.056,73410.051
CommandExecution,73420.168,73420.216
Reasoning,73423.617,73424.377
CommandExecution,73427.363,73427.364
CommandExecution,73427.52,73427.52
Reasoning,73433.021,73434.706
CommandExecution,73443.412,73444.2
AgentMessage,73446.786,73449.136
AgentMessage,73450.826,73452.651
CommandExecution,73457.157,73457.157
CommandExecution,73457.231,73457.232
Reasoning,73458.936,73459.936
CommandExecution,73463.058,73464.528
CommandExecution,73464.583,73464.583
Reasoning,73466.726,73468.218
CommandExecution,73473.162,73473.163
CommandExecution,73473.223,73473.223
Reasoning,73477.091,73486.736
AgentMessage,73486.746,73489.944
CommandExecution,73492.73,73492.731
Reasoning,73494.584,73498.402
CommandExecution,73502.952,73503.105
Reasoning,73504.531,73508.471
CommandExecution,73540.456,73540.456
Reasoning,73542.721,73557.432
CommandExecution,73615.078,73615.078
Reasoning,73617.132,73620.306
CommandExecution,73627.566,73627.566
Reasoning,73629.457,73640.551
CommandExecution,73671.074,73671.125
Reasoning,73674.641,73677.612
CommandExecution,73714.512,73714.513
Reasoning,73716.006,73716.887
CommandExecution,73720.338,73721.368
Reasoning,73723.926,73729.271
AgentMessage,73729.276,73731.613
Reasoning,73734.963,73745.091
AgentMessage,73745.094,73746.591
CommandExecution,73750.742,73750.742
CommandExecution,73750.801,73750.802
Reasoning,73752.671,73758.662
CommandExecution,73761.752,73761.752
Reasoning,73767.093,73773.316
CommandExecution,73778.538,73778.538
Reasoning,73782.265,73782.865
CommandExecution,73787.391,73787.391
Reasoning,73790.161,73794.161
CommandExecution,73796.306,73796.306
Reasoning,73798.845,73815.611
Reasoning,73815.615,73822.02
CommandExecution,73823.758,73823.758
Reasoning,73826.665,73830.325
AgentMessage,73830.328,73832.336
Reasoning,73874.699,73877.179
CommandExecution,73872.253,73877.975
CommandExecution,73892.692,73892.692
Reasoning,73895.809,73904.079
CommandExecution,73905.518,73905.519
Reasoning,73908.913,73924.454
Reasoning,73924.465,73926.914
CommandExecution,73928.778,73928.778
Reasoning,73932.979,73946.193
CommandExecution,73957.998,73963.66
Reasoning,73961.339,73966.753
CommandExecution,73969.187,73969.187
Reasoning,73972.853,73982.368
CommandExecution,73986.323,73986.324
Reasoning,73989.418,73998.913
CommandExecution,74023.3,74024.449
Reasoning,74026.062,74029.502
AgentMessage,74029.507,74031.307
Reasoning,74036.907,74045.828
AgentMessage,74045.831,74047.772
CommandExecution,74054.339,74054.34
CommandExecution,74054.398,74054.399
Reasoning,74057.297,74058.692
CommandExecution,74063.266,74063.267
Reasoning,74068.202,74076.413
CommandExecution,74111.436,74111.436
Reasoning,74117.067,74129.157
CommandExecution,74110.373,74136.546
CommandExecution,74136.597,74136.598
Reasoning,74141.128,74143.466
CommandExecution,74178.498,74179.881
Reasoning,74182.861,74183.521
CommandExecution,74192.804,74194.01
CommandExecution,74193.985,74194.255
Reasoning,74197.001,74201.696
CommandExecution,74205.821,74207.14
Reasoning,74209.141,74210.391
AgentMessage,74210.394,74212.311
CommandExecution,74226.003,74226.004
Reasoning,74230.79,74239.601
CommandExecution,74224.939,74243.312
Reasoning,74256.902,74257.42
CommandExecution,74259.188,74259.189
Reasoning,74263.326,74264.365
CommandExecution,74267.645,74267.645
Reasoning,74271.46,74272.46
CommandExecution,74254.164,74284.414
CommandExecution,74285.618,74286.395
Reasoning,74288.825,74291.855
CommandExecution,74297.979,74298.855
CommandExecution,74284.434,74299.854
Reasoning,74303.332,74314.46
CommandExecution,74318.558,74318.559
Reasoning,74320.765,74326.142
CommandExecution,74344.542,74345.897
CommandExecution,74346.077,74346.946
Reasoning,74348.625,74353.19
CommandExecution,74365.139,74365.139
CommandExecution,74365.321,74366.862
Reasoning,74369.715,74371.64
AgentMessage,74371.644,74373.3
CommandExecution,74380.842,74380.842
Reasoning,74383.2,74385.155
CommandExecution,74388.765,74388.765
Reasoning,74390.879,74402.679
CommandExecution,74416.734,74416.734
CommandExecution,74379.77,74417.522
Reasoning,74418.905,74421.724
CommandExecution,74299.035,74484.238
CommandExecution,74492.18,74492.18
Reasoning,74495.76,74501.539
CommandExecution,74506.228,74506.228
Reasoning,74511.464,74513.009
CommandExecution,74524.324,74526.308
CommandExecution,74521.964,74527.491
Reasoning,74527.904,74529.469
AgentMessage,74529.474,74530.624
CommandExecution,74535.068,74535.069
Reasoning,74538.919,74539.684
McpToolCall,74545.582,74546.089
CommandExecution,74546.269,74546.583
Reasoning,74550.42,74554.329
CommandExecution,74523.146,74569.342
Extension,74554.668,74584.669
McpToolCall,74594.535,74595.17
CommandExecution,74595.258,74595.259
Reasoning,74597.834,74601.195
Reasoning,74617.449,74632.972
Reasoning,74632.974,74634.79
CommandExecution,74613.729,74635.761
AgentMessage,74634.791,74636.463
CommandExecution,74641.107,74641.431
CommandExecution,74613.701,74644.24
Reasoning,74645.964,74655.746
Extension,74656.055,74706.057
CommandExecution,74714.254,74714.255
Reasoning,74718.998,74731.288
CommandExecution,74613.653,74732.377
AgentMessage,74731.295,74733.153
CommandExecution,74744.132,74744.528
Reasoning,74746.068,74754.818
Extension,74755.241,74805.243
CommandExecution,74814.352,74814.353
Reasoning,74817.147,74822.723
AgentMessage,74822.726,74824.558
Extension,74824.84,74874.841
CommandExecution,74889.25,74889.548
Reasoning,74894.867,74897.082
AgentMessage,74897.086,74898.467
Extension,74898.701,74948.702
CommandExecution,74953.98,74953.98
Reasoning,74955.812,74964.344
AgentMessage,74964.347,74965.714
Extension,74966.01,75016.012
CommandExecution,75023.53,75023.53
Reasoning,75026.741,75034.443
AgentMessage,75034.447,75037.248
Extension,75037.634,75087.636
CommandExecution,75094.723,75094.723
Reasoning,75102.057,75111.442
AgentMessage,75111.446,75113.407
CommandExecution,74613.676,75147.126
Extension,75114.111,75164.113
CommandExecution,75168.606,75168.606
Reasoning,75170.382,75171.037
CommandExecution,75172.492,75174.423
Reasoning,75176.666,75183.437
CommandExecution,75189.141,75189.142
AgentMessage,75192.114,75194.806
Reasoning,75198.816,75214.452
AgentMessage,75214.459,75216.113
CommandExecution,75225.286,75225.287
Reasoning,75228.587,75231.341
Extension,75231.679,75281.681
CommandExecution,75288.101,75288.102
AgentMessage,75290.924,75291.551
Reasoning,75294.296,75306.454
AgentMessage,75306.466,75307.672
CommandExecution,75313.211,75313.211
Extension,75317.339,75367.341
CommandExecution,75375.615,75375.615
Reasoning,75377.211,75381.361
AgentMessage,75381.366,75383.946
Reasoning,75386.291,75396.055
AgentMessage,75396.058,75398.676
CommandExecution,75402.432,75402.432
Extension,75404.895,75454.897
CommandExecution,75461.295,75461.295
Reasoning,75464.697,75465.256
AgentMessage,75465.259,75466.266
Reasoning,75472.107,75486.576
AgentMessage,75486.581,75487.698
CommandExecution,75491.5,75491.501
Extension,75494.279,75544.28
CommandExecution,75550.164,75550.164
AgentMessage,75552.312,75553.394
Reasoning,75556.326,75573.028
Reasoning,75573.034,75580.553
AgentMessage,75580.555,75581.228
CommandExecution,75583.604,75583.604
Extension,75585.729,75635.73
CommandExecution,75641.438,75641.439
Reasoning,75643.71,75645.186
AgentMessage,75645.188,75646.223
Reasoning,75648.993,75649.365
AgentMessage,75649.368,75650.58
CommandExecution,75654.335,75654.335
Extension,75659.788,75709.79
CommandExecution,75717.92,75717.921
Reasoning,75720.506,75721.503
AgentMessage,75721.506,75722.721
Reasoning,75725.505,75742.191
Reasoning,75742.194,75749.44
AgentMessage,75749.443,75750.126
CommandExecution,75753.833,75753.834
Extension,75758.764,75808.765
CommandExecution,75815.924,75815.924
AgentMessage,75818.566,75819.572
Reasoning,75822.011,75837.524
Reasoning,75837.531,75841.962
AgentMessage,75841.964,75843.263
CommandExecution,75846.836,75846.837
Extension,75849.661,75899.663
CommandExecution,75905.54,75905.54
Reasoning,75909.292,75910.279
AgentMessage,75910.281,75911.622
Extension,75911.95,75961.952
CommandExecution,75969.21,75969.21
Reasoning,75973.698,75974.373
AgentMessage,75974.393,75975.463
Reasoning,75979.153,75994.728
AgentMessage,75994.733,75995.878
CommandExecution,75999.609,75999.609
Extension,76003.411,76053.413
CommandExecution,76059.768,76059.768
AgentMessage,76063.568,76064.509
Reasoning,76067.168,76068.689
AgentMessage,76068.691,76069.694
CommandExecution,76073.471,76073.471
Extension,76077.942,76127.943
CommandExecution,76133.829,76133.83
AgentMessage,76136.859,76137.904
Reasoning,76140.799,76147.755
AgentMessage,76147.76,76148.834
CommandExecution,76152.82,76152.82
Extension,76160.513,76210.514
CommandExecution,76216.24,76216.241
AgentMessage,76219.47,76220.36
Reasoning,76224.154,76225.185
AgentMessage,76225.187,76226.415
CommandExecution,76230.198,76230.198
Extension,76233.808,76283.809
CommandExecution,76291.222,76291.222
AgentMessage,76293.6,76294.5
Reasoning,76321.452,76324.21
AgentMessage,76324.213,76325.355
CommandExecution,76329.169,76329.169
Extension,76332.388,76382.39
CommandExecution,76392.965,76392.965
AgentMessage,76396.29,76397.305
Reasoning,76403.787,76407.36
AgentMessage,76407.375,76408.45
CommandExecution,76413.617,76413.617
Reasoning,76415.596,76422.801
Extension,76423.143,76473.145
CommandExecution,76480.208,76480.208
AgentMessage,76483.052,76484.156
Reasoning,76486.616,76488.752
AgentMessage,76488.761,76489.906
CommandExecution,76493.673,76493.673
Extension,76496.339,76546.341
CommandExecution,76551.596,76551.596
AgentMessage,76553.851,76554.851
Reasoning,76557.406,76572.926
Reasoning,76572.931,76574.311
AgentMessage,76574.313,76575.557
CommandExecution,76580.145,76580.146
Extension,76584.383,76634.385
CommandExecution,76640.113,76640.113
AgentMessage,76644.406,76645.726
Reasoning,76649.132,76655.263
AgentMessage,76655.266,76656.372
CommandExecution,76660.289,76660.29
Extension,76663.804,76713.805
CommandExecution,76720.686,76720.687
AgentMessage,76723.051,76724.051
Reasoning,76731.922,76740.072
AgentMessage,76740.077,76740.973
Extension,76741.332,76791.334
CommandExecution,76797.879,76797.88
AgentMessage,76804.178,76805.457
Reasoning,76809.597,76811.407
AgentMessage,76811.41,76812.326
Extension,76812.854,76862.856
CommandExecution,76869.701,76869.701
AgentMessage,76874.707,76876.227
Reasoning,76881.541,76891.057
AgentMessage,76891.06,76891.892
Extension,76892.423,76942.424
CommandExecution,76950.039,76950.039
AgentMessage,76952.862,76953.772
Reasoning,76957.752,76961.952
AgentMessage,76961.955,76962.512
Extension,76962.73,77012.732
CommandExecution,77018.997,77018.997
AgentMessage,77021.162,77022.257
Reasoning,77027.637,77043.522
Reasoning,77043.525,77049.173
AgentMessage,77049.177,77049.609
Extension,77049.805,77099.805
CommandExecution,77108.115,77108.115
AgentMessage,77111.504,77112.392
Reasoning,77115.102,77115.997
AgentMessage,77116.0,77116.917
Extension,77117.275,77167.277
CommandExecution,77173.238,77173.238
AgentMessage,77176.872,77177.922
Reasoning,77180.897,77196.408
Reasoning,77196.411,77198.737
AgentMessage,77198.743,77199.837
Extension,77200.186,77250.187
CommandExecution,77258.161,77258.161
AgentMessage,77264.327,77265.217
Reasoning,77269.522,77282.957
AgentMessage,77282.962,77283.542
Extension,77283.855,77333.856
CommandExecution,77341.013,77341.014
AgentMessage,77347.968,77348.59
Reasoning,77354.562,77355.172
AgentMessage,77355.176,77356.058
Extension,77356.386,77406.386
CommandExecution,77412.133,77412.133
AgentMessage,77414.217,77415.249
Reasoning,77420.749,77430.509
AgentMessage,77430.513,77431.439
Extension,77431.806,77481.807
CommandExecution,77489.007,77489.007
AgentMessage,77492.117,77493.163
Reasoning,77498.913,77500.827
AgentMessage,77500.831,77501.942
Extension,77502.155,77552.156
CommandExecution,77563.05,77563.051
AgentMessage,77565.332,77566.238
Reasoning,77570.517,77584.603
AgentMessage,77584.606,77585.492
Extension,77585.84,77635.842
CommandExecution,77642.586,77642.586
AgentMessage,77645.807,77646.732
Reasoning,77651.342,77657.258
AgentMessage,77657.261,77658.162
Extension,77658.495,77708.497
CommandExecution,77717.121,77717.122
AgentMessage,77721.048,77723.427
Reasoning,77729.697,77738.472
AgentMessage,77738.476,77739.602
Extension,77740.682,77790.683
ContextCompaction,77790.691,78031.533
CommandExecution,78037.363,78037.364
Reasoning,78040.073,78043.544
AgentMessage,78043.547,78044.133
CommandExecution,78054.576,78054.652
CommandExecution,78070.071,78070.315
AgentMessage,78072.358,78074.894
Reasoning,78076.523,78077.769
AgentMessage,78077.773,78079.259
CommandExecution,78082.843,78082.844
Reasoning,78084.609,78085.584
CommandExecution,78088.048,78088.049
Reasoning,78090.844,78092.024
CommandExecution,78094.076,78094.076
Reasoning,78100.943,78102.869
CommandExecution,78108.852,78108.853
Reasoning,78112.149,78118.027
AgentMessage,78118.034,78119.484
Reasoning,78183.899,78189.744
CommandExecution,78217.494,78217.494
Reasoning,78221.514,78222.334
CommandExecution,78224.069,78224.069
Reasoning,78227.999,78238.334
CommandExecution,78276.456,78276.457
Reasoning,78282.025,78285.369
AgentMessage,78285.377,78289.405
CommandExecution,78299.842,78299.843
Reasoning,78304.944,78309.18
CommandExecution,78315.812,78317.162
Reasoning,78321.314,78321.909
CommandExecution,78323.613,78323.614
Reasoning,78325.169,78326.944
AgentMessage,78326.947,78328.774
Reasoning,78332.154,78338.81
AgentMessage,78338.814,78342.01
CommandExecution,78343.25,78343.251
Reasoning,78346.669,78351.554
CommandExecution,78355.121,78355.122
Reasoning,78359.329,78360.514
CommandExecution,78365.375,78365.376
Reasoning,78372.754,78373.951
CommandExecution,78377.868,78377.869
Reasoning,78379.179,78388.994
Reasoning,78435.635,78438.17
CommandExecution,78440.199,78440.2
Reasoning,78445.875,78447.142
CommandExecution,78478.243,78478.244
Reasoning,78484.775,78492.391
AgentMessage,78492.41,78494.42
CommandExecution,78516.338,78516.338
Reasoning,78528.97,78532.364
CommandExecution,78536.381,78536.382
Reasoning,78541.315,78550.005
CommandExecution,78558.665,78559.867
AgentMessage,78564.48,78566.215
Reasoning,78570.345,78575.18
AgentMessage,78575.2,78576.62
CommandExecution,78586.08,78586.08
Extension,78591.81,78641.811
CommandExecution,78652.345,78652.346
AgentMessage,78654.765,78655.815
AgentMessage,78658.187,78659.28
CommandExecution,78665.17,78665.17
Extension,78673.371,78723.373
CommandExecution,78742.726,78742.727
AgentMessage,78747.176,78748.084
Reasoning,78750.171,78750.73
AgentMessage,78750.734,78751.97
CommandExecution,78757.111,78757.111
Extension,78760.68,78810.681
CommandExecution,78819.966,78819.966
AgentMessage,78824.305,78825.185
Reasoning,78830.26,78831.055
AgentMessage,78831.061,78831.99
CommandExecution,78837.147,78837.147
Extension,78841.153,78891.155
CommandExecution,78900.888,78900.889
AgentMessage,78904.645,78905.71
Reasoning,78908.18,78908.525
AgentMessage,78908.53,78909.48
CommandExecution,78914.914,78914.915
Extension,78917.478,78967.479
CommandExecution,78975.557,78975.558
AgentMessage,78979.165,78979.961
Reasoning,78983.26,78984.066
AgentMessage,78984.069,78985.051
CommandExecution,78990.25,78990.251
Extension,78992.685,79042.686
CommandExecution,79054.676,79054.677
AgentMessage,79059.261,79060.111
Reasoning,79063.635,79064.521
AgentMessage,79064.525,79065.685
CommandExecution,79071.097,79071.097
Extension,79076.201,79126.203
CommandExecution,79134.904,79134.904
AgentMessage,79138.361,79139.181
AgentMessage,79142.636,79143.646
CommandExecution,79148.791,79148.792
Extension,79151.316,79201.317
CommandExecution,79209.329,79209.329
AgentMessage,79212.345,79212.972
Reasoning,79215.757,79229.736
AgentMessage,79229.758,79230.903
CommandExecution,79236.16,79236.16
Extension,79240.798,79290.8
CommandExecution,79299.676,79299.676
AgentMessage,79304.8,79305.695
AgentMessage,79308.685,79309.565
CommandExecution,79314.951,79314.951
Extension,79317.887,79367.889
CommandExecution,79376.738,79376.738
AgentMessage,79380.275,79381.185
Reasoning,79383.88,79386.135
AgentMessage,79386.14,79387.31
CommandExecution,79393.732,79393.732
Extension,79401.238,79451.24
CommandExecution,79459.216,79459.216
AgentMessage,79462.155,79463.285
Reasoning,79468.135,79469.725
AgentMessage,79469.73,79470.7
CommandExecution,79475.889,79475.89
Extension,79478.158,79528.158
CommandExecution,79537.605,79537.605
AgentMessage,79543.695,79544.61
Reasoning,79549.02,79549.725
AgentMessage,79549.73,79550.691
CommandExecution,79555.859,79555.859
Extension,79562.56,79612.561
CommandExecution,79631.046,79631.046
AgentMessage,79634.8,79635.631
Reasoning,79638.105,79639.47
AgentMessage,79639.473,79640.545
CommandExecution,79645.733,79645.733
Extension,79648.393,79698.395
CommandExecution,79707.046,79707.046
AgentMessage,79712.7,79713.505
Reasoning,79715.807,79716.84
AgentMessage,79716.843,79717.71
CommandExecution,79722.841,79722.842
Extension,79725.705,79775.707
CommandExecution,79784.129,79784.129
AgentMessage,79789.61,79790.48
Reasoning,79792.84,79793.703
AgentMessage,79793.705,79794.455
CommandExecution,79799.608,79799.608
Extension,79809.573,79859.575
CommandExecution,79882.055,79882.055
AgentMessage,79895.079,79895.869
Reasoning,79907.274,79908.964
AgentMessage,79908.967,79909.384
CommandExecution,79916.062,79916.062
Extension,79933.298,79983.299
CommandExecution,79991.652,79991.653
AgentMessage,79996.032,79997.372
Reasoning,80002.857,80018.526
AgentMessage,80018.541,80020.851
Reasoning,80067.156,80068.791
Reasoning,80085.62,80086.11
AgentMessage,80086.115,80087.266
Reasoning,80142.41,80143.115
AgentMessage,80143.126,80144.414
Reasoning,80199.514,80200.754
AgentMessage,80200.757,80201.579
Reasoning,80257.173,80264.333
AgentMessage,80264.336,80265.773
CommandExecution,80270.408,80270.409
Reasoning,80272.908,80290.603
Reasoning,80338.887,80340.417
CommandExecution,80346.26,80346.499
Reasoning,80348.427,80359.807
CommandExecution,80387.801,80388.256
Reasoning,80392.222,80392.891
Reasoning,80402.151,80407.882
AgentMessage,80407.887,80410.242
CommandExecution,80412.385,80412.386
Reasoning,80418.232,80426.966
CommandExecution,80439.324,80440.844
Reasoning,80455.001,80464.042
AgentMessage,80464.047,80465.711
Reasoning,80525.16,80526.035
AgentMessage,80526.04,80526.961
Reasoning,80580.92,80581.83
AgentMessage,80581.834,80582.725
Reasoning,80635.922,80637.534
AgentMessage,80637.549,80638.609
Reasoning,80692.919,80708.479
AgentMessage,80708.499,80709.563
Reasoning,80762.75,80766.168
AgentMessage,80766.173,80767.41
Reasoning,80823.783,80825.944
AgentMessage,80825.948,80826.763
Reasoning,80880.048,80880.668
AgentMessage,80880.672,80881.829
Reasoning,80936.592,80939.388
AgentMessage,80939.392,80940.448
Reasoning,80993.927,81007.737
AgentMessage,81007.74,81008.357
Reasoning,81061.077,81063.502
AgentMessage,81063.505,81064.557
Reasoning,81118.172,81119.016
AgentMessage,81119.02,81120.207
Reasoning,81174.532,81176.321
AgentMessage,81176.324,81177.132
Reasoning,81231.877,81236.596
AgentMessage,81236.611,81237.676
Reasoning,81293.917,81295.216
AgentMessage,81295.22,81296.486
Reasoning,81350.096,81353.698
AgentMessage,81353.702,81354.915
Reasoning,81413.56,81414.65
AgentMessage,81414.654,81415.71
Reasoning,81469.376,81473.186
AgentMessage,81473.2,81473.705
Reasoning,81529.58,81535.205
AgentMessage,81535.215,81535.67
Reasoning,81588.59,81590.07
AgentMessage,81590.072,81591.285
Reasoning,81645.239,81653.655
AgentMessage,81653.664,81654.63
Reasoning,81710.97,81720.469
AgentMessage,81720.474,81721.234
Reasoning,81778.829,81782.046
AgentMessage,81782.049,81782.974
Reasoning,81844.204,81851.521
AgentMessage,81851.584,81852.083
Reasoning,81905.829,81920.804
AgentMessage,81920.817,81921.149
Reasoning,81974.845,81991.455
AgentMessage,81991.458,81991.959
Reasoning,82045.545,82053.935
AgentMessage,82053.939,82055.07
Reasoning,82109.55,82111.15
AgentMessage,82111.17,82111.91
AgentMessage,82167.59,82168.55
AgentMessage,82222.571,82223.681
Reasoning,82280.861,82281.751
AgentMessage,82281.756,82282.843
AgentMessage,82338.001,82338.676
Reasoning,82391.931,82394.636
AgentMessage,82394.641,82395.726
AgentMessage,82448.986,82449.897
Reasoning,82504.331,82505.466
AgentMessage,82505.471,82506.497
Reasoning,82561.827,82562.396
AgentMessage,82570.521,82570.547
Reasoning,82623.133,82624.187
AgentMessage,82624.191,82625.416
Reasoning,82679.801,82680.089
AgentMessage,82680.097,82680.922
Reasoning,82734.558,82747.863
AgentMessage,82747.867,82748.497
Reasoning,82803.097,82812.499
AgentMessage,82812.502,82813.947
Reasoning,82869.077,82883.947
AgentMessage,82883.95,82884.477
Reasoning,82938.632,82938.952
AgentMessage,82938.955,82939.707
Reasoning,82993.802,82995.467
AgentMessage,82995.472,82996.212
Reasoning,83050.308,83054.31
AgentMessage,83054.313,83054.982
Reasoning,83110.417,83111.197
AgentMessage,83111.202,83112.327
Reasoning,83171.377,83188.767
Reasoning,83188.771,83194.077
AgentMessage,83194.08,83194.802
CommandExecution,83196.877,83196.878
Reasoning,83207.807,83209.212
CommandExecution,83212.813,83212.813
Reasoning,83217.327,83233.608
Reasoning,83233.612,83236.384
AgentMessage,83236.386,83237.577
CommandExecution,83249.091,83250.519
Reasoning,83267.762,83277.288
AgentMessage,83277.292,83277.987
Reasoning,83334.587,83336.062
AgentMessage,83336.069,83336.757
Reasoning,83391.612,83392.282
AgentMessage,83392.285,83393.137
Reasoning,83446.987,83464.08
AgentMessage,83464.092,83464.53
Reasoning,83517.432,83521.109
AgentMessage,83521.112,83521.722
Reasoning,83581.487,83597.707
AgentMessage,83597.711,83598.142
Reasoning,83657.167,83658.962
AgentMessage,83658.971,83659.442
Reasoning,83713.942,83726.687
AgentMessage,83726.701,83727.652
Reasoning,83782.571,83799.757
AgentMessage,83799.76,83800.552
Reasoning,83855.608,83857.812
AgentMessage,83857.814,83858.917
Reasoning,83919.336,83926.807
AgentMessage,83926.809,83927.588
Reasoning,83981.658,83999.624
AgentMessage,83999.639,84000.283
Reasoning,84055.62,84070.676
AgentMessage,84070.687,84071.525
Reasoning,84125.056,84125.756
AgentMessage,84125.761,84126.506
Reasoning,84181.449,84202.633
AgentMessage,84202.649,84203.403
Reasoning,84256.098,84256.369
AgentMessage,84256.374,84257.188
Reasoning,84311.935,84328.895
AgentMessage,84328.899,84329.697
Reasoning,84385.196,84394.611
AgentMessage,84394.622,84394.945
Reasoning,84448.801,84449.741
AgentMessage,84449.745,84450.926
Reasoning,84507.159,84508.257
AgentMessage,84508.26,84509.352
CommandExecution,80028.35,84528.29
Reasoning,84533.332,84535.177
Reasoning,84554.832,84557.022
AgentMessage,84557.032,84557.963
Reasoning,84614.163,84628.644
AgentMessage,84628.654,84628.824
Reasoning,84681.639,84682.649
AgentMessage,84682.652,84683.709
Reasoning,84741.151,84743.289
AgentMessage,84743.292,84744.494
CommandExecution,84745.472,84745.473
Reasoning,84749.68,84754.276
Reasoning,84813.095,84813.36
AgentMessage,84813.375,84814.601
CommandExecution,84543.767,84858.646
Reasoning,84861.68,84863.29
AgentMessage,84863.3,84865.162
CommandExecution,84874.886,84888.629
Reasoning,84881.743,84900.736
CommandExecution,84903.098,84903.098
CommandExecution,84903.113,84903.113
Reasoning,84916.685,84924.211
CommandExecution,84926.416,84926.416
Reasoning,84930.381,84937.461
AgentMessage,84937.516,84938.826
CommandExecution,84939.872,84939.873
Reasoning,84944.541,84961.762
Reasoning,84961.764,84976.447
CommandExecution,84993.908,84993.941
Reasoning,84999.526,85024.493
Reasoning,85024.505,85036.007
Reasoning,85036.01,85052.667
Reasoning,85052.671,85070.622
AgentMessage,85070.626,85073.271
Reasoning,85140.873,85157.207
CommandExecution,85167.12,85173.999
Reasoning,85171.542,85177.857
CommandExecution,85179.699,85179.699
Reasoning,85186.382,85189.148
CommandExecution,85198.671,85209.992
Reasoning,85202.479,85220.699
Reasoning,85220.703,85237.578
Reasoning,85237.581,85254.087
CommandExecution,85256.36,85256.361
Reasoning,85261.367,85263.357
AgentMessage,85263.373,85265.313
CommandExecution,85267.6,85267.601
Reasoning,85274.687,85276.973
CommandExecution,85280.986,85280.986
Reasoning,85285.085,85301.839
Reasoning,85301.842,85306.707
CommandExecution,85309.482,85309.483
Reasoning,85317.688,85334.009
CommandExecution,85358.388,85364.886
Reasoning,85366.953,85371.273
CommandExecution,85376.611,85376.612
Reasoning,85380.251,85395.808
Reasoning,85395.812,85405.958
AgentMessage,85405.964,85407.013
Reasoning,85424.768,85443.753
CommandExecution,85416.091,85443.876
Reasoning,85443.756,85461.653
CommandExecution,85495.38,85500.037
Reasoning,85499.448,85500.294
CommandExecution,85502.752,85502.753
Reasoning,85505.444,85522.199
AgentMessage,85522.203,85523.649
CommandExecution,85528.379,85529.396
Reasoning,85532.614,85542.246
CommandExecution,85545.027,85545.028
Reasoning,85549.874,85560.84
Reasoning,85620.845,85636.884
Reasoning,85636.889,85646.774
CommandExecution,85693.595,85693.598
Reasoning,85696.189,85703.299
CommandExecution,85740.341,85740.342
Reasoning,85744.009,85761.105
Reasoning,85761.109,85780.68
Reasoning,85780.684,85799.245
Reasoning,85799.25,85812.35
CommandExecution,85814.666,85815.117
Reasoning,85818.117,85835.855
Reasoning,85835.858,85851.84
Reasoning,85851.876,85865.085
AgentMessage,85865.089,85866.558
CommandExecution,85870.298,85870.298
CommandExecution,85869.238,85873.093
Reasoning,85877.53,85893.16
Reasoning,85922.46,85938.75
Reasoning,85938.754,85941.015
CommandExecution,85949.895,85949.951
Reasoning,85953.635,85970.845
Reasoning,85970.849,85987.67
Reasoning,85987.673,86005.045
CommandExecution,86038.758,86039.588
Reasoning,86042.939,86058.953
Reasoning,86058.957,86073.988
Reasoning,86073.991,86089.563
Reasoning,86089.566,86091.767
AgentMessage,86091.769,86094.252
CommandExecution,86108.659,86115.024
Reasoning,86112.836,86128.371
Reasoning,86128.375,86144.166
Reasoning,86144.17,86146.869
CommandExecution,86149.525,86149.526
ContextCompaction,86149.656,86374.116
CommandExecution,86378.07,86378.07
Reasoning,86380.441,86381.471
AgentMessage,86381.477,86382.521
CommandExecution,86386.531,86386.532
CommandExecution,86386.59,86386.59
Reasoning,86388.131,86389.156
CommandExecution,86399.772,86399.772
CommandExecution,86399.96,86400.051
Reasoning,86405.077,86405.691
CommandExecution,86414.43,86415.518
Reasoning,86417.185,86418.586
Reasoning,86420.945,86421.556
CommandExecution,86430.13,86430.31
AgentMessage,86432.356,86434.801
AgentMessage,86437.365,86439.295
CommandExecution,86442.123,86442.124
Reasoning,86444.17,86445.56
CommandExecution,86451.749,86452.17
CommandExecution,86454.614,86454.614
Reasoning,86456.56,86457.115
CommandExecution,86453.54,86462.099
CommandExecution,86462.376,86462.377
CommandExecution,86462.442,86462.443
Reasoning,86465.57,86466.3
CommandExecution,86474.455,86474.455
Reasoning,86476.54,86477.13
AgentMessage,86477.14,86479.455
CommandExecution,86483.424,86483.425
Reasoning,86490.675,86492.559
CommandExecution,86500.455,86500.456
Reasoning,86504.855,86506.085
CommandExecution,86452.355,86514.556
CommandExecution,86499.396,86525.071
CommandExecution,86530.508,86530.509
CommandExecution,86530.588,86530.588
Reasoning,86534.054,86534.564
CommandExecution,86560.292,86560.292
CommandExecution,86560.372,86560.372
CommandExecution,86570.686,86570.686
Reasoning,86572.688,86573.383
CommandExecution,86569.622,86575.654
CommandExecution,86629.105,86629.106
CommandExecution,86629.163,86629.164
Reasoning,86631.063,86631.618
CommandExecution,86635.551,86636.108
Reasoning,86638.873,86640.093
CommandExecution,86663.695,86663.696
CommandExecution,86663.765,86663.765
CommandExecution,86663.892,86663.893
CommandExecution,86636.29,86666.143
Reasoning,86666.693,86670.487
CommandExecution,86672.686,86672.686
Reasoning,86675.243,86675.772
CommandExecution,86677.849,86677.85
Reasoning,86679.927,86682.422
CommandExecution,86696.5,86696.501
Reasoning,86702.427,86703.722
CommandExecution,86705.298,86705.299
Reasoning,86709.448,86711.222
AgentMessage,86711.226,86715.317
CommandExecution,86722.263,86722.264
CommandExecution,86696.688,86726.64
Reasoning,86729.857,86731.927
CommandExecution,86766.497,86767.346
Reasoning,86772.193,86773.343
CommandExecution,86778.034,86778.035
CommandExecution,86778.13,86778.13
Reasoning,86780.832,86781.701
CommandExecution,86765.313,86794.893
Reasoning,86797.922,86799.927
CommandExecution,86803.853,86803.853
Reasoning,86807.596,86809.451
Reasoning,86815.281,86816.511
CommandExecution,86824.625,86825.497
CommandExecution,86792.646,86825.573
Reasoning,86828.606,86830.454
CommandExecution,86836.132,86836.132
CommandExecution,86836.194,86836.194
Reasoning,86839.456,86839.936
CommandExecution,86843.543,86844.134
Reasoning,86849.126,86852.516
CommandExecution,86871.408,86880.278
Reasoning,86875.186,86884.831
CommandExecution,86870.222,86888.3
CommandExecution,86888.069,86888.728
Reasoning,86890.626,86894.011
AgentMessage,86894.019,86897.666
CommandExecution,86917.806,86917.806
CommandExecution,86916.735,86918.009
Reasoning,86919.771,86920.483
CommandExecution,86926.442,86926.443
Reasoning,86929.145,86929.751
CommandExecution,86933.547,86933.548
Reasoning,86938.37,86940.585
CommandExecution,86966.672,86968.829
Reasoning,86970.331,86973.08
CommandExecution,86975.797,86976.289
Reasoning,86980.431,86981.667
CommandExecution,86976.471,86994.508
CommandExecution,86994.308,86995.203
CommandExecution,86996.575,86997.252
Reasoning,87000.505,87001.435
CommandExecution,87010.068,87010.068
CommandExecution,87009.009,87016.198
Reasoning,87014.157,87016.751
CommandExecution,87022.803,87022.803
Reasoning,87027.825,87029.025
CommandExecution,87039.185,87041.224
Reasoning,87043.021,87044.36
CommandExecution,87049.294,87049.294
CommandExecution,87049.383,87049.383
CommandExecution,87022.988,87054.871
Reasoning,87052.615,87060.39
CommandExecution,87069.249,87069.25
Reasoning,87072.699,87074.54
CommandExecution,87069.434,87077.384
CommandExecution,87089.241,87089.242
Reasoning,87091.844,87098.559
CommandExecution,87088.164,87101.717
CommandExecution,87086.979,87118.664
Reasoning,87153.249,87154.664
CommandExecution,87150.296,87156.947
CommandExecution,87162.962,87162.962
Reasoning,87169.604,87170.564
AgentMessage,87170.57,87172.434
CommandExecution,87174.403,87174.403
Reasoning,87177.654,87178.289
CommandExecution,87180.273,87180.274
Reasoning,87186.276,87190.082
CommandExecution,86995.386,87192.375
CommandExecution,87213.561,87214.24
CommandExecution,87212.375,87219.018
Reasoning,87225.285,87226.054
CommandExecution,87228.85,87228.851
Reasoning,87232.569,87233.061
CommandExecution,87242.596,87242.596
Reasoning,87244.644,87247.31
CommandExecution,87254.826,87254.826
CommandExecution,87240.332,87258.8
McpToolCall,87258.807,87259.785
Reasoning,87262.354,87266.832
CommandExecution,87272.347,87272.347
McpToolCall,87272.359,87272.91
Reasoning,87275.014,87277.759
CommandExecution,87241.517,87281.351
CommandExecution,87296.302,87296.302
CommandExecution,87296.487,87296.848
Reasoning,87299.75,87311.768
CommandExecution,87317.979,87317.979
McpToolCall,87317.99,87318.584
Reasoning,87320.659,87329.325
CommandExecution,87337.756,87337.756
CommandExecution,87337.941,87338.224
Reasoning,87342.443,87353.153
McpToolCall,87359.335,87360.019
CommandExecution,87360.092,87360.093
Reasoning,87363.383,87364.135
AgentMessage,87364.137,87366.173
CommandExecution,87388.483,87388.851
Reasoning,87393.702,87405.387
CommandExecution,87422.163,87422.163
CommandExecution,87386.109,87422.767
CommandExecution,87387.294,87423.699
CommandExecution,87421.057,87430.034
Reasoning,87425.368,87441.124
CommandExecution,87449.583,87449.587
CommandExecution,87449.803,87450.154
CommandExecution,87419.82,87453.056
Reasoning,87452.343,87458.828
CommandExecution,87464.43,87464.431
CommandExecution,87464.527,87464.527
Reasoning,87467.862,87486.182
CommandExecution,87384.925,87527.227
CommandExecution,87534.727,87534.727
CommandExecution,87534.912,87535.232
Reasoning,87537.198,87539.208
AgentMessage,87539.218,87540.998
McpToolCall,87547.813,87548.638
CommandExecution,87548.711,87548.711
Reasoning,87556.148,87572.708
CommandExecution,87634.088,87634.089
CommandExecution,87634.181,87634.182
Reasoning,87642.582,87648.962
AgentMessage,87648.978,87651.205
CommandExecution,87660.473,87660.473
Reasoning,87662.392,87680.598
CommandExecution,87692.347,87692.347
Reasoning,87699.412,87701.917
CommandExecution,87712.707,87712.708
Reasoning,87715.273,87737.542
CommandExecution,87745.554,87745.554
Reasoning,87748.407,87749.822
Extension,87750.05,87780.052
CommandExecution,87792.364,87792.364
Reasoning,87795.497,87801.002
AgentMessage,87801.007,87806.218
Reasoning,87806.232,87818.252
Extension,87818.395,87848.396
CommandExecution,87859.822,87859.823
Reasoning,87868.578,87916.424
Extension,87916.881,87946.882
CommandExecution,87963.161,87963.162
Reasoning,87970.282,87976.772
AgentMessage,87976.777,87978.243
Reasoning,87978.245,87979.066
Extension,87979.41,88009.411
CommandExecution,88021.396,88021.396
Reasoning,88024.078,88028.034
CommandExecution,88037.138,88037.138
Reasoning,88040.674,88059.252
CommandExecution,87383.74,88064.015
Extension,88059.806,88089.807
CommandExecution,88104.806,88104.806
Reasoning,88108.953,88110.543
AgentMessage,88110.546,88111.512
CommandExecution,88114.015,88114.015
Reasoning,88120.048,88134.787
CommandExecution,88177.706,88177.706
Reasoning,88181.818,88191.627
CommandExecution,88195.789,88197.189
Reasoning,88198.778,88203.363
CommandExecution,88214.421,88215.074
Reasoning,88220.498,88232.263
AgentMessage,88232.273,88235.943
AgentMessage,89026.126,89028.896
CommandExecution,89034.274,89034.274
Extension,89034.3,89035.941
Reasoning,89038.756,89045.671
Extension,89050.457,89051.616
CommandExecution,89051.714,89051.715
Reasoning,89054.061,89054.801
Extension,89063.774,89065.391
CommandExecution,89065.573,89066.105
Reasoning,89070.341,89070.961
CommandExecution,89079.691,89080.372
Extension,89080.393,89081.352
Reasoning,89084.396,89085.056
CommandExecution,89090.654,89090.655
Reasoning,89096.141,89101.861
Extension,89112.865,89115.105
CommandExecution,89115.283,89116.408
Reasoning,89118.546,89135.346
CommandExecution,89138.256,89138.256
Reasoning,89145.496,89150.351
AgentMessage,89150.355,89153.021
CommandExecution,89159.679,89159.679
Extension,89159.706,89160.768
ContextCompaction,89160.776,89377.749
CommandExecution,89382.274,89382.275
Reasoning,89384.751,89385.331
CommandExecution,89394.979,89395.236
CommandExecution,89395.29,89395.29
Reasoning,89398.451,89399.811
CommandExecution,89405.093,89405.093
Extension,89405.129,89407.352
Reasoning,89411.251,89412.031
Extension,89420.603,89422.242
CommandExecution,89422.424,89423.676
Reasoning,89438.411,89439.131
CommandExecution,89442.549,89442.55
Reasoning,89443.952,89444.591
CommandExecution,89454.799,89454.799
Reasoning,89456.791,89461.881
AgentMessage,89461.887,89465.022
CommandExecution,89471.225,89471.225
CommandExecution,89471.285,89471.285
Reasoning,89474.081,89477.423
CommandExecution,89490.709,89490.71
Reasoning,89493.931,89509.658
CommandExecution,89513.522,89513.522
Reasoning,89515.921,89518.431
CommandExecution,89521.321,89521.321
Reasoning,89523.825,89525.742
CommandExecution,89535.735,89535.736
Reasoning,89538.471,89540.542
CommandExecution,89544.88,89544.881
CommandExecution,89544.934,89544.934
Reasoning,89546.961,89552.892
CommandExecution,89534.636,89554.836
CommandExecution,89555.948,89555.949
Reasoning,89557.752,89560.491
CommandExecution,89566.776,89567.865
Reasoning,89572.061,89573.246
CommandExecution,89575.934,89575.934
Reasoning,89577.901,89588.832
AgentMessage,89588.835,89591.696
CommandExecution,89593.92,89593.921
Reasoning,89599.008,89599.686
CommandExecution,89607.289,89607.289
CommandExecution,89607.361,89607.361
CommandExecution,89684.352,89684.352
Reasoning,89686.816,89687.471
CommandExecution,89798.765,89798.765
CommandExecution,89489.653,89814.576
Reasoning,89801.676,89818.532
CommandExecution,89971.818,89971.819
Reasoning,89978.072,89978.661
CommandExecution,90152.447,90152.447
Reasoning,90154.681,90156.911
CommandExecution,90161.154,90161.154
Reasoning,90163.927,90170.902
AgentMessage,90170.905,90173.902
CommandExecution,90192.463,90192.463
Reasoning,90194.181,90198.341
CommandExecution,90191.402,90202.889
CommandExecution,90202.96,90202.961
Reasoning,90205.256,90211.721
CommandExecution,90223.817,90223.817
CommandExecution,90223.888,90223.889
Reasoning,90227.876,90230.546
CommandExecution,90233.5,90233.501
Reasoning,90235.802,90237.311
CommandExecution,90240.241,90240.242
Reasoning,90244.006,90245.351
CommandExecution,90248.286,90248.287
CommandExecution,90253.389,90253.39
Reasoning,90255.816,90260.971
CommandExecution,90276.199,90276.2
CommandExecution,90276.271,90276.271
Reasoning,90278.322,90284.291
CommandExecution,90294.796,90294.797
CommandExecution,90293.736,90295.483
Reasoning,90296.961,90298.382
CommandExecution,90304.537,90304.538
Reasoning,90309.666,90328.242
Reasoning,90333.931,90340.261
CommandExecution,90391.283,90391.284
Reasoning,90396.331,90402.531
CommandExecution,90464.955,90464.956
CommandExecution,90465.012,90465.012
Reasoning,90467.601,90468.022
AgentMessage,90468.024,90471.061
CommandExecution,90542.958,90545.749
Reasoning,90546.581,90554.797
CommandExecution,90565.223,90565.223
CommandExecution,90565.405,90566.67
Reasoning,90570.331,90571.561
Reasoning,90580.361,90601.112
Reasoning,90601.115,90614.242
CommandExecution,90662.585,90663.906
Reasoning,90666.276,90684.646
CommandExecution,90758.343,90765.036
Reasoning,90764.262,90770.586
CommandExecution,90773.876,90773.877
Reasoning,90777.346,90778.046
Reasoning,90789.404,90805.398
CommandExecution,90823.897,90823.898
CommandExecution,90822.838,90831.044
Reasoning,90827.362,90842.956
AgentMessage,90842.966,90846.706
Reasoning,90846.708,90847.241
CommandExecution,90859.346,90859.347
CommandExecution,90859.527,90859.762
Reasoning,90863.021,90866.346
CommandExecution,90869.722,90869.723
Reasoning,90872.706,90883.071
CommandExecution,90897.271,90898.188
CommandExecution,90898.369,90898.547
Reasoning,90900.468,90907.726
CommandExecution,90912.585,90914.063
Reasoning,90917.503,90925.896
CommandExecution,90913.77,90929.656
CommandExecution,90930.868,90930.869
Reasoning,90933.478,90934.261
CommandExecution,90939.72,90939.72
CommandExecution,90938.607,90942.64
Reasoning,90946.606,90963.192
Reasoning,90963.232,90982.674
CommandExecution,91038.91,91038.911
CommandExecution,91037.855,91039.289
Reasoning,91042.846,91060.116
Reasoning,91060.12,91069.501
CommandExecution,91088.872,91088.872
CommandExecution,91087.742,91095.548
Reasoning,91091.036,91095.796
CommandExecution,91101.89,91101.891
CommandExecution,91102.071,91104.965
Reasoning,91109.446,91111.485
AgentMessage,91111.489,91115.251
CommandExecution,91126.779,91129.944
Reasoning,91130.271,91131.932
CommandExecution,91138.385,91138.385
CommandExecution,91138.564,91139.359
Reasoning,91144.121,91152.166
CommandExecution,91168.615,91176.692
CommandExecution,91169.797,91176.817
Reasoning,91174.251,91178.681
CommandExecution,91184.551,91185.525
CommandExecution,91185.604,91185.604
Reasoning,91187.596,91191.936
CommandExecution,91200.078,91201.729
CommandExecution,91201.921,91203.083
Reasoning,91204.751,91214.266
CommandExecution,91225.34,91227.66
CommandExecution,91227.7,91227.856
CommandExecution,91226.52,91229.414
Reasoning,91236.133,91239.749
CommandExecution,91243.822,91243.823
Reasoning,91248.441,91257.961
CommandExecution,91263.854,91263.854
Reasoning,91266.086,91281.621
CommandExecution,91170.977,91281.645
CommandExecution,91262.775,91293.963
Reasoning,91281.624,91297.991
Reasoning,91297.993,91307.296
CommandExecution,91317.395,91317.395
CommandExecution,91317.469,91317.469
Reasoning,91320.812,91323.516
CommandExecution,91332.74,91339.648
CommandExecution,91331.556,91340.659
CommandExecution,91330.376,91432.232
ContextCompaction,91333.747,91507.232
CommandExecution,91512.827,91512.827
Reasoning,91517.776,91518.386
AgentMessage,91518.391,91520.361
CommandExecution,91523.949,91523.95
CommandExecution,91524.006,91524.006
Reasoning,91528.531,91529.201
Reasoning,91544.921,91545.956
CommandExecution,91550.159,91550.159
CommandExecution,91550.268,91550.269
CommandExecution,91539.806,91550.895
Reasoning,91552.356,91553.332
CommandExecution,91556.272,91556.273
Reasoning,91561.91,91563.67
McpToolCall,91568.18,91569.036
CommandExecution,91569.133,91569.133
CommandExecution,91540.991,91570.069
Reasoning,91571.566,91573.615
McpToolCall,91580.095,91581.737
CommandExecution,91581.813,91581.813
Reasoning,91583.636,91585.166
CommandExecution,91589.145,91589.145
Reasoning,91597.491,91599.256
AgentMessage,91599.265,91602.066
CommandExecution,91606.01,91606.011
Reasoning,91608.501,91609.241
CommandExecution,91614.473,91614.473
CommandExecution,91614.571,91614.571
Reasoning,91616.906,91619.471
CommandExecution,91621.974,91621.975
Reasoning,91623.561,91624.226
CommandExecution,91631.155,91631.155
Reasoning,91633.081,91638.266
CommandExecution,91538.626,91640.248
Extension,91638.558,91658.56
CommandExecution,91662.939,91662.94
CommandExecution,91670.73,91673.329
Reasoning,91673.691,91674.461
AgentMessage,91674.465,91676.461
McpToolCall,91683.416,91683.921
CommandExecution,91682.408,91684.519
Reasoning,91689.361,91690.536
CommandExecution,91694.57,91694.891
CommandExecution,91694.944,91694.944
Reasoning,91696.595,91699.101
Extension,91699.398,91719.4
McpToolCall,91727.32,91727.591
CommandExecution,91727.77,91728.355
Reasoning,91730.161,91732.087
CommandExecution,91737.595,91737.977
Reasoning,91745.357,91747.221
AgentMessage,91747.235,91749.316
Extension,91750.174,91780.175
McpToolCall,91787.834,91788.276
CommandExecution,91788.455,91788.826
Reasoning,91812.725,91813.315
CommandExecution,91816.106,91816.106
CommandExecution,91803.991,91821.793
Reasoning,91820.544,91823.981
CommandExecution,91828.513,91828.513
CommandExecution,91805.169,91836.053
Reasoning,91831.115,91838.51
AgentMessage,91838.512,91840.281
CommandExecution,91845.127,91845.492
CommandExecution,91802.81,91855.879
Reasoning,91849.106,91855.971
CommandExecution,91862.826,91862.826
Reasoning,91864.516,91870.116
Extension,91870.373,91910.374
CommandExecution,91917.295,91917.627
Reasoning,91918.931,91920.336
AgentMessage,91920.346,91922.406
CommandExecution,91926.47,91926.47
CommandExecution,91926.54,91926.54
Reasoning,91930.824,91934.107
CommandExecution,91806.349,91937.928
Reasoning,91979.846,91987.701
Extension,91988.098,92018.1
CommandExecution,92024.168,92024.168
Reasoning,92026.961,92031.087
AgentMessage,92031.092,92033.036
CommandExecution,92034.766,92034.767
Reasoning,92039.161,92041.4
CommandExecution,92042.447,92042.447
Reasoning,92045.201,92047.826
CommandExecution,92049.724,92049.725
Reasoning,92052.645,92055.28
Extension,92055.509,92095.511
CommandExecution,92099.863,92099.864
Reasoning,92107.191,92114.887
AgentMessage,92114.891,92116.577
CommandExecution,92120.673,92120.674
Reasoning,92125.285,92128.311
Extension,92128.701,92168.702
CommandExecution,92175.216,92175.217
Reasoning,92178.171,92188.036
AgentMessage,92188.04,92189.74
CommandExecution,92191.937,92191.938
Reasoning,92197.132,92201.951
Extension,92202.443,92242.444
CommandExecution,92248.577,92248.577
Reasoning,92251.61,92267.725
AgentMessage,92267.743,92269.06
Reasoning,92269.063,92272.261
CommandExecution,92280.957,92283.289
Reasoning,92288.881,92289.67
CommandExecution,92291.468,92291.468
Reasoning,92294.165,92294.697
CommandExecution,92295.682,92295.682
Reasoning,92300.494,92302.557
CommandExecution,92303.784,92303.784
Reasoning,92307.761,92316.485
AgentMessage,92316.489,92318.985
CommandExecution,92332.601,92332.601
CommandExecution,92332.784,92335.673
Reasoning,92335.875,92340.3
CommandExecution,92350.534,92350.535
CommandExecution,92348.275,92355.566
Reasoning,92352.82,92357.11
CommandExecution,92349.458,92357.948
CommandExecution,92362.093,92362.094
Reasoning,92367.935,92368.495
CommandExecution,92380.363,92381.673
Reasoning,92384.611,92389.08
CommandExecution,92406.294,92406.295
CommandExecution,92405.24,92406.688
Reasoning,92411.945,92421.921
AgentMessage,92421.924,92424.042
CommandExecution,92438.824,92438.824
Reasoning,92442.63,92443.605
CommandExecution,92445.729,92445.729
Reasoning,92448.615,92449.225
CommandExecution,92451.807,92452.5
Reasoning,92465.197,92475.08
CommandExecution,92460.978,92502.287
Extension,92475.337,92505.339
CommandExecution,92511.628,92511.628
Reasoning,92531.68,92532.585
CommandExecution,92524.057,92533.792
AgentMessage,92532.59,92534.291
Reasoning,92534.296,92535.355
CommandExecution,92525.241,92538.381
CommandExecution,92526.425,92556.833
Extension,92535.676,92575.678
CommandExecution,92582.186,92582.187
Reasoning,92586.035,92597.535
CommandExecution,92599.093,92599.094
Reasoning,92603.625,92604.3
AgentMessage,92604.303,92606.185
CommandExecution,92404.059,92609.235
Extension,92606.448,92631.45
CommandExecution,92636.872,92636.873
CommandExecution,92643.518,92647.599
Reasoning,92648.99,92650.83
Extension,92651.088,92681.09
McpToolCall,92690.65,92691.121
CommandExecution,92691.3,92691.639
Reasoning,92700.0,92707.971
AgentMessage,92707.974,92709.675
Extension,92709.973,92739.975
McpToolCall,92747.347,92747.671
CommandExecution,92747.727,92747.728
CommandExecution,92766.207,92786.706
Reasoning,92771.477,92787.008
Reasoning,92787.02,92792.539
CommandExecution,92796.378,92796.7
CommandExecution,92767.388,92801.792
Reasoning,92801.271,92802.849
AgentMessage,92802.855,92804.606
CommandExecution,92810.582,92810.973
Reasoning,92812.669,92818.32
Extension,92818.622,92863.624
CommandExecution,92869.778,92870.127
Reasoning,92875.879,92891.466
AgentMessage,92891.468,92893.407
CommandExecution,92768.569,92899.811
Extension,92893.759,92938.76
CommandExecution,92944.348,92944.696
Reasoning,92949.225,92964.745
Reasoning,92964.748,92966.29
AgentMessage,92966.293,92968.155
Extension,92968.494,93013.495
CommandExecution,93017.592,93017.593
Reasoning,93022.45,93039.31
Reasoning,93039.314,93050.569
AgentMessage,93050.572,93051.7
Extension,93052.023,93097.023
CommandExecution,93100.981,93100.981
Reasoning,93103.35,93117.61
CommandExecution,93121.286,93121.286
Reasoning,93124.095,93129.305
AgentMessage,93129.309,93130.835
Extension,93131.158,93176.16
CommandExecution,93181.539,93181.539
Reasoning,93186.355,93198.435
Extension,93198.817,93208.818
AgentMessage,93210.65,93212.13
Extension,93212.452,93257.453
CommandExecution,93261.632,93261.632
Reasoning,93263.515,93267.02
Extension,93267.228,93277.229
AgentMessage,93285.07,93286.425
Extension,93286.734,93331.735
CommandExecution,93337.908,93337.909
Reasoning,93340.737,93359.059
Reasoning,93359.064,93364.52
AgentMessage,93364.523,93365.555
Extension,93365.694,93410.695
CommandExecution,93414.307,93414.307
Reasoning,93416.546,93423.349
CommandExecution,92765.028,93426.943
Extension,93423.642,93433.643
AgentMessage,93438.875,93440.31
Reasoning,93440.312,93441.69
Extension,93441.997,93486.997
CommandExecution,93490.481,93490.481
Reasoning,93492.554,93492.94
AgentMessage,93492.944,93494.725
CommandExecution,93513.858,93515.502
Reasoning,93516.42,93517.109
CommandExecution,93521.579,93521.579
AgentMessage,93523.934,93529.715
AgentMessage,93813.64,93815.315
CommandExecution,93819.477,93819.478
CommandExecution,93819.552,93819.553
Reasoning,93824.544,93840.26
Reasoning,93840.27,93856.705
Reasoning,93856.709,93871.205
AgentMessage,93871.209,93873.925
CommandExecution,93876.716,93876.716
Reasoning,93881.394,93884.714
CommandExecution,93938.373,93941.254
Reasoning,93943.27,93960.675
Reasoning,93960.679,93978.535
Reasoning,94016.684,94028.989
AgentMessage,94028.999,94030.104
CommandExecution,94012.299,94034.872
CommandExecution,94013.48,94036.395
CommandExecution,94037.889,94037.89
Reasoning,94042.474,94042.984
CommandExecution,94044.658,94044.658
CommandExecution,94038.07,94045.454
CommandExecution,94039.252,94047.961
Reasoning,94046.97,94064.066
CommandExecution,94064.97,94064.97
Reasoning,94069.169,94084.775
CommandExecution,94103.816,94106.665
Reasoning,94107.084,94122.595
AgentMessage,94122.601,94125.054
CommandExecution,94129.313,94129.313
Reasoning,94134.554,94138.151
CommandExecution,94141.421,94141.421
Reasoning,94148.604,94164.57
Reasoning,94164.574,94181.04
Reasoning,94181.045,94197.685
CommandExecution,94230.701,94233.565
Reasoning,94236.125,94239.434
CommandExecution,94241.775,94241.776
Reasoning,94244.034,94262.299
CommandExecution,94282.804,94307.478
CommandExecution,94283.984,94307.507
Reasoning,94294.074,94310.57
AgentMessage,94310.58,94311.93
CommandExecution,94318.986,94318.986
Reasoning,94323.1,94324.719
CommandExecution,94319.165,94326.606
CommandExecution,94320.346,94329.157
CommandExecution,94329.68,94329.68
Reasoning,94333.799,94349.734
CommandExecution,94368.819,94371.676
Reasoning,94372.054,94379.539
AgentMessage,94379.556,94380.9
CommandExecution,94384.205,94384.206
CommandExecution,94406.013,94406.013
Reasoning,94407.964,94425.999
Reasoning,94426.002,94445.14
CommandExecution,94404.958,94447.576
Reasoning,94445.144,94452.439
CommandExecution,94453.989,94453.989
Reasoning,94461.189,94461.959
AgentMessage,94461.974,94463.819
CommandExecution,94473.852,94497.347
Reasoning,94480.923,94498.554
CommandExecution,94475.032,94499.584
CommandExecution,94504.053,94504.075
CommandExecution,94476.214,94506.201
Reasoning,94508.789,94523.134
Extension,94523.361,94553.363
CommandExecution,94559.52,94559.52
Reasoning,94563.789,94565.449
AgentMessage,94565.454,94567.224
Reasoning,94567.234,94582.774
Reasoning,94582.777,94597.081
CommandExecution,94403.774,94610.628
Extension,94597.332,94637.332
CommandExecution,94642.373,94642.937
CommandExecution,94649.019,94653.632
Reasoning,94655.004,94673.284
Reasoning,94673.287,94675.649
AgentMessage,94675.654,94676.454
McpToolCall,94678.335,94678.895
Reasoning,94684.209,94702.604
Reasoning,94702.607,94722.538
Extension,94722.677,94747.678
McpToolCall,94758.297,94758.794
CommandExecution,94758.972,94759.896
Reasoning,94762.429,94771.874
AgentMessage,94771.884,94773.514
Reasoning,94793.195,94803.24
McpToolCall,94809.825,94810.094
CommandExecution,94810.273,94810.312
CommandExecution,94787.79,94813.273
CommandExecution,94788.971,94815.586
Reasoning,94812.499,94830.724
Reasoning,94830.727,94847.544
Reasoning,94847.55,94851.764
AgentMessage,94851.766,94853.404
McpToolCall,94856.665,94856.914
CommandExecution,94857.163,94857.518
Reasoning,94861.104,94863.944
CommandExecution,94873.646,94873.646
Reasoning,94877.386,94894.474
Reasoning,94894.477,94911.619
CommandExecution,94790.152,94924.559
CommandExecution,94943.845,94943.846
Reasoning,94949.019,94964.628
AgentMessage,94964.632,94967.876
CommandExecution,94872.571,95009.133
Extension,94968.178,95013.181
CommandExecution,95022.332,95022.71
Reasoning,95027.369,95042.884
Reasoning,95042.888,95063.089
Reasoning,95063.092,95079.074
Reasoning,95079.077,95095.466
AgentMessage,95095.469,95096.04
Extension,95096.331,95141.332
CommandExecution,95145.585,95145.586
Reasoning,95149.498,95153.499
CommandExecution,95160.101,95160.101
Reasoning,95163.468,95182.649
Reasoning,95182.653,95200.973
Reasoning,95200.976,95211.739
AgentMessage,95211.743,95212.629
Extension,95212.797,95257.798
CommandExecution,95262.757,95262.757
Reasoning,95266.424,95267.559
Extension,95267.941,95277.942
AgentMessage,95280.169,95283.559
Extension,95283.843,95328.843
CommandExecution,95335.74,95335.74
Reasoning,95338.424,95355.81
Reasoning,95355.825,95375.46
Reasoning,95375.47,95386.529
AgentMessage,95386.532,95387.428
Extension,95387.538,95432.539
CommandExecution,94786.611,95433.555
CommandExecution,95439.295,95439.295
Reasoning,95444.588,95445.684
AgentMessage,95445.695,95446.709
CommandExecution,95459.645,95460.93
CommandExecution,95467.844,95467.844
AgentMessage,95472.613,95475.668
AgentMessage,95802.838,95804.038
CommandExecution,95809.204,95809.204
CommandExecution,95809.26,95809.261
CommandExecution,95814.155,95814.156
Reasoning,95818.069,95833.644
Reasoning,95833.647,95849.154
Reasoning,95849.158,95866.068
Reasoning,95866.072,95880.288
AgentMessage,95880.293,95883.063
CommandExecution,95884.692,95884.692
ContextCompaction,95884.879,96181.216
CommandExecution,96185.594,96185.595
Reasoning,96187.063,96188.808
CommandExecution,96191.739,96191.74
Reasoning,96194.139,96201.919
CommandExecution,96204.905,96204.906
Reasoning,96207.303,96207.653
AgentMessage,96207.658,96209.738
CommandExecution,96296.434,96299.231
Reasoning,96299.699,96307.179
CommandExecution,96356.606,96359.461
Reasoning,96371.279,96374.68
CommandExecution,96379.133,96379.134
Reasoning,96381.979,96382.849
CommandExecution,96396.893,96396.893
CommandExecution,96367.707,96399.777
CommandExecution,96368.891,96401.155
Reasoning,96401.33,96403.834
CommandExecution,96411.386,96414.759
Reasoning,96419.424,96420.03
AgentMessage,96420.033,96422.075
CommandExecution,96425.246,96425.246
Reasoning,96426.73,96431.61
Reasoning,96459.205,96462.06
CommandExecution,96455.31,96479.583
CommandExecution,96456.486,96481.562
CommandExecution,96484.52,96484.52
CommandExecution,96483.449,96489.641
Reasoning,96486.24,96497.09
CommandExecution,96498.846,96498.847
CommandExecution,96482.268,96513.858
Reasoning,96501.92,96515.082
CommandExecution,96539.957,96542.767
Reasoning,96544.495,96544.91
AgentMessage,96544.915,96547.1
CommandExecution,96565.941,96565.941
Reasoning,96567.555,96573.67
CommandExecution,96577.459,96577.459
Reasoning,96580.39,96583.87
CommandExecution,96562.477,96586.744
CommandExecution,96587.902,96587.903
CommandExecution,96563.658,96588.67
Reasoning,96590.622,96592.201
CommandExecution,96564.837,96596.655
CommandExecution,96600.351,96600.351
CommandExecution,96600.53,96601.302
CommandExecution,96601.482,96602.065
Reasoning,96604.147,96604.835
CommandExecution,96625.586,96628.428
Reasoning,96628.885,96630.422
CommandExecution,96634.207,96634.207
CommandExecution,96634.275,96634.275
Reasoning,96657.135,96662.306
CommandExecution,96666.34,96666.341
CommandExecution,96666.417,96666.418
Reasoning,96668.951,96676.856
AgentMessage,96676.901,96678.286
CommandExecution,96689.535,96689.535
CommandExecution,96650.994,96696.622
Reasoning,96695.171,96698.376
McpToolCall,96703.795,96704.486
CommandExecution,96704.535,96704.535
Reasoning,96709.521,96711.521
CommandExecution,96714.184,96714.185
CommandExecution,96689.717,96717.993
CommandExecution,96690.898,96718.339
CommandExecution,96692.082,96723.767
Reasoning,96718.186,96735.296
Reasoning,96735.3,96735.881
CommandExecution,96738.476,96738.477
Reasoning,96742.148,96744.196
AgentMessage,96744.216,96745.331
CommandExecution,96748.669,96748.67
Reasoning,96751.176,96753.676
CommandExecution,96755.753,96755.753
Reasoning,96758.836,96763.281
Extension,96763.584,96803.585
CommandExecution,96807.95,96807.95
Reasoning,96809.706,96818.386
AgentMessage,96818.39,96819.971
CommandExecution,96649.817,96859.44
Extension,96820.298,96865.3
CommandExecution,96871.53,96871.531
CommandExecution,96871.589,96871.589
CommandExecution,96880.214,96883.979
Reasoning,96883.696,96887.067
CommandExecution,96894.659,96894.659
Reasoning,96896.351,96897.056
McpToolCall,96902.576,96902.987
CommandExecution,96903.167,96903.495
Reasoning,96906.431,96908.691
AgentMessage,96908.741,96910.123
Reasoning,96917.831,96927.661
CommandExecution,96893.585,96957.974
Extension,96927.964,96972.966
CommandExecution,96985.207,96985.815
McpToolCall,96985.823,96986.217
Reasoning,97005.494,97010.969
AgentMessage,97010.973,97012.145
CommandExecution,97023.512,97023.512
CommandExecution,97001.75,97031.597
CommandExecution,97000.57,97031.648
CommandExecution,97022.451,97039.093
Reasoning,97025.513,97042.193
CommandExecution,97049.872,97050.197
McpToolCall,97050.205,97050.808
Reasoning,97052.852,97053.579
CommandExecution,97021.266,97055.741
CommandExecution,97056.537,97056.537
Reasoning,97058.357,97063.221
Reasoning,97073.122,97073.872
AgentMessage,97073.893,97075.817
CommandExecution,97069.69,97086.676
Reasoning,97075.822,97091.522
CommandExecution,97096.238,97096.612
Reasoning,97100.809,97101.317
CommandExecution,97102.865,97102.866
Reasoning,97105.347,97119.981
Reasoning,97129.55,97134.112
CommandExecution,97136.156,97136.156
CommandExecution,97002.929,97137.721
Reasoning,97138.517,97142.104
Extension,97142.205,97172.207
CommandExecution,97176.761,97176.761
Reasoning,97179.122,97183.862
AgentMessage,97183.872,97185.682
CommandExecution,97193.33,97193.33
Reasoning,97195.918,97207.652
CommandExecution,97126.018,97223.327
Reasoning,97228.431,97243.897
CommandExecution,97248.374,97248.707
CommandExecution,97223.392,97259.971
Reasoning,97250.622,97264.876
CommandExecution,97268.547,97268.548
Reasoning,97271.572,97278.842
AgentMessage,97278.857,97280.627
CommandExecution,97288.56,97288.56
Reasoning,97290.907,97306.707
CommandExecution,97287.486,97322.753
Extension,97307.03,97352.031
CommandExecution,97355.715,97355.715
Reasoning,97357.352,97373.047
CommandExecution,97405.793,97405.793
Reasoning,97407.424,97410.903
AgentMessage,97410.907,97412.222
Extension,97412.561,97457.563
CommandExecution,97467.132,97467.133
McpToolCall,97467.142,97467.939
Reasoning,97469.427,97474.147
CommandExecution,97476.204,97477.42
Reasoning,97478.947,97483.307
CommandExecution,97491.127,97491.128
Reasoning,97493.5,97509.042
Reasoning,97509.046,97524.014
AgentMessage,97524.019,97525.988
Extension,97526.317,97571.318
CommandExecution,97575.306,97575.307
Reasoning,97578.211,97593.657
CommandExecution,97596.975,97596.976
Reasoning,97598.793,97608.603
Extension,97608.936,97653.938
CommandExecution,97657.496,97657.496
Reasoning,97660.673,97666.733
AgentMessage,97666.736,97667.963
Reasoning,97667.967,97683.586
CommandExecution,96999.39,97684.251
Reasoning,97683.589,97691.213
Extension,97691.492,97731.493
CommandExecution,97735.381,97735.382
Reasoning,97738.297,97738.91
AgentMessage,97738.913,97740.823
CommandExecution,97751.993,97753.358
CommandExecution,97760.692,97760.693
CommandExecution,97760.707,97760.707
CommandExecution,97760.75,97760.75
AgentMessage,97762.838,97765.798
AgentMessage,97769.337,97770.368
CommandExecution,97772.373,97772.374
Reasoning,97774.243,97782.298
Reasoning,97798.937,97800.26
Reasoning,97808.793,97809.763
CommandExecution,97795.973,97812.463
AgentMessage,97814.453,97816.103
AgentMessage,98021.278,98022.043
Extension,98023.816,98026.495
Reasoning,98028.138,98030.149
Reasoning,98039.126,98040.387
CommandExecution,98036.519,98040.685
AgentMessage,98044.947,98048.548
AgentMessage,98118.908,98120.428
CommandExecution,98122.753,98122.754
Reasoning,98124.623,98141.525
CommandExecution,98152.717,98152.718
CommandExecution,98152.902,98156.692
Reasoning,98158.908,98174.663
Extension,98187.531,98188.573
Reasoning,98191.833,98198.413
AgentMessage,98198.417,98201.508
CommandExecution,98211.531,98211.531
CommandExecution,98211.573,98211.578
Extension,98211.549,98212.976
Reasoning,98221.068,98223.028
CommandExecution,98231.556,98231.568
Reasoning,98236.504,98239.955
Extension,98251.691,98253.12
CommandExecution,98251.816,98255.004
Reasoning,98255.198,98258.793
Extension,98266.957,98268.418
CommandExecution,98268.541,98268.541
Reasoning,98271.858,98287.379
Reasoning,98287.383,98302.924
Reasoning,98302.928,98318.439
Reasoning,98318.442,98333.994
Reasoning,98334.0,98338.006
CommandExecution,98345.996,98345.996
Extension,98345.986,98348.459
Reasoning,98363.463,98374.824
AgentMessage,98374.844,98378.059
CommandExecution,98516.76,98517.988
Reasoning,98521.484,98536.38
Reasoning,98536.383,98552.075
Reasoning,98648.99,98651.401
CommandExecution,98654.448,98655.887
Extension,98655.477,98656.426
CommandExecution,98644.905,98658.795
ContextCompaction,98656.436,98857.909
CommandExecution,98864.689,98864.69
CommandExecution,98864.722,98864.722
Reasoning,98867.366,98868.581
CommandExecution,98874.676,98874.677
CommandExecution,98874.698,98874.698
CommandExecution,98874.713,98874.714
Reasoning,98876.856,98879.411
AgentMessage,98879.415,98881.547
CommandExecution,98886.689,98886.689
CommandExecution,98886.709,98886.71
CommandExecution,98886.726,98886.726
Reasoning,98890.01,98892.451
CommandExecution,98894.417,98894.417
Reasoning,98896.096,98913.341
CommandExecution,98916.866,98916.867
CommandExecution,98916.954,98916.955
Reasoning,98921.546,98928.605
CommandExecution,98984.562,98985.618
Extension,98996.784,98997.702
Reasoning,98999.576,99000.336
Extension,99003.451,99007.556
CommandExecution,99007.618,99007.618
Reasoning,99010.626,99011.841
Extension,99014.685,99015.831
Reasoning,99018.966,99021.756
CommandExecution,99028.005,99028.757
Reasoning,99030.446,99031.149
CommandExecution,99033.017,99033.018
Reasoning,99035.548,99038.196
CommandExecution,99042.299,99042.3
CommandExecution,99042.492,99042.902
Reasoning,99047.191,99047.781
CommandExecution,99050.655,99051.097
CommandExecution,98996.909,99069.753
Reasoning,99055.691,99071.307
AgentMessage,99071.31,99073.557
CommandExecution,99141.14,99141.14
CommandExecution,98996.886,99146.25
Reasoning,99143.887,99146.572
CommandExecution,99151.331,99151.331
Reasoning,99153.217,99153.841
CommandExecution,99157.041,99158.292
Reasoning,99160.702,99176.242
Reasoning,99176.246,99191.967
Reasoning,99199.427,99214.967
Reasoning,99214.969,99226.967
CommandExecution,99228.804,99228.805
CommandExecution,99228.866,99228.866
Reasoning,99235.371,99242.662
CommandExecution,99295.8,99296.874
Reasoning,99299.854,99302.857
CommandExecution,99309.574,99309.574
Reasoning,99311.812,99328.462
AgentMessage,99328.472,99330.392
CommandExecution,99333.889,99333.889
Reasoning,99336.117,99343.422
Reasoning,99477.452,99489.294
Reasoning,99629.108,99629.744
CommandExecution,99633.939,99633.94
CommandExecution,99633.973,99633.974
Reasoning,99636.224,99646.303
CommandExecution,99655.831,99658.975
Reasoning,99659.078,99660.633
CommandExecution,99673.875,99673.876
CommandExecution,99672.793,99675.86
Reasoning,99675.612,99692.348
CommandExecution,99736.126,99741.323
Reasoning,99740.509,99743.152
CommandExecution,99750.62,99760.661
CommandExecution,99750.673,99761.419
Reasoning,99755.092,99762.838
CommandExecution,99766.126,99766.127
Reasoning,99770.143,99770.143
Reasoning,99773.198,99788.778
CommandExecution,99791.452,99791.452
Reasoning,99793.45,99804.25
CommandExecution,99845.193,99847.121
Reasoning,99849.942,99851.608
CommandExecution,99857.638,99857.649
CommandExecution,99857.617,99857.649
CommandExecution,99857.79,99863.029
Reasoning,99866.668,99871.346
AgentMessage,99871.349,99873.423
CommandExecution,99878.71,99879.34
CommandExecution,99879.434,99879.434
Reasoning,99881.182,99884.052
CommandExecution,99893.209,99894.217
Reasoning,99895.853,99899.318
CommandExecution,99903.751,99903.752
CommandExecution,99908.865,99908.865
Reasoning,99915.172,99930.753
CommandExecution,99937.023,99937.055
CommandExecution,99936.978,99939.478
Reasoning,99943.628,99963.493
Reasoning,99963.498,99981.773
Reasoning,99992.728,99995.198
CommandExecution,99984.647,100038.418
Reasoning,100070.782,100088.44
CommandExecution,100144.099,100145.372
CommandExecution,99891.992,100146.366
Reasoning,100147.128,100148.302
CommandExecution,100151.886,100151.886
Reasoning,100155.162,100156.808
AgentMessage,100156.818,100159.483
CommandExecution,100172.951,100172.951
CommandExecution,100171.766,100176.207
Reasoning,100176.033,100178.493
CommandExecution,100182.537,100182.538
CommandExecution,100173.011,100183.223
Reasoning,100184.504,100186.153
CommandExecution,100172.986,100188.229
McpToolCall,100191.652,100192.365
Reasoning,100195.159,100210.729
Reasoning,100210.733,100215.279
CommandExecution,100224.298,100224.305
Reasoning,100227.148,100236.224
CommandExecution,100224.453,100237.944
CommandExecution,100243.034,100243.035
McpToolCall,100243.061,100243.314
Reasoning,100245.118,100250.112
McpToolCall,100258.098,100259.55
CommandExecution,100259.68,100259.682
CommandExecution,100224.357,100272.609
Reasoning,100261.713,100277.263
Reasoning,100277.266,100297.674
CommandExecution,100336.991,100336.992
CommandExecution,100335.892,100337.204
Reasoning,100338.843,100354.733
Reasoning,100354.738,100363.924
McpToolCall,100369.384,100369.984
CommandExecution,100370.192,100370.586
CommandExecution,100370.708,100370.708
Reasoning,100374.377,100380.012
Reasoning,100392.668,100398.863
CommandExecution,100389.852,100403.666
CommandExecution,100389.726,100406.088
CommandExecution,100407.115,100407.115
Reasoning,100411.132,100427.597
Reasoning,100427.601,100446.527
CommandExecution,100448.951,100448.952
CommandExecution,100449.183,100449.633
Reasoning,100451.848,100469.547
Reasoning,100469.552,100483.101
AgentMessage,100483.108,100485.097
CommandExecution,100507.769,100507.77
CommandExecution,100506.686,100507.865
Reasoning,100509.866,100528.448
CommandExecution,100389.789,100531.287
Reasoning,100528.454,100552.966
Extension,100553.059,100554.062
CommandExecution,100554.138,100554.139
Reasoning,100556.014,100561.236
CommandExecution,100566.785,100567.797
CommandExecution,100567.878,100567.879
Reasoning,100569.976,100573.267
CommandExecution,100575.565,100575.566
Reasoning,100579.14,100594.647
Reasoning,100594.652,100610.171
Reasoning,100610.176,100625.906
CommandExecution,100629.843,100629.843
Reasoning,100637.098,100655.874
Reasoning,100655.881,100674.02
CommandExecution,100705.806,100705.806
CommandExecution,100704.713,100705.938
Reasoning,100707.795,100725.326
CommandExecution,100727.04,100727.04
Reasoning,100729.101,100732.865
AgentMessage,100732.87,100734.856
Reasoning,100734.859,100752.945
Reasoning,100752.949,100772.785
CommandExecution,100775.781,100775.781
Reasoning,100777.865,100796.455
Reasoning,100796.459,100812.575
Reasoning,100812.579,100829.233
CommandExecution,100831.055,100831.056
Reasoning,100835.314,100853.464
Reasoning,100853.469,100860.675
CommandExecution,100886.026,100886.027
CommandExecution,100884.94,100886.286
Reasoning,100889.754,100904.484
CommandExecution,100905.705,100905.705
Reasoning,100909.945,100923.789
CommandExecution,100925.582,100925.583
CommandExecution,100192.573,100935.167
Reasoning,100928.679,100946.599
Reasoning,100946.604,100966.545
CommandExecution,100967.284,100967.284
Reasoning,100969.469,100970.829
CommandExecution,100978.597,100978.597
CommandExecution,100977.479,100984.965
Reasoning,100980.584,100996.149
Reasoning,100996.152,101005.524
AgentMessage,101005.528,101007.609
CommandExecution,101052.03,101052.031
CommandExecution,101050.97,101052.185
Reasoning,101054.258,101071.745
Reasoning,101071.75,101086.489
CommandExecution,101091.17,101091.171
CommandExecution,101091.183,101091.183
Reasoning,101093.745,101113.946
Reasoning,101113.95,101133.745
Reasoning,101133.748,101152.274
Reasoning,101152.278,101167.964
Reasoning,101167.967,101185.378
Reasoning,101185.381,101203.033
Reasoning,101203.037,101216.818
Reasoning,101216.821,101226.4
CommandExecution,101274.957,101276.09
Reasoning,101285.448,101298.291
CommandExecution,101300.958,101301.221
CommandExecution,101301.279,101301.28
Reasoning,101307.378,101307.833
CommandExecution,101308.843,101308.843
Reasoning,101311.853,101330.218
Reasoning,101330.222,101345.753
Reasoning,101345.756,101364.318
Reasoning,101364.321,101379.949
Reasoning,101379.952,101392.537
AgentMessage,101392.549,101394.828
CommandExecution,101403.824,101403.825
CommandExecution,101402.767,101404.08
Reasoning,101408.267,101425.398
Reasoning,101425.402,101443.583
Reasoning,101443.587,101462.554
Reasoning,101462.558,101479.704
CommandExecution,99308.495,101484.223
Reasoning,101479.709,101488.083
CommandExecution,101489.438,101489.438
Reasoning,101492.517,101494.256
CommandExecution,101497.444,101498.624
Reasoning,101502.102,101518.472
Reasoning,101521.677,101537.09
Reasoning,101537.094,101555.852
Reasoning,101555.855,101561.37
AgentMessage,101561.374,101562.847
CommandExecution,101602.414,101603.277
Reasoning,101606.287,101620.253
Reasoning,101627.147,101645.797
Reasoning,101645.808,101664.272
Reasoning,101664.28,101679.652
Reasoning,101679.655,101697.977
Reasoning,101697.981,101714.603
CommandExecution,101719.874,101720.699
Reasoning,101723.952,101743.413
CommandExecution,101808.154,101810.571
ContextCompaction,101809.161,102047.751
CommandExecution,102055.785,102055.785
CommandExecution,102055.854,102055.854
CommandExecution,102055.865,102055.865
Reasoning,102059.832,102062.082
CommandExecution,102071.604,102071.618
CommandExecution,102071.625,102071.626
CommandExecution,102071.642,102071.642
Reasoning,102073.983,102074.772
AgentMessage,102074.774,102077.017
CommandExecution,102085.248,102085.248
CommandExecution,102085.264,102085.265
CommandExecution,102085.319,102085.319
CommandExecution,102085.334,102088.155
Reasoning,102089.092,102091.432
CommandExecution,102099.762,102099.763
CommandExecution,102099.849,102100.516
CommandExecution,102099.903,102100.545
Reasoning,102102.277,102103.132
Reasoning,102120.507,102123.817
CommandExecution,102127.707,102127.707
CommandExecution,102118.212,102135.865
Reasoning,102129.762,102145.482
CommandExecution,102149.573,102149.573
Reasoning,102156.382,102173.632
CommandExecution,102193.106,102194.265
Reasoning,102195.997,102198.967
AgentMessage,102198.972,102200.692
Reasoning,102260.847,102262.212
CommandExecution,102256.734,102271.4
CommandExecution,102273.427,102285.261
Reasoning,102279.787,102296.367
CommandExecution,102273.441,102315.672
CommandExecution,102118.187,102315.698
CommandExecution,102327.43,102328.581
Reasoning,102330.167,102343.642
CommandExecution,102385.023,102385.024
Reasoning,102386.909,102387.435
Reasoning,102402.039,102402.702
CommandExecution,102399.647,102403.369
CommandExecution,102399.621,102417.419
Reasoning,102417.762,102430.112
CommandExecution,102413.933,102433.93
CommandExecution,102412.747,102434.142
CommandExecution,102487.86,102492.629
Reasoning,102491.956,102504.746
McpToolCall,102512.016,102512.695
CommandExecution,102512.758,102512.758
Reasoning,102515.935,102516.458
AgentMessage,102516.46,102518.936
CommandExecution,102534.6,102534.6
Reasoning,102538.479,102554.18
CommandExecution,102534.719,102558.566
CommandExecution,102596.454,102597.659
Reasoning,102600.88,102602.38
CommandExecution,102604.448,102604.448
Reasoning,102607.965,102611.91
Reasoning,102646.584,102660.995
CommandExecution,102671.307,102673.196
Reasoning,102674.535,102687.809
CommandExecution,102693.198,102693.198
Reasoning,102700.18,102701.37
CommandExecution,102704.201,102704.201
Reasoning,102709.13,102727.772
Reasoning,102740.61,102745.764
CommandExecution,102775.98,102777.157
Reasoning,102779.099,102779.624
CommandExecution,102786.508,102786.508
CommandExecution,102786.549,102786.549
CommandExecution,102643.228,102789.581
Reasoning,102794.17,102811.85
AgentMessage,102811.864,102813.464
CommandExecution,102852.83,102857.649
Reasoning,102855.811,102871.703
Reasoning,102871.707,102886.945
Reasoning,102886.949,102902.579
CommandExecution,102909.716,102909.717
Reasoning,102912.949,102924.859
CommandExecution,102963.478,102966.177
Reasoning,102966.894,102984.639
CommandExecution,102998.98,102998.98
CommandExecution,102999.051,102999.051
McpToolCall,102999.058,103000.818
Reasoning,103002.813,103004.953
CommandExecution,103010.777,103010.778
Reasoning,103013.073,103036.573
CommandExecution,103058.756,103059.922
Reasoning,103064.106,103079.879
CommandExecution,103081.239,103081.239
Reasoning,103087.302,103105.949
CommandExecution,103184.028,103186.643
Reasoning,103187.473,103201.301
CommandExecution,103205.081,103205.081
Reasoning,103212.758,103219.52
CommandExecution,102534.642,103221.894
AgentMessage,103219.523,103221.943
CommandExecution,103252.187,103268.709
Reasoning,103256.903,103275.788
Reasoning,103275.797,103284.053
CommandExecution,103285.74,103285.741
Reasoning,103290.708,103297.638
CommandExecution,103303.94,103303.994
CommandExecution,102534.666,103304.078
Reasoning,103306.088,103315.203
CommandExecution,103338.732,103338.732
Reasoning,103340.432,103356.482
Reasoning,103392.168,103404.472
CommandExecution,103389.119,103407.867
CommandExecution,103443.17,103443.951
CommandExecution,103444.032,103444.032
Reasoning,103445.581,103446.342
CommandExecution,103448.932,103448.933
Reasoning,103451.989,103458.495
CommandExecution,103337.659,103472.632
CommandExecution,103476.302,103476.302
CommandExecution,103475.229,103479.557
Reasoning,103482.312,103500.362
CommandExecution,103554.733,103557.586
Reasoning,103558.127,103559.512
CommandExecution,103564.108,103564.108
Reasoning,103567.46,103586.567
Reasoning,103586.571,103603.338
Reasoning,103603.347,103618.631
Reasoning,103618.636,103634.443
CommandExecution,103654.03,103655.81
Reasoning,103657.442,103666.517
CommandExecution,103671.043,103671.043
Reasoning,103672.947,103690.503
Reasoning,103690.508,103705.463
Reasoning,103705.467,103710.367
AgentMessage,103710.37,103712.908
CommandExecution,103749.869,103750.512
Reasoning,103753.542,103764.123
CommandExecution,103828.834,103828.834
Reasoning,103833.49,103837.678
CommandExecution,103845.197,103850.074
Reasoning,103852.389,103858.232
CommandExecution,103868.139,103868.749
CommandExecution,103868.162,103868.965
CommandExecution,103868.187,103885.685
Reasoning,103894.612,103911.902
Reasoning,103911.945,103928.142
CommandExecution,103891.504,103934.479
Reasoning,103928.146,103940.529
CommandExecution,103953.483,103954.756
Reasoning,103957.289,103968.672
CommandExecution,104041.057,104042.838
Reasoning,104048.771,104055.928
CommandExecution,104060.953,104060.953
CommandExecution,103891.529,104087.498
Reasoning,104068.483,104093.567
Reasoning,104093.57,104104.237
Reasoning,104104.24,104108.647
CommandExecution,104130.982,104132.166
Reasoning,104136.881,104140.659
CommandExecution,104146.498,104146.498
Reasoning,104150.176,104160.121
CommandExecution,104168.675,104172.194
CommandExecution,104169.858,104187.515
Reasoning,104174.126,104189.653
Reasoning,104189.659,104201.287
AgentMessage,104201.29,104204.607
CommandExecution,104272.732,104272.952
CommandExecution,104271.551,104273.17
Reasoning,104274.831,104278.006
CommandExecution,104283.881,104283.882
McpToolCall,104283.894,104284.561
Reasoning,104288.031,104303.601
Reasoning,104303.611,104318.216
CommandExecution,104356.922,104356.923
Reasoning,104361.676,104364.492
McpToolCall,104369.123,104369.698
CommandExecution,104369.752,104369.752
CommandExecution,104357.125,104385.597
Reasoning,104371.737,104387.898
CommandExecution,104358.304,104389.738
Reasoning,104387.9,104406.851
Reasoning,104406.854,104418.816
CommandExecution,104429.375,104429.375
Reasoning,104432.216,104433.288
CommandExecution,104442.427,104442.532
CommandExecution,104429.439,104453.478
Reasoning,104444.822,104460.392
Reasoning,104460.398,104476.099
Reasoning,104495.722,104513.357
Reasoning,104513.359,104520.494
CommandExecution,104536.948,104536.948
CommandExecution,104537.137,104542.187
Reasoning,104540.352,104543.246
CommandExecution,104554.121,104554.123
CommandExecution,104491.155,104555.079
Reasoning,104556.658,104572.208
Reasoning,104572.211,104591.588
CommandExecution,104429.518,104594.411
CommandExecution,104632.9,104634.428
Reasoning,104637.468,104650.498
CommandExecution,104655.42,104655.421
Reasoning,104659.402,104676.698
Reasoning,104676.702,104694.983
Reasoning,104694.987,104709.604
Reasoning,104709.607,104716.448
AgentMessage,104716.452,104718.573
CommandExecution,104727.045,104727.403
McpToolCall,104727.41,104729.43
Reasoning,104733.722,104740.408
CommandExecution,104742.458,104742.458
Reasoning,104746.363,104747.347
CommandExecution,104754.384,104754.385
CommandExecution,104754.574,104755.668
Reasoning,104759.473,104770.628
CommandExecution,104773.579,104773.58
Reasoning,104776.928,104793.362
Reasoning,104793.366,104811.344
Reasoning,104811.347,104830.453
Reasoning,104830.456,104844.308
CommandExecution,104854.641,104854.641
Reasoning,104861.558,104881.636
Reasoning,104881.639,104892.983
CommandExecution,104935.207,104936.67
CommandExecution,104936.389,104937.467
Reasoning,104940.318,104958.045
Reasoning,104958.048,104976.205
Reasoning,104976.209,104985.351
CommandExecution,104987.787,104987.788
Reasoning,104997.079,105006.209
CommandExecution,105013.576,105017.454
Reasoning,105017.448,105036.251
Reasoning,105036.254,105055.28
Reasoning,105055.283,105073.254
CommandExecution,104429.463,105089.027
Reasoning,105073.257,105091.119
Reasoning,105091.121,105100.159
CommandExecution,105117.53,105117.531
CommandExecution,105116.461,105117.586
Reasoning,105120.349,105121.539
CommandExecution,105128.632,105128.632
CommandExecution,105128.68,105128.68
Reasoning,105131.375,105148.591
Reasoning,105148.594,105162.624
CommandExecution,105189.716,105190.915
Reasoning,105194.16,105209.978
CommandExecution,105212.18,105212.181
Reasoning,105215.204,105218.071
AgentMessage,105218.075,105221.143
AgentMessage,105224.785,105226.166
CommandExecution,105234.438,105234.438
CommandExecution,105234.473,105234.473
CommandExecution,105234.486,105234.486
Reasoning,105239.749,105255.508
Reasoning,105255.512,105272.379
CommandExecution,105287.333,105288.506
Reasoning,105291.481,105307.479
CommandExecution,105344.633,105345.851
Reasoning,105348.329,105351.379
CommandExecution,105357.349,105357.349
Reasoning,105361.689,105377.964
Reasoning,105377.967,105392.784
Reasoning,105392.787,105408.338
Reasoning,105408.342,105426.67
Reasoning,105426.673,105445.795
Reasoning,105445.799,105449.379
AgentMessage,105449.381,105451.189
CommandExecution,105356.291,105475.495
CommandExecution,105485.089,105486.206
Reasoning,105489.274,105507.01
Reasoning,105507.014,105526.349
Reasoning,105526.354,105534.534
CommandExecution,105596.004,105597.113
Reasoning,105599.824,105619.557
Reasoning,105625.335,105627.924
CommandExecution,105637.81,105637.883
Reasoning,105640.277,105656.182
Reasoning,105656.185,105671.344
Reasoning,105671.348,105675.914
CommandExecution,105679.551,105679.551
CommandExecution,105679.627,105679.628
Reasoning,105682.543,105702.044
Reasoning,105702.048,105724.975
Reasoning,105724.978,105742.235
Reasoning,105742.248,105760.31
Reasoning,105760.312,105776.43
Reasoning,105776.433,105781.371
CommandExecution,105798.683,105799.711
Reasoning,105802.209,105818.614
CommandExecution,105857.195,105858.314
Reasoning,105862.514,105867.644
CommandExecution,105873.745,105873.746
CommandExecution,105873.836,105873.836
Reasoning,105878.409,105896.524
Reasoning,105896.528,105916.609
Reasoning,105916.612,105935.154
Reasoning,105935.158,105950.645
CommandExecution,105954.45,105955.526
Reasoning,105958.804,105960.484
CommandExecution,105980.171,105980.172
Reasoning,105982.589,105988.06
AgentMessage,105988.069,105990.099
CommandExecution,106021.503,106023.437
Reasoning,106025.744,106045.974
Reasoning,106045.977,106065.925
Reasoning,106065.928,106084.525
Reasoning,106084.527,106102.005
Reasoning,106102.008,106116.545
Reasoning,106116.548,106127.04
Reasoning,106127.043,106145.802
Reasoning,106145.804,106167.755
Reasoning,106167.757,106184.784
Reasoning,106184.8,106197.501
Reasoning,106197.503,106214.424
Reasoning,106214.427,106230.414
Reasoning,106230.417,106251.12
Reasoning,106251.123,106267.724
Reasoning,106267.744,106275.434
CommandExecution,106277.8,106277.8
ContextCompaction,106277.869,106501.728
CommandExecution,106511.936,106511.937
CommandExecution,106512.065,106512.066
Reasoning,106513.95,106515.164
AgentMessage,106515.166,106517.409
CommandExecution,106522.907,106522.907
CommandExecution,106522.97,106522.971
CommandExecution,106523.028,106523.032
Reasoning,106525.429,106526.194
CommandExecution,106533.721,106533.722
CommandExecution,106533.76,106533.76
CommandExecution,106533.78,106533.78
Reasoning,106535.564,106551.284
CommandExecution,106593.215,106593.215
Reasoning,106597.184,106599.954
CommandExecution,106652.915,106652.915
Reasoning,106655.414,106671.874
AgentMessage,106671.877,106673.365
CommandExecution,106741.828,106743.011
Reasoning,106746.089,106746.644
CommandExecution,106753.665,106753.665
CommandExecution,106753.724,106753.725
Reasoning,106757.209,106767.154
CommandExecution,106844.342,106844.988
Reasoning,106847.698,106858.295
CommandExecution,106862.62,106862.62
CommandExecution,106862.804,106863.969
Reasoning,106867.264,106882.845
Reasoning,106882.848,106898.55
CommandExecution,106906.446,106906.446
CommandExecution,106906.509,106906.51
Reasoning,106908.189,106910.104
CommandExecution,105620.114,106966.351
CommandExecution,106972.241,106973.384
Reasoning,106976.154,106976.729
CommandExecution,106979.182,106979.182
Reasoning,106981.034,106982.834
CommandExecution,106987.724,106988.296
CommandExecution,106987.748,106990.543
Reasoning,106991.394,106992.684
CommandExecution,106997.201,106997.201
CommandExecution,107008.769,107008.769
Reasoning,107010.364,107026.995
Reasoning,107026.997,107032.975
AgentMessage,107032.978,107035.404
CommandExecution,107039.085,107039.086
Reasoning,107043.369,107045.919
CommandExecution,107049.315,107049.315
Reasoning,107052.759,107056.034
CommandExecution,107104.369,107104.372
Reasoning,107109.104,107110.339
CommandExecution,107114.155,107114.155
Reasoning,107116.079,107135.904
CommandExecution,107137.629,107137.629
CommandExecution,107137.703,107137.704
CommandExecution,107007.692,107147.652
Reasoning,107139.444,107155.924
CommandExecution,107157.397,107157.398
CommandExecution,107167.8,107167.801
Reasoning,107169.714,107172.07
CommandExecution,107166.744,107176.443
CommandExecution,107176.512,107176.512
Reasoning,107178.893,107196.354
CommandExecution,107227.103,107229.693
Reasoning,107229.954,107230.869
CommandExecution,105979.033,107231.275
CommandExecution,107234.965,107234.965
CommandExecution,107235.068,107235.068
Reasoning,107237.14,107252.934
CommandExecution,107270.639,107272.631
CommandExecution,107271.825,107281.045
Reasoning,107274.884,107287.49
AgentMessage,107287.496,107289.244
Reasoning,107421.419,107423.829
CommandExecution,107427.038,107427.038
Reasoning,107430.339,107449.724
Reasoning,107449.728,107462.884
CommandExecution,107599.333,107602.644
Reasoning,107602.344,107619.464
Reasoning,107619.468,107634.264
CommandExecution,107636.746,107636.746
Reasoning,107638.649,107639.299
Reasoning,107647.739,107659.319
CommandExecution,107773.242,107776.435
Reasoning,107780.599,107784.384
CommandExecution,107793.039,107793.039
CommandExecution,107793.22,107801.736
Reasoning,107797.099,107807.739
CommandExecution,107849.685,107854.969
CommandExecution,107850.864,107856.909
Reasoning,107853.559,107859.184
CommandExecution,107867.58,107867.954
Reasoning,107873.009,107888.554
Reasoning,107888.557,107902.604
CommandExecution,107904.463,107904.463
Reasoning,107909.964,107926.962
Reasoning,107926.966,107933.839
CommandExecution,107945.018,107945.019
CommandExecution,107945.083,107945.084
CommandExecution,107945.177,107945.177
Reasoning,107948.429,107966.229
Reasoning,107966.233,107977.809
CommandExecution,107979.996,107979.996
CommandExecution,107980.119,107980.12
Reasoning,107982.124,107982.724
AgentMessage,107982.726,107985.434
CommandExecution,108020.745,108022.681
Reasoning,108025.784,108033.999
CommandExecution,108081.061,108082.38
Reasoning,108084.199,108099.93
Reasoning,108139.454,108141.274
CommandExecution,108149.75,108149.751
CommandExecution,108149.766,108150.304
CommandExecution,108149.791,108150.786
Reasoning,108152.364,108163.404
CommandExecution,108180.156,108180.157
CommandExecution,108180.354,108180.355
CommandExecution,108179.091,108184.46
Reasoning,108184.467,108200.074
Reasoning,108200.078,108219.489
Reasoning,108219.493,108235.709
CommandExecution,108242.876,108242.876
CommandExecution,108243.061,108248.317
Reasoning,108246.749,108268.12
Reasoning,108268.123,108287.379
Reasoning,108287.383,108303.604
Reasoning,108303.609,108325.454
Reasoning,108325.457,108334.404
CommandExecution,108335.881,108335.881
CommandExecution,108335.946,108335.947
Reasoning,108338.494,108344.56
CommandExecution,108351.741,108351.741
CommandExecution,108350.681,108357.782
Reasoning,108354.444,108360.289
CommandExecution,108392.884,108394.026
Reasoning,108395.439,108400.029
McpToolCall,108402.193,108402.954
Reasoning,108408.654,108428.004
Reasoning,108428.007,108437.189
CommandExecution,108439.08,108439.08
Reasoning,108443.7,108461.025
Reasoning,108461.028,108476.295
CommandExecution,108512.851,108512.851
Reasoning,108515.099,108518.229
CommandExecution,108524.863,108524.863
Reasoning,108528.429,108530.839
CommandExecution,108525.043,108531.141
CommandExecution,108135.476,108531.458
AgentMessage,108530.85,108533.079
CommandExecution,108535.518,108535.519
CommandExecution,108544.197,108546.61
CommandExecution,108543.019,108557.003
Reasoning,108551.184,108557.869
CommandExecution,108560.267,108560.267
Reasoning,108564.144,108579.884
CommandExecution,108650.932,108651.259
Reasoning,108654.735,108665.755
CommandExecution,108690.443,108698.19
Reasoning,108693.515,108702.06
CommandExecution,108705.937,108705.937
Reasoning,108708.88,108724.59
CommandExecution,108737.564,108741.936
Reasoning,108743.95,108744.725
CommandExecution,108746.8,108746.8
Reasoning,108750.02,108754.455
CommandExecution,108755.951,108755.951
Reasoning,108758.36,108759.385
CommandExecution,108765.562,108769.155
Reasoning,108768.281,108769.515
Reasoning,108783.61,108786.075
CommandExecution,108797.901,108797.902
CommandExecution,108796.848,108802.222
Reasoning,108801.985,108803.011
AgentMessage,108803.015,108805.4
Reasoning,108805.403,108820.93
CommandExecution,108795.668,108832.603
Reasoning,108820.933,108837.241
Reasoning,108837.243,108854.666
Reasoning,108854.669,108860.176
CommandExecution,108866.879,108866.88
Reasoning,108871.655,108875.886
CommandExecution,108885.812,108885.812
CommandExecution,108885.886,108892.264
Reasoning,108890.147,108893.347
CommandExecution,108885.914,108893.446
CommandExecution,108885.858,108894.319
CommandExecution,108898.155,108898.155
Reasoning,108900.972,108902.447
CommandExecution,108906.305,108906.306
Reasoning,108909.18,108917.826
CommandExecution,108924.819,108924.819
CommandExecution,108897.063,108927.362
CommandExecution,108925.042,108928.078
Reasoning,108935.096,108944.801
CommandExecution,108923.691,108954.308
CommandExecution,108959.077,108959.077
CommandExecution,108958.011,108959.228
Reasoning,108961.526,108979.936
Reasoning,108979.951,108995.236
CommandExecution,108780.797,108995.536
CommandExecution,108996.707,108996.707
Reasoning,109002.391,109003.181
CommandExecution,109012.03,109012.031
CommandExecution,109010.954,109016.118
Reasoning,109015.606,109035.621
Reasoning,109035.626,109050.697
Reasoning,109050.7,109069.997
Reasoning,109070.0,109079.572
McpToolCall,109081.803,109082.342
CommandExecution,109082.52,109082.85
Reasoning,109086.216,109101.937
McpToolCall,109110.466,109112.233
Reasoning,109114.481,109121.601
McpToolCall,109130.014,109131.577
Reasoning,109134.981,109136.012
CommandExecution,109142.762,109143.075
McpToolCall,109143.083,109143.497
Reasoning,109145.456,109147.096
CommandExecution,109158.004,109168.478
CommandExecution,109157.976,109168.649
Reasoning,109161.771,109177.911
Reasoning,109177.914,109179.697
CommandExecution,109185.561,109185.561
CommandExecution,109185.638,109185.638
Reasoning,109188.492,109200.933
CommandExecution,109157.92,109292.098
Reasoning,109283.719,109300.377
Reasoning,109300.382,109312.619
CommandExecution,109314.616,109314.915
CommandExecution,109278.864,109323.785
Reasoning,109317.357,109334.586
Reasoning,109334.59,109347.403
AgentMessage,109347.406,109349.777
CommandExecution,109357.95,109357.951
Reasoning,109364.643,109365.157
CommandExecution,109371.474,109371.474
Reasoning,109375.962,109391.5
Reasoning,109391.503,109408.912
Reasoning,109408.914,109427.692
Reasoning,109427.696,109444.008
Reasoning,109528.662,109545.047
Reasoning,109545.05,109548.277
CommandExecution,109553.425,109553.426
Reasoning,109563.067,109581.183
Reasoning,109581.186,109597.027
Reasoning,109597.031,109615.803
Reasoning,109615.806,109629.752
Reasoning,109629.755,109647.875
CommandExecution,109676.416,109677.633
Reasoning,109683.221,109698.397
Reasoning,109698.401,109715.971
Reasoning,109715.974,109730.28
Reasoning,109730.283,109745.806
CommandExecution,109748.19,109748.19
Reasoning,109751.493,109769.099
Reasoning,109769.102,109788.48
Reasoning,109788.483,109790.072
CommandExecution,109792.992,109792.993
CommandExecution,109793.093,109793.093
Reasoning,109797.309,109808.167
CommandExecution,109157.941,109816.285
CommandExecution,109816.36,109816.36
Reasoning,109819.274,109834.903
Reasoning,109834.906,109850.433
AgentMessage,109850.436,109852.828
CommandExecution,109856.038,109856.038
CommandExecution,109856.125,109856.125
Reasoning,109860.967,109876.608
Reasoning,109876.61,109897.444
Reasoning,109897.447,109912.758
Reasoning,109912.761,109932.873
Reasoning,109932.877,109949.683
Reasoning,109949.686,109970.614
Reasoning,109970.618,109988.423
Reasoning,109988.426,110008.878
Reasoning,110008.881,110028.589
Reasoning,110028.591,110035.065
CommandExecution,110072.367,110073.995
Reasoning,110081.228,110100.448
Reasoning,110100.451,110118.293
Reasoning,110118.296,110142.563
Reasoning,110142.566,110155.388
CommandExecution,110158.314,110158.315
CommandExecution,110158.378,110158.378
CommandExecution,110158.46,110158.461
CommandExecution,109523.803,110248.606
ContextCompaction,110158.469,110382.429
CommandExecution,110388.187,110388.187
Reasoning,110389.807,110390.773
AgentMessage,110390.778,110392.153
CommandExecution,110400.049,110400.05
CommandExecution,110400.078,110400.078
CommandExecution,110400.09,110400.09
Reasoning,110402.743,110404.263
CommandExecution,110409.547,110409.547
CommandExecution,110409.729,110410.429
Reasoning,110413.138,110426.543
CommandExecution,110427.262,110427.262
Reasoning,110431.227,110431.873
AgentMessage,110431.878,110434.363
CommandExecution,110436.924,110436.925
Reasoning,110438.868,110442.423
CommandExecution,110445.344,110445.344
Reasoning,110446.973,110447.651
CommandExecution,110519.195,110519.195
Reasoning,110522.568,110523.604
CommandExecution,110548.788,110550.191
CommandExecution,110557.556,110557.556
Reasoning,110559.518,110577.318
CommandExecution,110579.05,110579.051
Reasoning,110580.648,110586.273
CommandExecution,110556.494,110602.29
CommandExecution,110631.823,110631.824
Reasoning,110634.362,110634.892
AgentMessage,110634.897,110637.003
CommandExecution,110646.252,110646.252
Reasoning,110648.302,110650.142
CommandExecution,110653.65,110653.651
Reasoning,110657.172,110674.388
CommandExecution,110722.851,110723.94
Reasoning,110730.116,110735.706
AgentMessage,110735.712,110737.291
CommandExecution,110804.018,110804.018
Reasoning,110809.176,110823.271
CommandExecution,110892.475,110892.476
Reasoning,110894.61,110896.351
CommandExecution,110902.342,110902.342
Reasoning,110906.465,110922.001
Reasoning,110922.004,110929.175
CommandExecution,110951.86,110953.232
Reasoning,110955.211,110955.921
AgentMessage,110955.923,110957.921
CommandExecution,110962.441,110962.441
Reasoning,110966.365,110982.354
Reasoning,110982.358,110994.955
CommandExecution,111055.419,111055.419
Reasoning,111056.869,111058.879
CommandExecution,111066.651,111066.652
Reasoning,111068.441,111070.438
CommandExecution,111074.027,111074.027
Reasoning,111075.871,111078.439
CommandExecution,111083.291,111083.291
Reasoning,111085.564,111098.469
CommandExecution,111136.178,111136.178
Reasoning,111137.91,111143.164
CommandExecution,111146.774,111146.774
Reasoning,111148.669,111157.924
CommandExecution,111160.499,111160.499
Reasoning,111164.353,111168.074
CommandExecution,111171.886,111171.887
Reasoning,111173.478,111186.303
CommandExecution,111188.361,111188.362
Reasoning,111191.739,111197.349
AgentMessage,111197.352,111199.948
CommandExecution,111206.675,111206.675
CommandExecution,111205.48,111207.541
Reasoning,111208.229,111215.153
CommandExecution,111216.861,111216.862
Reasoning,111219.413,111239.668
CommandExecution,111241.749,111241.75
Reasoning,111243.549,111252.773
CommandExecution,111267.202,111268.48
Reasoning,111272.888,111292.513
CommandExecution,111294.515,111294.515
Reasoning,111296.448,111307.815
CommandExecution,111331.22,111332.932
Reasoning,111334.993,111353.428
Reasoning,111353.433,111356.853
CommandExecution,111361.216,111361.216
Reasoning,111362.703,111382.082
Reasoning,111382.086,111400.152
Reasoning,111400.156,111412.423
AgentMessage,111412.427,111414.054
CommandExecution,111467.687,111468.84
Reasoning,111470.372,111484.402
CommandExecution,111487.137,111487.138
Reasoning,111493.922,111514.018
CommandExecution,111526.801,111527.34
Reasoning,111530.227,111548.148
Reasoning,111548.151,111558.448
AgentMessage,111558.452,111559.862
CommandExecution,111561.331,111561.332
Reasoning,111563.958,111580.737
Reasoning,111580.742,111595.142
CommandExecution,111617.848,111617.848
Reasoning,111620.348,111638.197
Reasoning,111638.201,111644.147
CommandExecution,111657.725,111658.745
Reasoning,111666.427,111670.472
CommandExecution,111672.635,111672.636
Reasoning,111674.502,111677.844
CommandExecution,110645.171,111702.495
Extension,111678.16,111708.162
Reasoning,111715.826,111721.642
CommandExecution,111713.276,111722.161
CommandExecution,111739.072,111739.072
CommandExecution,111726.575,111741.71
Reasoning,111742.731,111743.86
AgentMessage,111743.866,111746.637
Reasoning,111746.641,111747.849
CommandExecution,111751.582,111751.582
CommandExecution,111727.752,111753.818
Reasoning,111759.057,111770.221
CommandExecution,111737.983,111772.838
CommandExecution,111774.428,111774.429
Reasoning,111776.582,111795.593
Reasoning,111795.596,111799.063
CommandExecution,111802.383,111802.383
Reasoning,111804.177,111823.257
Reasoning,111823.26,111829.271
CommandExecution,111839.766,111839.767
Reasoning,111841.301,111844.117
CommandExecution,111850.905,111850.906
Reasoning,111852.816,111869.727
Reasoning,111869.73,111877.417
AgentMessage,111877.421,111878.701
CommandExecution,111931.76,111932.0
Reasoning,111934.326,111935.241
CommandExecution,111944.027,111944.027
Reasoning,111947.832,111965.202
Reasoning,111965.205,111976.271
CommandExecution,112009.086,112010.693
Reasoning,112011.571,112027.229
Reasoning,112027.233,112041.767
CommandExecution,112108.359,112108.359
CommandExecution,112108.552,112111.909
Reasoning,112111.586,112116.252
Reasoning,112130.456,112135.541
Reasoning,112142.631,112156.831
CommandExecution,112261.237,112261.238
Reasoning,112268.581,112278.236
CommandExecution,112298.207,112302.571
Reasoning,112302.156,112323.192
Reasoning,112323.2,112328.003
AgentMessage,112328.007,112329.726
CommandExecution,112356.379,112356.384
CommandExecution,112355.185,112356.74
Reasoning,112359.721,112363.286
McpToolCall,112371.349,112371.836
CommandExecution,112372.022,112373.668
Reasoning,112378.766,112380.5
CommandExecution,112385.015,112385.015
Reasoning,112389.701,112403.846
CommandExecution,112445.698,112448.328
Reasoning,112448.745,112464.451
CommandExecution,112475.473,112478.715
Reasoning,112480.886,112499.511
Reasoning,112499.514,112504.635
CommandExecution,112511.339,112511.339
Reasoning,112514.29,112522.03
CommandExecution,112533.156,112533.157
Reasoning,112535.788,112546.526
AgentMessage,112546.528,112549.026
CommandExecution,112557.923,112557.924
CommandExecution,112532.075,112570.702
Reasoning,112561.73,112571.83
CommandExecution,112573.763,112573.763
Reasoning,112575.926,112577.096
CommandExecution,112579.974,112579.975
Reasoning,112585.385,112586.475
CommandExecution,112590.056,112590.057
Reasoning,112595.171,112610.866
CommandExecution,112621.562,112624.385
Reasoning,112628.271,112640.181
CommandExecution,112644.084,112644.085
Reasoning,112651.031,112651.621
CommandExecution,112655.768,112655.769
CommandExecution,112655.988,112659.115
CommandExecution,112620.355,112659.824
Reasoning,112662.271,112677.826
Reasoning,112677.829,112685.279
CommandExecution,112697.174,112699.504
CommandExecution,112474.292,112714.293
Reasoning,112706.017,112723.787
Reasoning,112723.803,112732.547
CommandExecution,112733.99,112733.991
Reasoning,112736.292,112752.433
Reasoning,112752.436,112753.823
CommandExecution,112765.096,112768.145
Reasoning,112770.542,112785.963
CommandExecution,112794.709,112794.709
CommandExecution,112766.282,112807.239
Reasoning,112796.913,112815.094
Reasoning,112815.097,112835.809
Reasoning,112835.814,112853.814
Reasoning,112853.819,112871.345
Reasoning,112871.351,112884.27
CommandExecution,112886.273,112886.273
Reasoning,112890.829,112899.144
CommandExecution,112933.345,112934.503
Reasoning,112938.561,112956.5
CommandExecution,112932.119,112971.002
Reasoning,112956.508,112972.4
Reasoning,112972.405,112990.531
Reasoning,112990.534,113001.672
CommandExecution,113004.258,113004.259
Reasoning,113007.36,113009.237
AgentMessage,113009.242,113011.3
Reasoning,113011.303,113027.455
CommandExecution,112793.61,113031.918
Reasoning,113027.459,113046.742
Reasoning,113046.771,113066.466
Reasoning,113066.47,113082.692
Reasoning,113082.696,113101.472
Reasoning,113101.491,113119.111
Reasoning,113119.114,113140.071
Reasoning,113140.074,113159.022
Reasoning,113159.035,113173.792
Extension,113175.171,113176.717
CommandExecution,113176.777,113176.777
Reasoning,113183.042,113194.942
Extension,113202.478,113204.252
CommandExecution,113201.444,113208.149
ContextCompaction,113204.264,113421.913
CommandExecution,113433.328,113433.328
CommandExecution,113433.353,113433.354
Reasoning,113436.723,113438.468
AgentMessage,113438.473,113440.298
CommandExecution,113451.028,113451.043
CommandExecution,113451.003,113451.043
CommandExecution,113451.135,113451.136
CommandExecution,113451.192,113452.277
McpToolCall,113452.284,113453.023
Reasoning,113457.648,113459.853
CommandExecution,113476.702,113476.704
CommandExecution,113479.265,113488.226
CommandExecution,113480.448,113488.27
Reasoning,113484.354,113489.533
McpToolCall,113499.736,113501.349
CommandExecution,113501.425,113501.426
Reasoning,113506.983,113508.132
CommandExecution,113514.851,113514.884
CommandExecution,113514.873,113514.884
Extension,113514.883,113515.853
Reasoning,113517.213,113532.937
AgentMessage,113532.964,113534.503
CommandExecution,113540.437,113540.437
Extension,113540.452,113541.998
Reasoning,113547.153,113562.898
CommandExecution,113600.816,113603.519
CommandExecution,113476.891,113607.583
Reasoning,113606.283,113612.24
CommandExecution,113670.454,113672.001
Reasoning,113674.343,113675.264
CommandExecution,113680.703,113680.704
CommandExecution,113680.729,113680.732
Extension,113680.74,113682.489
Reasoning,113684.673,113686.589
CommandExecution,113707.036,113708.027
CommandExecution,113708.092,113708.092
Reasoning,113712.409,113727.949
Reasoning,113727.954,113745.585
Reasoning,113745.589,113761.799
AgentMessage,113761.803,113763.666
CommandExecution,113765.502,113765.503
Reasoning,113774.324,113775.874
CommandExecution,113783.443,113783.443
CommandExecution,113783.626,113785.297
Reasoning,113789.241,113803.519
Reasoning,113909.205,113918.075
CommandExecution,113955.67,113955.671
CommandExecution,113954.611,113956.751
Reasoning,113957.274,113958.065
CommandExecution,113962.904,113962.905
Reasoning,113970.494,113975.191
CommandExecution,113987.376,113987.376
CommandExecution,113986.32,113987.427
Reasoning,113989.63,114003.035
CommandExecution,112124.724,114003.468
Reasoning,114066.43,114067.065
AgentMessage,114067.07,114068.95
CommandExecution,114063.796,114072.58
CommandExecution,114084.883,114084.884
CommandExecution,114083.806,114085.082
Reasoning,114086.765,114092.176
CommandExecution,114103.915,114104.992
Reasoning,114107.146,114111.665
CommandExecution,114102.731,114111.765
CommandExecution,114119.928,114119.928
CommandExecution,114120.006,114120.006
Reasoning,114121.87,114122.46
CommandExecution,114131.041,114131.042
CommandExecution,113478.078,114137.064
Reasoning,114133.371,114139.15
CommandExecution,114153.923,114153.924
CommandExecution,114152.868,114154.642
Reasoning,114157.28,114162.337
CommandExecution,114129.942,114163.421
AgentMessage,114162.34,114164.43
CommandExecution,114192.862,114192.862
CommandExecution,114192.968,114192.968
Reasoning,114195.086,114195.73
CommandExecution,114230.864,114231.159
CommandExecution,114231.34,114232.802
Reasoning,114234.04,114242.805
CommandExecution,114261.582,114264.238
Reasoning,114264.225,114281.261
CommandExecution,114285.696,114285.697
Reasoning,114290.599,114307.45
Reasoning,114307.454,114325.33
Reasoning,114325.333,114329.71
CommandExecution,114332.367,114332.368
CommandExecution,114332.511,114332.512
Reasoning,114338.21,114341.075
CommandExecution,114347.803,114347.975
CommandExecution,114348.042,114348.042
Reasoning,114350.21,114357.83
CommandExecution,114389.473,114389.483
CommandExecution,114389.68,114390.739
Reasoning,114392.886,114404.056
AgentMessage,114404.059,114405.675
Reasoning,114543.11,114554.131
CommandExecution,114566.931,114566.932
CommandExecution,114567.123,114568.828
Reasoning,114574.253,114591.761
CommandExecution,114640.239,114640.239
CommandExecution,114640.443,114643.913
Reasoning,114643.056,114649.451
CommandExecution,114659.197,114659.198
CommandExecution,114659.327,114663.914
CommandExecution,114659.364,114664.458
Reasoning,114661.861,114678.031
Reasoning,114678.034,114694.581
CommandExecution,114696.33,114696.33
Reasoning,114698.575,114701.631
Reasoning,114706.76,114723.155
Reasoning,114723.159,114741.137
Reasoning,114741.14,114743.595
CommandExecution,114800.842,114801.754
CommandExecution,114801.844,114801.845
Reasoning,114803.904,114814.769
CommandExecution,114818.614,114818.614
Reasoning,114821.239,114827.044
CommandExecution,114879.595,114880.786
Reasoning,114882.429,114897.952
Reasoning,114897.965,114913.489
Reasoning,114913.492,114929.054
Reasoning,114929.057,114940.444
CommandExecution,114947.217,114947.218
CommandExecution,114947.257,114947.257
CommandExecution,114947.353,114951.984
Reasoning,114950.149,114954.298
CommandExecution,114965.241,114965.241
CommandExecution,114965.43,114966.901
CommandExecution,114966.617,114968.324
Reasoning,114969.379,114983.393
CommandExecution,114987.995,114987.995
Reasoning,114989.545,115005.075
Reasoning,115005.078,115020.616
Reasoning,115020.619,115029.158
AgentMessage,115029.161,115031.633
CommandExecution,115077.142,115078.335
Reasoning,115080.113,115096.253
Reasoning,115096.257,115106.167
CommandExecution,115169.115,115170.719
Reasoning,115173.062,115182.052
AgentMessage,115182.057,115184.552
CommandExecution,115188.871,115188.872
CommandExecution,115188.961,115188.961
Reasoning,115190.692,115206.212
Reasoning,115206.216,115221.422
CommandExecution,115226.761,115226.762
CommandExecution,115225.633,115228.144
Reasoning,115228.872,115232.512
CommandExecution,115238.444,115239.132
CommandExecution,115239.313,115242.296
Reasoning,115242.797,115244.177
Reasoning,115259.852,115277.487
Reasoning,115277.501,115295.302
CommandExecution,115255.708,115296.602
CommandExecution,115298.082,115298.082
Reasoning,115304.716,115310.171
CommandExecution,115331.91,115331.91
CommandExecution,115330.69,115340.741
CommandExecution,115330.724,115342.15
Reasoning,115334.461,115352.386
Reasoning,115352.399,115366.679
CommandExecution,115370.779,115370.78
CommandExecution,115329.446,115372.878
Reasoning,115378.351,115384.176
CommandExecution,115413.027,115413.027
CommandExecution,115413.216,115414.345
Reasoning,115417.836,115435.896
Reasoning,115435.9,115450.632
Reasoning,115450.635,115467.486
Reasoning,115467.49,115481.726
Reasoning,115481.729,115487.292
CommandExecution,115488.348,115488.348
CommandExecution,115256.898,115496.382
Reasoning,115490.426,115505.961
Reasoning,115505.964,115521.506
Reasoning,115521.511,115533.266
CommandExecution,115540.184,115540.184
CommandExecution,115540.263,115541.129
Reasoning,115542.941,115551.646
AgentMessage,115551.649,115553.126
CommandExecution,115560.476,115560.477
CommandExecution,115559.372,115564.688
Reasoning,115562.346,115576.506
CommandExecution,115581.898,115582.302
McpToolCall,115582.31,115583.101
Reasoning,115585.691,115601.386
Reasoning,115601.389,115617.501
Reasoning,115617.504,115632.001
McpToolCall,115634.602,115634.956
CommandExecution,115635.031,115635.031
Reasoning,115641.02,115657.216
Reasoning,115657.219,115671.606
CommandExecution,115717.213,115718.367
Reasoning,115720.091,115735.642
Reasoning,115735.655,115751.715
CommandExecution,115760.787,115761.1
McpToolCall,115761.107,115761.606
CommandExecution,115761.684,115761.684
Reasoning,115763.751,115779.376
Reasoning,115779.379,115791.385
McpToolCall,115813.515,115815.148
Reasoning,115816.715,115818.59
AgentMessage,115818.599,115820.989
CommandExecution,115812.507,115828.642
CommandExecution,115812.48,115828.716
Reasoning,115820.992,115836.239
Reasoning,115836.242,115844.411
CommandExecution,115847.3,115847.301
Reasoning,115849.19,115849.861
CommandExecution,115851.722,115851.723
Reasoning,115853.775,115869.315
Reasoning,115869.318,115885.565
CommandExecution,115893.694,115893.695
CommandExecution,115893.765,115894.098
Reasoning,115900.06,115918.452
Reasoning,115918.455,115937.164
CommandExecution,115812.453,115945.076
Reasoning,115937.167,115955.995
Reasoning,115955.999,115976.2
CommandExecution,115977.198,115977.198
Reasoning,115979.705,115995.27
Reasoning,115995.274,116010.785
Reasoning,116010.788,116026.38
AgentMessage,116026.384,116028.735
CommandExecution,116034.165,116034.166
CommandExecution,116034.248,116034.248
Reasoning,116037.626,116053.17
Reasoning,116053.173,116061.455
CommandExecution,116081.312,116081.312
Reasoning,116085.951,116101.505
Reasoning,116101.508,116104.665
CommandExecution,116111.97,116111.971
CommandExecution,116111.989,116111.989
CommandExecution,116112.043,116112.043
Reasoning,116121.185,116136.725
Reasoning,116136.735,116157.605
CommandExecution,116157.679,116157.679
Reasoning,116160.8,116176.355
Reasoning,116176.359,116192.154
Reasoning,116192.157,116209.381
Reasoning,116209.385,116225.55
Reasoning,116225.554,116240.89
Reasoning,116240.894,116255.47
AgentMessage,116255.474,116257.37
CommandExecution,114284.629,116283.781
CommandExecution,116288.858,116288.858
CommandExecution,116289.049,116290.458
CommandExecution,116287.798,116290.931
Reasoning,116292.19,116297.994
CommandExecution,116304.872,116304.872
Reasoning,116308.898,116324.375
Reasoning,116324.378,116339.877
Reasoning,116339.88,116357.449
CommandExecution,115812.426,116418.399
Reasoning,116357.453,116421.725
CommandExecution,116421.924,116423.051
CommandExecution,116423.109,116423.234
Reasoning,116425.244,116440.996
CommandExecution,116466.504,116469.427
Reasoning,116469.269,116478.854
CommandExecution,116484.62,116484.62
Reasoning,116493.084,116510.565
Reasoning,116510.568,116528.684
CommandExecution,116465.315,116546.408
CommandExecution,116584.862,116584.862
CommandExecution,116585.055,116586.126
Reasoning,116588.009,116601.614
CommandExecution,116633.345,116633.345
CommandExecution,116633.451,116633.451
Reasoning,116636.606,116654.154
AgentMessage,116654.158,116655.584
CommandExecution,116674.635,116676.267
CommandExecution,116675.816,116676.619
Reasoning,116678.589,116694.125
Reasoning,116694.134,116709.684
Reasoning,116709.758,116725.394
CommandExecution,116781.74,116782.78
ContextCompaction,116782.795,117006.473
CommandExecution,117011.102,117011.102
Reasoning,117012.833,117013.473
AgentMessage,117013.475,117015.308
CommandExecution,117022.741,117022.742
CommandExecution,117022.742,117022.744
Reasoning,117025.033,117027.053
CommandExecution,117032.252,117032.253
CommandExecution,117032.317,117032.318
Reasoning,117036.473,117036.973
CommandExecution,117040.034,117040.035
Reasoning,117041.388,117050.144
CommandExecution,117053.182,117053.183
Reasoning,117056.358,117069.419
CommandExecution,117072.038,117072.038
Reasoning,117073.673,117075.888
AgentMessage,117075.894,117077.944
CommandExecution,117095.016,117095.017
Reasoning,117096.773,117099.533
CommandExecution,117102.506,117102.507
Reasoning,117107.973,117109.053
CommandExecution,117113.807,117113.808
Reasoning,117117.469,117121.913
CommandExecution,117124.733,117124.734
Reasoning,117126.398,117129.043
CommandExecution,117134.021,117134.021
Reasoning,117136.068,117141.498
CommandExecution,117167.26,117168.66
Reasoning,117170.088,117171.127
CommandExecution,117176.09,117176.09
Reasoning,117177.598,117179.473
CommandExecution,117182.798,117187.649
Reasoning,117185.428,117189.858
CommandExecution,117196.918,117196.918
CommandExecution,117197.057,117197.738
Reasoning,117199.728,117204.233
CommandExecution,117215.562,117215.562
CommandExecution,117214.454,117219.045
CommandExecution,117214.481,117219.624
CommandExecution,117220.203,117221.709
Reasoning,117222.667,117224.537
Reasoning,117230.712,117238.528
AgentMessage,117238.548,117240.882
CommandExecution,117243.086,117243.087
Reasoning,117244.962,117252.337
CommandExecution,117279.149,117280.056
Reasoning,117282.112,117290.698
CommandExecution,117326.265,117326.328
Reasoning,117333.017,117340.447
CommandExecution,117373.263,117375.1
Reasoning,117378.279,117379.658
CommandExecution,117384.233,117387.241
Reasoning,117387.587,117403.522
AgentMessage,117403.527,117404.942
CommandExecution,117411.945,117413.881
CommandExecution,117411.979,117414.357
Reasoning,117415.889,117421.317
CommandExecution,117428.711,117430.653
Reasoning,117432.472,117437.762
Reasoning,117442.577,117461.222
CommandExecution,117461.957,117461.957
Reasoning,117464.542,117469.632
CommandExecution,117498.036,117502.321
Reasoning,117502.872,117508.147
CommandExecution,117511.546,117516.199
Reasoning,117514.482,117517.624
CommandExecution,117525.453,117527.316
CommandExecution,117525.424,117528.594
Reasoning,117528.307,117530.402
AgentMessage,117530.408,117532.657
Reasoning,117547.562,117548.572
Reasoning,117562.297,117562.967
CommandExecution,117567.497,117567.498
Reasoning,117569.827,117579.882
CommandExecution,117582.071,117582.072
CommandExecution,117539.735,117583.347
Reasoning,117584.082,117591.593
CommandExecution,117597.927,117597.927
Reasoning,117599.797,117601.447
CommandExecution,117616.097,117616.097
CommandExecution,117613.729,117625.752
CommandExecution,117613.688,117626.312
Reasoning,117617.951,117630.557
CommandExecution,117614.926,117656.334
CommandExecution,117681.783,117683.714
Reasoning,117684.392,117684.992
CommandExecution,117693.676,117693.676
Reasoning,117695.757,117709.812
CommandExecution,117715.204,117715.204
Reasoning,117717.661,117734.388
Reasoning,117734.391,117752.376
Reasoning,117752.379,117757.281
CommandExecution,117765.339,117765.339
CommandExecution,117765.536,117766.888
Reasoning,117768.818,117786.531
AgentMessage,117786.535,117788.031
CommandExecution,117791.033,117791.033
McpToolCall,117791.045,117791.832
Reasoning,117793.675,117800.047
CommandExecution,117808.041,117808.042
CommandExecution,117558.99,117810.394
Reasoning,117810.266,117828.777
CommandExecution,117868.972,117869.988
Reasoning,117872.482,117878.083
CommandExecution,117882.201,117886.79
Reasoning,117885.646,117903.267
Reasoning,117903.271,117919.321
McpToolCall,117923.937,117924.416
CommandExecution,117924.604,117924.961
Reasoning,117928.672,117932.061
McpToolCall,117942.952,117943.164
Reasoning,117949.246,117950.026
McpToolCall,117953.405,117953.772
Reasoning,117956.506,117960.205
McpToolCall,117971.599,117972.013
CommandExecution,117972.116,117972.116
Reasoning,117974.242,117976.388
CommandExecution,117983.141,117983.141
McpToolCall,117983.156,117983.869
Reasoning,117985.431,117987.101
CommandExecution,118003.661,118021.428
CommandExecution,118003.619,118022.683
Reasoning,118013.514,118031.47
Reasoning,118031.475,118049.437
Reasoning,118049.464,118057.83
CommandExecution,118060.431,118060.431
Reasoning,118062.231,118077.773
Reasoning,118077.781,118096.861
Reasoning,118096.87,118114.407
Reasoning,118114.412,118130.234
CommandExecution,118006.039,118142.243
Reasoning,118130.239,118149.231
Reasoning,118149.235,118155.361
AgentMessage,118155.365,118156.67
CommandExecution,118157.176,118157.177
Reasoning,118159.421,118174.881
CommandExecution,118262.18,118262.679
Reasoning,118264.229,118267.814
CommandExecution,118272.271,118272.271
Reasoning,118273.877,118284.877
CommandExecution,118298.053,118302.175
Reasoning,118306.512,118312.706
CommandExecution,118319.839,118319.84
Reasoning,118322.247,118337.778
Reasoning,118337.78,118356.242
Reasoning,118356.245,118375.281
CommandExecution,118394.24,118395.603
CommandExecution,118400.446,118400.744
Reasoning,118403.845,118421.436
Reasoning,118421.438,118441.21
CommandExecution,118442.407,118442.407
Reasoning,118444.445,118460.327
Reasoning,118536.026,118553.765
CommandExecution,118589.258,118589.265
Reasoning,118597.173,118603.895
CommandExecution,118608.393,118608.394
Reasoning,118611.705,118628.996
AgentMessage,118629.001,118630.553
CommandExecution,118004.852,118645.966
CommandExecution,118671.071,118672.303
Reasoning,118674.085,118685.625
CommandExecution,118688.924,118688.924
Reasoning,118692.69,118707.68
CommandExecution,118753.036,118755.19
Reasoning,118755.915,118772.966
Reasoning,118772.971,118789.928
CommandExecution,118822.963,118827.643
Reasoning,118828.267,118839.441
CommandExecution,118848.831,118848.832
CommandExecution,118849.066,118852.254
CommandExecution,118849.03,118853.022
Reasoning,118851.876,118863.956
CommandExecution,118893.196,118893.213
Reasoning,118895.731,118908.621
CommandExecution,118911.739,118911.739
Reasoning,118914.441,118932.132
CommandExecution,118940.439,118941.664
Reasoning,118944.442,118957.022
CommandExecution,118960.575,118960.576
Reasoning,118963.482,118964.349
CommandExecution,118969.227,118969.227
Reasoning,118974.453,118990.947
CommandExecution,118991.976,118991.977
Reasoning,118996.932,119015.428
Reasoning,119015.467,119032.328
CommandExecution,119052.377,119053.499
Reasoning,119055.862,119066.587
CommandExecution,119069.231,119069.231
Reasoning,119073.179,119090.549
Reasoning,119090.553,119109.213
Reasoning,119109.236,119126.273
Reasoning,119126.276,119141.853
CommandExecution,119143.667,119143.668
Reasoning,119147.924,119167.353
Reasoning,119167.358,119185.949
Reasoning,119185.951,119205.244
Reasoning,119205.247,119223.629
Reasoning,119223.633,119239.555
Reasoning,119239.558,119258.239
Reasoning,119258.243,119273.844
Reasoning,119273.85,119292.234
Reasoning,119292.237,119314.76
Reasoning,119314.765,119334.005
Reasoning,119334.008,119349.699
Reasoning,119349.704,119361.844
AgentMessage,119361.849,119363.819
CommandExecution,119390.511,119391.584
Reasoning,119393.559,119410.477
Reasoning,119410.481,119425.674
Reasoning,119425.677,119440.592
Reasoning,119440.595,119458.124
Reasoning,119458.127,119477.225
Reasoning,119477.233,119492.45
Reasoning,119492.454,119509.691
Reasoning,119509.695,119521.792
Reasoning,119593.354,119609.514
Reasoning,119609.518,119679.76
CommandExecution,119679.977,119681.167
Reasoning,119683.03,119694.791
CommandExecution,119702.573,119702.574
Reasoning,119705.755,119724.991
Reasoning,119724.994,119745.05
Reasoning,119745.056,119762.41
Reasoning,119762.413,119778.2
Reasoning,119778.206,119795.615
Reasoning,119795.619,119812.019
Reasoning,119812.023,119828.783
Reasoning,119828.786,119845.151
Reasoning,119845.154,119862.131
CommandExecution,119889.717,119890.802
Reasoning,119894.57,119914.84
Reasoning,119914.844,119930.35
Reasoning,119930.353,119948.63
Reasoning,119948.633,119960.286
AgentMessage,119960.288,119961.475
CommandExecution,119963.609,119963.609
Reasoning,119966.195,119981.771
Reasoning,119981.774,119996.56
CommandExecution,120035.311,120036.462
Reasoning,120040.445,120058.905
Reasoning,120058.909,120078.81
Reasoning,120078.814,120080.545
CommandExecution,120081.886,120081.887
Reasoning,120084.425,120085.45
CommandExecution,120095.126,120095.127
Reasoning,120113.41,120133.041
Reasoning,120133.044,120153.781
CommandExecution,120180.838,120181.943
Reasoning,120184.515,120204.546
Reasoning,120204.549,120226.235
Reasoning,120226.238,120241.898
Reasoning,120241.901,120258.835
Reasoning,120258.839,120276.085
Reasoning,120276.088,120293.59
Reasoning,120293.594,120311.232
Reasoning,120311.235,120330.865
Reasoning,120330.868,120350.461
CommandExecution,120352.97,120352.97
Reasoning,120357.535,120373.117
Reasoning,120373.12,120388.871
Reasoning,120388.874,120392.961
AgentMessage,120392.963,120394.085
CommandExecution,120397.159,120401.803
Reasoning,120401.63,120417.171
Reasoning,120417.175,120434.57
CommandExecution,120443.873,120445.688
CommandExecution,120443.903,120446.093
Reasoning,120449.962,120468.381
Reasoning,120468.385,120487.816
Reasoning,120487.82,120505.751
CommandExecution,120508.729,120508.73
Reasoning,120512.035,120529.156
CommandExecution,120445.105,120545.203
Reasoning,120529.159,120549.087
Reasoning,120549.09,120566.741
CommandExecution,120569.011,120570.985
Reasoning,120579.722,120596.246
Reasoning,120596.248,120615.145
AgentMessage,120615.151,120616.231
CommandExecution,120623.389,120623.389
CommandExecution,120622.309,120624.688
Reasoning,120625.991,120648.196
Reasoning,120648.199,120669.886
Reasoning,120669.891,120689.611
Reasoning,120689.613,120708.471
Extension,120708.638,120738.64
CommandExecution,116673.447,120827.264
ContextCompaction,120738.646,120981.519
Reasoning,120984.53,120984.921
AgentMessage,120984.927,120986.505
CommandExecution,120990.585,120990.585
CommandExecution,120990.621,120990.621
CommandExecution,120999.695,120999.715
CommandExecution,120999.739,120999.74
CommandExecution,121007.033,121007.035
CommandExecution,121007.05,121007.051
CommandExecution,120999.786,121008.905
Reasoning,121011.24,121012.155
AgentMessage,121012.16,121015.336
CommandExecution,121022.216,121023.095
CommandExecution,121023.167,121023.168
Reasoning,121026.865,121028.616
CommandExecution,121036.216,121036.217
CommandExecution,121036.239,121036.24
Reasoning,121043.111,121049.821
CommandExecution,121055.792,121055.792
Reasoning,121057.451,121058.115
CommandExecution,121064.985,121064.985
CommandExecution,121065.048,121065.049
Reasoning,121068.02,121068.511
AgentMessage,121068.52,121070.941
CommandExecution,121021.023,121080.653
CommandExecution,121091.111,121091.111
CommandExecution,121090.028,121091.687
CommandExecution,121097.79,121097.791
Reasoning,121100.371,121101.196
CommandExecution,121096.73,121104.27
CommandExecution,121104.45,121104.451
Reasoning,121133.975,121135.625
CommandExecution,121163.58,121163.58
CommandExecution,121163.725,121163.725
Reasoning,121165.855,121166.301
AgentMessage,121166.311,121168.421
CommandExecution,121215.318,121215.318
Reasoning,121217.23,121218.015
CommandExecution,121225.497,121225.497
CommandExecution,121225.594,121225.594
Reasoning,121227.875,121229.655
CommandExecution,121248.01,121248.011
Reasoning,121250.555,121252.357
CommandExecution,121259.223,121261.264
CommandExecution,121260.41,121265.2
Reasoning,121263.02,121270.445
CommandExecution,121275.623,121275.623
Reasoning,121277.36,121278.69
AgentMessage,121278.705,121280.795
CommandExecution,121289.586,121290.084
CommandExecution,121289.618,121290.196
CommandExecution,121290.381,121291.201
Reasoning,121294.885,121296.106
CommandExecution,121306.129,121306.13
CommandExecution,121305.011,121311.289
Reasoning,121308.08,121311.855
CommandExecution,121305.047,121312.051
CommandExecution,121318.625,121318.625
Reasoning,121320.11,121321.455
CommandExecution,121331.657,121333.087
CommandExecution,121332.84,121336.009
Reasoning,121337.4,121339.061
AgentMessage,121339.067,121341.14
CommandExecution,121351.321,121352.8
CommandExecution,121350.136,121353.495
CommandExecution,121378.513,121378.514
Reasoning,121380.559,121381.165
CommandExecution,121383.668,121383.669
Reasoning,121386.175,121393.325
CommandExecution,121397.279,121397.28
CommandExecution,121377.41,121420.62
Reasoning,121404.2,121420.81
AgentMessage,121420.825,121422.271
CommandExecution,121427.145,121427.146
CommandExecution,121427.341,121429.448
Reasoning,121431.9,121433.54
CommandExecution,121447.632,121447.633
Reasoning,121450.05,121451.035
CommandExecution,121445.337,121455.297
CommandExecution,121445.302,121460.685
CommandExecution,121485.308,121486.427
CommandExecution,121446.531,121487.932
Reasoning,121490.605,121493.26
CommandExecution,121506.025,121506.025
Reasoning,121507.646,121523.341
AgentMessage,121523.347,121525.685
CommandExecution,121531.183,121531.184
CommandExecution,121531.257,121531.257
Reasoning,121534.455,121536.37
CommandExecution,121566.035,121566.62
CommandExecution,121566.814,121567.927
Reasoning,121569.83,121587.545
CommandExecution,121591.609,121591.61
CommandExecution,121591.706,121591.706
Reasoning,121593.66,121604.795
AgentMessage,121604.802,121606.962
CommandExecution,121613.101,121613.101
CommandExecution,121613.191,121613.192
Reasoning,121616.415,121624.535
CommandExecution,121376.214,121629.587
CommandExecution,121637.174,121637.174
CommandExecution,121637.373,121638.596
Reasoning,121647.245,121650.395
McpToolCall,121656.107,121656.99
CommandExecution,121657.191,121657.514
Reasoning,121659.139,121661.925
CommandExecution,121667.519,121667.52
CommandExecution,121667.623,121667.624
Reasoning,121669.36,121684.806
AgentMessage,121684.811,121686.724
CommandExecution,121693.894,121693.894
McpToolCall,121693.925,121694.331
Reasoning,121698.775,121699.504
CommandExecution,121705.21,121705.589
Reasoning,121707.39,121720.395
CommandExecution,121731.91,121731.91
CommandExecution,121730.819,121732.047
Reasoning,121733.44,121740.43
McpToolCall,121745.588,121746.19
CommandExecution,121746.387,121746.523
Reasoning,121748.264,121764.046
Extension,121764.407,121794.408
Reasoning,121796.243,121797.315
AgentMessage,121797.319,121799.91
McpToolCall,121805.216,121806.075
CommandExecution,121806.276,121806.664
McpToolCall,121829.303,121830.285
Reasoning,121831.765,121834.109
CommandExecution,121827.023,121853.438
CommandExecution,121853.78,121853.781
CommandExecution,121827.069,121854.385
CommandExecution,121853.995,121855.152
Reasoning,121857.765,121865.085
Extension,121865.376,121895.378
CommandExecution,121910.469,121910.783
Reasoning,121913.314,121913.969
AgentMessage,121913.974,121916.437
Reasoning,121916.442,121931.582
Reasoning,121931.585,121946.63
CommandExecution,121959.339,121959.339
CommandExecution,121958.188,121959.372
Reasoning,121962.215,121977.776
CommandExecution,121828.292,121989.479
Reasoning,121977.779,121995.11
Reasoning,121995.113,121997.4
Extension,121997.527,122027.529
Reasoning,122040.569,122041.044
AgentMessage,122041.048,122044.275
CommandExecution,122047.986,122047.986
Reasoning,122049.821,122067.14
Reasoning,122067.144,122075.015
Extension,122075.108,122105.11
CommandExecution,122112.74,122112.74
CommandExecution,122112.835,122112.835
Reasoning,122114.485,122131.86
Reasoning,122131.872,122133.81
AgentMessage,122133.812,122135.187
Extension,122135.323,122165.324
CommandExecution,122173.057,122173.058
Reasoning,122181.749,122200.175
Reasoning,122200.178,122212.923
CommandExecution,122214.728,122214.728
Reasoning,122217.649,122233.85
Reasoning,122233.853,122248.415
AgentMessage,122248.421,122250.395
CommandExecution,122252.449,122252.449
Reasoning,122254.246,122271.21
Reasoning,122271.213,122289.77
Reasoning,122289.774,122300.111
Reasoning,122352.866,122358.446
CommandExecution,121644.269,122376.937
Reasoning,122477.829,122486.294
CommandExecution,122488.668,122488.668
Reasoning,122491.189,122497.739
AgentMessage,122497.743,122500.124
CommandExecution,122540.95,122540.951
CommandExecution,122541.144,122543.616
Reasoning,122545.16,122562.236
Reasoning,122637.19,122652.179
CommandExecution,122693.367,122693.368
CommandExecution,122693.576,122694.631
Reasoning,122696.394,122712.26
Reasoning,122712.262,122733.064
AgentMessage,122733.074,122734.354
CommandExecution,122763.537,122764.854
Reasoning,122767.069,122783.676
Reasoning,122783.684,122801.934
Reasoning,122801.939,122818.851
Reasoning,122818.856,122827.006
CommandExecution,122854.368,122854.368
CommandExecution,122853.278,122854.487
Reasoning,122856.221,122871.084
AgentMessage,122871.09,122871.465
CommandExecution,122883.966,122883.966
CommandExecution,122884.09,122884.09
Reasoning,122886.664,122902.385
Reasoning,122902.389,122917.76
Reasoning,122917.764,122927.114
CommandExecution,122949.352,122949.353
Reasoning,122953.514,122971.741
Reasoning,122971.745,122978.586
CommandExecution,122985.755,122986.85
Reasoning,122989.59,122990.998
AgentMessage,122991.002,122993.473
Extension,122993.827,123023.829
CommandExecution,123030.319,123030.319
Reasoning,123033.094,123050.194
Reasoning,123050.198,123066.622
Extension,123066.817,123096.818
CommandExecution,121131.398,123103.153
CommandExecution,123104.609,123104.609
CommandExecution,123113.452,123113.452
CommandExecution,123112.375,123114.182
Reasoning,123115.804,123116.314
AgentMessage,123116.321,123118.304
Reasoning,123123.479,123139.15
Reasoning,123139.166,123154.615
Reasoning,123154.618,123159.914
CommandExecution,123165.348,123165.349
CommandExecution,123165.536,123169.49
Reasoning,123168.986,123182.854
AgentMessage,123182.857,123189.634
CommandExecution,123217.963,123217.963
Reasoning,123220.804,123229.224
CommandExecution,123277.029,123278.382
Reasoning,123280.935,123284.71
CommandExecution,123291.724,123296.59
Reasoning,123297.709,123301.879
CommandExecution,123307.381,123307.381
CommandExecution,123307.603,123315.27
CommandExecution,123307.569,123316.162
Reasoning,123311.579,123320.514
CommandExecution,123334.08,123334.08
Reasoning,123338.194,123343.62
Reasoning,123351.844,123353.82
CommandExecution,123355.32,123355.321
Reasoning,123357.956,123358.769
CommandExecution,123362.024,123362.024
Reasoning,123365.039,123380.635
Reasoning,123380.639,123395.45
CommandExecution,123398.113,123398.113
Reasoning,123403.24,123419.439
CommandExecution,123480.052,123480.052
Reasoning,123483.16,123497.11
CommandExecution,123545.888,123545.888
Reasoning,123551.55,123565.266
AgentMessage,123565.27,123567.52
CommandExecution,123593.314,123593.314
CommandExecution,123592.226,123597.25
Reasoning,123595.249,123610.965
CommandExecution,123620.487,123620.487
CommandExecution,123619.332,123629.456
CommandExecution,123619.368,123630.941
Reasoning,123623.465,123637.528
CommandExecution,123647.873,123649.722
Reasoning,123654.074,123660.2
CommandExecution,123668.323,123674.231
Reasoning,123674.171,123687.189
CommandExecution,123690.683,123690.683
Reasoning,123694.57,123697.369
AgentMessage,123697.374,123699.18
CommandExecution,123711.457,123715.061
Reasoning,123735.375,123750.89
CommandExecution,123712.659,123757.528
Reasoning,123750.893,123766.404
Reasoning,123766.409,123781.94
Reasoning,123781.944,123797.43
Reasoning,123797.434,123806.363
CommandExecution,123811.744,123811.744
Reasoning,123824.58,123825.996
AgentMessage,123826.022,123827.98
CommandExecution,123843.701,123843.701
CommandExecution,123726.606,123856.162
CommandExecution,123841.212,123856.973
CommandExecution,123841.264,123858.888
Reasoning,123850.177,123865.755
CommandExecution,123842.492,123879.023
Reasoning,123865.761,123881.26
Reasoning,123881.263,123890.724
CommandExecution,123899.764,123899.765
Reasoning,123908.944,123909.724
CommandExecution,123911.776,123911.776
Reasoning,123918.914,123928.04
AgentMessage,123928.043,123929.211
CommandExecution,123939.204,123939.205
CommandExecution,123939.394,123942.473
Reasoning,123946.076,123964.2
Reasoning,123964.219,123975.58
CommandExecution,123979.684,123979.684
CommandExecution,123978.587,123980.112
Reasoning,123982.27,123983.161
CommandExecution,123985.132,123985.132
Reasoning,123993.464,124009.01
Reasoning,124009.014,124018.364
CommandExecution,124033.323,124037.386
Reasoning,124038.761,124054.68
CommandExecution,124062.164,124063.512
CommandExecution,124060.938,124068.331
CommandExecution,124060.973,124069.189
Reasoning,124069.41,124087.58
Reasoning,124087.582,124105.1
AgentMessage,124105.103,124106.669
CommandExecution,124109.88,124117.557
Reasoning,124114.431,124121.98
CommandExecution,124136.65,124136.65
CommandExecution,124134.364,124137.273
Reasoning,124139.47,124156.834
Reasoning,124156.837,124172.856
CommandExecution,124135.558,124178.818
CommandExecution,124205.219,124206.712
Reasoning,124212.885,124231.59
Reasoning,124231.593,124249.555
Reasoning,124249.559,124260.35
CommandExecution,124264.103,124264.103
Reasoning,124268.07,124283.631
Reasoning,124283.635,124299.155
Reasoning,124299.158,124315.4
Reasoning,124315.404,124322.115
AgentMessage,124322.117,124323.29
CommandExecution,124328.035,124328.035
Reasoning,124337.92,124355.95
CommandExecution,123290.511,124371.224
Reasoning,124355.952,124373.668
Reasoning,124373.67,124384.109
Extension,124384.276,124414.277
CommandExecution,124206.418,124423.353
CommandExecution,124429.163,124429.163
CommandExecution,124438.253,124438.253
CommandExecution,124437.162,124439.044
Reasoning,124440.594,124445.769
AgentMessage,124445.784,124446.899
Reasoning,124452.205,124468.925
Reasoning,124468.928,124485.75
Reasoning,124485.754,124494.2
CommandExecution,124508.99,124509.582
Reasoning,124517.799,124535.34
AgentMessage,124535.343,124537.364
CommandExecution,124588.482,124588.483
Reasoning,124597.94,124615.275
Reasoning,124615.278,124633.595
Reasoning,124633.598,124646.455
CommandExecution,124698.207,124698.208
Reasoning,124703.85,124722.236
Reasoning,124722.239,124742.405
Reasoning,124742.408,124761.415
Reasoning,124761.418,124778.566
Reasoning,124778.57,124797.88
Reasoning,124797.885,124808.37
CommandExecution,124817.061,124826.323
ContextCompaction,124818.069,125040.368
CommandExecution,125047.331,125047.331
CommandExecution,125047.422,125047.423
Reasoning,125050.9,125052.102
AgentMessage,125052.104,125053.785
CommandExecution,125061.737,125061.792
CommandExecution,125061.774,125061.794
CommandExecution,125061.796,125061.799
CommandExecution,125061.941,125062.514
Reasoning,125064.305,125068.282
CommandExecution,125075.187,125075.204
CommandExecution,125075.207,125075.208
CommandExecution,125075.228,125075.229
Reasoning,125080.065,125083.501
CommandExecution,125096.665,125096.665
Reasoning,125099.576,125101.715
CommandExecution,125095.466,125104.835
CommandExecution,125095.502,125106.05
CommandExecution,125109.185,125109.186
CommandExecution,125109.252,125109.252
CommandExecution,125109.388,125109.388
Reasoning,125113.115,125114.005
AgentMessage,125114.021,125116.267
CommandExecution,125156.564,125158.378
CommandExecution,125157.755,125159.523
Reasoning,125164.408,125166.896
CommandExecution,125184.536,125184.537
Reasoning,125191.167,125198.736
CommandExecution,125207.098,125207.098
CommandExecution,125207.139,125207.14
CommandExecution,125207.294,125209.115
Reasoning,125214.594,125216.751
CommandExecution,125228.105,125228.105
CommandExecution,125228.184,125228.185
CommandExecution,125185.917,125234.717
Reasoning,125233.347,125235.844
Reasoning,125258.715,125262.451
CommandExecution,125248.467,125262.891
CommandExecution,125248.548,125263.397
CommandExecution,125269.642,125269.642
McpToolCall,125269.658,125270.401
CommandExecution,125248.502,125280.914
Reasoning,125274.322,125291.836
CommandExecution,125299.323,125299.324
Reasoning,125302.432,125311.151
AgentMessage,125311.155,125312.526
CommandExecution,125318.275,125318.275
CommandExecution,125318.347,125318.348
Reasoning,125323.411,125341.491
CommandExecution,125347.705,125347.705
CommandExecution,125347.799,125347.8
Reasoning,125353.221,125354.516
CommandExecution,125360.844,125360.844
Reasoning,125367.206,125371.921
CommandExecution,125379.717,125379.717
CommandExecution,125184.73,125403.794
Reasoning,125390.616,125407.957
AgentMessage,125407.961,125409.117
Extension,125409.199,125439.2
Reasoning,125441.712,125442.161
CommandExecution,125444.995,125444.995
CommandExecution,125459.262,125459.262
Reasoning,125461.042,125463.612
CommandExecution,125458.167,125464.778
McpToolCall,125472.025,125472.807
CommandExecution,125471.014,125473.969
Reasoning,125477.377,125479.047
AgentMessage,125479.061,125480.974
Reasoning,125480.977,125500.557
CommandExecution,125551.327,125551.328
McpToolCall,125551.343,125552.349
Reasoning,125555.118,125556.96
Reasoning,125573.747,125582.74
McpToolCall,125597.713,125598.527
McpToolCall,125598.556,125599.243
CommandExecution,125599.44,125599.786
Reasoning,125601.394,125605.215
CommandExecution,125570.778,125607.314
AgentMessage,125605.247,125607.833
CommandExecution,125570.815,125608.471
Reasoning,125607.835,125626.833
Reasoning,125626.835,125647.832
CommandExecution,125658.25,125658.25
CommandExecution,125658.366,125658.367
Reasoning,125665.668,125675.212
CommandExecution,125679.066,125679.424
Reasoning,125685.414,125705.59
AgentMessage,125705.597,125707.696
CommandExecution,125570.744,125736.324
Extension,125707.791,125752.792
Reasoning,125758.192,125758.882
CommandExecution,125770.102,125770.424
Reasoning,125773.724,125793.602
CommandExecution,125802.164,125802.164
CommandExecution,125802.355,125803.158
CommandExecution,125803.348,125804.478
Reasoning,125809.217,125828.157
Reasoning,125828.159,125831.435
AgentMessage,125831.438,125831.923
CommandExecution,125840.059,125840.059
Reasoning,125842.606,125850.276
Extension,125850.431,125895.431
Reasoning,125902.527,125941.598
Reasoning,125941.6,125976.577
CommandExecution,125983.91,125983.911
Reasoning,125989.223,125990.936
AgentMessage,125990.944,125992.768
CommandExecution,126019.106,126019.106
Reasoning,126024.422,126026.872
CommandExecution,126040.69,126040.69
Extension,126045.311,126085.312
Reasoning,126089.565,126090.828
CommandExecution,126098.063,126098.063
Reasoning,126100.722,126107.702
AgentMessage,126107.713,126109.623
Extension,126109.969,126149.97
CommandExecution,126163.589,126163.589
Reasoning,126169.169,126190.016
AgentMessage,126190.019,126191.112
Extension,126191.367,126231.367
CommandExecution,126242.976,126242.976
Reasoning,126245.07,126258.128
Extension,126258.425,126293.427
CommandExecution,126303.375,126303.375
Reasoning,126305.631,126313.298
AgentMessage,126313.301,126314.757
CommandExecution,126316.668,126316.669
Reasoning,126318.933,126319.756
CommandExecution,125570.709,126330.681
Extension,126320.01,126360.012
CommandExecution,126365.144,126365.144
Reasoning,126369.043,126371.234
AgentMessage,126371.238,126372.588
CommandExecution,126376.379,126378.555
Reasoning,126383.893,126384.718
CommandExecution,126387.231,126387.905
Reasoning,126395.634,126413.013
AgentMessage,126413.028,126418.148
AgentMessage,127000.477,127001.55
CommandExecution,127005.37,127005.371
Extension,127005.34,127006.584
Reasoning,127008.604,127011.598
CommandExecution,127018.496,127018.637
Reasoning,127021.852,127025.244
CommandExecution,127032.369,127033.576
Reasoning,127037.308,127044.527
AgentMessage,127050.175,127055.444
AgentMessage,127280.804,127282.65
CommandExecution,127289.393,127289.393
CommandExecution,127289.469,127289.47
CommandExecution,127289.548,127289.549
Reasoning,127292.555,127310.015
Reasoning,127310.019,127325.736
AgentMessage,127325.74,127327.045
CommandExecution,127335.378,127335.378
CommandExecution,127335.453,127335.454
Reasoning,127338.091,127353.635
Reasoning,127353.639,127369.187
Reasoning,127369.191,127384.708
Reasoning,127384.711,127396.71
CommandExecution,127400.474,127400.474
Reasoning,127402.951,127418.455
Reasoning,127418.459,127433.986
Reasoning,127433.991,127441.986
Reasoning,127601.625,127617.346
Reasoning,127617.354,127633.699
AgentMessage,127633.703,127634.75
CommandExecution,127671.763,127674.833
Reasoning,127674.845,127688.61
CommandExecution,127699.819,127699.82
CommandExecution,127700.014,127701.754
Reasoning,127703.44,127703.916
Reasoning,127709.192,127725.65
CommandExecution,127795.312,127795.313
CommandExecution,127795.522,127798.632
Reasoning,127798.483,127806.276
AgentMessage,127806.278,127808.126
CommandExecution,127814.515,127814.515
CommandExecution,127814.706,127815.303
Reasoning,127817.652,127820.255
CommandExecution,127821.408,127821.412
Reasoning,127823.861,127839.441
Reasoning,127839.445,127840.19
CommandExecution,127814.741,127851.797
CommandExecution,127852.037,127853.496
Reasoning,127854.916,127862.833
CommandExecution,127875.978,127877.137
Reasoning,127879.346,127882.106
Reasoning,127885.495,127901.214
Reasoning,127901.218,127916.564
Reasoning,127916.569,127918.769
AgentMessage,127918.772,127920.536
CommandExecution,127930.862,127931.563
Reasoning,127933.401,127948.097
CommandExecution,127962.29,127962.291
CommandExecution,127962.518,127970.681
CommandExecution,127962.483,127972.673
Reasoning,127973.251,127988.987
Reasoning,127988.992,127997.458
CommandExecution,128022.647,128022.648
Reasoning,128025.734,128033.989
CommandExecution,128039.612,128040.439
Reasoning,128042.517,128044.56
CommandExecution,128053.054,128053.442
Reasoning,128059.442,128062.153
CommandExecution,128070.064,128070.444
Reasoning,128073.744,128083.879
CommandExecution,128088.174,128091.173
Reasoning,128091.442,128108.88
AgentMessage,128108.883,128109.696
CommandExecution,128127.835,128127.836
CommandExecution,128126.684,128142.566
Reasoning,128131.846,128149.207
CommandExecution,128153.162,128153.163
CommandExecution,128153.363,128154.134
Reasoning,128156.891,128162.548
CommandExecution,128166.845,128166.846
CommandExecution,128126.718,128186.993
Reasoning,128174.617,128189.337
CommandExecution,128210.545,128210.545
Reasoning,128214.03,128231.466
AgentMessage,128231.481,128233.62
CommandExecution,128238.913,128238.914
CommandExecution,128239.098,128239.672
CommandExecution,128209.482,128248.616
Reasoning,128241.625,128256.694
CommandExecution,128259.481,128259.481
Reasoning,128261.837,128278.951
CommandExecution,128286.056,128288.132
Reasoning,128288.758,128296.402
AgentMessage,128296.406,128298.074
Reasoning,128318.225,128336.057
Reasoning,128336.059,128355.082
CommandExecution,128315.003,128358.367
Reasoning,128355.102,128369.658
Reasoning,128369.661,128384.199
CommandExecution,128391.016,128391.017
Reasoning,128394.029,128398.569
AgentMessage,128398.572,128399.823
CommandExecution,128411.529,128411.532
Reasoning,128417.101,128432.972
CommandExecution,128438.929,128440.583
CommandExecution,128440.692,128440.693
CommandExecution,128410.345,128446.395
CommandExecution,128410.424,128449.54
Reasoning,128443.252,128460.532
CommandExecution,128410.384,128462.135
Reasoning,128460.537,128474.977
CommandExecution,128482.634,128482.635
Reasoning,128484.956,128502.677
Reasoning,128502.68,128518.417
AgentMessage,128518.421,128519.847
CommandExecution,128526.635,128526.635
CommandExecution,128313.81,128535.475
Reasoning,128528.492,128544.057
Reasoning,128544.061,128557.127
CommandExecution,128615.342,128615.343
CommandExecution,128615.415,128615.415
Reasoning,128618.924,128621.002
CommandExecution,128625.52,128629.455
Reasoning,128628.601,128632.567
AgentMessage,128632.573,128633.546
McpToolCall,128637.808,128638.642
Reasoning,128641.237,128658.939
Reasoning,128658.943,128677.849
Extension,128678.262,128713.264
McpToolCall,128723.548,128724.127
CommandExecution,128724.316,128724.626
Reasoning,128727.507,128735.577
AgentMessage,128735.592,128736.027
Extension,128736.367,128751.369
McpToolCall,128769.323,128770.307
Reasoning,128774.789,128792.606
Reasoning,128792.609,128809.497
Reasoning,128809.5,128813.634
CommandExecution,128770.562,128815.311
CommandExecution,128770.594,128818.017
McpToolCall,128824.237,128825.033
CommandExecution,128825.228,128825.542
Reasoning,128828.076,128835.078
AgentMessage,128835.083,128836.397
CommandExecution,128839.22,128839.221
Reasoning,128843.958,128860.69
Reasoning,128860.693,128874.982
Reasoning,128874.985,128888.253
AgentMessage,128888.256,128889.489
CommandExecution,128897.463,128897.464
CommandExecution,128770.527,128912.319
Reasoning,128901.045,128916.727
CommandExecution,128770.495,128930.621
CommandExecution,128930.636,128930.636
CommandExecution,128930.695,128930.695
Reasoning,128934.883,128946.307
CommandExecution,128951.087,128954.092
Reasoning,128956.132,128973.253
Reasoning,128973.256,128980.506
CommandExecution,128988.316,128988.316
CommandExecution,128987.19,129001.029
CommandExecution,128987.224,129004.882
Reasoning,128990.202,129006.888
Reasoning,129006.892,129013.649
CommandExecution,129016.121,129016.121
Reasoning,129020.847,129036.537
AgentMessage,129036.546,129038.037
CommandExecution,129055.725,129056.923
Reasoning,129061.971,129063.551
Reasoning,129082.266,129098.608
Reasoning,129098.612,129115.236
CommandExecution,129079.238,129121.778
Reasoning,129115.24,129130.091
CommandExecution,129137.066,129137.066
Reasoning,129142.955,129146.454
AgentMessage,129146.459,129146.76
CommandExecution,129156.411,129156.413
Reasoning,129158.592,129174.701
CommandExecution,129155.292,129190.65
CommandExecution,129155.258,129193.222
Reasoning,129174.707,129193.841
Reasoning,129193.844,129195.75
CommandExecution,129155.227,129198.995
CommandExecution,129215.398,129215.399
Reasoning,129223.943,129237.018
AgentMessage,129237.024,129238.344
CommandExecution,128952.279,129243.406
CommandExecution,129243.431,129243.431
Reasoning,129245.638,129262.213
Reasoning,129262.217,129282.164
Reasoning,129282.17,129290.443
CommandExecution,129078.052,129297.022
Extension,129290.636,129320.637
CommandExecution,129326.225,129326.225
Reasoning,129328.582,129331.728
AgentMessage,129331.733,129332.597
CommandExecution,129336.38,129341.144
Reasoning,129341.907,129361.162
Reasoning,129361.165,129378.828
Reasoning,129378.833,129389.077
McpToolCall,129390.892,129391.562
Reasoning,129395.561,129412.112
Reasoning,129412.116,129432.606
Reasoning,129432.61,129435.121
AgentMessage,129435.124,129437.086
Extension,129437.268,129462.269
McpToolCall,129479.634,129480.523
Reasoning,129485.33,129501.939
Reasoning,129501.942,129520.83
CommandExecution,129480.779,129521.026
CommandExecution,129480.809,129529.041
Reasoning,129520.833,129538.73
Reasoning,129538.733,129541.56
CommandExecution,129544.418,129544.741
Reasoning,129550.28,129567.67
AgentMessage,129567.677,129568.964
McpToolCall,129580.71,129581.362
CommandExecution,129581.455,129581.455
Reasoning,129583.631,129599.175
Reasoning,129599.179,129619.676
Reasoning,129619.68,129636.055
CommandExecution,129480.744,129637.1
CommandExecution,129638.417,129638.767
Reasoning,129641.461,129657.544
Reasoning,129657.549,129672.863
AgentMessage,129672.867,129674.354
CommandExecution,129682.722,129682.722
Reasoning,129685.879,129704.389
Reasoning,129704.393,129722.545
Extension,129722.707,129762.707
CommandExecution,129777.966,129777.967
Reasoning,129780.479,129798.724
Reasoning,129798.727,129816.288
Reasoning,129816.291,129833.893
AgentMessage,129833.907,129834.624
Extension,129834.796,129874.797
CommandExecution,129883.853,129883.853
Reasoning,129886.009,129904.733
Reasoning,129904.737,129923.689
Reasoning,129923.694,129942.128
Reasoning,129942.138,129959.873
AgentMessage,129959.887,129961.728
Extension,129961.859,130001.86
CommandExecution,130011.608,130011.608
ContextCompaction,130011.618,130131.592
CommandExecution,130141.594,130141.594
Reasoning,130144.347,130145.58
CommandExecution,130146.784,130146.784
Reasoning,130148.475,130148.769
AgentMessage,130148.772,130150.482
CommandExecution,130156.801,130156.853
CommandExecution,130156.834,130156.854
CommandExecution,130156.858,130156.859
CommandExecution,130156.877,130156.877
Reasoning,130158.706,130159.508
Reasoning,130164.024,130164.527
Reasoning,130169.657,130170.837
CommandExecution,129480.711,130179.076
Reasoning,130179.062,130181.232
CommandExecution,130186.807,130187.288
CommandExecution,130186.78,130187.315
CommandExecution,130186.745,130187.335
Reasoning,130189.233,130191.377
Extension,130191.698,130231.699
CommandExecution,130236.181,130236.181
Reasoning,130238.067,130238.462
AgentMessage,130238.466,130239.742
CommandExecution,130240.745,130240.745
CommandExecution,130243.823,130243.823
CommandExecution,130247.384,130247.384
Reasoning,130254.344,130255.037
CommandExecution,130257.242,130258.713
CommandExecution,130262.458,130263.013
AgentMessage,130265.037,130269.518
AgentMessage,130829.775,130831.951
CommandExecution,130837.807,130837.808
CommandExecution,130837.822,130837.822
Reasoning,130841.316,130844.294
CommandExecution,130856.507,130856.508
Reasoning,130858.635,130860.68
AgentMessage,130860.696,130863.572
CommandExecution,130873.909,130873.909
CommandExecution,130873.951,130873.951
Extension,130873.854,130875.841
Reasoning,130878.416,130879.226
CommandExecution,130888.351,130888.352
CommandExecution,130888.375,130888.375
Extension,130888.376,130889.608
Reasoning,130892.055,130892.74
CommandExecution,130901.099,130901.129
Extension,130900.971,130902.376
Reasoning,130904.61,130913.553
CommandExecution,130916.626,130916.627
Reasoning,130919.575,130935.5
CommandExecution,130937.054,130937.055
Reasoning,130938.693,130940.24
AgentMessage,130940.25,130944.6
Reasoning,131040.96,131057.223
CommandExecution,131186.561,131186.561
Reasoning,131188.595,131193.022
CommandExecution,131204.733,131204.733
CommandExecution,131204.919,131206.69
Reasoning,131208.537,131209.172
AgentMessage,131209.175,131211.427
Reasoning,131211.432,131226.682
CommandExecution,131232.737,131232.737
Extension,131232.721,131234.148
Reasoning,131240.343,131248.768
CommandExecution,131260.069,131260.622
CommandExecution,131260.701,131260.701
Reasoning,131264.945,131266.032
CommandExecution,131272.141,131274.556
Reasoning,131282.227,131285.138
CommandExecution,131290.637,131290.637
CommandExecution,131290.674,131290.675
Reasoning,131293.522,131303.413
CommandExecution,131308.184,131308.185
Reasoning,131309.953,131320.418
CommandExecution,131323.979,131324.163
Reasoning,131330.118,131345.653
Reasoning,131345.656,131362.723
CommandExecution,131364.069,131364.069
Reasoning,131366.418,131382.603
CommandExecution,131432.613,131432.614
Reasoning,131435.214,131439.049
AgentMessage,131439.053,131439.919
CommandExecution,131554.31,131554.31
Reasoning,131558.096,131571.869
CommandExecution,131609.774,131613.434
Reasoning,131612.194,131614.13
Reasoning,131632.799,131637.241
CommandExecution,131630.185,131638.175
CommandExecution,131642.196,131642.196
CommandExecution,131642.314,131642.314
Reasoning,131644.05,131645.12
CommandExecution,131652.062,131652.063
CommandExecution,131652.088,131652.089
CommandExecution,131652.147,131652.207
Reasoning,131653.641,131655.346
CommandExecution,131662.001,131665.602
Reasoning,131665.727,131670.14
CommandExecution,131663.186,131674.663
CommandExecution,131699.719,131702.114
CommandExecution,131699.687,131703.54
Reasoning,131705.32,131722.636
Reasoning,131722.64,131738.069
Reasoning,131738.073,131755.096
CommandExecution,131760.367,131760.367
CommandExecution,131760.466,131760.466
Reasoning,131762.907,131763.635
CommandExecution,131767.779,131767.779
Reasoning,131771.01,131788.025
CommandExecution,131817.107,131818.851
Reasoning,131823.652,131829.358
CommandExecution,131839.717,131842.435
CommandExecution,131842.105,131844.724
CommandExecution,131839.688,131844.865
CommandExecution,131840.902,131857.89
Reasoning,131845.885,131864.171
CommandExecution,131921.263,131921.533
Reasoning,131925.616,131942.046
Reasoning,131942.049,131959.576
Reasoning,131959.58,131976.186
Reasoning,131976.19,131992.096
Reasoning,131992.1,131997.513
CommandExecution,132055.164,132055.214
Reasoning,132058.051,132059.116
CommandExecution,132061.945,132061.945
Reasoning,132064.346,132075.923
CommandExecution,132084.489,132084.489
Reasoning,132086.356,132086.912
CommandExecution,132095.834,132095.834
Reasoning,132097.456,132114.217
Reasoning,132114.22,132129.492
Reasoning,132129.496,132146.402
Reasoning,132146.405,132158.749
CommandExecution,132179.237,132180.979
Reasoning,132181.736,132186.567
AgentMessage,132186.576,132189.717
CommandExecution,132202.175,132204.185
Reasoning,132204.807,132209.052
Reasoning,132232.672,132248.887
Reasoning,132248.891,132265.453
CommandExecution,132223.322,132265.794
Reasoning,132265.455,132283.117
Reasoning,132283.12,132301.183
Reasoning,132301.186,132310.523
CommandExecution,132222.137,132426.477
Reasoning,132429.647,132430.717
CommandExecution,132436.7,132438.615
CommandExecution,132427.033,132441.221
Reasoning,132440.422,132442.537
CommandExecution,132452.985,132452.985
CommandExecution,132450.639,132455.4
Reasoning,132454.572,132456.417
CommandExecution,132460.682,132460.683
Reasoning,132464.809,132465.317
CommandExecution,132451.825,132466.104
CommandExecution,132470.007,132470.007
McpToolCall,132470.016,132470.583
Reasoning,132474.342,132487.877
CommandExecution,132497.066,132497.066
CommandExecution,132498.49,132502.123
CommandExecution,132498.468,132505.059
Reasoning,132501.633,132519.93
CommandExecution,132497.25,132526.003
Reasoning,132519.934,132530.738
Reasoning,132560.663,132566.227
AgentMessage,132566.303,132569.179
McpToolCall,132577.945,132578.972
CommandExecution,132579.164,132579.602
Reasoning,132581.157,132585.163
CommandExecution,132600.224,132605.602
CommandExecution,132600.161,132606.006
Reasoning,132605.927,132625.413
Reasoning,132625.418,132644.667
Reasoning,132644.671,132663.283
Reasoning,132663.286,132680.418
Reasoning,132680.428,132697.567
Reasoning,132697.57,132708.082
CommandExecution,132712.661,132712.662
McpToolCall,132712.675,132714.483
Reasoning,132716.265,132724.909
CommandExecution,132597.76,132731.67
Extension,132737.173,132739.983
CommandExecution,132740.183,132740.503
Reasoning,132746.273,132763.493
Reasoning,132763.497,132782.441
Reasoning,132782.444,132801.847
Reasoning,132801.851,132816.098
CommandExecution,132817.663,132817.663
Reasoning,132819.632,132835.448
Reasoning,132835.453,132851.583
Reasoning,132851.586,132868.483
Reasoning,132868.487,132954.723
CommandExecution,132954.96,132955.466
Reasoning,132957.368,132975.973
Reasoning,132975.977,132992.22
Reasoning,132992.224,133007.628
Reasoning,133007.632,133024.644
Reasoning,133024.646,133039.253
CommandExecution,133089.211,133090.583
Reasoning,133092.067,133109.103
Reasoning,133109.107,133125.763
Reasoning,133125.766,133140.806
CommandExecution,133143.124,133143.125
Reasoning,133146.364,133163.042
Reasoning,133163.045,133183.242
Reasoning,133183.255,133192.81
AgentMessage,133192.82,133193.954
CommandExecution,133196.628,133196.628
CommandExecution,132598.96,133212.158
Reasoning,133198.711,133215.401
Reasoning,133215.405,133234.411
Reasoning,133234.414,133253.146
Reasoning,133253.15,133271.321
Reasoning,133271.324,133289.856
CommandExecution,133349.0,133349.0
Reasoning,133352.748,133355.273
CommandExecution,133359.191,133359.192
Reasoning,133362.738,133364.013
AgentMessage,133364.015,133366.828
Reasoning,133366.832,133382.372
Reasoning,133382.375,133385.662
CommandExecution,133435.714,133440.944
Reasoning,133438.596,133457.256
Reasoning,133457.259,133475.357
CommandExecution,132555.278,133476.867
Reasoning,133475.359,133490.835
Reasoning,133490.838,133506.616
Reasoning,133506.618,133524.645
Reasoning,133524.649,133540.375
Reasoning,133540.378,133556.885
Reasoning,133556.899,133574.85
Reasoning,133574.853,133590.945
Reasoning,133590.948,133609.946
Reasoning,133609.949,133624.104
Reasoning,133624.108,133637.814
Reasoning,133637.817,133654.26
Reasoning,133654.263,133665.249
CommandExecution,133666.738,133666.738
Reasoning,133671.398,133672.824
AgentMessage,133688.564,133688.564
CommandExecution,133688.762,133688.762
CommandExecution,133688.775,133691.191
CommandExecution,133688.775,133697.699
Reasoning,133693.795,133709.343
Reasoning,133709.346,133711.064
CommandExecution,133714.96,133714.96
Reasoning,133718.184,133734.143
Reasoning,133734.147,133749.678
Reasoning,133749.681,133767.227
CommandExecution,133779.976,133951.432
ContextCompaction,133780.983,133982.704
CommandExecution,133987.838,133987.838
CommandExecution,133992.26,133992.261
Reasoning,133994.711,133996.004
CommandExecution,133998.666,133998.666
CommandExecution,134006.978,134006.978
Reasoning,134008.982,134011.106
AgentMessage,134011.121,134013.431
CommandExecution,134024.851,134024.851
Reasoning,134026.341,134040.281
CommandExecution,134043.056,134043.056
Reasoning,134044.756,134058.285
CommandExecution,134110.83,134111.794
Reasoning,134114.405,134128.14
AgentMessage,134128.157,134131.326
CommandExecution,134192.982,134196.874
Reasoning,134196.14,134211.83
CommandExecution,134216.394,134216.395
Reasoning,134219.763,134235.515
Reasoning,134283.454,134298.99
Reasoning,134298.996,134314.725
CommandExecution,134318.433,134318.434
Reasoning,134323.758,134341.105
Reasoning,134341.11,134349.604
CommandExecution,134398.508,134399.537
Reasoning,134406.914,134422.644
Reasoning,134422.647,134438.011
Reasoning,134438.014,134453.064
AgentMessage,134453.07,134455.656
CommandExecution,134460.115,134460.116
Reasoning,134462.784,134470.974
Extension,134473.018,134474.0
Reasoning,134476.97,134481.723
CommandExecution,134563.854,134565.061
Reasoning,134566.209,134577.898
CommandExecution,134581.088,134581.088
Reasoning,134590.699,134599.359
CommandExecution,134602.021,134602.022
Reasoning,134603.853,134604.498
CommandExecution,134606.111,134606.113
Reasoning,134608.133,134623.709
Reasoning,134623.713,134633.874
CommandExecution,134637.239,134637.239
Reasoning,134639.344,134654.919
Reasoning,134654.923,134663.259
CommandExecution,134686.622,134687.126
Reasoning,134691.998,134695.653
AgentMessage,134695.658,134698.063
CommandExecution,134781.093,134781.093
Reasoning,134785.033,134796.392
CommandExecution,134800.45,134803.343
Reasoning,134803.708,134819.208
Reasoning,134819.215,134834.743
Reasoning,134834.747,134843.458
CommandExecution,134859.53,134860.608
Reasoning,134863.408,134865.882
CommandExecution,134868.893,134868.894
Reasoning,134870.432,134883.613
Reasoning,134910.302,134925.814
Reasoning,134925.819,134941.356
CommandExecution,134906.402,134941.415
Reasoning,134941.359,134947.582
CommandExecution,134950.621,134950.621
Reasoning,134952.127,134954.378
CommandExecution,134959.118,134959.118
Reasoning,134960.857,134964.172
CommandExecution,134969.539,134974.413
CommandExecution,134969.569,134975.646
Reasoning,134971.878,134987.417
Reasoning,134987.421,134992.532
Extension,134996.478,134997.722
CommandExecution,134997.789,134997.79
Reasoning,134999.757,135002.917
CommandExecution,135012.706,135016.614
Reasoning,135015.642,135021.352
CommandExecution,135029.635,135029.635
Reasoning,135031.143,135033.957
CommandExecution,135028.573,135036.569
CommandExecution,135040.623,135040.623
Reasoning,135044.333,135059.997
Reasoning,135060.002,135076.112
Reasoning,135076.116,135092.252
Reasoning,135092.256,135107.601
Reasoning,135107.605,135116.286
AgentMessage,135116.289,135117.927
CommandExecution,134280.643,135156.627
Reasoning,135184.132,135200.099
Reasoning,135200.103,135215.094
Reasoning,135215.098,135230.819
CommandExecution,135269.208,135270.532
Reasoning,135272.416,135274.935
CommandExecution,135281.439,135281.44
Reasoning,135283.33,135294.987
CommandExecution,135306.598,135308.649
CommandExecution,135307.788,135312.059
Reasoning,135313.101,135317.455
CommandExecution,135328.924,135328.925
Reasoning,135335.521,135351.172
CommandExecution,135394.501,135395.306
Reasoning,135397.897,135413.447
Reasoning,135413.45,135420.527
CommandExecution,135424.631,135424.631
Reasoning,135427.184,135428.347
CommandExecution,135430.091,135430.091
Reasoning,135431.742,135447.303
Reasoning,135447.306,135463.583
Reasoning,135463.587,135478.578
Reasoning,135478.582,135493.904
Reasoning,135493.907,135509.435
Reasoning,135509.439,135524.339
CommandExecution,135528.077,135528.078
Reasoning,135530.029,135545.579
Reasoning,135545.584,135558.495
AgentMessage,135558.498,135562.024
CommandExecution,135587.593,135589.619
Reasoning,135590.054,135607.915
Reasoning,135607.918,135621.425
CommandExecution,135623.538,135623.538
Reasoning,135628.082,135643.595
Reasoning,135643.599,135646.91
CommandExecution,135695.209,135697.372
Reasoning,135698.04,135710.637
CommandExecution,135713.268,135713.268
Reasoning,135714.781,135730.312
Reasoning,135730.317,135745.863
Reasoning,135745.865,135747.226
CommandExecution,135751.002,135751.002
Reasoning,135752.937,135768.471
Reasoning,135768.475,135783.797
CommandExecution,135825.933,135830.654
Reasoning,135828.449,135833.497
CommandExecution,135836.341,135836.341
Reasoning,135839.147,135854.667
Reasoning,135854.677,135865.057
CommandExecution,135870.882,135870.883
Reasoning,135873.392,135888.957
Reasoning,135888.961,135904.493
Reasoning,135904.498,135920.038
Reasoning,135920.041,135925.053
CommandExecution,135987.658,135988.717
Reasoning,135993.032,136008.603
Reasoning,136008.608,136010.303
AgentMessage,136010.305,136012.903
CommandExecution,136033.476,136033.476
Reasoning,136035.308,136050.869
Reasoning,136050.873,136066.389
Reasoning,136066.392,136080.707
Reasoning,136131.96,136150.094
Reasoning,136150.099,136167.468
CommandExecution,136171.17,136171.17
Reasoning,136173.634,136188.744
CommandExecution,136192.938,136192.939
Reasoning,136195.343,136204.029
CommandExecution,136208.429,136208.429
Reasoning,136210.109,136225.649
Reasoning,136225.653,136241.199
Reasoning,136241.204,136256.885
Reasoning,136256.888,136273.026
Reasoning,136273.029,136288.394
Reasoning,136288.398,136303.39
CommandExecution,136126.961,136306.86
Reasoning,136303.394,136316.62
Reasoning,136365.89,136377.449
AgentMessage,136377.452,136379.418
Reasoning,136379.42,136395.169
CommandExecution,136436.282,136441.643
Reasoning,136439.159,136454.685
Reasoning,136454.688,136470.409
CommandExecution,136480.245,136480.245
CommandExecution,136363.108,136481.487
CommandExecution,136480.311,136485.128
CommandExecution,136480.388,136487.491
Reasoning,136482.94,136498.505
Reasoning,136498.509,136499.944
CommandExecution,136503.436,136503.437
Reasoning,136507.869,136516.125
CommandExecution,136519.228,136519.228
Reasoning,136522.116,136537.857
Reasoning,136557.556,136567.947
CommandExecution,136570.733,136570.734
Reasoning,136574.375,136588.092
CommandExecution,136617.758,136626.265
Reasoning,136625.152,136640.815
CommandExecution,136649.961,136649.962
CommandExecution,136650.109,136650.109
Reasoning,136651.615,136653.355
CommandExecution,136657.223,136657.223
Reasoning,136658.785,136660.555
CommandExecution,136667.482,136667.482
CommandExecution,136666.406,136667.632
Reasoning,136670.095,136685.876
Reasoning,136685.88,136701.232
Reasoning,136701.245,136716.745
Reasoning,136716.749,136733.626
Reasoning,136733.63,136749.472
Reasoning,136749.476,136766.406
Reasoning,136766.41,136770.07
CommandExecution,136787.953,136791.887
Reasoning,136791.62,136799.433
CommandExecution,136805.983,136805.983
CommandExecution,136820.905,136826.313
CommandExecution,136820.884,136827.875
Reasoning,136825.35,136840.861
Reasoning,136840.865,136856.42
CommandExecution,135181.579,136865.907
Reasoning,136856.425,136871.966
Reasoning,136871.969,136878.381
CommandExecution,136909.511,136911.149
Reasoning,136915.507,136920.615
CommandExecution,136928.719,136928.719
Reasoning,136944.495,136960.36
Reasoning,136960.363,136978.642
Reasoning,136994.171,137009.926
CommandExecution,137018.038,137018.583
Reasoning,137021.011,137028.36
CommandExecution,137031.931,137031.931
CommandExecution,136819.661,137037.75
Reasoning,137035.626,137051.151
Reasoning,137051.166,137061.721
Reasoning,137080.03,137095.56
Reasoning,137095.563,137100.461
CommandExecution,137104.964,137104.964
Reasoning,137107.6,137123.345
CommandExecution,137074.818,137124.42
Reasoning,137134.852,137151.791
Reasoning,137151.795,137152.791
AgentMessage,137152.793,137154.141
CommandExecution,137160.718,137160.719
McpToolCall,137160.733,137163.106
Reasoning,137166.076,137174.822
CommandExecution,137184.113,137184.114
CommandExecution,137184.37,137193.032
CommandExecution,137184.337,137194.046
Reasoning,137188.051,137204.216
Reasoning,137204.222,137219.33
CommandExecution,137184.3,137220.999
Reasoning,137244.915,137263.271
McpToolCall,137268.172,137269.221
CommandExecution,137269.303,137269.304
Reasoning,137270.921,137286.481
Reasoning,137286.485,137304.192
Reasoning,137304.196,137319.497
Reasoning,137319.501,137335.265
Reasoning,137360.975,137377.0
Reasoning,137377.004,137392.061
Reasoning,137392.064,137407.591
Reasoning,137407.594,137415.56
CommandExecution,137420.279,137420.669
Reasoning,137422.72,137430.39
McpToolCall,137442.654,137444.397
CommandExecution,137444.62,137445.565
Reasoning,137447.48,137452.485
CommandExecution,137444.665,137453.64
CommandExecution,137461.153,137461.153
Reasoning,137462.69,137470.35
CommandExecution,137480.285,137480.285
CommandExecution,137479.183,137487.592
Reasoning,137481.875,137497.415
Reasoning,137497.422,137512.946
Reasoning,137512.949,137528.61
Reasoning,137528.613,137544.06
Reasoning,137544.064,137559.585
Reasoning,137559.594,137565.299
CommandExecution,137569.511,137569.512
CommandExecution,137444.589,137576.803
Reasoning,137571.804,137589.505
Reasoning,137589.508,137606.541
Reasoning,137606.544,137619.01
Reasoning,137619.013,137633.97
Reasoning,137633.973,137649.505
Reasoning,137649.509,137665.05
Reasoning,137665.053,137680.569
Reasoning,137680.573,137696.125
Reasoning,137696.127,137711.679
Reasoning,137711.689,137721.669
CommandExecution,137357.988,137757.242
CommandExecution,137129.339,137777.517
CommandExecution,137778.813,137779.812
Reasoning,137782.849,137798.554
McpToolCall,137804.841,137806.58
CommandExecution,137806.644,137806.644
Reasoning,137808.719,137824.944
Reasoning,137824.948,137839.795
Reasoning,137839.798,137855.4
Reasoning,137855.403,137862.45
CommandExecution,137875.308,137876.725
Reasoning,137878.424,137888.664
AgentMessage,137888.684,137891.364
CommandExecution,137894.365,137894.366
ContextCompaction,137894.376,138132.293
CommandExecution,138139.602,138139.602
CommandExecution,138139.662,138139.663
CommandExecution,138139.744,138139.745
Reasoning,138142.244,138143.914
AgentMessage,138143.917,138145.649
CommandExecution,138153.53,138153.53
CommandExecution,138153.591,138153.591
CommandExecution,138153.703,138153.703
Reasoning,138157.829,138159.084
CommandExecution,138165.041,138165.042
CommandExecution,138165.111,138165.111
Reasoning,138166.413,138167.735
CommandExecution,138192.35,138192.647
CommandExecution,138192.77,138192.771
Reasoning,138194.224,138194.569
AgentMessage,138194.585,138196.739
CommandExecution,138230.881,138232.606
Reasoning,138234.409,138236.736
CommandExecution,138245.31,138245.31
CommandExecution,138245.37,138245.371
Reasoning,138246.719,138260.039
CommandExecution,138266.888,138266.888
CommandExecution,138266.951,138266.952
CommandExecution,138267.015,138267.015
Reasoning,138269.204,138275.894
CommandExecution,138322.433,138322.461
CommandExecution,136554.566,138335.489
Reasoning,138328.3,138339.129
CommandExecution,138342.187,138342.188
Reasoning,138343.774,138344.724
CommandExecution,138354.252,138354.252
Reasoning,138357.279,138374.674
Reasoning,138374.677,138377.344
AgentMessage,138377.349,138379.039
CommandExecution,138383.186,138383.186
CommandExecution,138383.25,138383.251
Extension,138383.276,138384.341
Reasoning,138386.044,138387.269
CommandExecution,138390.099,138390.099
Reasoning,138394.074,138396.089
CommandExecution,138433.399,138433.399
Reasoning,138434.854,138436.014
CommandExecution,138439.203,138439.203
CommandExecution,138439.267,138439.267
Reasoning,138442.604,138458.339
CommandExecution,138469.124,138469.125
CommandExecution,138469.309,138469.337
Reasoning,138473.434,138477.774
AgentMessage,138477.779,138479.889
CommandExecution,138501.955,138501.99
CommandExecution,138500.771,138502.357
Reasoning,138503.304,138517.774
CommandExecution,138527.869,138527.87
Reasoning,138530.114,138546.054
CommandExecution,138526.793,138560.866
Reasoning,138546.057,138561.374
CommandExecution,138525.607,138562.095
CommandExecution,138587.021,138588.133
Reasoning,138590.934,138591.814
CommandExecution,138594.838,138594.839
Reasoning,138597.409,138597.784
AgentMessage,138597.794,138599.449
CommandExecution,138603.567,138603.568
CommandExecution,138603.654,138603.654
CommandExecution,138603.721,138603.721
Reasoning,138606.384,138609.749
CommandExecution,138636.089,138636.09
CommandExecution,138635.006,138636.567
Reasoning,138640.974,138657.609
CommandExecution,138719.302,138723.608
Reasoning,138721.984,138723.854
CommandExecution,138718.117,138724.747
CommandExecution,138728.764,138728.764
CommandExecution,138728.872,138728.872
CommandExecution,136990.648,138729.844
Reasoning,138731.439,138740.4
AgentMessage,138740.406,138742.109
CommandExecution,138753.811,138754.134
CommandExecution,138754.319,138755.446
Reasoning,138758.269,138773.734
Reasoning,138773.738,138787.754
CommandExecution,138794.411,138794.85
Reasoning,138796.324,138797.388
AgentMessage,138797.391,138801.828
CommandExecution,138835.257,138836.796
Reasoning,138839.549,138840.139
CommandExecution,138844.831,138844.831
Reasoning,138847.839,138863.708
Reasoning,138863.712,138878.959
Reasoning,138878.963,138897.506
Reasoning,138897.51,138906.514
CommandExecution,138963.015,138963.015
CommandExecution,138963.128,138963.129
Reasoning,138965.003,138980.776
Reasoning,138980.779,138996.071
Reasoning,138996.074,138997.934
CommandExecution,139003.947,139003.947
CommandExecution,139004.042,139004.043
CommandExecution,139004.238,139008.632
Reasoning,139006.864,139013.459
CommandExecution,139024.663,139024.663
CommandExecution,139024.753,139024.753
CommandExecution,139024.87,139024.87
CommandExecution,139026.258,139031.934
CommandExecution,139025.059,139033.362
Reasoning,139030.322,139035.664
CommandExecution,139041.153,139041.153
Reasoning,139043.509,139044.529
CommandExecution,139059.497,139059.498
CommandExecution,139059.665,139059.665
CommandExecution,139059.765,139059.765
Reasoning,139061.434,139064.709
CommandExecution,139077.042,139078.267
CommandExecution,139078.236,139079.371
CommandExecution,139079.434,139080.829
Reasoning,139084.909,139089.984
AgentMessage,139089.989,139091.884
CommandExecution,139101.177,139102.093
Reasoning,139107.874,139108.469
CommandExecution,139115.011,139116.234
CommandExecution,139116.213,139117.236
Reasoning,139119.794,139121.464
CommandExecution,139131.129,139131.13
Reasoning,139138.409,139153.999
Reasoning,139154.002,139170.214
CommandExecution,139130.038,139179.641
Reasoning,139170.217,139187.204
Reasoning,139187.21,139207.499
Reasoning,139207.503,139219.454
CommandExecution,139222.22,139222.226
CommandExecution,139222.255,139222.256
Reasoning,139230.429,139235.904
AgentMessage,139235.909,139237.834
CommandExecution,139252.272,139261.769
CommandExecution,139251.042,139263.534
Reasoning,139255.674,139266.911
CommandExecution,139269.715,139269.716
CommandExecution,139274.869,139274.869
CommandExecution,139249.811,139294.647
Reasoning,139279.106,139295.999
Reasoning,139296.002,139315.229
CommandExecution,139081.028,139333.406
Reasoning,139315.233,139334.205
Reasoning,139334.211,139335.35
CommandExecution,139383.259,139383.259
Reasoning,139385.154,139389.609
CommandExecution,139400.669,139400.669
CommandExecution,139399.589,139400.681
CommandExecution,139398.383,139403.323
Reasoning,139402.599,139411.574
McpToolCall,139415.517,139416.049
Reasoning,139418.059,139433.639
Reasoning,139433.642,139434.77
CommandExecution,139439.557,139439.558
CommandExecution,139439.64,139439.64
CommandExecution,139439.724,139439.724
Reasoning,139453.935,139471.095
Reasoning,139471.099,139482.434
McpToolCall,139495.606,139496.534
Reasoning,139507.629,139509.274
CommandExecution,139500.347,139509.42
CommandExecution,139499.128,139509.685
McpToolCall,139522.428,139523.935
CommandExecution,139524.159,139524.49
Reasoning,139526.669,139542.204
Reasoning,139542.207,139550.019
AgentMessage,139550.023,139551.479
CommandExecution,139557.35,139557.35
Reasoning,139563.994,139573.123
CommandExecution,139575.81,139575.811
CommandExecution,139575.912,139575.912
Reasoning,139578.494,139583.99
CommandExecution,139588.407,139588.573
CommandExecution,139588.658,139588.658
Reasoning,139590.348,139600.228
CommandExecution,139603.171,139603.171
Reasoning,139606.802,139622.479
CommandExecution,139497.922,139628.386
Reasoning,139622.482,139637.894
Reasoning,139637.897,139639.305
CommandExecution,139693.286,139693.286
Reasoning,139695.239,139712.639
CommandExecution,139716.73,139716.731
CommandExecution,139716.928,139717.235
Reasoning,139719.644,139735.814
Reasoning,139735.817,139754.714
Reasoning,139754.717,139770.541
Reasoning,139770.545,139784.399
CommandExecution,139785.115,139785.116
Reasoning,139787.489,139804.031
Reasoning,139804.035,139822.815
Reasoning,139822.819,139826.629
AgentMessage,139826.632,139828.345
CommandExecution,139878.106,139878.106
Reasoning,139880.383,139897.614
Reasoning,139897.617,139913.479
Reasoning,139913.482,139917.22
CommandExecution,139973.565,139975.518
Reasoning,139976.343,139980.954
CommandExecution,139989.969,139989.969
Reasoning,139991.619,140008.909
Reasoning,140008.912,140028.364
Reasoning,140028.368,140047.564
Reasoning,140047.567,140065.744
Reasoning,140065.747,140085.295
CommandExecution,139496.728,140087.759
Reasoning,140085.299,140103.049
Reasoning,140103.053,140106.429
Extension,140108.686,140110.193
CommandExecution,140110.258,140110.258
Reasoning,140112.801,140127.959
CommandExecution,140135.859,140135.86
Reasoning,140141.278,140141.869
CommandExecution,140164.427,140164.427
CommandExecution,140164.513,140164.514
Reasoning,140168.093,140174.649
AgentMessage,140174.653,140176.31
CommandExecution,140221.031,140222.853
Reasoning,140223.829,140242.235
Reasoning,140242.239,140260.979
Reasoning,140260.982,140277.774
Extension,140279.383,140280.309
CommandExecution,140280.373,140280.374
Reasoning,140283.009,140287.248
CommandExecution,140294.092,140294.092
Extension,140294.126,140296.334
Reasoning,140298.868,140302.644
Extension,140307.3,140308.223
CommandExecution,140308.304,140308.304
Reasoning,140310.403,140330.254
Reasoning,140330.259,140335.443
CommandExecution,140358.569,140359.671
Reasoning,140361.398,140378.389
Reasoning,140378.392,140393.683
CommandExecution,140429.851,140429.852
CommandExecution,140428.779,140429.875
Reasoning,140433.081,140454.304
Reasoning,140454.307,140474.408
Reasoning,140474.412,140493.269
Reasoning,140493.272,140511.859
Reasoning,140511.861,140520.729
AgentMessage,140520.732,140522.193
CommandExecution,140524.133,140524.134
Reasoning,140526.345,140541.903
Reasoning,140541.907,140557.419
Reasoning,140557.422,140563.583
CommandExecution,140575.182,140575.282
CommandExecution,140576.548,140576.549
CommandExecution,140575.468,140583.6
Reasoning,140578.733,140595.389
Reasoning,140595.392,140612.713
Reasoning,140612.716,140619.449
CommandExecution,140623.582,140623.583
CommandExecution,140622.516,140624.872
Reasoning,140625.543,140632.948
CommandExecution,140636.278,140636.278
Reasoning,140643.693,140648.443
AgentMessage,140671.913,140671.913
CommandExecution,140672.13,140672.61
Reasoning,140676.673,140692.504
Reasoning,140692.507,140709.8
Reasoning,140709.803,140727.013
Reasoning,140727.016,140743.163
Reasoning,140743.167,140758.569
Reasoning,140758.572,140776.883
Reasoning,140776.886,140784.173
AgentMessage,140784.187,140785.883
CommandExecution,140812.088,140813.175
Reasoning,140815.183,140830.739
Reasoning,140830.743,140848.399
Reasoning,140848.402,140867.085
Reasoning,140867.088,140882.877
Reasoning,140882.88,140899.899
Reasoning,140899.903,140917.834
Reasoning,140917.837,140936.701
Reasoning,140936.703,140949.629
CommandExecution,140951.099,140951.099
CommandExecution,138845.012,141106.184
ContextCompaction,140951.112,141175.536
CommandExecution,141180.932,141180.932
Reasoning,141184.948,141186.028
AgentMessage,141186.033,141187.489
CommandExecution,141194.219,141194.219
CommandExecution,141194.25,141194.25
CommandExecution,141194.254,141194.254
CommandExecution,141202.252,141202.253
CommandExecution,141209.525,141209.525
CommandExecution,141209.71,141210.167
Reasoning,141213.048,141222.191
AgentMessage,141222.194,141223.449
CommandExecution,141228.506,141228.506
Reasoning,141233.188,141237.063
CommandExecution,141239.665,141239.665
Reasoning,141243.403,141262.025
CommandExecution,141263.441,141263.441
Reasoning,141269.508,141285.384
CommandExecution,141291.354,141291.355
CommandExecution,141291.417,141291.418
Reasoning,141295.583,141296.628
AgentMessage,141296.633,141298.67
CommandExecution,141341.359,141342.465
Reasoning,141346.613,141356.517
CommandExecution,141370.802,141370.803
Reasoning,141377.277,141379.247
Reasoning,141431.102,141436.652
CommandExecution,141427.087,141438.758
CommandExecution,141441.047,141441.048
CommandExecution,141441.126,141441.126
Reasoning,141443.281,141453.182
CommandExecution,141475.985,141477.018
CommandExecution,141369.722,141483.91
Reasoning,141480.207,141494.181
AgentMessage,141494.192,141495.417
CommandExecution,141503.158,141503.159
Reasoning,141508.111,141512.376
CommandExecution,141518.507,141518.507
CommandExecution,141518.528,141518.529
Reasoning,141522.116,141532.042
CommandExecution,141535.993,141535.994
Reasoning,141538.571,141544.661
CommandExecution,141554.123,141554.124
Reasoning,141559.426,141572.811
CommandExecution,141575.746,141575.746
Reasoning,141578.495,141589.825
CommandExecution,141592.532,141592.532
CommandExecution,141592.622,141592.622
Reasoning,141594.92,141602.003
CommandExecution,141603.489,141603.49
Reasoning,141605.365,141618.545
CommandExecution,141553.029,141637.138
CommandExecution,141662.693,141662.693
Reasoning,141666.28,141672.53
AgentMessage,141672.534,141673.64
CommandExecution,141228.688,141699.844
CommandExecution,141705.106,141705.106
Reasoning,141707.799,141709.479
CommandExecution,141716.554,141716.554
CommandExecution,141716.593,141717.023
CommandExecution,141716.62,141717.31
Reasoning,141720.595,141738.729
Reasoning,141738.733,141750.144
AgentMessage,141750.159,141751.834
CommandExecution,141757.177,141757.294
CommandExecution,141757.207,141757.942
Reasoning,141760.087,141780.634
CommandExecution,141797.574,141798.631
Reasoning,141800.089,141801.734
CommandExecution,141809.167,141809.47
Reasoning,141811.196,141817.039
CommandExecution,141820.773,141820.773
Reasoning,141824.544,141842.279
CommandExecution,141867.726,141867.994
Reasoning,141870.96,141873.104
CommandExecution,141877.031,141877.031
Reasoning,141879.844,141890.938
CommandExecution,141918.699,141919.332
Reasoning,141921.213,141922.984
Reasoning,141930.218,141937.643
CommandExecution,141974.816,141978.848
Reasoning,141978.085,141993.718
CommandExecution,142001.19,142001.19
CommandExecution,142001.411,142005.957
CommandExecution,142001.377,142009.869
Reasoning,142006.188,142022.713
Reasoning,142022.74,142031.628
Reasoning,142071.443,142076.534
CommandExecution,142078.305,142078.305
Reasoning,142084.237,142092.807
CommandExecution,142095.458,142097.312
Reasoning,142102.202,142103.043
AgentMessage,142103.047,142105.313
CommandExecution,142117.892,142117.892
CommandExecution,142117.889,142123.091
Reasoning,142121.763,142126.163
CommandExecution,142117.854,142126.789
CommandExecution,142130.506,142130.506
Reasoning,142132.917,142134.997
CommandExecution,142152.711,142152.763
Reasoning,142157.337,142176.017
CommandExecution,142151.519,142181.938
Reasoning,142187.758,142188.392
CommandExecution,142191.985,142191.986
Reasoning,142194.208,142195.452
CommandExecution,142214.717,142215.344
Reasoning,142219.292,142231.469
CommandExecution,142233.423,142233.424
CommandExecution,142064.378,142240.177
Reasoning,142238.667,142243.672
CommandExecution,142247.117,142247.117
Reasoning,142250.107,142262.692
CommandExecution,142311.714,142313.599
Reasoning,142316.287,142331.897
CommandExecution,142336.251,142339.284
Reasoning,142344.231,142346.102
CommandExecution,142355.017,142355.017
Reasoning,142358.256,142367.366
CommandExecution,142337.443,142373.121
CommandExecution,142376.675,142376.714
CommandExecution,142376.782,142376.782
Reasoning,142380.991,142383.071
CommandExecution,142393.286,142393.287
Reasoning,142396.342,142398.292
AgentMessage,142398.31,142399.991
Reasoning,142399.993,142415.242
CommandExecution,142423.807,142423.807
CommandExecution,142423.905,142423.905
Reasoning,142427.472,142428.515
CommandExecution,142441.808,142441.809
CommandExecution,142442.025,142442.026
Reasoning,142448.086,142449.406
CommandExecution,142467.965,142467.965
CommandExecution,142469.278,142469.279
Reasoning,142472.301,142473.546
CommandExecution,142469.449,142475.121
CommandExecution,142477.504,142477.504
CommandExecution,142468.169,142478.545
CommandExecution,142469.407,142480.578
Reasoning,142485.091,142487.662
CommandExecution,142494.201,142495.318
CommandExecution,142496.534,142496.534
Reasoning,142502.219,142522.777
CommandExecution,142495.397,142532.442
Reasoning,142522.785,142544.911
Reasoning,142544.914,142565.021
CommandExecution,142568.983,142568.983
CommandExecution,142353.952,142591.875
Reasoning,142573.676,142592.076
Reasoning,142592.078,142603.581
CommandExecution,142606.185,142606.185
Reasoning,142608.971,142612.006
CommandExecution,142617.596,142617.597
CommandExecution,142616.531,142621.475
Reasoning,142622.901,142644.098
Reasoning,142644.102,142666.572
Reasoning,142666.575,142677.156
Reasoning,142701.275,142705.096
CommandExecution,142709.533,142709.534
Reasoning,142715.581,142717.5
McpToolCall,142724.182,142726.476
CommandExecution,142726.664,142726.963
Reasoning,142732.447,142736.056
CommandExecution,142751.388,142751.389
Reasoning,142755.725,142759.261
CommandExecution,142750.314,142760.666
AgentMessage,142759.269,142761.155
CommandExecution,142750.262,142763.135
McpToolCall,142769.798,142771.727
Reasoning,142777.746,142787.107
McpToolCall,142795.572,142796.01
McpToolCall,142796.017,142796.486
McpToolCall,142796.493,142796.861
McpToolCall,142796.867,142797.221
McpToolCall,142797.228,142797.576
Reasoning,142800.225,142808.196
CommandExecution,142812.663,142813.419
Reasoning,142819.84,142841.155
CommandExecution,142868.273,142869.451
CommandExecution,142750.214,142879.161
Reasoning,142872.154,142891.241
Reasoning,142891.245,142915.644
Reasoning,142915.647,142942.24
CommandExecution,142945.629,142946.007
Reasoning,142949.2,142954.715
CommandExecution,142956.362,142956.363
Reasoning,142959.005,142975.73
Reasoning,142975.733,142988.325
CommandExecution,143016.434,143017.587
Reasoning,143020.504,143030.783
CommandExecution,143032.581,143032.581
Reasoning,143034.933,143060.551
Reasoning,143060.554,143088.041
Reasoning,143088.06,143094.241
CommandExecution,143099.045,143099.045
Reasoning,143104.655,143107.37
AgentMessage,143107.374,143108.991
Reasoning,143108.993,143131.035
Reasoning,143131.038,143133.235
CommandExecution,143134.447,143134.447
Reasoning,143138.815,143161.2
CommandExecution,142695.83,143168.122
Reasoning,143161.203,143182.1
Reasoning,143182.103,143207.815
Reasoning,143207.818,143228.935
CommandExecution,143231.108,143231.108
Reasoning,143234.714,143235.278
CommandExecution,143259.254,143260.627
Reasoning,143263.349,143271.014
CommandExecution,143272.638,143272.638
Reasoning,143277.134,143288.654
AgentMessage,143288.675,143291.269
Reasoning,143291.272,143312.23
Reasoning,143312.233,143334.927
Reasoning,143334.941,143352.935
Reasoning,143352.943,143374.875
CommandExecution,142750.168,143376.046
Reasoning,143374.878,143393.666
Reasoning,143393.668,143414.241
CommandExecution,143431.914,143431.922
Reasoning,143440.031,143461.463
CommandExecution,143481.4,143485.058
Reasoning,143486.077,143499.307
CommandExecution,143501.046,143501.046
Reasoning,143504.738,143519.722
CommandExecution,143524.99,143524.991
CommandExecution,143525.082,143525.082
Reasoning,143528.078,143537.508
CommandExecution,143567.013,143567.437
CommandExecution,143567.625,143567.625
Reasoning,143571.638,143585.878
CommandExecution,141502.089,143599.812
CommandExecution,141807.978,143599.812
AgentMessage,143608.39,143609.549
CommandExecution,143615.633,143615.634
CommandExecution,143615.648,143615.649
Reasoning,143618.338,143638.845
CommandExecution,143645.062,143645.062
CommandExecution,143645.141,143645.142
Reasoning,143647.634,143665.804
Reasoning,143665.808,143685.525
Reasoning,143685.528,143705.39
Reasoning,143705.393,143726.57
Reasoning,143726.573,143747.77
Reasoning,143747.773,143750.645
AgentMessage,143750.647,143752.196
CommandExecution,143767.644,143767.645
Reasoning,143770.741,143775.54
CommandExecution,143798.95,143799.073
Reasoning,143811.025,143831.551
Reasoning,143847.726,143850.591
CommandExecution,143880.111,143880.111
CommandExecution,143880.211,143880.211
Reasoning,143884.921,143904.901
Reasoning,143904.905,143924.048
Reasoning,143924.052,143931.033
CommandExecution,143937.488,143937.488
CommandExecution,143937.655,143939.229
Reasoning,143940.752,143963.292
Reasoning,143963.295,143987.888
Reasoning,143987.891,144011.902
Reasoning,144011.906,144034.342
Reasoning,144034.345,144047.643
AgentMessage,144047.645,144048.898
CommandExecution,144059.872,144060.495
ContextCompaction,144060.502,144291.827
Reasoning,144294.786,144295.399
AgentMessage,144295.401,144297.163
CommandExecution,144301.425,144301.426
CommandExecution,144301.487,144301.487
CommandExecution,144311.943,144311.944
CommandExecution,144311.952,144311.952
Reasoning,144314.999,144315.66
CommandExecution,144319.389,144319.39
Reasoning,144320.993,144323.574
AgentMessage,144323.576,144325.833
CommandExecution,144362.066,144366.124
Reasoning,144367.014,144367.555
CommandExecution,144371.579,144371.579
CommandExecution,144387.949,144387.949
Reasoning,144391.539,144391.984
CommandExecution,144396.003,144396.004
Reasoning,144400.219,144401.279
CommandExecution,144415.943,144415.975
Reasoning,144418.809,144419.864
CommandExecution,144415.921,144421.298
CommandExecution,144415.93,144424.402
CommandExecution,144462.387,144462.387
Reasoning,144464.879,144466.314
CommandExecution,144472.004,144472.004
Reasoning,144475.044,144476.554
CommandExecution,144480.795,144480.795
Reasoning,144482.504,144486.159
CommandExecution,144496.997,144502.049
Reasoning,144502.064,144503.063
CommandExecution,144510.49,144511.135
CommandExecution,144511.187,144511.188
Reasoning,144518.284,144522.804
CommandExecution,144523.471,144523.472
Reasoning,144526.124,144533.304
CommandExecution,144577.533,144579.284
Reasoning,144582.714,144582.755
AgentMessage,144582.757,144584.314
CommandExecution,144593.253,144593.254
CommandExecution,144593.338,144599.029
CommandExecution,144593.349,144602.197
Reasoning,144597.41,144617.046
CommandExecution,144619.715,144619.715
Reasoning,144622.21,144623.844
Reasoning,144632.96,144634.339
CommandExecution,144628.831,144636.422
Reasoning,144647.904,144649.709
CommandExecution,144658.347,144658.347
CommandExecution,144658.418,144658.418
Reasoning,144660.87,144661.395
CommandExecution,144663.731,144663.731
Reasoning,144668.004,144668.831
CommandExecution,144673.415,144673.415
Reasoning,144678.07,144686.39
CommandExecution,144690.257,144690.257
CommandExecution,144643.491,144692.235
Reasoning,144701.106,144704.5
CommandExecution,144711.24,144711.24
Reasoning,144717.785,144724.826
CommandExecution,144711.414,144725.708
CommandExecution,144712.583,144756.781
CommandExecution,144780.723,144780.723
Reasoning,144782.665,144785.872
AgentMessage,144785.875,144787.69
CommandExecution,144813.62,144814.713
Reasoning,144818.42,144820.45
CommandExecution,144825.626,144825.626
Reasoning,144832.83,144840.34
CommandExecution,144850.794,144856.438
Reasoning,144856.372,144857.689
CommandExecution,144861.614,144861.614
CommandExecution,143767.814,144869.291
Reasoning,144868.47,144878.912
CommandExecution,144881.267,144881.267
Reasoning,144885.165,144889.63
CommandExecution,144642.318,144890.753
CommandExecution,144894.65,144895.253
Reasoning,144898.86,144920.516
AgentMessage,144920.522,144922.015
CommandExecution,144931.919,144931.919
Reasoning,144934.2,144956.411
Reasoning,144956.416,144963.795
Reasoning,144992.697,144999.71
CommandExecution,145001.635,145001.635
Reasoning,145009.86,145015.476
CommandExecution,145015.54,145015.54
Reasoning,145018.161,145023.555
CommandExecution,144988.527,145024.188
McpToolCall,145040.205,145040.731
Reasoning,145043.226,145054.591
CommandExecution,145062.271,145062.632
Reasoning,145066.415,145067.785
CommandExecution,145062.224,145071.926
CommandExecution,145062.212,145074.212
McpToolCall,145076.276,145076.671
McpToolCall,145076.687,145077.032
McpToolCall,145077.054,145077.401
McpToolCall,145077.417,145077.726
McpToolCall,145077.738,145078.106
CommandExecution,145039.193,145083.87
Reasoning,145086.785,145087.27
CommandExecution,145089.901,145089.901
Reasoning,145095.232,145101.435
CommandExecution,145107.878,145107.894
Reasoning,145113.081,145131.257
Reasoning,145131.261,145147.29
CommandExecution,145149.048,145149.049
Reasoning,145151.971,145155.636
CommandExecution,145160.195,145160.196
Reasoning,145167.102,145170.544
CommandExecution,145062.248,145189.631
CommandExecution,145213.358,145214.158
Reasoning,145219.92,145242.056
CommandExecution,145245.22,145245.22
Reasoning,145248.885,145263.186
AgentMessage,145263.188,145264.975
Reasoning,145324.951,145331.786
CommandExecution,145339.797,145340.146
Reasoning,145348.045,145355.211
CommandExecution,145358.393,145358.394
Reasoning,145365.017,145365.56
CommandExecution,145373.239,145374.538
Reasoning,145376.32,145397.974
CommandExecution,145399.32,145399.321
Reasoning,145407.92,145416.209
CommandExecution,145425.734,145426.908
Reasoning,145434.116,145445.586
CommandExecution,145446.047,145446.047
Reasoning,145448.461,145468.297
Reasoning,145468.3,145491.779
Reasoning,145491.781,145496.723
CommandExecution,144930.778,145507.317
CommandExecution,145516.006,145517.258
Reasoning,145522.216,145535.441
CommandExecution,145585.661,145586.793
Reasoning,145592.113,145594.297
CommandExecution,145597.667,145597.669
Reasoning,145600.79,145617.121
AgentMessage,145617.13,145619.316
CommandExecution,145641.005,145641.454
Reasoning,145644.126,145645.726
CommandExecution,145684.056,145685.589
Reasoning,145687.251,145705.493
Reasoning,145705.496,145730.721
Reasoning,145730.724,145744.956
AgentMessage,145744.959,145746.666
CommandExecution,145766.503,145767.605
Reasoning,145771.306,145781.896
CommandExecution,145782.87,145782.87
Reasoning,145785.091,145790.971
CommandExecution,145792.385,145792.385
Reasoning,145795.591,145816.095
Reasoning,145816.099,145836.586
Reasoning,145836.589,145850.266
CommandExecution,145852.754,145852.754
Reasoning,145859.537,145862.382
AgentMessage,145862.385,145864.431
Reasoning,145870.116,145873.036
AgentMessage,145873.039,145874.646
CommandExecution,145879.396,145879.397
Reasoning,145883.216,145904.756
Reasoning,145904.761,145928.943
CommandExecution,145930.547,145930.548
Reasoning,145936.806,145959.112
Reasoning,145959.115,145985.856
Reasoning,145985.859,146002.117
CommandExecution,146021.402,146023.713
Reasoning,146024.806,146046.417
AgentMessage,146046.42,146048.597
CommandExecution,146060.972,146060.972
CommandExecution,146059.916,146062.909
Reasoning,146065.282,146086.526
CommandExecution,146119.804,146121.073
Reasoning,146124.722,146148.687
Reasoning,146148.69,146174.486
Reasoning,146174.489,146187.052
CommandExecution,146193.414,146195.375
CommandExecution,146193.422,146199.49
CommandExecution,146193.437,146202.547
CommandExecution,145320.229,146212.549
CommandExecution,143842.927,146212.549
Reasoning,146201.021,146223.612
Reasoning,146223.615,146244.917
CommandExecution,146247.848,146247.848
Reasoning,146251.502,146265.601
CommandExecution,146267.064,146267.064
Reasoning,146271.116,146279.067
Extension,146280.16,146281.067
Reasoning,146284.286,146286.417
Extension,146288.229,146289.332
Reasoning,146292.543,146298.152
Extension,146299.021,146299.992
Reasoning,146304.692,146325.472
Reasoning,146325.488,146329.489
CommandExecution,146352.954,146354.009
Reasoning,146358.527,146359.147
CommandExecution,146368.032,146368.032
Reasoning,146374.113,146398.313
Reasoning,146398.316,146421.082
CommandExecution,146427.032,146427.032
CommandExecution,146427.197,146427.913
Reasoning,146431.202,146439.747
AgentMessage,146439.75,146442.077
CommandExecution,146444.504,146444.505
Reasoning,146447.997,146471.682
Reasoning,146471.685,146490.482
Reasoning,146490.485,146512.507
Reasoning,146512.51,146535.747
Reasoning,146535.75,146560.767
Reasoning,146560.77,146564.592
CommandExecution,146570.366,146570.366
CommandExecution,146569.328,146573.049
Reasoning,146575.227,146579.127
Reasoning,146583.582,146586.437
CommandExecution,146590.001,146590.001
CommandExecution,144849.629,147548.266
CommandExecution,144396.173,148390.426
Reasoning,155604.344,155624.51
Reasoning,155624.515,155645.175
AgentMessage,155645.179,155646.902
CommandExecution,155650.697,155650.698
Reasoning,155653.334,155656.31
CommandExecution,155666.373,155666.373
ContextCompaction,155666.411,155881.118
Reasoning,155885.569,155886.074
AgentMessage,155886.078,155887.538
CommandExecution,155897.307,155897.307
CommandExecution,155897.348,155897.348
Reasoning,155899.794,155900.28
CommandExecution,155903.44,155903.44
CommandExecution,155910.624,155910.625
Reasoning,155919.529,155927.731
AgentMessage,155927.735,155930.474
CommandExecution,155932.853,155932.854
Reasoning,155937.913,155939.928
CommandExecution,155970.226,155971.601
CommandExecution,155985.832,155985.833
Reasoning,155988.064,155989.294
CommandExecution,155998.784,155998.785
CommandExecution,155998.817,155998.817
Reasoning,156003.584,156006.974
CommandExecution,156009.854,156009.855
Reasoning,156016.164,156037.164
CommandExecution,156042.903,156042.903
Reasoning,156049.114,156055.744
CommandExecution,156079.576,156079.576
Reasoning,156081.314,156081.929
CommandExecution,156100.279,156100.368
Reasoning,156104.879,156111.559
AgentMessage,156111.563,156114.079
CommandExecution,156137.899,156138.218
Reasoning,156146.473,156148.843
CommandExecution,156155.693,156155.693
CommandExecution,156155.753,156155.753
CommandExecution,156155.775,156159.137
Reasoning,156158.64,156162.216
CommandExecution,156164.572,156164.573
Reasoning,156168.019,156175.14
Reasoning,156184.284,156185.259
CommandExecution,156194.546,156194.547
CommandExecution,156194.632,156199.262
Reasoning,156198.89,156200.409
CommandExecution,156194.614,156202.693
CommandExecution,156205.677,156205.678
CommandExecution,156205.753,156205.753
Reasoning,156212.253,156214.309
Reasoning,156222.301,156234.69
CommandExecution,156237.723,156237.723
Reasoning,156241.493,156242.649
CommandExecution,156266.231,156267.495
Reasoning,156272.459,156294.029
CommandExecution,156298.236,156298.308
Reasoning,156304.153,156305.828
CommandExecution,156310.251,156310.251
Reasoning,156312.654,156314.54
CommandExecution,156317.739,156317.739
Reasoning,156321.883,156342.179
AgentMessage,156342.182,156344.978
CommandExecution,156348.202,156348.21
Reasoning,156350.259,156352.408
CommandExecution,156355.276,156357.773
Reasoning,156360.713,156369.039
CommandExecution,156376.472,156376.699
Reasoning,156379.949,156381.553
CommandExecution,156386.275,156386.276
Reasoning,156391.508,156402.028
CommandExecution,156432.704,156434.606
Reasoning,156435.959,156446.139
AgentMessage,156446.166,156447.082
CommandExecution,156455.211,156456.395
CommandExecution,156456.383,156457.51
Reasoning,156460.533,156464.993
CommandExecution,156469.657,156469.657
CommandExecution,156469.722,156469.722
Reasoning,156473.145,156474.443
Reasoning,156492.873,156516.518
CommandExecution,156483.467,156518.673
Reasoning,156516.522,156540.474
CommandExecution,156543.703,156543.703
Reasoning,156554.188,156560.903
McpToolCall,156573.899,156576.008
CommandExecution,156576.256,156584.713
CommandExecution,156576.222,156589.655
CommandExecution,156576.198,156590.048
Reasoning,156579.679,156600.387
CommandExecution,156576.24,156611.356
Reasoning,156600.391,156622.668
CommandExecution,156625.561,156625.561
Reasoning,156632.828,156652.913
CommandExecution,156680.696,156682.065
Reasoning,156684.413,156686.048
Reasoning,156698.588,156701.233
CommandExecution,156482.297,156701.269
AgentMessage,156701.237,156704.353
CommandExecution,156706.876,156708.722
Reasoning,156713.438,156715.853
CommandExecution,156719.838,156722.506
Reasoning,156725.323,156729.285
McpToolCall,156734.239,156734.823
CommandExecution,156734.994,156735.333
Reasoning,156737.688,156759.049
Reasoning,156759.053,156781.283
Reasoning,156781.287,156805.303
Reasoning,156805.307,156810.428
CommandExecution,156814.188,156814.192
Reasoning,156818.003,156841.298
Reasoning,156857.809,156872.999
McpToolCall,156874.868,156875.329
Reasoning,156877.243,156878.913
AgentMessage,156878.916,156881.084
CommandExecution,156895.17,156895.504
CommandExecution,156895.098,156902.628
CommandExecution,156895.118,156905.581
Reasoning,156899.588,156907.423
McpToolCall,156915.392,156916.6
McpToolCall,156916.608,156917.008
McpToolCall,156917.014,156917.439
McpToolCall,156917.447,156917.829
McpToolCall,156917.835,156918.328
Reasoning,156920.493,156942.089
Reasoning,156942.091,156953.838
CommandExecution,156993.196,156994.266
Reasoning,156997.218,156998.298
CommandExecution,157007.514,157007.515
Reasoning,157017.159,157018.189
CommandExecution,156895.14,157018.854
AgentMessage,157018.191,157020.044
Reasoning,157020.046,157036.619
CommandExecution,157064.052,157065.821
Reasoning,157071.388,157092.829
Reasoning,157092.832,157098.083
CommandExecution,157099.594,157099.595
Reasoning,157105.739,157128.664
CommandExecution,157245.918,157245.919
Reasoning,157248.094,157273.124
Reasoning,157273.127,157294.849
Reasoning,157294.853,157306.024
AgentMessage,157306.028,157307.464
CommandExecution,157318.365,157318.365
Reasoning,157329.209,157351.439
Reasoning,157351.443,157357.755
CommandExecution,157389.648,157392.505
CommandExecution,157388.477,157395.164
Reasoning,157396.864,157400.529
CommandExecution,157407.244,157407.588
Reasoning,157409.515,157422.004
Reasoning,157431.941,157435.156
CommandExecution,156895.082,157437.014
AgentMessage,157435.16,157437.119
CommandExecution,157444.435,157444.866
Reasoning,157449.414,157464.339
CommandExecution,157471.033,157471.768
Reasoning,157475.519,157487.044
CommandExecution,157501.102,157501.102
CommandExecution,157498.868,157503.514
CommandExecution,157500.04,157506.722
Reasoning,157508.2,157526.933
Reasoning,157526.937,157547.596
Reasoning,157547.598,157549.874
CommandExecution,157599.293,157601.261
Reasoning,157604.169,157618.239
Reasoning,157625.779,157647.304
Reasoning,157647.306,157670.154
Reasoning,157670.157,157674.114
CommandExecution,157676.198,157676.198
Reasoning,157681.914,157684.607
CommandExecution,157690.102,157691.067
Reasoning,157693.724,157694.53
AgentMessage,157694.532,157696.634
Reasoning,157696.639,157717.104
Reasoning,157717.107,157731.214
CommandExecution,157750.911,157754.216
Reasoning,157755.969,157778.1
Reasoning,157778.104,157782.939
CommandExecution,157794.062,157798.985
Reasoning,157799.189,157815.671
CommandExecution,157792.89,157837.021
Reasoning,157831.539,157851.274
CommandExecution,157825.178,157859.26
Reasoning,157851.278,157876.12
CommandExecution,157879.442,157880.829
Reasoning,157885.929,157906.959
Reasoning,157906.963,157927.32
Reasoning,157927.323,157934.844
CommandExecution,157942.315,157947.073
CommandExecution,157941.143,157947.897
Reasoning,157949.226,157952.389
CommandExecution,157958.176,157958.576
Reasoning,157962.814,157970.945
CommandExecution,157980.392,157984.794
CommandExecution,157979.221,157987.052
Reasoning,157984.029,157990.71
AgentMessage,157990.712,157992.599
CommandExecution,157996.477,157996.477
Reasoning,158003.114,158027.26
Reasoning,158027.264,158047.599
Reasoning,158047.603,158061.2
CommandExecution,158074.06,158075.323
Reasoning,158077.954,158086.344
CommandExecution,158096.021,158100.651
CommandExecution,158094.843,158101.626
Reasoning,158100.384,158124.535
Reasoning,158124.538,158148.607
Reasoning,158148.612,158156.999
CommandExecution,158163.509,158165.207
Reasoning,158167.474,158171.329
AgentMessage,158171.332,158173.999
Reasoning,158187.534,158215.106
CommandExecution,158184.57,158226.576
Reasoning,158215.128,158240.074
Reasoning,158240.078,158246.074
CommandExecution,158250.77,158250.77
Reasoning,158260.094,158272.504
Reasoning,158291.68,158294.304
AgentMessage,158294.31,158296.229
CommandExecution,158287.165,158300.193
CommandExecution,158287.147,158308.738
CommandExecution,158287.131,158317.042
Reasoning,158296.24,158319.104
Reasoning,158319.107,158340.954
Reasoning,158340.958,158362.38
CommandExecution,158183.399,158383.055
Reasoning,158362.384,158384.11
Reasoning,158384.113,158395.54
Reasoning,158400.829,158402.044
CommandExecution,158408.669,158408.669
CommandExecution,158407.594,158412.151
Reasoning,158415.039,158437.404
Reasoning,158437.415,158461.079
AgentMessage,158461.084,158462.874
McpToolCall,158464.97,158465.494
Reasoning,158467.729,158470.764
Extension,158471.087,158483.087
McpToolCall,158492.972,158493.2
CommandExecution,158493.368,158493.457
Reasoning,158495.799,158497.139
CommandExecution,158517.008,158517.409
CommandExecution,158516.993,158532.346
CommandExecution,158516.978,158536.412
Reasoning,158524.004,158540.144
CommandExecution,158541.539,158541.539
Reasoning,158543.833,158565.003
Reasoning,158565.006,158575.968
CommandExecution,158599.613,158600.786
CommandExecution,158600.782,158602.041
Reasoning,158604.756,158623.91
CommandExecution,158516.963,158639.801
Reasoning,158623.912,158647.87
Reasoning,158647.873,158662.296
AgentMessage,158662.299,158664.964
CommandExecution,158681.157,158682.334
Reasoning,158685.174,158697.635
CommandExecution,158709.845,158709.846
McpToolCall,158709.859,158710.545
McpToolCall,158710.553,158711.01
McpToolCall,158711.016,158711.61
McpToolCall,158711.617,158712.02
McpToolCall,158712.026,158712.354
Reasoning,158717.169,158737.464
Reasoning,158737.469,158763.184
Reasoning,158763.189,158783.005
CommandExecution,158790.518,158790.519
Reasoning,158793.829,158816.274
Reasoning,158816.277,158818.114
AgentMessage,158818.117,158819.674
CommandExecution,158858.144,158859.176
Reasoning,158861.684,158880.394
Reasoning,158880.399,158900.369
CommandExecution,158901.448,158901.449
Reasoning,158905.354,158929.184
Reasoning,158929.187,158952.576
Reasoning,158952.643,158974.656
Reasoning,158974.66,158997.219
Reasoning,158997.224,159017.399
Reasoning,159017.406,159021.344
CommandExecution,159029.132,159029.797
Reasoning,159037.734,159042.315
AgentMessage,159042.318,159043.949
CommandExecution,158516.949,159075.321
Extension,159044.261,159089.262
CommandExecution,159094.032,159094.032
Reasoning,159096.824,159118.034
Reasoning,159118.038,159132.794
CommandExecution,159168.841,159170.401
Reasoning,159174.179,159189.874
CommandExecution,159193.133,159193.133
Reasoning,159196.874,159199.714
AgentMessage,159199.718,159203.104
Reasoning,159211.304,159231.879
AgentMessage,159231.894,159233.264
CommandExecution,159236.152,159236.152
Reasoning,159242.404,159263.334
Reasoning,159263.336,159288.144
Reasoning,159288.148,159311.464
Reasoning,159311.467,159332.519
Reasoning,159332.522,159342.274
CommandExecution,159345.088,159345.089
Reasoning,159347.434,159367.174
Reasoning,159367.178,159384.974
Reasoning,159384.981,159405.351
Reasoning,159405.361,159427.92
CommandExecution,159449.3,159449.3
Reasoning,159451.739,159471.129
CommandExecution,159542.558,159543.746
Reasoning,159547.769,159567.914
Reasoning,159567.917,159586.421
Reasoning,159586.425,159602.634
AgentMessage,159602.638,159604.172
CommandExecution,159608.77,159609.6
Reasoning,159612.475,159636.704
Reasoning,159636.707,159639.797
CommandExecution,159649.999,159650.0
Reasoning,159653.29,159674.629
Reasoning,159674.632,159694.644
Reasoning,159694.647,159719.104
Reasoning,159719.107,159736.664
CommandExecution,159750.743,159750.743
Reasoning,159754.769,159779.349
Reasoning,159779.352,159804.254
Reasoning,159804.257,159819.304
CommandExecution,159833.723,159834.8
CommandExecution,159834.899,159836.106
Reasoning,159838.184,159860.439
Reasoning,159860.443,159883.784
Reasoning,159883.787,159908.484
Reasoning,159908.487,159921.57
CommandExecution,159942.966,159944.487
Reasoning,159948.303,159968.089
Reasoning,159968.092,159992.384
Reasoning,159992.387,160014.019
Reasoning,160014.022,160036.47
Reasoning,160036.473,160060.934
Reasoning,160060.938,160064.854
CommandExecution,160068.552,160068.553
ContextCompaction,160068.576,160289.371
Reasoning,160291.452,160292.108
AgentMessage,160292.114,160293.698
CommandExecution,160298.397,160298.398
CommandExecution,160298.46,160298.46
CommandExecution,160307.789,160307.789
CommandExecution,160307.845,160307.846
Reasoning,160310.289,160312.939
CommandExecution,160320.793,160320.799
CommandExecution,160320.81,160320.81
CommandExecution,160320.837,160320.838
Reasoning,160323.953,160327.394
AgentMessage,160327.397,160329.158
CommandExecution,160334.479,160334.48
CommandExecution,160334.535,160334.535
Reasoning,160337.065,160355.394
CommandExecution,160358.147,160358.148
Reasoning,160361.019,160380.549
CommandExecution,160382.902,160382.903
Extension,160382.924,160384.075
Reasoning,160387.889,160395.148
CommandExecution,160416.671,160418.099
Reasoning,160420.558,160421.743
AgentMessage,160421.745,160423.908
CommandExecution,160428.528,160428.528
Reasoning,160432.323,160439.673
CommandExecution,160447.293,160447.293
CommandExecution,160447.479,160448.92
Reasoning,160451.278,160470.423
CommandExecution,160481.902,160481.903
CommandExecution,160482.04,160482.04
Reasoning,160489.489,160489.818
CommandExecution,160493.846,160493.846
Reasoning,160499.193,160502.838
CommandExecution,160513.209,160513.209
Reasoning,160519.205,160539.383
Reasoning,160593.473,160609.198
CommandExecution,160613.178,160614.265
Reasoning,160616.773,160637.293
AgentMessage,160637.308,160638.778
Reasoning,160638.783,160660.07
CommandExecution,160662.937,160662.938
Reasoning,160664.873,160676.359
CommandExecution,160728.819,160728.82
Reasoning,160732.038,160738.043
CommandExecution,160746.381,160749.709
Reasoning,160750.593,160762.434
AgentMessage,160762.438,160763.913
CommandExecution,160777.768,160779.861
Reasoning,160782.938,160784.728
CommandExecution,160788.747,160788.748
Reasoning,160793.623,160800.034
CommandExecution,160810.178,160810.178
Reasoning,160817.277,160822.29
CommandExecution,160808.978,160826.53
CommandExecution,160808.996,160831.339
CommandExecution,160832.661,160833.208
CommandExecution,160833.38,160833.874
CommandExecution,160833.951,160833.951
Reasoning,160836.129,160838.899
CommandExecution,160850.829,160851.561
CommandExecution,160851.734,160853.051
CommandExecution,160865.13,160866.822
Reasoning,160870.464,160873.559
CommandExecution,160878.158,160880.261
Reasoning,160883.299,160884.244
McpToolCall,160890.797,160893.394
Reasoning,160896.369,160902.464
CommandExecution,160904.968,160904.968
CommandExecution,160893.566,160924.953
Reasoning,160909.754,160925.899
CommandExecution,160932.909,160932.909
CommandExecution,160933.09,160938.06
Reasoning,160935.929,160939.784
AgentMessage,160939.789,160941.464
CommandExecution,160950.361,160964.955
Reasoning,160952.774,160968.504
CommandExecution,160977.986,160977.986
CommandExecution,160978.091,160978.091
Reasoning,160983.379,160993.864
CommandExecution,160950.381,160996.226
CommandExecution,161005.639,161005.639
CommandExecution,160950.429,161006.006
CommandExecution,160950.402,161024.696
Reasoning,161009.254,161027.515
CommandExecution,161028.854,161028.854
Reasoning,161031.925,161032.65
CommandExecution,161034.86,161034.861
Reasoning,161038.485,161040.455
CommandExecution,161043.033,161043.033
Reasoning,161047.297,161065.395
Reasoning,161065.398,161068.76
AgentMessage,161068.763,161070.085
CommandExecution,161090.54,161094.061
CommandExecution,160863.956,161100.352
Reasoning,161094.665,161110.375
CommandExecution,161127.647,161132.917
CommandExecution,161127.664,161136.054
Reasoning,161131.675,161143.05
CommandExecution,161147.619,161147.62
Reasoning,161154.21,161160.56
CommandExecution,161169.008,161170.072
Reasoning,161181.051,161182.881
CommandExecution,161192.449,161192.449
Reasoning,161206.41,161221.991
CommandExecution,161191.382,161232.418
Reasoning,161221.993,161237.556
CommandExecution,161242.881,161242.881
Reasoning,161249.375,161255.035
CommandExecution,161259.732,161259.733
Reasoning,161275.105,161290.831
CommandExecution,161294.185,161294.185
Reasoning,161307.666,161308.856
CommandExecution,161361.041,161361.571
CommandExecution,161363.379,161363.379
Reasoning,161380.651,161381.141
CommandExecution,161381.9,161381.9
Reasoning,161394.751,161395.967
AgentMessage,161395.972,161398.098
CommandExecution,161170.182,161400.07
CommandExecution,161361.06,161403.235
CommandExecution,161362.24,161404.832
CommandExecution,161453.707,161454.833
Reasoning,161471.666,161482.701
CommandExecution,161496.741,161496.742
CommandExecution,161494.485,161496.89
Reasoning,161502.828,161505.261
CommandExecution,161495.66,161509.481
CommandExecution,161509.843,161509.844
Reasoning,161525.316,161529.192
CommandExecution,161536.759,161536.76
CommandExecution,161536.826,161536.826
Reasoning,161553.161,161560.098
CommandExecution,161585.547,161585.548
Reasoning,161601.966,161617.496
Reasoning,161617.499,161625.526
CommandExecution,161648.227,161648.227
Reasoning,161665.137,161679.942
CommandExecution,161690.336,161690.337
McpToolCall,161690.35,161690.902
Reasoning,161699.434,161713.922
CommandExecution,161737.828,161739.153
Reasoning,161755.221,161770.913
McpToolCall,161784.622,161785.22
Reasoning,161805.334,161812.216
CommandExecution,161785.421,161812.826
AgentMessage,161812.223,161814.222
CommandExecution,161785.45,161818.735
CommandExecution,161833.498,161833.956
CommandExecution,161834.154,161834.154
Reasoning,161850.722,161866.443
CommandExecution,161887.611,161887.612
CommandExecution,161887.786,161894.27
CommandExecution,161887.819,161899.367
Reasoning,161903.563,161907.502
CommandExecution,161915.596,161915.596
CommandExecution,161915.784,161917.227
CommandExecution,161785.402,161923.018
Reasoning,161922.507,161938.067
Reasoning,161938.073,161955.332
Reasoning,161955.336,161969.277
Reasoning,161996.282,161996.953
CommandExecution,161999.472,161999.473
Reasoning,162004.587,162014.387
CommandExecution,162041.313,162041.313
Reasoning,162050.887,162061.11
CommandExecution,162072.389,162075.939
CommandExecution,162073.564,162082.218
Reasoning,162078.987,162094.961
CommandExecution,162104.39,162104.391
CommandExecution,162103.313,162108.726
CommandExecution,162103.305,162111.801
Reasoning,162110.152,162126.583
AgentMessage,162126.589,162127.565
CommandExecution,161508.775,162132.144
CommandExecution,162132.645,162132.646
Reasoning,162134.784,162144.852
CommandExecution,162173.594,162174.31
Reasoning,162176.927,162179.197
CommandExecution,162182.945,162182.946
Reasoning,162186.482,162188.426
CommandExecution,162217.309,162218.859
Reasoning,162220.277,162234.397
CommandExecution,162237.82,162237.821
Reasoning,162245.537,162261.022
Reasoning,162261.025,162276.602
AgentMessage,162276.606,162278.904
CommandExecution,162317.913,162319.454
Reasoning,162324.454,162332.941
CommandExecution,162337.249,162337.249
AgentMessage,162346.923,162349.194
Reasoning,162355.119,162358.881
AgentMessage,162358.886,162361.033
CommandExecution,162366.688,162366.689
Reasoning,162400.932,162416.519
Reasoning,162416.522,162432.197
CommandExecution,162435.527,162435.527
Reasoning,162440.417,162457.967
Reasoning,162457.971,162476.648
Reasoning,162476.651,162496.228
Reasoning,162496.23,162511.767
Reasoning,162511.772,162528.382
Reasoning,162528.387,162544.407
Extension,162544.551,162604.551
Reasoning,162610.152,162611.502
CommandExecution,162614.991,162614.992
Reasoning,162621.022,162636.573
AgentMessage,162636.587,162638.342
CommandExecution,162666.499,162666.5
Reasoning,162672.282,162685.257
CommandExecution,162692.286,162692.286
Reasoning,162699.177,162714.964
Extension,162715.335,162775.336
CommandExecution,162784.452,162784.452
Reasoning,162789.923,162798.467
AgentMessage,162798.47,162799.753
Reasoning,162799.755,162815.288
Reasoning,162815.292,162831.017
CommandExecution,162834.663,162834.664
Reasoning,162839.122,162840.527
CommandExecution,162845.295,162845.296
Reasoning,162848.514,162864.828
Reasoning,162864.831,162872.472
AgentMessage,162872.476,162875.817
CommandExecution,162885.303,162886.355
CommandExecution,162886.384,162886.384
Reasoning,162889.452,162889.987
CommandExecution,162895.788,162895.788
Reasoning,162901.412,162916.952
Reasoning,162916.955,162932.662
CommandExecution,162934.953,162934.954
Reasoning,162938.527,162943.622
Reasoning,162943.625,162960.787
Reasoning,162960.79,162972.257
CommandExecution,163040.794,163040.795
Reasoning,163045.326,163048.696
CommandExecution,163096.454,163100.08
Reasoning,163099.706,163110.442
CommandExecution,163116.06,163116.061
Reasoning,163118.711,163124.166
CommandExecution,163134.75,163136.328
Reasoning,163141.892,163157.636
CommandExecution,163178.149,163180.353
Reasoning,163193.176,163208.742
CommandExecution,163179.354,163209.846
CommandExecution,163179.343,163209.872
Reasoning,163208.746,163224.496
CommandExecution,163242.513,163242.513
Reasoning,163245.726,163246.457
CommandExecution,163249.225,163249.226
Reasoning,163254.181,163262.921
CommandExecution,163272.186,163273.824
Reasoning,163276.936,163279.841
CommandExecution,163294.583,163297.053
CommandExecution,163293.403,163298.873
CommandExecution,163293.383,163302.434
Reasoning,163298.036,163313.561
Reasoning,163313.565,163329.301
CommandExecution,163345.813,163345.814
CommandExecution,163345.991,163347.243
Reasoning,163348.641,163365.916
Reasoning,163365.919,163379.801
Reasoning,163379.805,163391.006
AgentMessage,163391.01,163393.021
CommandExecution,163405.636,163405.636
CommandExecution,163404.553,163406.056
Reasoning,163408.116,163417.441
CommandExecution,163428.283,163429.768
Reasoning,163431.381,163447.841
Reasoning,163447.845,163463.861
Reasoning,163463.864,163475.831
Reasoning,163496.411,163512.345
Reasoning,163512.348,163518.561
CommandExecution,163522.306,163522.306
CommandExecution,163488.032,163530.069
Reasoning,163526.145,163543.2
Reasoning,163543.204,163557.367
Reasoning,163557.37,163574.491
Reasoning,163574.494,163589.795
CommandExecution,163593.948,163593.948
Reasoning,163597.46,163607.261
CommandExecution,163616.286,163628.206
CommandExecution,163616.322,163632.41
Reasoning,163619.485,163637.82
Reasoning,163637.84,163640.647
CommandExecution,163643.763,163644.206
CommandExecution,163644.288,163644.288
CommandExecution,163616.258,163652.376
CommandExecution,163616.237,163659.465
CommandExecution,163616.216,163661.629
Reasoning,163647.406,163662.941
Reasoning,163662.944,163673.231
CommandExecution,163675.514,163675.515
Reasoning,163677.715,163693.485
Reasoning,163693.488,163713.996
CommandExecution,163488.012,163719.192
Reasoning,163713.999,163724.325
Reasoning,163724.328,163739.871
Reasoning,163739.874,163756.241
Reasoning,163756.244,163771.485
Reasoning,163771.488,163786.605
Reasoning,163786.607,163802.041
Reasoning,163802.045,163817.585
Reasoning,163817.599,163833.116
Reasoning,163833.12,163848.666
Reasoning,163848.671,163867.23
Reasoning,163867.234,163879.736
Reasoning,163879.739,163895.245
Reasoning,163895.25,163910.795
Reasoning,163910.799,163930.645
Reasoning,163930.649,163945.125
Reasoning,163945.155,163963.972
Reasoning,163963.975,163999.075
AgentMessage,163999.08,163999.085
CommandExecution,164000.377,164000.377
CommandExecution,163999.308,164000.854
ContextCompaction,164000.385,164230.298
Reasoning,164233.937,164234.246
AgentMessage,164234.247,164235.9
CommandExecution,164243.447,164243.449
CommandExecution,164243.464,164243.465
CommandExecution,164243.494,164243.494
Reasoning,164246.729,164247.259
CommandExecution,164256.365,164256.365
CommandExecution,164256.38,164256.38
CommandExecution,164256.457,164257.295
Reasoning,164259.76,164261.384
CommandExecution,164267.736,164267.737
CommandExecution,164267.758,164267.758
CommandExecution,164267.777,164267.778
Reasoning,164273.975,164275.864
AgentMessage,164275.879,164278.325
CommandExecution,164289.522,164289.523
CommandExecution,164289.576,164289.576
Reasoning,164291.695,164292.325
CommandExecution,164304.336,164304.336
CommandExecution,164304.346,164304.346
CommandExecution,164304.487,164307.426
Reasoning,164307.61,164323.892
CommandExecution,164333.523,164333.524
CommandExecution,164333.534,164333.535
Reasoning,164336.62,164352.442
CommandExecution,164358.534,164358.534
McpToolCall,164358.544,164359.221
Reasoning,164364.46,164381.7
CommandExecution,164416.384,164416.384
Reasoning,164432.325,164432.995
AgentMessage,164432.998,164435.87
Reasoning,164491.577,164503.195
CommandExecution,164509.543,164509.544
CommandExecution,164509.67,164510.043
McpToolCall,164510.05,164510.965
Reasoning,164536.545,164542.815
CommandExecution,164531.847,164544.888
CommandExecution,164531.87,164546.17
CommandExecution,164531.821,164571.28
CommandExecution,164567.19,164573.2
Reasoning,164570.896,164579.464
CommandExecution,164651.698,164651.699
CommandExecution,164531.796,164666.863
Reasoning,164657.599,164673.07
CommandExecution,164695.087,164695.52
Reasoning,164698.179,164701.705
AgentMessage,164701.708,164704.405
CommandExecution,164721.362,164721.362
CommandExecution,164721.426,164721.427
Reasoning,164726.554,164727.169
CommandExecution,164744.004,164744.004
CommandExecution,164742.951,164744.833
Reasoning,164745.72,164746.5
CommandExecution,164765.414,164765.71
CommandExecution,164764.234,164767.343
Reasoning,164768.314,164769.624
McpToolCall,164779.964,164782.51
CommandExecution,164782.597,164782.597
Reasoning,164785.059,164786.665
CommandExecution,164795.597,164795.598
CommandExecution,164795.661,164795.662
Reasoning,164799.137,164815.354
CommandExecution,164818.878,164818.879
Reasoning,164821.564,164824.249
CommandExecution,164795.733,164824.557
CommandExecution,164828.813,164828.814
Reasoning,164835.119,164837.439
CommandExecution,164860.118,164860.118
CommandExecution,164860.179,164860.179
Reasoning,164864.065,164869.179
CommandExecution,164872.212,164872.212
Reasoning,164875.879,164883.55
CommandExecution,164885.813,164885.814
Reasoning,164888.76,164894.11
Reasoning,164929.046,164934.965
CommandExecution,164925.109,164935.53
CommandExecution,164935.926,164935.926
Reasoning,164938.596,164939.362
AgentMessage,164939.365,164942.314
CommandExecution,164333.665,164960.691
CommandExecution,164966.91,164966.91
CommandExecution,164966.935,164966.935
Reasoning,164968.96,164973.765
CommandExecution,165011.435,165013.002
CommandExecution,165012.619,165013.823
Reasoning,165015.704,165019.694
CommandExecution,165026.238,165026.238
CommandExecution,165025.134,165029.002
Reasoning,165029.134,165036.044
CommandExecution,165042.258,165042.259
Reasoning,165043.88,165047.159
CommandExecution,165057.629,165057.63
Reasoning,165060.864,165080.37
CommandExecution,165086.781,165086.781
CommandExecution,165057.668,165088.105
CommandExecution,165057.693,165088.127
Reasoning,165089.249,165091.669
CommandExecution,165095.473,165095.474
Reasoning,165097.714,165102.605
CommandExecution,165112.044,165112.045
CommandExecution,165112.2,165118.342
CommandExecution,165112.176,165121.637
Reasoning,165116.594,165133.425
AgentMessage,165133.428,165135.264
CommandExecution,165143.49,165144.681
Reasoning,165146.664,165148.464
Reasoning,165162.479,165179.21
CommandExecution,165181.338,165181.339
Reasoning,165183.599,165200.374
CommandExecution,165159.578,165203.672
Reasoning,165200.377,165216.834
CommandExecution,165218.182,165218.182
Reasoning,165221.006,165223.344
AgentMessage,165223.347,165225.106
CommandExecution,165248.31,165248.31
CommandExecution,165247.181,165258.811
Reasoning,165251.742,165260.955
CommandExecution,165247.21,165262.809
CommandExecution,165247.145,165286.385
CommandExecution,165297.297,165297.297
CommandExecution,165296.236,165297.961
Reasoning,165300.429,165307.339
CommandExecution,165326.608,165326.609
Reasoning,165330.514,165346.249
CommandExecution,165349.072,165349.073
Reasoning,165351.879,165358.154
CommandExecution,165159.605,165395.433
CommandExecution,165412.921,165412.921
CommandExecution,165411.858,165413.062
Reasoning,165415.074,165416.739
Reasoning,165429.415,165445.535
CommandExecution,165455.75,165456.746
CommandExecution,165456.807,165456.807
Reasoning,165458.934,165468.314
McpToolCall,165472.477,165473.364
CommandExecution,165473.444,165473.444
Reasoning,165476.399,165493.594
AgentMessage,165493.604,165495.139
CommandExecution,165531.407,165531.407
CommandExecution,165530.238,165531.607
Reasoning,165535.319,165543.064
CommandExecution,165548.538,165548.539
McpToolCall,165548.552,165549.224
CommandExecution,165576.731,165578.01
CommandExecution,165575.475,165586.241
CommandExecution,165575.55,165588.65
Reasoning,165582.219,165600.826
CommandExecution,165610.114,165610.451
CommandExecution,165610.072,165611.246
CommandExecution,165610.034,165611.631
Reasoning,165617.743,165635.0
Reasoning,165635.004,165652.115
Reasoning,165652.119,165653.604
CommandExecution,165654.899,165654.9
Reasoning,165658.425,165675.696
Reasoning,165675.699,165693.777
Reasoning,165693.781,165704.663
CommandExecution,165575.503,165709.394
CommandExecution,165709.406,165709.407
McpToolCall,165709.422,165711.267
Reasoning,165717.984,165733.569
Reasoning,165733.572,165750.824
Reasoning,165750.827,165759.899
CommandExecution,165786.742,165787.821
CommandExecution,165787.923,165788.282
CommandExecution,157317.292,165798.351
Reasoning,165789.839,165802.624
AgentMessage,165802.626,165804.044
CommandExecution,165815.882,165815.883
CommandExecution,165814.791,165815.958
Reasoning,165821.074,165823.854
CommandExecution,165827.072,165827.072
Reasoning,165832.119,165837.424
Reasoning,165841.999,165858.744
Reasoning,165858.749,165877.482
CommandExecution,165919.431,165920.991
Reasoning,165924.32,165939.764
CommandExecution,165942.369,165942.37
Reasoning,165953.229,165970.298
AgentMessage,165970.302,165972.249
Extension,165972.344,166017.344
Reasoning,166025.355,166046.802
CommandExecution,166051.33,166051.33
CommandExecution,165422.972,166060.195
Reasoning,166053.855,166071.014
Reasoning,166071.019,166079.439
AgentMessage,166079.459,166082.461
Extension,166082.802,166127.804
CommandExecution,166132.084,166132.085
Reasoning,166137.099,166155.884
CommandExecution,166201.205,166202.796
Reasoning,166204.974,166222.144
CommandExecution,166224.595,166224.596
AgentMessage,166231.874,166236.043
AgentMessage,166239.071,166240.749
CommandExecution,166248.399,166248.399
CommandExecution,166248.404,166248.405
Reasoning,166254.305,166275.274
Reasoning,166275.283,166295.194
Reasoning,166295.197,166314.969
Reasoning,166314.974,166337.229
Reasoning,166337.233,166353.259
CommandExecution,166355.222,166355.222
Reasoning,166359.482,166380.974
Reasoning,166380.98,166403.749
Reasoning,166403.753,166424.184
Reasoning,166424.187,166434.491
AgentMessage,166434.494,166436.284
Reasoning,166516.729,166535.294
Reasoning,166535.296,166555.429
Reasoning,166555.433,166568.958
CommandExecution,166612.653,166613.149
Reasoning,166616.737,166633.103
CommandExecution,166642.384,166642.384
CommandExecution,166641.301,166643.227
Reasoning,166653.683,166675.219
Reasoning,166675.223,166692.994
Reasoning,166693.006,166699.779
CommandExecution,166722.211,166722.212
CommandExecution,166721.058,166725.489
Reasoning,166727.088,166743.764
Reasoning,166743.766,166765.88
Reasoning,166765.884,166771.498
AgentMessage,166771.502,166773.793
CommandExecution,166788.613,166788.614
CommandExecution,166788.8,166792.868
CommandExecution,166789.984,166797.015
Reasoning,166794.738,166814.079
Reasoning,166814.082,166834.099
Reasoning,166834.102,166839.488
CommandExecution,166843.161,166843.162
Reasoning,166851.088,166858.418
CommandExecution,166859.887,166859.887
Reasoning,166864.738,166887.609
Reasoning,166887.612,166909.174
Reasoning,166909.176,166928.194
Reasoning,166928.196,166947.088
CommandExecution,166966.324,166966.832
Reasoning,166969.468,166972.43
CommandExecution,166997.947,166997.947
CommandExecution,166996.863,166998.972
Reasoning,167001.013,167022.333
Reasoning,167022.337,167042.854
Reasoning,167042.857,167055.893
AgentMessage,167055.896,167058.438
CommandExecution,167066.267,167070.41
CommandExecution,167067.457,167074.493
Reasoning,167072.903,167090.524
Reasoning,167090.527,167098.593
CommandExecution,167100.207,167100.207
Reasoning,167104.483,167123.663
CommandExecution,167146.076,167147.916
CommandExecution,167147.257,167148.707
Reasoning,167152.839,167164.398
Reasoning,167182.548,167202.883
CommandExecution,167174.622,167220.863
Reasoning,167202.886,167223.733
Reasoning,167223.736,167244.263
Reasoning,167244.266,167248.459
CommandExecution,167250.376,167250.376
Reasoning,167254.183,167276.874
Reasoning,167276.876,167301.64
Reasoning,167301.643,167325.784
Reasoning,167325.788,167352.87
Reasoning,167352.873,167378.473
CommandExecution,167174.593,167399.199
Reasoning,167378.477,167401.789
Reasoning,167401.791,167407.144
CommandExecution,167414.297,167414.298
Reasoning,167418.393,167440.694
Reasoning,167440.697,167468.319
Reasoning,167468.324,167483.469
CommandExecution,167499.048,167503.937
CommandExecution,167499.079,167506.932
Reasoning,167503.308,167532.663
CommandExecution,167499.015,167537.407
Reasoning,167532.669,167547.758
Reasoning,167547.762,167576.679
CommandExecution,167579.654,167579.655
Reasoning,167586.049,167592.085
CommandExecution,167596.136,167596.136
Reasoning,167601.658,167626.145
Reasoning,167626.148,167649.304
Reasoning,167649.307,167674.36
Reasoning,167674.364,167698.719
Reasoning,167698.723,167702.85
CommandExecution,167817.785,167817.785
CommandExecution,167816.705,167817.935
Reasoning,167822.468,167843.809
Reasoning,167843.812,167861.959
AgentMessage,167861.967,167865.568
McpToolCall,167870.264,167870.774
CommandExecution,167870.963,167871.441
Reasoning,167877.227,167905.533
Reasoning,167905.543,167926.508
Reasoning,167926.512,167951.493
Reasoning,167951.496,167978.448
CommandExecution,167986.792,167987.436
CommandExecution,167986.758,167993.101
CommandExecution,167986.821,167995.794
Reasoning,167993.608,168018.96
Reasoning,168018.963,168046.182
Reasoning,168046.186,168075.585
Reasoning,168075.588,168097.338
Reasoning,168097.342,168122.303
CommandExecution,167986.865,168142.954
Reasoning,168122.314,168147.439
Reasoning,168147.441,168165.829
CommandExecution,168171.924,168171.925
McpToolCall,168171.935,168174.742
CommandExecution,167498.988,168186.468
Reasoning,168179.808,168196.855
CommandExecution,168200.648,168201.184
Reasoning,168206.318,168227.228
McpToolCall,168231.037,168231.285
CommandExecution,168231.466,168232.425
Reasoning,168242.797,168262.944
Reasoning,168262.947,168275.888
CommandExecution,168279.997,168280.139
Reasoning,168285.423,168304.763
Reasoning,168304.773,168331.329
Reasoning,168331.332,168350.058
Reasoning,168350.106,168374.403
Reasoning,168374.406,168399.658
Reasoning,168399.667,168426.353
Reasoning,168426.357,168447.173
Reasoning,168447.198,168467.188
Reasoning,168467.191,168489.59
Reasoning,168489.593,168498.164
CommandExecution,168502.188,168502.386
McpToolCall,168502.394,168503.115
ContextCompaction,168503.124,168715.02
Reasoning,168721.743,168722.153
AgentMessage,168722.168,168723.533
CommandExecution,168729.497,168729.5
CommandExecution,168729.5,168729.501
CommandExecution,168729.57,168729.571
Reasoning,168731.328,168731.871
CommandExecution,168751.024,168751.075
CommandExecution,168751.082,168751.083
CommandExecution,168751.118,168751.118
CommandExecution,168751.225,168751.505
McpToolCall,168751.515,168751.828
Reasoning,168754.318,168760.028
AgentMessage,168760.033,168762.268
CommandExecution,168772.962,168772.974
CommandExecution,168773.025,168773.026
CommandExecution,168773.03,168773.965
CommandExecution,168773.098,168774.074
Reasoning,168777.718,168782.294
CommandExecution,168792.59,168793.109
CommandExecution,168792.563,168795.423
McpToolCall,168795.432,168796.168
Reasoning,168799.79,168801.453
CommandExecution,168806.365,168806.366
CommandExecution,168806.429,168806.43
Reasoning,168808.898,168813.343
CommandExecution,168821.27,168821.27
CommandExecution,168821.271,168821.272
Reasoning,168824.902,168827.462
CommandExecution,168833.576,168833.576
CommandExecution,168832.494,168835.601
Reasoning,168836.562,168837.377
CommandExecution,168842.338,168842.338
CommandExecution,168842.379,168842.38
Reasoning,168844.193,168848.583
CommandExecution,168855.015,168855.015
CommandExecution,168855.069,168855.07
Reasoning,168863.054,168863.583
CommandExecution,168866.546,168866.547
Reasoning,168868.712,168869.114
AgentMessage,168869.116,168871.462
CommandExecution,168878.283,168878.283
Reasoning,168885.037,168889.217
CommandExecution,168894.73,168894.731
Reasoning,168901.951,168911.881
CommandExecution,168920.352,168920.352
McpToolCall,168920.374,168920.778
Reasoning,168924.018,168925.201
CommandExecution,168877.216,168926.654
McpToolCall,168931.53,168933.394
Reasoning,168934.869,168935.659
Reasoning,168946.647,168951.19
CommandExecution,168821.414,168964.113
McpToolCall,168965.18,168965.563
McpToolCall,168965.571,168965.943
McpToolCall,168965.95,168966.39
McpToolCall,168966.399,168966.793
McpToolCall,168966.799,168967.268
Reasoning,168973.508,168979.374
CommandExecution,168983.428,168983.428
CommandExecution,168983.492,168983.492
Reasoning,168986.303,169000.363
CommandExecution,169015.06,169015.06
Reasoning,169023.244,169026.387
CommandExecution,169028.535,169028.535
Reasoning,169032.103,169034.234
CommandExecution,169036.911,169036.911
Reasoning,169039.528,169041.632
CommandExecution,169050.332,169050.333
CommandExecution,169050.419,169050.419
Reasoning,169053.313,169065.608
AgentMessage,169065.613,169068.423
CommandExecution,169073.86,169073.861
Reasoning,169081.368,169102.585
Extension,169102.981,169152.983
CommandExecution,169160.568,169160.568
Reasoning,169169.134,169185.253
AgentMessage,169185.256,169186.683
CommandExecution,169229.241,169229.242
Reasoning,169232.823,169256.388
Extension,169256.501,169306.502
Reasoning,169323.888,169334.252
AgentMessage,169334.257,169336.55
CommandExecution,169339.618,169339.619
Reasoning,169342.071,169362.717
Extension,169363.035,169413.036
CommandExecution,169419.785,169419.786
Reasoning,169428.078,169441.633
AgentMessage,169441.637,169442.783
CommandExecution,168855.161,169489.761
Extension,169443.237,169493.238
CommandExecution,169502.866,169502.866
Reasoning,169516.023,169528.383
CommandExecution,169531.821,169531.821
Reasoning,169534.438,169535.748
Extension,169536.047,169581.049
CommandExecution,168967.461,169588.201
CommandExecution,169588.313,169588.313
Reasoning,169592.77,169599.114
AgentMessage,169599.133,169600.994
CommandExecution,169637.981,169637.982
Reasoning,169640.088,169642.158
CommandExecution,169648.617,169648.619
Reasoning,169651.283,169661.783
CommandExecution,169667.602,169669.48
Reasoning,169671.833,169673.958
CommandExecution,169677.718,169677.719
Reasoning,169679.908,169686.419
AgentMessage,169686.423,169687.368
Reasoning,169690.268,169709.113
AgentMessage,169709.116,169710.949
CommandExecution,169719.832,169719.832
CommandExecution,169719.85,169719.851
CommandExecution,169719.89,169719.891
Reasoning,169723.833,169742.788
Reasoning,169742.791,169761.883
Reasoning,169761.887,169783.569
Reasoning,169783.583,169800.243
CommandExecution,169807.042,169807.042
CommandExecution,169807.141,169807.141
Reasoning,169809.604,169829.377
Reasoning,169829.393,169851.603
Reasoning,169851.606,169863.411
Reasoning,169920.618,169940.653
Reasoning,169940.656,169953.228
AgentMessage,169953.231,169955.473
CommandExecution,169975.89,169975.89
Reasoning,169983.673,170006.573
Reasoning,170006.576,170028.458
Reasoning,170028.471,170035.593
CommandExecution,170038.571,170038.572
Reasoning,170041.808,170063.585
Reasoning,170135.063,170156.973
CommandExecution,170161.143,170161.144
Reasoning,170163.608,170164.708
CommandExecution,170160.081,170170.069
CommandExecution,170177.196,170179.507
Reasoning,170180.133,170201.283
Reasoning,170201.286,170222.583
Reasoning,170222.586,170243.508
CommandExecution,170245.941,170245.941
Reasoning,170251.233,170268.588
Reasoning,170290.405,170312.508
Reasoning,170312.512,170316.358
AgentMessage,170316.36,170318.313
CommandExecution,170335.079,170337.387
Reasoning,170340.616,170359.018
Reasoning,170359.021,170381.358
CommandExecution,170383.923,170383.924
Reasoning,170389.488,170402.568
CommandExecution,170424.586,170424.586
CommandExecution,170424.678,170424.678
Reasoning,170427.108,170432.623
CommandExecution,170440.65,170440.651
CommandExecution,170440.745,170440.745
Reasoning,170445.768,170470.613
Reasoning,170470.616,170472.653
CommandExecution,170478.323,170478.323
CommandExecution,170478.326,170478.327
Reasoning,170481.543,170502.437
Reasoning,170502.44,170522.108
CommandExecution,170536.306,170536.306
CommandExecution,170535.23,170536.561
Reasoning,170538.318,170561.414
Reasoning,170561.417,170589.203
Reasoning,170589.206,170606.073
CommandExecution,170646.275,170646.276
Reasoning,170649.077,170671.273
Reasoning,170671.276,170692.388
AgentMessage,170692.391,170695.11
CommandExecution,170698.703,170700.579
Reasoning,170704.798,170705.765
CommandExecution,170715.602,170715.603
AgentMessage,170719.641,170722.163
Reasoning,170726.353,170744.998
Reasoning,170745.002,170768.798
Reasoning,170768.801,170794.68
Reasoning,170794.684,170816.248
AgentMessage,170816.251,170817.983
CommandExecution,170825.508,170825.509
CommandExecution,170825.555,170825.555
CommandExecution,170825.611,170825.612
Reasoning,170832.298,170833.857
CommandExecution,170840.784,170840.784
Reasoning,170844.083,170845.713
CommandExecution,170850.774,170850.774
Reasoning,170855.448,170872.079
AgentMessage,170872.082,170873.908
CommandExecution,170878.113,170878.113
Reasoning,170886.903,170887.618
CommandExecution,170889.623,170889.624
Reasoning,170893.288,170913.487
Reasoning,170913.491,170937.478
Reasoning,170937.481,170961.284
Reasoning,170961.287,170983.823
Reasoning,170983.827,171004.753
Reasoning,171004.758,171027.323
Reasoning,171027.338,171050.892
Reasoning,171050.898,171076.767
Reasoning,171076.77,171099.638
Reasoning,171099.641,171121.759
Reasoning,171121.762,171146.913
Reasoning,171146.916,171167.363
Reasoning,171167.366,171190.192
Reasoning,171190.207,171196.431
AgentMessage,171196.434,171197.862
CommandExecution,171228.576,171229.644
Reasoning,171233.182,171256.752
Reasoning,171256.756,171277.432
Reasoning,171277.667,171302.142
Reasoning,171302.146,171326.542
Reasoning,171326.545,171350.953
Reasoning,171350.956,171369.489
Reasoning,171452.881,171474.811
CommandExecution,171477.777,171478.891
Reasoning,171482.231,171482.711
CommandExecution,171484.922,171484.923
Reasoning,171490.807,171502.538
CommandExecution,171511.924,171511.924
Reasoning,171515.351,171534.682
Reasoning,171534.686,171557.841
Reasoning,171557.844,171578.356
CommandExecution,171592.814,171593.91
Reasoning,171602.656,171625.487
Reasoning,171625.49,171649.706
Reasoning,171649.709,171673.156
AgentMessage,171673.161,171676.256
CommandExecution,171682.431,171682.432
Reasoning,171687.371,171709.366
Reasoning,171709.369,171719.181
CommandExecution,171724.031,171725.125
Reasoning,171730.071,171749.641
Reasoning,171749.645,171775.176
Reasoning,171775.179,171797.963
Reasoning,171797.966,171817.991
Reasoning,171817.994,171840.276
CommandExecution,171842.124,171842.125
Reasoning,171844.631,171867.847
Reasoning,171867.851,171888.176
Reasoning,171888.179,171911.757
CommandExecution,171970.758,171970.758
Reasoning,171973.377,171996.296
Reasoning,171996.305,172017.636
Reasoning,172017.641,172039.831
CommandExecution,172071.282,172071.282
CommandExecution,172071.462,172071.788
Reasoning,172077.755,172097.296
Reasoning,172097.299,172120.881
Reasoning,172120.884,172144.086
CommandExecution,172151.949,172151.949
CommandExecution,172150.714,172153.178
CommandExecution,172151.9,172155.512
Reasoning,172155.295,172175.746
Reasoning,172175.75,172196.776
Reasoning,172196.781,172221.225
Reasoning,172221.23,172243.296
Reasoning,172243.299,172263.961
Reasoning,172263.964,172270.541
CommandExecution,172292.486,172292.486
Reasoning,172298.011,172320.326
Reasoning,172320.329,172338.571
Reasoning,172338.574,172343.047
AgentMessage,172343.05,172344.585
CommandExecution,172354.019,172354.033
CommandExecution,172354.059,172354.698
CommandExecution,172353.973,172357.052
CommandExecution,172353.988,172359.647
Reasoning,172358.34,172382.136
Reasoning,172382.139,172408.92
Reasoning,172408.924,172425.886
CommandExecution,172435.285,172435.286
Reasoning,172438.86,172441.175
Reasoning,172446.39,172465.335
Reasoning,172465.338,172489.796
Reasoning,172489.798,172507.839
CommandExecution,172508.848,172508.848
Reasoning,172512.26,172532.926
Reasoning,172532.929,172553.01
Reasoning,172553.013,172567.08
AgentMessage,172567.083,172568.186
CommandExecution,172573.093,172574.868
CommandExecution,172574.275,172576.414
Reasoning,172578.88,172601.536
Reasoning,172601.545,172621.025
CommandExecution,172624.517,172624.518
ContextCompaction,172624.55,172856.321
Reasoning,172858.505,172858.945
AgentMessage,172858.949,172860.245
CommandExecution,172865.161,172865.163
CommandExecution,172865.18,172865.181
CommandExecution,172865.199,172865.199
Reasoning,172871.56,172872.03
CommandExecution,172881.497,172881.535
CommandExecution,172881.525,172881.536
CommandExecution,172881.545,172881.546
CommandExecution,172881.575,172881.575
Reasoning,172886.06,172886.847
CommandExecution,172899.944,172899.982
CommandExecution,172900.008,172900.008
CommandExecution,172900.107,172903.093
CommandExecution,172900.076,172905.692
Reasoning,172906.295,172906.645
AgentMessage,172906.648,172909.605
CommandExecution,172916.576,172916.614
CommandExecution,172916.603,172916.615
CommandExecution,172916.629,172916.63
CommandExecution,172916.655,172916.655
Reasoning,172918.78,172919.375
CommandExecution,172927.201,172927.202
CommandExecution,172927.24,172927.241
CommandExecution,172927.291,172927.886
Reasoning,172930.075,172932.935
CommandExecution,172968.78,172968.781
Reasoning,172975.76,172976.644
CommandExecution,172979.8,172979.801
Reasoning,172983.51,172984.256
CommandExecution,172989.642,172991.477
CommandExecution,172990.822,172992.275
Reasoning,172994.275,172995.431
CommandExecution,173001.396,173002.28
Reasoning,173004.824,173006.335
CommandExecution,173015.304,173015.304
CommandExecution,173015.338,173015.339
Reasoning,173020.7,173021.76
CommandExecution,173028.583,173028.584
CommandExecution,173028.723,173030.395
Reasoning,173032.462,173033.344
AgentMessage,173033.347,173034.981
Reasoning,173045.45,173046.52
CommandExecution,173050.962,173052.477
McpToolCall,173068.962,173071.25
CommandExecution,173071.33,173071.33
CommandExecution,173071.365,173071.365
Reasoning,173075.245,173077.32
CommandExecution,173090.187,173091.438
McpToolCall,173091.448,173092.212
Reasoning,173094.419,173096.795
CommandExecution,173102.831,173102.831
CommandExecution,173102.85,173102.85
Reasoning,173109.756,173114.665
CommandExecution,173120.031,173120.032
CommandExecution,173120.038,173120.038
CommandExecution,173089.008,173125.835
Reasoning,173126.943,173129.712
CommandExecution,173133.48,173133.48
Reasoning,173141.076,173141.551
CommandExecution,173154.906,173160.139
Reasoning,173158.961,173161.426
CommandExecution,173154.862,173162.396
CommandExecution,173154.825,173174.65
CommandExecution,173154.798,173193.972
Extension,173161.709,173201.71
Reasoning,173203.712,173204.601
AgentMessage,173204.606,173206.656
CommandExecution,173214.006,173214.006
Reasoning,173220.667,173231.872
CommandExecution,173235.481,173235.481
Reasoning,173238.572,173243.887
CommandExecution,173250.42,173250.42
Reasoning,173255.337,173257.987
CommandExecution,173042.627,173281.47
Extension,173258.105,173298.106
CommandExecution,173303.5,173303.5
Reasoning,173305.554,173306.193
AgentMessage,173306.197,173308.183
CommandExecution,173323.682,173323.683
CommandExecution,173322.59,173324.562
Reasoning,173327.128,173327.762
CommandExecution,173343.108,173343.108
CommandExecution,173343.286,173345.859
Reasoning,173348.028,173351.208
McpToolCall,173359.763,173360.413
McpToolCall,173360.418,173361.139
McpToolCall,173361.146,173362.358
McpToolCall,173362.365,173362.859
McpToolCall,173362.865,173363.308
CommandExecution,173363.49,173363.866
Reasoning,173365.223,173366.243
CommandExecution,173371.247,173371.247
Reasoning,173376.658,173381.03
Extension,173381.191,173421.193
Reasoning,173424.069,173425.029
McpToolCall,173430.694,173431.383
CommandExecution,173431.56,173431.882
Reasoning,173433.407,173434.04
AgentMessage,173434.042,173435.983
Reasoning,173435.986,173449.859
Extension,173450.016,173490.017
McpToolCall,173500.324,173501.039
CommandExecution,173502.398,173502.753
Reasoning,173528.988,173529.424
AgentMessage,173529.427,173531.703
CommandExecution,173523.014,173532.083
CommandExecution,173522.96,173533.616
CommandExecution,173544.185,173544.787
CommandExecution,173544.977,173545.371
Reasoning,173547.984,173548.799
CommandExecution,173556.026,173556.026
Reasoning,173557.843,173568.149
CommandExecution,173583.519,173583.763
Reasoning,173590.729,173591.562
CommandExecution,173597.417,173598.311
Reasoning,173601.55,173604.299
CommandExecution,173623.4,173624.02
CommandExecution,173624.213,173624.606
Reasoning,173626.95,173627.619
AgentMessage,173627.621,173629.474
Reasoning,173629.476,173630.26
Extension,173630.562,173670.564
CommandExecution,173522.989,173672.722
CommandExecution,173678.876,173678.876
Reasoning,173685.654,173706.871
CommandExecution,173715.155,173715.156
Reasoning,173717.2,173720.255
AgentMessage,173720.259,173721.51
Extension,173721.567,173761.567
CommandExecution,173769.996,173769.996
Reasoning,173778.33,173791.499
CommandExecution,173792.904,173792.904
Reasoning,173796.392,173808.445
AgentMessage,173808.448,173809.94
Extension,173810.026,173850.027
CommandExecution,173857.75,173857.75
Reasoning,173868.426,173889.446
Extension,173889.628,173929.63
CommandExecution,173936.075,173936.075
Reasoning,173944.555,173962.506
Reasoning,173962.509,173968.306
AgentMessage,173968.309,173969.621
Extension,173969.773,174009.774
Reasoning,174024.381,174039.006
CommandExecution,174074.003,174074.003
Reasoning,174077.121,174082.916
AgentMessage,174082.921,174084.151
Extension,174084.423,174129.423
CommandExecution,174136.78,174136.781
CommandExecution,173523.051,174158.232
Reasoning,174143.632,174159.455
Reasoning,174159.457,174168.151
Extension,174168.442,174208.444
Reasoning,174213.591,174214.086
CommandExecution,174217.86,174217.861
Reasoning,174225.272,174229.216
AgentMessage,174229.222,174230.566
Extension,174230.884,174270.886
CommandExecution,174281.026,174281.026
Reasoning,174282.667,174302.142
CommandExecution,173501.219,174335.053
Extension,174302.227,174342.229
CommandExecution,174346.72,174346.72
Reasoning,174350.336,174350.876
AgentMessage,174350.881,174352.792
CommandExecution,174369.041,174369.041
CommandExecution,174369.24,174369.822
CommandExecution,174369.218,174370.109
Reasoning,174372.456,174385.247
CommandExecution,174419.267,174419.267
Reasoning,174420.908,174427.562
CommandExecution,174429.043,174430.804
Reasoning,174431.782,174433.931
CommandExecution,174438.786,174438.786
AgentMessage,174442.481,174446.431
Reasoning,174450.896,174469.412
AgentMessage,174469.418,174470.657
CommandExecution,174478.317,174478.317
CommandExecution,174478.376,174478.376
CommandExecution,174478.386,174478.386
Reasoning,174482.976,174503.607
Reasoning,174503.61,174520.302
AgentMessage,174520.306,174521.752
Extension,174521.914,174566.916
CommandExecution,174576.402,174576.402
Reasoning,174578.412,174595.062
Reasoning,174595.065,174601.603
AgentMessage,174601.605,174602.647
Reasoning,174606.072,174624.212
AgentMessage,174624.222,174625.472
CommandExecution,174632.536,174632.536
Extension,174635.439,174680.441
Reasoning,174684.382,174706.357
CommandExecution,174709.436,174709.436
AgentMessage,174711.637,174712.927
Reasoning,174716.778,174734.218
Reasoning,174734.221,174753.822
Reasoning,174753.825,174771.001
Reasoning,174771.004,174782.407
AgentMessage,174782.41,174783.592
CommandExecution,174786.718,174786.718
Extension,174790.535,174845.536
CommandExecution,174864.814,174864.815
Reasoning,174867.392,174874.552
AgentMessage,174874.555,174875.454
Extension,174875.83,174915.831
CommandExecution,174926.1,174926.1
Reasoning,174930.212,174946.333
Reasoning,174946.335,174956.863
AgentMessage,174956.866,174958.597
Extension,174958.76,174998.762
Reasoning,175001.893,175004.752
CommandExecution,175010.384,175010.385
Reasoning,175014.322,175017.592
AgentMessage,175017.596,175018.752
Reasoning,175021.997,175038.627
AgentMessage,175038.632,175040.202
CommandExecution,175048.042,175048.043
Extension,175056.05,175096.051
CommandExecution,175098.838,175098.838
Reasoning,175101.007,175102.713
AgentMessage,175102.715,175103.902
Extension,175104.179,175144.18
CommandExecution,175148.751,175148.751
Reasoning,175153.137,175156.832
AgentMessage,175156.845,175158.437
Extension,175158.895,175198.896
CommandExecution,175204.975,175204.975
Reasoning,175208.112,175209.062
AgentMessage,175209.065,175210.307
Extension,175210.609,175250.61
CommandExecution,175254.699,175254.699
Reasoning,175257.353,175260.312
AgentMessage,175260.327,175261.427
Reasoning,175265.027,175283.367
Reasoning,175283.369,175299.997
Reasoning,175300.0,175309.602
AgentMessage,175309.607,175310.492
CommandExecution,175314.47,175314.471
CommandExecution,175314.47,175314.471
CommandExecution,175314.484,175314.485
CommandExecution,175314.553,175314.553
Reasoning,175317.492,175327.122
CommandExecution,175332.549,175332.549
CommandExecution,175332.573,175332.573
CommandExecution,175332.582,175332.582
Reasoning,175335.092,175354.422
Reasoning,175354.425,175375.102
Reasoning,175375.105,175394.142
Reasoning,175394.145,175410.503
Reasoning,175410.506,175417.517
AgentMessage,175417.52,175419.269
CommandExecution,175419.933,175419.934
Reasoning,175422.373,175441.767
CommandExecution,175517.291,175517.292
Reasoning,175519.727,175536.208
CommandExecution,175546.03,175551.124
Reasoning,175549.838,175570.582
CommandExecution,175572.433,175572.433
CommandExecution,175572.573,175572.573
Reasoning,175576.152,175591.177
AgentMessage,175591.179,175592.727
CommandExecution,175621.61,175621.61
CommandExecution,175621.69,175621.69
Reasoning,175627.417,175643.647
Reasoning,175643.65,175650.002
CommandExecution,175657.727,175663.02
Reasoning,175661.282,175678.14
Reasoning,175678.143,175692.302
CommandExecution,175707.091,175707.092
CommandExecution,175707.267,175707.27
Reasoning,175709.987,175710.797
CommandExecution,175713.907,175713.907
CommandExecution,175714.006,175714.006
Reasoning,175719.617,175736.534
Reasoning,175736.537,175748.442
AgentMessage,175748.445,175749.837
CommandExecution,175771.742,175771.742
CommandExecution,175770.665,175771.945
Reasoning,175774.624,175780.962
CommandExecution,175801.166,175801.166
CommandExecution,175801.304,175801.305
Reasoning,175806.067,175815.497
CommandExecution,175817.079,175818.608
Reasoning,175820.272,175820.987
CommandExecution,175824.22,175824.221
AgentMessage,175827.727,175830.142
Reasoning,175833.142,175838.003
AgentMessage,175838.006,175838.817
CommandExecution,175839.509,175839.509
Extension,175846.35,175886.35
CommandExecution,175889.841,175889.841
Reasoning,175892.187,175893.897
AgentMessage,175893.902,175895.021
Extension,175895.432,175935.433
CommandExecution,175939.402,175939.402
Reasoning,175941.762,175943.182
AgentMessage,175943.187,175944.187
Extension,175944.549,175984.55
CommandExecution,175987.876,175987.877
Reasoning,175992.907,175997.479
AgentMessage,175999.627,175999.627
Extension,175999.631,176039.632
CommandExecution,176049.973,176049.973
AgentMessage,176056.292,176057.447
Reasoning,176061.052,176076.827
AgentMessage,176076.83,176077.863
CommandExecution,176078.496,176078.496
Extension,176082.104,176122.105
CommandExecution,176125.281,176125.282
Reasoning,176128.352,176128.627
AgentMessage,176128.632,176129.962
Extension,176130.259,176170.261
CommandExecution,176176.131,176176.131
Reasoning,176178.641,176182.453
AgentMessage,176182.464,176183.837
Extension,176183.939,176223.941
CommandExecution,176228.162,176228.162
Reasoning,176232.422,176234.712
AgentMessage,176234.715,176235.827
Reasoning,176243.493,176245.977
AgentMessage,176245.987,176246.487
CommandExecution,176247.632,176247.633
Extension,176250.476,176290.477
CommandExecution,176294.633,176294.634
Reasoning,176297.448,176298.162
AgentMessage,176298.164,176299.373
Extension,176299.775,176339.777
CommandExecution,176344.742,176344.742
Reasoning,176347.502,176349.217
AgentMessage,176349.222,176350.202
Extension,176350.405,176390.405
CommandExecution,176395.311,176395.311
AgentMessage,176397.487,176398.842
Reasoning,176402.537,176421.127
AgentMessage,176421.13,176421.992
CommandExecution,176422.437,176422.437
Extension,176427.505,176467.506
CommandExecution,176470.487,176470.488
Reasoning,176474.866,176477.122
AgentMessage,176477.125,176477.822
Extension,176478.166,176518.167
CommandExecution,176523.693,176523.693
Reasoning,176528.307,176531.527
AgentMessage,176531.531,176532.502
Extension,176533.669,176573.671
CommandExecution,176586.584,176586.584
AgentMessage,176591.242,176592.677
Reasoning,176595.903,176599.987
AgentMessage,176599.989,176601.087
CommandExecution,176602.392,176602.392
Extension,176605.945,176645.946
CommandExecution,176650.307,176650.307
Reasoning,176652.667,176657.502
AgentMessage,176657.505,176658.307
Extension,176658.796,176698.797
CommandExecution,176704.148,176704.148
Reasoning,176707.516,176710.366
AgentMessage,176710.369,176711.012
Extension,176711.431,176751.432
CommandExecution,176755.915,176755.916
Reasoning,176760.815,176762.171
AgentMessage,176762.181,176764.081
Reasoning,176768.317,176786.327
AgentMessage,176786.33,176787.092
CommandExecution,176788.807,176788.808
CommandExecution,176788.857,176788.857
Reasoning,176791.781,176793.156
Extension,176793.534,176833.535
CommandExecution,176837.58,176837.58
Reasoning,176841.042,176846.022
AgentMessage,176846.027,176847.264
Extension,176847.424,176887.425
CommandExecution,176890.445,176890.445
Reasoning,176894.152,176911.862
Reasoning,176911.886,176917.712
AgentMessage,176917.72,176918.682
Extension,176918.79,176958.79
CommandExecution,176962.497,176962.497
Reasoning,176965.872,176967.447
AgentMessage,176967.452,176968.562
Reasoning,176974.187,176977.273
AgentMessage,176977.282,176978.687
CommandExecution,176979.518,176979.518
Extension,176983.745,177023.746
CommandExecution,177028.857,177028.857
Reasoning,177035.912,177036.464
AgentMessage,177036.469,177037.797
Extension,177038.255,177078.256
CommandExecution,177086.273,177086.273
Reasoning,177098.988,177099.527
AgentMessage,177099.532,177100.797
Extension,177101.111,177141.112
CommandExecution,177144.806,177144.806
AgentMessage,177150.417,177151.547
Reasoning,177155.447,177162.738
AgentMessage,177162.741,177163.067
CommandExecution,177163.426,177163.426
Extension,177167.565,177207.567
CommandExecution,177211.527,177211.527
Reasoning,177214.127,177217.527
AgentMessage,177217.53,177218.232
Extension,177218.549,177258.549
CommandExecution,177264.601,177264.601
Reasoning,177268.617,177269.287
AgentMessage,177269.289,177270.412
Extension,177270.784,177310.786
CommandExecution,177313.899,177313.899
Reasoning,177320.052,177320.842
AgentMessage,177320.867,177322.067
Extension,177322.479,177362.481
CommandExecution,177366.791,177366.791
Reasoning,177369.282,177376.672
AgentMessage,177376.676,177377.722
Reasoning,177382.743,177403.887
Reasoning,177403.89,177417.207
AgentMessage,177417.21,177418.172
CommandExecution,177418.826,177418.827
Extension,177423.349,177463.351
CommandExecution,177467.904,177467.905
Reasoning,177471.002,177473.512
AgentMessage,177473.522,177474.562
Extension,177474.879,177514.88
CommandExecution,177519.171,177519.172
Reasoning,177522.047,177522.762
AgentMessage,177522.787,177523.952
Extension,177524.554,177564.555
CommandExecution,177567.918,177567.918
AgentMessage,177571.407,177572.702
Reasoning,177576.012,177585.547
AgentMessage,177585.561,177587.247
CommandExecution,177587.593,177587.593
Extension,177590.589,177630.591
CommandExecution,177637.051,177637.051
Reasoning,177639.452,177640.161
AgentMessage,177640.163,177641.447
Extension,177641.794,177681.794
CommandExecution,177684.942,177684.942
Reasoning,177688.292,177691.306
AgentMessage,177691.309,177692.262
Extension,177692.434,177732.436
CommandExecution,177736.049,177736.049
AgentMessage,177739.612,177740.992
Reasoning,177747.922,177764.692
AgentMessage,177764.702,177765.512
CommandExecution,177765.988,177765.988
Extension,177769.349,177809.349
CommandExecution,177813.741,177813.741
Reasoning,177819.204,177827.152
AgentMessage,177827.155,177828.007
Extension,177828.444,177868.445
CommandExecution,177876.696,177876.696
Reasoning,177880.632,177882.128
AgentMessage,177882.146,177882.984
Extension,177883.374,177923.374
CommandExecution,177927.491,177927.492
AgentMessage,177932.112,177933.334
Reasoning,177938.828,177953.982
AgentMessage,177954.027,177954.842
CommandExecution,177955.421,177955.421
Extension,177961.674,178001.675
CommandExecution,178005.813,178005.813
Reasoning,178010.721,178027.717
Reasoning,178027.72,178046.047
Reasoning,178046.05,178050.932
AgentMessage,178050.933,178051.727
Extension,178051.979,178091.981
CommandExecution,178103.279,178103.279
Reasoning,178105.582,178106.682
AgentMessage,178106.696,178109.648
Reasoning,178114.662,178133.612
AgentMessage,178133.622,178134.558
CommandExecution,178135.107,178135.107
Extension,178139.184,178179.185
CommandExecution,178182.543,178182.543
Reasoning,178187.327,178189.457
AgentMessage,178189.459,178190.347
Extension,178190.66,178230.66
CommandExecution,178235.366,178235.366
Reasoning,178239.049,178244.262
AgentMessage,178244.266,178244.927
Extension,178245.206,178285.207
CommandExecution,178294.742,178294.742
AgentMessage,178298.367,178299.667
Reasoning,178304.116,178308.482
AgentMessage,178308.485,178309.214
CommandExecution,178310.264,178310.265
ContextCompaction,178310.36,178528.721
Reasoning,178532.297,178533.651
AgentMessage,178533.656,178535.077
CommandExecution,178538.675,178538.675
CommandExecution,178538.682,178538.682
Reasoning,178540.292,178541.032
CommandExecution,178546.982,178546.982
CommandExecution,178546.995,178546.996
CommandExecution,178547.036,178547.036
Reasoning,178548.637,178555.212
CommandExecution,178560.034,178560.034
CommandExecution,178560.048,178560.048
CommandExecution,178560.056,178560.056
Reasoning,178561.893,178573.19
AgentMessage,178573.196,178575.527
CommandExecution,178579.801,178579.801
Reasoning,178581.331,178592.427
CommandExecution,178595.305,178595.305
CommandExecution,178600.386,178600.386
Reasoning,178601.903,178604.197
CommandExecution,178608.238,178608.238
Reasoning,178611.386,178620.664
Extension,178620.984,178670.986
CommandExecution,178673.875,178673.875
Reasoning,178676.216,178691.762
Reasoning,178691.765,178694.267
AgentMessage,178694.269,178696.097
Reasoning,178698.391,178699.156
AgentMessage,178699.166,178700.512
CommandExecution,178701.367,178701.367
Reasoning,178704.672,178707.356
CommandExecution,178709.597,178709.598
Reasoning,178711.195,178713.968
CommandExecution,178715.884,178715.884
Reasoning,178719.844,178726.732
CommandExecution,178728.081,178728.081
Reasoning,178734.807,178746.737
AgentMessage,178746.743,178748.432
Reasoning,178818.567,178835.587
Reasoning,178835.59,178844.032
CommandExecution,178871.12,178871.121
Reasoning,178872.382,178874.942
CommandExecution,178878.035,178878.036
CommandExecution,178878.175,178878.175
Reasoning,178881.812,178897.502
CommandExecution,178899.981,178899.982
Reasoning,178901.998,178909.142
Extension,178909.31,178959.312
CommandExecution,178963.1,178963.1
CommandExecution,178963.15,178963.151
Reasoning,178964.887,178980.462
Reasoning,178980.465,178995.974
Reasoning,178996.001,179006.452
AgentMessage,179006.456,179008.153
CommandExecution,179019.482,179021.064
Reasoning,179024.652,179025.444
Extension,179025.771,179075.772
CommandExecution,179078.841,179078.841
Reasoning,179083.152,179090.237
AgentMessage,179090.242,179091.962
Reasoning,179095.207,179095.957
AgentMessage,179095.963,179097.337
CommandExecution,179098.244,179098.245
Extension,179100.466,179155.466
CommandExecution,179158.445,179158.445
Reasoning,179160.882,179161.603
AgentMessage,179161.643,179162.938
Extension,179163.245,179218.245
CommandExecution,179224.826,179224.826
Reasoning,179227.593,179237.837
AgentMessage,179237.842,179238.682
Extension,179238.889,179288.891
CommandExecution,179291.931,179291.931
Reasoning,179293.571,179296.066
AgentMessage,179296.069,179297.196
Extension,179297.544,179347.545
CommandExecution,179352.825,179352.825
Reasoning,179360.676,179363.046
AgentMessage,179363.05,179364.146
Extension,179364.485,179414.486
CommandExecution,179416.917,179416.917
Reasoning,179418.546,179435.59
Reasoning,179435.594,179441.397
AgentMessage,179441.4,179442.746
Extension,179442.823,179492.824
CommandExecution,179496.746,179496.746
Reasoning,179498.685,179514.232
Reasoning,179514.235,179527.061
AgentMessage,179527.064,179528.707
Extension,179529.043,179579.044
CommandExecution,179583.109,179583.109
Reasoning,179585.075,179591.931
AgentMessage,179591.935,179592.757
Reasoning,179596.035,179598.62
AgentMessage,179598.625,179599.731
CommandExecution,179600.622,179600.623
Extension,179604.92,179654.921
CommandExecution,179657.727,179657.727
Reasoning,179659.332,179679.149
Reasoning,179679.153,179686.22
AgentMessage,179686.222,179687.242
Extension,179687.383,179737.383
CommandExecution,179743.927,179743.928
Reasoning,179745.684,179757.585
AgentMessage,179757.591,179758.66
Extension,179758.993,179808.993
CommandExecution,179811.758,179811.758
Reasoning,179813.38,179829.05
Reasoning,179829.054,179834.41
AgentMessage,179834.413,179835.12
Extension,179835.318,179885.319
CommandExecution,179888.271,179888.271
Reasoning,179889.764,179909.664
Reasoning,179909.668,179927.194
Reasoning,179927.198,179941.53
AgentMessage,179941.534,179942.624
Reasoning,179945.451,179946.719
AgentMessage,179946.726,179947.994
CommandExecution,179948.788,179948.788
Extension,179953.362,180003.363
CommandExecution,180006.663,180006.664
Reasoning,180008.914,180026.729
Reasoning,180026.734,180044.23
Reasoning,180044.233,180061.47
Reasoning,180061.473,180065.034
AgentMessage,180065.037,180065.859
Extension,180066.067,180116.068
CommandExecution,180118.787,180118.788
Reasoning,180121.644,180134.184
AgentMessage,180134.19,180135.196
Extension,180135.557,180185.559
CommandExecution,180190.686,180190.686
Reasoning,180192.844,180194.714
AgentMessage,180194.724,180195.444
Extension,180195.809,180245.809
CommandExecution,180248.804,180248.804
Reasoning,180252.054,180267.611
Reasoning,180267.615,180282.569
AgentMessage,180282.573,180283.769
Extension,180283.946,180333.947
CommandExecution,180336.793,180336.793
Reasoning,180338.314,180354.064
CommandExecution,180360.108,180361.472
Reasoning,180362.986,180377.814
AgentMessage,180377.824,180379.289
Extension,180379.577,180429.578
CommandExecution,180437.397,180437.397
Reasoning,180439.179,180440.349
AgentMessage,180440.359,180441.399
Extension,180441.767,180491.768
CommandExecution,180494.817,180494.817
Reasoning,180499.019,180509.599
AgentMessage,180509.603,180510.594
Extension,180510.697,180560.698
CommandExecution,180564.256,180564.257
Reasoning,180566.01,180582.639
Reasoning,180582.642,180594.004
AgentMessage,180594.007,180595.064
Extension,180595.232,180645.234
CommandExecution,180647.925,180647.925
Reasoning,180650.563,180666.138
Reasoning,180666.141,180685.149
Reasoning,180685.152,180701.734
Reasoning,180701.737,180709.084
AgentMessage,180709.089,180710.089
Extension,180710.461,180760.463
CommandExecution,180769.702,180769.703
Reasoning,180772.303,180773.694
AgentMessage,180773.697,180774.759
Extension,180775.132,180825.133
CommandExecution,180828.378,180828.378
Reasoning,180832.323,180833.453
AgentMessage,180833.464,180834.734
Extension,180835.167,180885.167
CommandExecution,180888.658,180888.659
Reasoning,180893.603,180910.924
Reasoning,180910.927,180916.599
AgentMessage,180916.601,180916.929
Extension,180917.247,180967.248
CommandExecution,180971.684,180971.684
Reasoning,180974.673,180996.474
Reasoning,180996.477,181007.845
AgentMessage,181007.848,181008.599
Extension,181008.871,181058.872
CommandExecution,181064.551,181064.551
Reasoning,181067.099,181067.887
AgentMessage,181067.889,181069.754
Extension,181070.296,181120.297
CommandExecution,181126.08,181126.08
Reasoning,181129.688,181147.583
Reasoning,181147.587,181163.819
AgentMessage,181163.822,181164.989
Extension,181165.091,181215.091
CommandExecution,181218.59,181218.59
Reasoning,181221.578,181223.635
AgentMessage,181223.639,181223.998
Extension,181224.377,181274.378
CommandExecution,181279.439,181279.439
Reasoning,181283.188,181304.854
Reasoning,181304.858,181311.869
AgentMessage,181311.873,181311.878
Extension,181311.882,181361.883
CommandExecution,181377.399,181377.399
Reasoning,181379.404,181380.149
CommandExecution,181394.264,181394.264
CommandExecution,181394.447,181395.862
Reasoning,181397.724,181399.494
AgentMessage,181399.497,181400.934
CommandExecution,181406.069,181406.069
Reasoning,181409.534,181432.949
Reasoning,181432.959,181449.559
Reasoning,181449.563,181453.41
AgentMessage,181453.413,181456.255
CommandExecution,181459.487,181460.463
CommandExecution,181460.512,181460.513
Reasoning,181463.306,181477.135
CommandExecution,181487.019,181487.019
Reasoning,181491.779,181507.319
Reasoning,181507.322,181522.85
Reasoning,181522.854,181538.586
Reasoning,181538.589,181556.855
Reasoning,181556.859,181581.806
Reasoning,181581.81,181592.51
AgentMessage,181592.513,181593.875
CommandExecution,181595.39,181595.39
Reasoning,181600.106,181600.86
CommandExecution,181605.027,181605.028
Reasoning,181608.859,181614.169
CommandExecution,181617.224,181617.224
Reasoning,181619.58,181635.13
Reasoning,181635.132,181660.925
Reasoning,181660.928,181670.189
Reasoning,181670.192,181684.594
CommandExecution,181735.777,181736.744
Reasoning,181739.335,181759.311
Reasoning,181759.314,181772.531
Reasoning,181772.534,181790.384
CommandExecution,181838.943,181838.944
Reasoning,181842.55,181858.951
Reasoning,181858.954,181875.57
AgentMessage,181875.574,181877.565
CommandExecution,181942.678,181942.679
Reasoning,181945.255,181961.636
Reasoning,181961.651,181978.926
Reasoning,181978.938,181994.296
Reasoning,181994.3,182004.361
CommandExecution,182048.751,182048.751
Reasoning,182054.746,182059.766
CommandExecution,182059.915,182059.915
Reasoning,182063.14,182080.461
Reasoning,182127.621,182129.396
CommandExecution,182133.121,182133.121
Reasoning,182137.065,182150.391
Reasoning,182212.427,182223.486
CommandExecution,182224.63,182224.63
Reasoning,182229.976,182244.041
CommandExecution,182258.473,182260.959
Reasoning,182264.706,182269.036
CommandExecution,182311.087,182311.087
CommandExecution,182311.167,182311.168
Reasoning,182313.337,182329.536
Reasoning,182329.54,182337.722
CommandExecution,182347.911,182347.912
CommandExecution,182347.998,182347.999
Reasoning,182351.212,182366.976
CommandExecution,182378.995,182378.995
CommandExecution,182379.168,182381.348
Reasoning,182382.036,182398.627
Reasoning,182398.63,182414.198
AgentMessage,182414.202,182416.111
CommandExecution,182436.837,182436.838
CommandExecution,182435.663,182437.916
Reasoning,182441.173,182441.798
CommandExecution,182443.939,182443.94
Reasoning,182447.311,182450.534
CommandExecution,182455.504,182455.504
Reasoning,182458.626,182475.147
CommandExecution,182485.052,182485.052
CommandExecution,182485.237,182485.237
Reasoning,182489.112,182507.816
Reasoning,182507.819,182522.827
Reasoning,182522.83,182532.087
CommandExecution,182550.98,182550.981
CommandExecution,182551.154,182552.785
CommandExecution,182552.957,182554.094
Reasoning,182558.137,182573.647
Reasoning,182573.65,182589.207
Reasoning,182589.211,182602.107
CommandExecution,182622.68,182622.681
Reasoning,182625.156,182632.716
CommandExecution,182642.282,182642.282
Reasoning,182646.581,182667.006
AgentMessage,182667.016,182668.156
CommandExecution,182674.468,182674.468
CommandExecution,182674.517,182674.518
Reasoning,182679.991,182692.416
CommandExecution,182698.889,182698.89
Reasoning,182702.756,182704.102
CommandExecution,182709.444,182709.445
Reasoning,182713.101,182729.836
Reasoning,182729.839,182747.681
Reasoning,182747.684,182767.662
Reasoning,182767.664,182782.807
Reasoning,182782.81,182798.443
Reasoning,182798.446,182813.586
Reasoning,182813.59,182827.593
Reasoning,182827.596,182844.442
Reasoning,182844.445,182847.526
CommandExecution,182930.263,182930.264
CommandExecution,182930.334,182930.334
Reasoning,182932.971,182951.627
CommandExecution,182968.368,182968.368
Reasoning,182976.946,182979.146
CommandExecution,182982.592,182982.84
CommandExecution,182983.014,182986.045
Reasoning,182990.162,183008.086
Reasoning,183008.089,183023.926
Reasoning,183023.93,183040.662
Reasoning,183088.696,183105.401
Reasoning,183105.404,183121.582
Reasoning,183121.592,183126.031
AgentMessage,183126.033,183127.496
CommandExecution,183133.738,183133.739
CommandExecution,183132.629,183136.213
CommandExecution,183132.638,183140.718
Reasoning,183135.841,183146.346
CommandExecution,183150.104,183150.105
Reasoning,183153.901,183156.071
CommandExecution,183162.876,183162.877
Reasoning,183166.116,183183.422
Reasoning,183183.425,183200.471
Reasoning,183200.475,183212.421
AgentMessage,183212.425,183213.501
CommandExecution,183229.242,183229.242
CommandExecution,183229.418,183232.474
Reasoning,183232.566,183248.163
Reasoning,183248.166,183264.102
Reasoning,183264.105,183281.902
Reasoning,183281.905,183300.187
Reasoning,183300.19,183319.916
Reasoning,183319.919,183337.411
Reasoning,183337.415,183342.666
CommandExecution,183350.528,183350.813
CommandExecution,183350.986,183352.432
Reasoning,183355.001,183365.046
CommandExecution,183377.738,183378.374
CommandExecution,183376.556,183380.369
CommandExecution,183376.539,183384.996
Reasoning,183381.996,183396.18
CommandExecution,183403.0,183403.0
CommandExecution,183403.135,183403.906
Reasoning,183407.745,183421.756
CommandExecution,183428.203,183428.203
CommandExecution,183428.272,183428.272
Reasoning,183432.382,183449.167
Reasoning,183449.17,183467.101
Reasoning,183467.104,183480.836
Reasoning,183480.839,183499.595
Reasoning,183499.605,183513.035
Reasoning,183513.038,183528.01
CommandExecution,183546.612,183546.612
Reasoning,183551.835,183565.011
AgentMessage,183565.03,183566.01
CommandExecution,183570.691,183572.586
Reasoning,183576.78,183592.53
Reasoning,183592.534,183610.262
Reasoning,183610.265,183625.935
McpToolCall,183632.379,183641.065
Reasoning,183646.285,183661.871
Reasoning,183661.881,183681.465
McpToolCall,183691.255,183691.835
CommandExecution,183692.01,183695.288
Reasoning,183703.075,183717.94
CommandExecution,183725.002,183725.003
CommandExecution,183641.242,183852.725
ContextCompaction,183725.01,183949.346
Reasoning,183952.404,183952.934
AgentMessage,183952.944,183954.509
CommandExecution,183962.683,183962.684
CommandExecution,183975.296,183975.304
CommandExecution,183975.28,183975.306
CommandExecution,183975.411,183975.411
CommandExecution,183975.411,183975.413
Reasoning,183978.814,183979.659
CommandExecution,183987.315,183987.315
CommandExecution,183987.315,183987.315
CommandExecution,183987.329,183987.329
Reasoning,183988.909,183990.404
CommandExecution,183997.56,183997.561
Reasoning,184000.979,184003.019
AgentMessage,184003.022,184007.709
McpToolCall,184015.526,184018.164
CommandExecution,184014.516,184018.722
Reasoning,184020.269,184021.134
CommandExecution,184030.926,184030.926
CommandExecution,183997.735,184033.937
McpToolCall,184033.943,184034.654
Reasoning,184039.07,184039.834
CommandExecution,184057.755,184057.756
CommandExecution,184057.858,184063.711
Reasoning,184060.609,184063.826
CommandExecution,184056.656,184069.384
CommandExecution,184057.83,184073.95
CommandExecution,184074.288,184074.288
CommandExecution,184074.321,184074.321
McpToolCall,184074.33,184074.814
Reasoning,184076.39,184077.725
CommandExecution,184088.549,184088.55
CommandExecution,184057.838,184090.069
Reasoning,184091.2,184092.829
AgentMessage,184092.831,184094.689
McpToolCall,184106.349,184106.424
Reasoning,184111.009,184111.954
McpToolCall,184123.293,184124.035
CommandExecution,184124.088,184124.088
Reasoning,184127.984,184130.83
McpToolCall,184144.905,184145.475
McpToolCall,184145.489,184145.85
McpToolCall,184145.854,184146.319
McpToolCall,184146.324,184146.739
McpToolCall,184146.744,184147.13
Reasoning,184149.919,184152.004
CommandExecution,184174.399,184175.05
CommandExecution,184174.378,184182.844
CommandExecution,184174.36,184186.432
Reasoning,184178.619,184194.964
Reasoning,184194.966,184201.359
CommandExecution,184206.621,184206.621
Reasoning,184210.528,184215.069
CommandExecution,184288.051,184288.051
Reasoning,184291.889,184295.62
CommandExecution,184174.34,184325.56
CommandExecution,184361.135,184361.136
Reasoning,184366.223,184371.989
AgentMessage,184371.999,184373.744
CommandExecution,184380.999,184380.999
CommandExecution,184381.03,184381.392
Reasoning,184390.334,184395.918
CommandExecution,184464.282,184464.282
Reasoning,184467.684,184474.373
CommandExecution,184482.836,184482.836
Reasoning,184484.748,184500.345
Reasoning,184500.349,184501.02
AgentMessage,184501.022,184503.339
CommandExecution,184508.302,184508.303
Reasoning,184510.364,184516.054
CommandExecution,184521.694,184521.694
Reasoning,184524.973,184537.103
CommandExecution,184555.728,184555.728
Reasoning,184557.984,184561.786
CommandExecution,184585.477,184585.477
CommandExecution,184585.629,184585.629
Reasoning,184588.122,184603.654
Reasoning,184603.656,184604.466
AgentMessage,184604.468,184606.935
CommandExecution,184622.014,184622.015
Reasoning,184623.948,184627.788
CommandExecution,184636.783,184636.784
CommandExecution,184635.713,184637.205
Reasoning,184643.313,184655.52
CommandExecution,184659.272,184659.272
CommandExecution,184659.331,184659.332
Reasoning,184661.543,184663.013
Extension,184663.327,184713.329
Reasoning,184717.668,184718.933
AgentMessage,184718.943,184720.393
CommandExecution,184735.535,184735.536
Reasoning,184748.185,184763.145
CommandExecution,184769.076,184769.077
Reasoning,184773.099,184792.693
CommandExecution,184830.854,184830.854
Reasoning,184835.495,184844.672
AgentMessage,184844.675,184846.958
CommandExecution,184861.075,184861.075
Reasoning,184865.17,184878.773
CommandExecution,184147.311,184907.153
Extension,184879.108,184929.108
Reasoning,184931.743,184932.31
CommandExecution,184935.718,184935.719
Reasoning,184943.708,184945.149
AgentMessage,184945.159,184946.658
CommandExecution,184953.096,184953.097
CommandExecution,184953.165,184953.166
Reasoning,184960.442,184975.825
Reasoning,184975.828,184984.233
Extension,184984.5,185034.501
Reasoning,185036.753,185040.631
AgentMessage,185040.638,185042.273
CommandExecution,185051.856,185051.856
Reasoning,185056.242,185073.953
Reasoning,185073.956,185081.329
CommandExecution,184463.212,185090.326
Extension,185081.416,185131.417
Reasoning,185133.424,185135.388
AgentMessage,185135.393,185136.728
Reasoning,185142.433,185143.738
CommandExecution,185144.934,185145.64
Reasoning,185150.808,185156.573
AgentMessage,185156.577,185158.113
CommandExecution,185195.156,185195.156
CommandExecution,185195.25,185195.25
Reasoning,185198.688,185201.948
CommandExecution,185212.725,185212.726
Reasoning,185214.508,185223.623
CommandExecution,185228.865,185228.865
Reasoning,185230.193,185237.565
CommandExecution,185239.511,185241.225
Reasoning,185244.203,185249.545
CommandExecution,185258.708,185258.708
CommandExecution,185258.729,185258.729
CommandExecution,185258.769,185258.769
Reasoning,185261.201,185267.933
AgentMessage,185267.937,185270.905
Reasoning,185277.684,185293.428
AgentMessage,185293.437,185294.739
CommandExecution,185298.195,185298.195
CommandExecution,185298.244,185298.244
Reasoning,185300.384,185301.884
CommandExecution,185308.881,185308.882
CommandExecution,185308.901,185308.901
CommandExecution,185308.915,185308.915
Reasoning,185311.049,185315.933
CommandExecution,185328.069,185328.07
CommandExecution,185328.069,185328.07
CommandExecution,185328.088,185328.088
Reasoning,185331.159,185349.309
Reasoning,185349.311,185367.038
Reasoning,185367.041,185382.183
AgentMessage,185382.186,185383.753
CommandExecution,185387.861,185387.861
CommandExecution,185387.914,185387.914
Reasoning,185390.758,185406.298
Reasoning,185406.301,185422.105
Reasoning,185422.108,185428.223
CommandExecution,185452.924,185454.595
Reasoning,185456.573,185473.375
CommandExecution,185476.715,185476.715
Reasoning,185480.583,185481.418
CommandExecution,185485.734,185485.735
Reasoning,185492.948,185493.778
CommandExecution,185496.275,185496.275
Reasoning,185498.008,185513.591
Reasoning,185513.594,185524.783
CommandExecution,185596.75,185597.085
Reasoning,185601.508,185602.112
CommandExecution,185603.659,185603.659
Reasoning,185610.208,185621.383
AgentMessage,185621.386,185622.923
CommandExecution,185629.217,185629.218
Reasoning,185632.487,185633.596
CommandExecution,185638.979,185638.981
Reasoning,185647.658,185663.37
CommandExecution,185683.844,185683.844
CommandExecution,185684.03,185684.58
Reasoning,185688.588,185689.418
CommandExecution,185696.068,185696.068
Reasoning,185697.893,185714.408
Reasoning,185714.411,185731.204
Reasoning,185731.207,185746.158
Reasoning,185746.163,185761.145
Reasoning,185761.148,185775.909
Reasoning,185775.912,185792.583
Reasoning,185792.586,185803.683
AgentMessage,185803.686,185806.018
CommandExecution,185850.908,185851.728
Reasoning,185855.568,185856.135
Reasoning,185863.663,185879.842
Reasoning,185879.845,185891.113
CommandExecution,185911.705,185912.548
Reasoning,185916.002,185917.233
CommandExecution,185920.926,185920.927
Reasoning,185923.917,185939.298
CommandExecution,185941.158,185941.159
Reasoning,185943.412,185959.733
Reasoning,185959.736,185977.568
Reasoning,185977.581,185988.708
CommandExecution,186064.383,186064.383
Reasoning,186066.812,186082.368
Reasoning,186082.371,186097.979
Reasoning,186097.982,186099.729
CommandExecution,186139.39,186139.39
CommandExecution,186139.574,186140.423
Reasoning,186142.348,186148.642
CommandExecution,186159.852,186159.947
Reasoning,186164.302,186167.648
AgentMessage,186167.652,186169.973
CommandExecution,186181.089,186181.089
CommandExecution,186181.216,186184.58
Reasoning,186191.43,186207.75
Reasoning,186207.754,186222.512
Reasoning,186222.516,186231.308
CommandExecution,186237.497,186237.498
CommandExecution,186236.442,186237.774
Reasoning,186239.852,186255.378
Reasoning,186255.382,186263.428
CommandExecution,186306.295,186308.76
CommandExecution,186306.272,186311.64
Reasoning,186309.732,186325.278
Reasoning,186325.281,186340.769
CommandExecution,186349.254,186350.709
Reasoning,186355.438,186356.156
CommandExecution,186357.997,186357.998
Reasoning,186360.457,186361.302
CommandExecution,186364.062,186364.062
Reasoning,186367.692,186376.857
AgentMessage,186376.861,186378.472
CommandExecution,186384.237,186385.68
Reasoning,186387.107,186398.578
CommandExecution,186408.214,186408.214
CommandExecution,186407.018,186410.533
CommandExecution,186407.042,186415.175
Reasoning,186411.997,186427.787
Reasoning,186427.791,186434.048
CommandExecution,186439.473,186439.474
Reasoning,186442.092,186442.887
CommandExecution,186448.654,186448.655
Reasoning,186455.212,186471.078
Reasoning,186471.081,186486.293
Reasoning,186486.297,186501.848
AgentMessage,186501.851,186503.603
CommandExecution,186504.825,186504.825
Reasoning,186508.539,186524.123
Reasoning,186524.126,186539.733
Reasoning,186539.736,186553.408
CommandExecution,186574.948,186575.893
Reasoning,186577.505,186578.052
Reasoning,186584.492,186600.033
Reasoning,186600.036,186615.542
CommandExecution,186643.435,186645.433
CommandExecution,186644.615,186645.701
Reasoning,186648.032,186663.722
Reasoning,186663.725,186668.392
CommandExecution,186687.183,186687.184
CommandExecution,186687.369,186687.401
CommandExecution,186686.072,186689.748
CommandExecution,186686.096,186694.354
Reasoning,186692.482,186708.052
Reasoning,186708.056,186723.557
Reasoning,186723.561,186726.669
CommandExecution,186755.566,186755.566
CommandExecution,186755.756,186757.087
Reasoning,186759.876,186773.562
AgentMessage,186773.567,186775.672
CommandExecution,186779.599,186779.6
Reasoning,186784.627,186800.152
Reasoning,186800.156,186815.902
CommandExecution,186850.546,186850.546
Reasoning,186854.622,186870.182
Reasoning,186870.185,186879.108
CommandExecution,186887.714,186887.714
Reasoning,186890.492,186906.038
Reasoning,186906.048,186921.551
Reasoning,186921.554,186929.378
CommandExecution,186946.433,186946.433
CommandExecution,186945.339,186946.781
Reasoning,186949.332,186964.838
Reasoning,186964.841,186974.457
CommandExecution,186984.529,186985.098
CommandExecution,186983.339,186985.235
CommandExecution,186984.518,186985.299
Reasoning,186988.798,187004.354
Reasoning,187004.357,187008.997
CommandExecution,187026.333,187027.353
CommandExecution,187028.705,187031.259
Reasoning,187032.822,187036.057
AgentMessage,187036.062,187037.978
CommandExecution,187047.675,187047.676
Reasoning,187050.807,187066.328
Reasoning,187066.332,187073.352
CommandExecution,187080.601,187080.602
CommandExecution,187080.769,187080.769
Reasoning,187090.373,187106.076
CommandExecution,187080.947,187116.336
Reasoning,187106.078,187121.452
Reasoning,187121.456,187137.197
CommandExecution,187141.602,187141.603
Reasoning,187150.917,187167.899
AgentMessage,187167.904,187169.147
CommandExecution,187179.123,187184.856
CommandExecution,187179.135,187188.272
CommandExecution,187177.938,187191.218
Reasoning,187191.582,187208.82
CommandExecution,187179.126,187212.886
Reasoning,187208.827,187223.387
Reasoning,187223.39,187239.167
Reasoning,187239.17,187249.657
CommandExecution,187027.529,187250.69
CommandExecution,187254.927,187254.927
Reasoning,187258.397,187273.959
Reasoning,187273.962,187286.622
CommandExecution,187294.315,187294.316
CommandExecution,187294.496,187299.018
Reasoning,187297.218,187313.642
Reasoning,187313.665,187326.277
AgentMessage,187326.287,187327.038
CommandExecution,187329.724,187329.724
McpToolCall,187329.733,187332.397
ContextCompaction,187332.406,187558.141
Reasoning,187561.681,187562.201
AgentMessage,187562.206,187563.587
CommandExecution,187569.034,187569.034
CommandExecution,187569.034,187569.034
CommandExecution,187569.047,187569.047
CommandExecution,187581.317,187581.318
CommandExecution,187581.349,187581.349
CommandExecution,187581.407,187581.407
McpToolCall,187581.414,187582.457
Reasoning,187584.387,187585.461
CommandExecution,187591.684,187591.684
CommandExecution,187591.701,187591.702
Reasoning,187596.266,187598.026
AgentMessage,187598.041,187600.272
CommandExecution,187614.776,187622.349
CommandExecution,187614.717,187626.268
McpToolCall,187630.154,187630.612
McpToolCall,187630.618,187631.097
McpToolCall,187631.103,187631.501
McpToolCall,187631.508,187631.971
McpToolCall,187631.976,187632.507
CommandExecution,187632.701,187633.011
Reasoning,187637.141,187640.417
CommandExecution,187647.266,187647.28
CommandExecution,187647.266,187647.28
CommandExecution,187647.305,187647.306
Reasoning,187650.506,187651.628
CommandExecution,187669.715,187670.091
Reasoning,187671.892,187677.821
AgentMessage,187677.826,187680.537
CommandExecution,187691.721,187691.722
CommandExecution,187691.759,187691.759
CommandExecution,187691.761,187691.762
Reasoning,187693.991,187709.969
CommandExecution,187717.35,187717.351
CommandExecution,187717.35,187717.351
CommandExecution,187717.482,187717.482
Reasoning,187726.969,187735.978
CommandExecution,187740.237,187740.238
Reasoning,187746.141,187749.506
CommandExecution,187754.541,187754.541
Reasoning,187757.382,187757.756
CommandExecution,187766.547,187766.547
Reasoning,187768.774,187769.448
AgentMessage,187769.45,187771.027
CommandExecution,187614.744,187772.866
CommandExecution,187776.624,187776.624
CommandExecution,187776.678,187776.679
Reasoning,187778.611,187779.577
CommandExecution,187782.428,187782.428
Reasoning,187783.886,187784.867
CommandExecution,187788.8,187788.801
Reasoning,187790.177,187791.131
CommandExecution,187795.668,187797.149
Reasoning,187798.067,187813.778
CommandExecution,187817.184,187817.184
Reasoning,187819.291,187821.691
CommandExecution,187871.494,187871.494
Reasoning,187873.227,187890.977
CommandExecution,187893.359,187893.36
Reasoning,187895.406,187911.522
CommandExecution,187917.556,187917.556
Reasoning,187919.806,187927.287
AgentMessage,187927.29,187929.631
CommandExecution,187938.169,187938.169
Reasoning,187944.982,187945.901
Extension,187946.249,187996.25
Reasoning,188002.543,188013.286
CommandExecution,188023.327,188023.328
Reasoning,188024.921,188040.157
AgentMessage,188040.166,188041.711
CommandExecution,188049.602,188049.602
Reasoning,188060.187,188075.916
Extension,188076.239,188126.241
Reasoning,188127.881,188143.833
AgentMessage,188143.836,188145.156
Reasoning,188184.072,188184.886
Reasoning,188201.832,188211.181
CommandExecution,188213.124,188213.124
Reasoning,188214.479,188215.364
CommandExecution,188217.679,188217.679
Reasoning,188219.189,188229.491
Reasoning,188242.84,188243.731
CommandExecution,188246.516,188246.517
Reasoning,188248.886,188251.123
CommandExecution,188256.028,188256.028
Reasoning,188257.981,188261.327
AgentMessage,188261.331,188262.872
CommandExecution,187614.692,188273.9
Reasoning,188317.178,188318.401
CommandExecution,188321.048,188321.048
Reasoning,188328.196,188336.271
AgentMessage,188336.276,188337.881
Reasoning,188392.706,188402.199
CommandExecution,188404.787,188404.788
Reasoning,188408.404,188411.701
AgentMessage,188411.706,188413.271
CommandExecution,187614.67,188451.185
CommandExecution,188456.43,188457.129
CommandExecution,188457.26,188457.261
Reasoning,188459.161,188472.806
AgentMessage,188472.816,188473.601
CommandExecution,188519.486,188519.486
Reasoning,188521.626,188531.561
CommandExecution,188542.269,188542.269
Reasoning,188545.576,188547.486
CommandExecution,188549.086,188550.802
Reasoning,188552.056,188556.542
CommandExecution,188560.473,188560.473
AgentMessage,188563.842,188566.926
Reasoning,188568.871,188584.436
AgentMessage,188584.441,188585.896
CommandExecution,188590.636,188590.636
CommandExecution,188590.663,188590.663
CommandExecution,188590.691,188590.691
Reasoning,188592.466,188608.196
CommandExecution,188617.504,188617.504
CommandExecution,188617.557,188617.558
Reasoning,188619.306,188634.091
CommandExecution,188640.314,188640.314
Reasoning,188642.05,188652.281
AgentMessage,188652.331,188654.267
CommandExecution,188658.045,188658.045
Reasoning,188660.336,188666.086
CommandExecution,188669.523,188669.523
Reasoning,188671.741,188687.461
CommandExecution,188690.038,188690.038
Reasoning,188692.756,188708.486
CommandExecution,188733.968,188733.969
CommandExecution,188734.064,188734.065
Reasoning,188735.791,188748.361
CommandExecution,188755.463,188755.463
CommandExecution,188754.353,188757.341
Reasoning,188760.236,188776.731
CommandExecution,188797.272,188797.272
Reasoning,188807.336,188808.221
CommandExecution,188818.485,188819.094
CommandExecution,188817.308,188819.593
CommandExecution,188817.289,188824.352
Reasoning,188822.38,188826.805
CommandExecution,188833.545,188833.545
Reasoning,188835.515,188851.227
CommandExecution,188874.049,188874.377
CommandExecution,188874.447,188874.447
Reasoning,188878.011,188879.261
CommandExecution,188881.22,188882.367
Reasoning,188883.931,188889.891
AgentMessage,188889.915,188891.741
CommandExecution,188903.674,188904.585
Reasoning,188906.116,188913.806
Reasoning,188925.766,188943.206
CommandExecution,188945.873,188945.873
CommandExecution,188918.377,188956.449
Reasoning,188953.03,188968.736
CommandExecution,188973.747,188973.748
Reasoning,188980.442,188983.686
CommandExecution,188995.597,188999.487
CommandExecution,188995.625,189004.002
CommandExecution,188995.558,189008.72
Reasoning,188998.986,189011.536
AgentMessage,189011.54,189013.04
CommandExecution,188995.577,189029.282
CommandExecution,189071.867,189071.867
Reasoning,189075.699,189091.399
Reasoning,189106.677,189120.24
CommandExecution,189123.426,189123.427
CommandExecution,188903.655,189125.686
Reasoning,189126.945,189137.991
AgentMessage,189138.0,189139.65
CommandExecution,189154.967,189154.967
CommandExecution,189155.145,189156.202
Reasoning,189157.625,189158.304
CommandExecution,189162.293,189162.293
Reasoning,189164.53,189180.066
AgentMessage,189180.07,189181.67
CommandExecution,189201.677,189205.116
CommandExecution,189201.637,189205.837
CommandExecution,189201.656,189211.026
Reasoning,189204.18,189211.281
CommandExecution,189219.639,189219.64
CommandExecution,189219.719,189219.719
McpToolCall,189219.725,189220.596
Reasoning,189222.77,189228.164
CommandExecution,189232.756,189232.757
Reasoning,189234.71,189251.367
McpToolCall,189257.011,189258.26
CommandExecution,189258.328,189258.328
Reasoning,189261.045,189276.976
Reasoning,189276.979,189293.496
CommandExecution,189298.118,189298.119
McpToolCall,189298.127,189299.646
Reasoning,189301.22,189314.88
CommandExecution,189322.539,189322.54
CommandExecution,189322.596,189322.596
Reasoning,189325.107,189326.285
AgentMessage,189326.287,189328.176
CommandExecution,189330.8,189330.801
Reasoning,189334.807,189335.745
CommandExecution,189345.08,189345.08
McpToolCall,189345.088,189345.696
Reasoning,189355.975,189371.5
Reasoning,189371.503,189374.475
CommandExecution,189388.032,189396.351
CommandExecution,189387.967,189399.318
Reasoning,189390.756,189406.3
Reasoning,189406.302,189422.015
Reasoning,189425.795,189427.965
AgentMessage,189427.966,189429.755
CommandExecution,189447.338,189447.339
Reasoning,189450.44,189466.171
McpToolCall,189479.083,189480.135
McpToolCall,189480.141,189480.582
McpToolCall,189480.587,189480.986
McpToolCall,189480.991,189481.4
McpToolCall,189481.405,189481.852
McpToolCall,189481.857,189482.191
CommandExecution,189482.376,189482.755
Reasoning,189484.641,189489.275
CommandExecution,189495.109,189495.109
Reasoning,189497.501,189501.882
CommandExecution,189507.854,189507.854
CommandExecution,189387.986,189518.373
Reasoning,189510.456,189527.179
Reasoning,189527.189,189542.452
AgentMessage,189542.454,189543.827
CommandExecution,189388.006,189547.795
CommandExecution,189561.742,189561.742
CommandExecution,189560.665,189564.376
Reasoning,189564.182,189571.818
CommandExecution,189574.502,189574.503
Reasoning,189576.65,189591.648
CommandExecution,189593.711,189593.712
Reasoning,189596.013,189611.833
CommandExecution,189631.239,189641.755
Reasoning,189635.162,189647.923
CommandExecution,189651.073,189651.073
Reasoning,189653.383,189671.94
Reasoning,189671.943,189684.879
AgentMessage,189684.881,189686.264
CommandExecution,189693.284,189693.285
CommandExecution,189693.46,189693.854
Reasoning,189696.251,189711.799
Reasoning,189711.802,189724.214
CommandExecution,189762.781,189769.108
CommandExecution,189762.8,189770.316
Reasoning,189766.069,189782.464
CommandExecution,189785.973,189785.973
Reasoning,189789.049,189804.595
Reasoning,189804.61,189819.5
CommandExecution,189820.934,189820.934
Reasoning,189827.535,189843.381
CommandExecution,189855.96,189862.732
CommandExecution,189855.937,189862.741
CommandExecution,189856.005,189863.057
CommandExecution,189855.98,189863.955
Reasoning,189859.165,189870.591
AgentMessage,189870.594,189872.425
CommandExecution,189884.063,189884.063
CommandExecution,189884.135,189884.135
Reasoning,189886.48,189888.731
CommandExecution,189894.506,189894.506
Reasoning,189899.125,189914.635
Reasoning,189914.638,189931.767
Reasoning,189931.77,189932.941
CommandExecution,189953.997,189953.997
Reasoning,189956.577,189969.691
CommandExecution,189978.156,189979.698
Reasoning,189983.292,189999.018
Reasoning,189999.021,190012.716
AgentMessage,190012.719,190015.081
Reasoning,190070.715,190079.792
CommandExecution,190083.199,190083.199
Reasoning,190085.932,190101.514
Reasoning,190101.517,190117.052
Reasoning,190117.055,190123.132
AgentMessage,190123.138,190125.591
CommandExecution,190136.822,190136.822
CommandExecution,190135.749,190138.68
Reasoning,190138.829,190154.539
Reasoning,190154.542,190170.173
CommandExecution,190187.558,190189.738
CommandExecution,189387.948,190191.201
Reasoning,190193.392,190204.687
CommandExecution,190214.113,190215.105
Reasoning,190223.937,190239.547
Reasoning,190239.553,190254.848
CommandExecution,190256.635,190256.635
CommandExecution,190256.723,190256.723
Reasoning,190260.523,190276.278
AgentMessage,190276.281,190278.695
CommandExecution,190284.82,190288.069
CommandExecution,190286.003,190288.336
Reasoning,190290.228,190311.108
Reasoning,190311.113,190326.869
CommandExecution,190332.858,190333.599
CommandExecution,190331.685,190338.018
CommandExecution,190331.666,190338.361
Reasoning,190335.573,190354.903
Reasoning,190354.906,190370.948
CommandExecution,190377.969,190378.259
Reasoning,190381.823,190390.949
CommandExecution,190378.441,190416.246
Reasoning,190405.897,190428.558
Reasoning,190428.561,190444.809
Reasoning,190444.813,190460.948
AgentMessage,190460.952,190462.158
CommandExecution,190464.315,190464.315
Extension,190464.307,190465.615
Reasoning,190468.354,190483.744
Extension,190497.167,190498.514
CommandExecution,190498.692,190506.749
CommandExecution,190498.768,190509.004
CommandExecution,190498.716,190512.414
CommandExecution,190498.741,190533.423
CommandExecution,190394.265,190615.254
ContextCompaction,190499.787,190712.547
Reasoning,190716.184,190716.8
AgentMessage,190716.809,190718.185
CommandExecution,190722.684,190722.684
CommandExecution,190722.696,190722.696
CommandExecution,190732.248,190732.248
CommandExecution,190732.303,190732.303
Reasoning,190741.794,190745.064
CommandExecution,190754.655,190754.655
CommandExecution,190754.656,190754.657
CommandExecution,190754.673,190754.678
Reasoning,190758.584,190759.265
AgentMessage,190759.269,190762.179
CommandExecution,190767.623,190767.624
Extension,190767.621,190768.674
Reasoning,190770.838,190772.949
CommandExecution,190779.381,190779.381
CommandExecution,190779.421,190779.421
Extension,190779.395,190780.585
Reasoning,190782.824,190784.184
CommandExecution,190791.671,190791.671
CommandExecution,190790.618,190794.499
Reasoning,190793.749,190796.269
McpToolCall,190815.393,190816.476
Reasoning,190818.514,190819.799
CommandExecution,190823.462,190823.462
CommandExecution,190823.535,190823.535
Reasoning,190826.548,190830.126
CommandExecution,190842.364,190842.365
CommandExecution,190842.369,190842.37
CommandExecution,190842.456,190842.804
McpToolCall,190842.81,190843.12
Reasoning,190845.678,190848.754
CommandExecution,190854.805,190854.805
CommandExecution,190854.87,190854.87
Reasoning,190857.039,190860.585
CommandExecution,190866.186,190866.187
CommandExecution,190866.199,190866.2
McpToolCall,190866.213,190866.526
Reasoning,190868.386,190874.695
AgentMessage,190874.698,190877.484
CommandExecution,190890.769,190890.769
McpToolCall,190895.782,190896.215
Reasoning,190898.35,190899.37
CommandExecution,190912.796,190924.784
CommandExecution,190912.726,190925.563
Reasoning,190919.322,190925.759
McpToolCall,190945.073,190947.68
McpToolCall,190947.687,190948.143
McpToolCall,190948.149,190948.622
McpToolCall,190948.628,190949.072
McpToolCall,190949.078,190949.475
McpToolCall,190949.481,190949.777
CommandExecution,190949.868,190949.868
Reasoning,190952.81,190954.131
CommandExecution,190212.937,190969.0
CommandExecution,190972.188,190972.188
CommandExecution,190977.379,190978.119
Reasoning,190980.499,190990.846
CommandExecution,190997.461,190997.461
Reasoning,190999.712,191013.546
AgentMessage,191013.55,191015.41
CommandExecution,191036.936,191038.121
CommandExecution,191038.31,191038.601
Reasoning,191041.08,191041.64
CommandExecution,191045.445,191045.906
Reasoning,191052.595,191053.496
CommandExecution,191056.388,191057.85
CommandExecution,191057.988,191057.989
Reasoning,191059.934,191062.632
CommandExecution,191066.276,191066.276
CommandExecution,191066.459,191067.14
Reasoning,191072.567,191075.68
CommandExecution,191086.264,191087.09
CommandExecution,191087.151,191087.151
Reasoning,191089.822,191093.47
CommandExecution,190912.758,191093.946
CommandExecution,191097.096,191097.097
Reasoning,191113.215,191115.67
CommandExecution,191147.558,191148.223
Reasoning,191149.95,191154.63
Reasoning,191190.305,191191.237
CommandExecution,191207.74,191207.74
Reasoning,191195.065,191210.331
Reasoning,191213.84,191214.51
AgentMessage,191217.056,191218.396
CommandExecution,191220.256,191220.462
Reasoning,191223.34,191239.046
CommandExecution,191241.844,191241.844
Reasoning,191243.8,191255.676
Reasoning,191292.993,191301.631
CommandExecution,191308.635,191308.859
Reasoning,191304.77,191314.866
Reasoning,191317.425,191323.122
CommandExecution,191328.075,191328.451
CommandExecution,191328.582,191328.582
Reasoning,191330.06,191345.655
AgentMessage,191345.658,191347.635
CommandExecution,191396.661,191396.943
Reasoning,191399.129,191403.868
CommandExecution,191407.812,191408.441
Reasoning,191440.371,191456.211
Reasoning,191465.631,191473.956
Reasoning,191476.561,191483.736
CommandExecution,191512.127,191512.128
Reasoning,191546.666,191547.861
AgentMessage,191547.876,191549.651
Reasoning,191549.654,191565.177
CommandExecution,191574.926,191574.926
Reasoning,191577.276,191593.093
CommandExecution,191598.514,191598.514
CommandExecution,190912.701,191641.115
Reasoning,191632.791,191648.947
Reasoning,191652.441,191655.251
AgentMessage,191655.256,191656.796
CommandExecution,191659.097,191659.097
Reasoning,191660.621,191669.686
CommandExecution,191673.474,191673.475
Reasoning,191706.016,191721.851
Reasoning,191726.303,191739.406
CommandExecution,191744.309,191744.309
Reasoning,191746.121,191747.641
AgentMessage,191747.644,191749.083
Reasoning,191749.086,191757.981
CommandExecution,190912.679,191763.457
CommandExecution,191774.141,191774.141
Reasoning,191776.016,191776.677
CommandExecution,191778.835,191779.534
CommandExecution,191779.667,191779.668
Reasoning,191781.463,191791.152
AgentMessage,191791.157,191792.962
CommandExecution,191817.867,191817.867
Reasoning,191820.531,191821.552
CommandExecution,191825.799,191825.8
CommandExecution,191824.741,191826.829
Reasoning,191827.717,191830.232
CommandExecution,191833.228,191833.228
CommandExecution,191833.297,191833.298
Reasoning,191835.331,191840.921
AgentMessage,191840.925,191843.447
AgentMessage,191847.417,191848.857
CommandExecution,191852.94,191852.94
CommandExecution,191852.98,191852.981
CommandExecution,191853.069,191853.069
Reasoning,191854.921,191866.592
CommandExecution,191871.719,191871.72
CommandExecution,191871.74,191871.741
CommandExecution,191871.754,191871.755
Reasoning,191894.251,191909.802
Reasoning,191909.805,191925.372
AgentMessage,191925.375,191927.342
CommandExecution,191932.256,191932.257
CommandExecution,191932.279,191932.28
Reasoning,191934.407,191943.277
CommandExecution,191952.904,191952.904
Reasoning,191955.122,191962.517
CommandExecution,191966.755,191966.755
CommandExecution,191966.807,191966.807
Reasoning,191968.672,191984.217
Reasoning,191984.221,191999.912
CommandExecution,192002.546,192002.546
Reasoning,192004.439,192019.972
Reasoning,192019.977,192032.647
CommandExecution,192055.893,192055.893
Reasoning,192058.857,192060.401
CommandExecution,192062.637,192062.638
Reasoning,192065.142,192072.611
CommandExecution,192099.058,192099.058
Reasoning,192101.552,192117.247
CommandExecution,192122.795,192122.795
CommandExecution,192122.82,192122.821
Reasoning,192124.502,192127.887
AgentMessage,192127.897,192130.447
CommandExecution,192134.689,192134.689
CommandExecution,192134.746,192134.747
Reasoning,192136.822,192139.547
CommandExecution,192142.878,192142.878
Reasoning,192144.803,192145.462
CommandExecution,192148.407,192148.408
Reasoning,192150.986,192166.377
CommandExecution,192192.89,192193.263
CommandExecution,192193.319,192193.32
CommandExecution,192193.417,192193.417
Reasoning,192195.738,192211.452
CommandExecution,192219.253,192223.566
Reasoning,192222.183,192234.692
CommandExecution,192247.429,192247.429
Reasoning,192249.722,192264.937
CommandExecution,192276.365,192276.365
CommandExecution,192276.547,192276.575
Reasoning,192279.292,192286.662
CommandExecution,192295.024,192295.024
CommandExecution,192293.952,192295.205
Reasoning,192297.077,192312.622
Reasoning,192312.626,192322.068
AgentMessage,192322.071,192324.038
CommandExecution,192352.028,192352.028
Reasoning,192353.927,192369.624
CommandExecution,192402.054,192402.054
CommandExecution,192402.19,192402.19
Reasoning,192404.242,192420.028
CommandExecution,192442.275,192442.275
Reasoning,192445.098,192460.833
CommandExecution,192465.035,192465.035
CommandExecution,192463.981,192465.09
Reasoning,192468.152,192476.338
CommandExecution,192479.477,192479.477
CommandExecution,192479.542,192479.542
AgentMessage,192481.607,192484.028
Reasoning,192487.868,192503.428
AgentMessage,192503.438,192504.928
CommandExecution,192508.318,192508.318
CommandExecution,192508.413,192508.414
Reasoning,192511.052,192528.063
Reasoning,192528.066,192544.203
CommandExecution,192550.427,192550.428
Reasoning,192553.658,192569.129
Reasoning,192569.132,192584.705
Reasoning,192584.723,192600.213
Reasoning,192600.216,192615.988
Extension,192616.345,192676.347
CommandExecution,192679.725,192679.726
Reasoning,192681.618,192686.263
AgentMessage,192686.266,192687.783
Reasoning,192692.703,192708.918
AgentMessage,192708.921,192709.788
CommandExecution,192710.453,192710.453
Reasoning,192714.293,192732.273
Reasoning,192732.276,192747.923
Extension,192748.091,192808.091
CommandExecution,192812.061,192812.061
CommandExecution,192812.126,192812.126
Reasoning,192815.538,192822.693
AgentMessage,192822.703,192823.903
Reasoning,192826.633,192844.033
Reasoning,192844.036,192862.399
AgentMessage,192862.402,192863.253
CommandExecution,192863.919,192863.92
Reasoning,192866.283,192882.048
Extension,192882.432,192942.432
CommandExecution,192947.503,192947.504
Reasoning,192949.859,192952.869
AgentMessage,192952.883,192954.113
Reasoning,192957.145,192961.333
AgentMessage,192961.338,192962.503
CommandExecution,192963.501,192963.501
Extension,192968.267,193028.267
CommandExecution,193031.992,193031.992
Reasoning,193034.124,193035.408
AgentMessage,193035.413,193036.729
Reasoning,193039.109,193057.496
Reasoning,193057.499,193074.109
Reasoning,193074.112,193088.349
AgentMessage,193088.352,193089.274
CommandExecution,193089.821,193089.821
Extension,193092.567,193152.568
CommandExecution,193155.782,193155.783
Reasoning,193158.184,193159.219
AgentMessage,193159.239,193160.569
Reasoning,193164.179,193179.704
Reasoning,193179.708,193198.824
Reasoning,193198.827,193201.159
AgentMessage,193201.162,193201.881
CommandExecution,193202.506,193202.507
Extension,193205.532,193265.533
CommandExecution,193272.58,193272.58
Reasoning,193274.624,193282.299
AgentMessage,193282.302,193283.534
Reasoning,193286.139,193286.744
AgentMessage,193286.749,193287.819
CommandExecution,193288.766,193288.767
Reasoning,193292.289,193307.839
Reasoning,193307.842,193314.269
Extension,193314.872,193374.872
CommandExecution,193379.148,193379.148
AgentMessage,193382.08,193383.323
Reasoning,193387.089,193406.184
Reasoning,193406.188,193421.63
Reasoning,193421.633,193441.109
Reasoning,193441.113,193451.84
AgentMessage,193451.843,193453.301
CommandExecution,193453.972,193453.973
Extension,193458.123,193518.123
CommandExecution,193521.479,193521.479
Reasoning,193525.258,193526.269
AgentMessage,193526.272,193527.579
Reasoning,193532.604,193548.431
Reasoning,193548.433,193561.77
AgentMessage,193561.773,193562.768
CommandExecution,193567.186,193567.186
CommandExecution,193567.253,193567.254
Reasoning,193571.557,193592.133
Reasoning,193592.135,193604.437
CommandExecution,193619.349,193619.349
Reasoning,193622.636,193637.806
AgentMessage,193637.816,193639.736
Reasoning,193643.121,193658.686
AgentMessage,193658.696,193660.226
CommandExecution,193661.55,193661.551
Extension,193665.403,193725.405
CommandExecution,193729.407,193729.407
Reasoning,193732.989,193740.409
AgentMessage,193740.419,193741.422
Extension,193741.886,193796.886
CommandExecution,193800.854,193800.855
Reasoning,193806.068,193821.584
Reasoning,193821.587,193837.109
Reasoning,193837.111,193852.658
Reasoning,193852.661,193868.227
Reasoning,193868.23,193875.997
AgentMessage,193876.0,193877.907
CommandExecution,193882.687,193882.688
CommandExecution,193882.691,193882.691
ContextCompaction,193882.804,194061.184
Reasoning,194065.425,194065.984
AgentMessage,194065.989,194067.729
CommandExecution,194071.278,194071.278
CommandExecution,194071.288,194071.289
CommandExecution,194077.758,194077.758
CommandExecution,194077.771,194077.772
CommandExecution,194077.805,194077.806
Reasoning,194079.764,194082.399
CommandExecution,194085.844,194085.845
Reasoning,194088.164,194091.279
AgentMessage,194091.282,194095.184
CommandExecution,194101.552,194101.553
Reasoning,194104.364,194106.314
CommandExecution,194112.541,194112.541
Reasoning,194114.869,194121.499
CommandExecution,194124.736,194124.737
Reasoning,194127.133,194133.514
CommandExecution,194177.401,194177.402
Reasoning,194179.248,194185.003
CommandExecution,194189.052,194190.891
Reasoning,194193.233,194208.499
AgentMessage,194208.507,194210.863
CommandExecution,194215.465,194215.465
CommandExecution,194215.523,194215.523
Reasoning,194219.243,194230.678
CommandExecution,194233.902,194233.902
Reasoning,194235.652,194236.528
CommandExecution,194241.538,194241.538
Reasoning,194243.983,194250.432
CommandExecution,194252.526,194252.526
Reasoning,194254.377,194261.502
CommandExecution,194265.008,194265.008
Reasoning,194268.257,194272.757
CommandExecution,194279.676,194281.119
Reasoning,194282.517,194298.159
Reasoning,194323.802,194331.362
CommandExecution,194319.326,194331.377
CommandExecution,194334.889,194334.889
Reasoning,194340.373,194345.864
AgentMessage,194345.867,194348.593
CommandExecution,194350.963,194352.466
Reasoning,194354.487,194371.047
CommandExecution,194372.101,194372.101
Reasoning,194375.556,194377.372
CommandExecution,194393.636,194395.108
Reasoning,194400.296,194416.021
CommandExecution,194418.777,194418.777
CommandExecution,194418.89,194418.89
Reasoning,194421.946,194423.786
AgentMessage,194423.788,194425.656
Reasoning,194428.076,194437.896
AgentMessage,194437.902,194439.051
CommandExecution,194441.828,194441.828
CommandExecution,194441.917,194441.918
Reasoning,194443.376,194454.256
CommandExecution,194457.943,194457.943
Reasoning,194462.646,194464.429
Extension,194464.748,194519.75
CommandExecution,194523.986,194523.986
Reasoning,194526.477,194537.652
AgentMessage,194537.663,194538.633
Reasoning,194541.005,194557.167
Reasoning,194557.171,194570.206
AgentMessage,194570.208,194571.47
CommandExecution,194572.676,194572.676
Extension,194574.713,194629.715
CommandExecution,194634.227,194634.227
Reasoning,194636.255,194637.475
AgentMessage,194637.477,194638.592
Extension,194638.897,194693.899
CommandExecution,194696.53,194696.53
Reasoning,194699.049,194700.665
AgentMessage,194700.667,194701.994
Extension,194702.332,194757.333
CommandExecution,194760.194,194760.194
Reasoning,194762.584,194771.815
AgentMessage,194771.819,194773.275
Extension,194773.712,194828.712
CommandExecution,194836.171,194836.171
AgentMessage,194838.414,194839.734
Reasoning,194842.709,194855.559
AgentMessage,194855.563,194857.699
CommandExecution,194868.157,194868.157
CommandExecution,194868.174,194868.174
CommandExecution,194868.214,194868.214
Reasoning,194870.924,194872.924
CommandExecution,194878.648,194878.648
Reasoning,194882.999,194887.234
CommandExecution,194894.202,194894.825
CommandExecution,194894.224,194895.033
Reasoning,194898.118,194918.804
CommandExecution,194928.872,194931.874
Reasoning,194935.333,194945.694
CommandExecution,194950.743,194951.736
Reasoning,194968.188,194969.313
AgentMessage,194969.323,194971.018
CommandExecution,194973.783,194973.783
Reasoning,194976.028,194992.21
CommandExecution,194960.412,194997.662
CommandExecution,195011.163,195011.608
Reasoning,195019.438,195024.509
CommandExecution,195033.127,195033.127
CommandExecution,195033.222,195045.692
Reasoning,195036.309,195052.148
Reasoning,195052.163,195053.385
AgentMessage,195053.39,195055.113
CommandExecution,195033.268,195065.61
CommandExecution,195103.518,195103.519
CommandExecution,195102.466,195117.753
Reasoning,195106.543,195117.813
Reasoning,195135.202,195138.553
CommandExecution,195145.748,195145.748
CommandExecution,194932.049,195149.223
Reasoning,195155.482,195159.088
McpToolCall,195164.993,195167.473
CommandExecution,195167.612,195167.613
Reasoning,195171.313,195174.973
AgentMessage,195174.977,195176.898
CommandExecution,195183.617,195183.617
Reasoning,195186.907,195192.728
CommandExecution,195198.381,195202.322
Reasoning,195201.797,195222.927
McpToolCall,195229.422,195230.348
CommandExecution,195230.421,195230.421
Reasoning,195233.912,195252.667
AgentMessage,195252.671,195253.947
CommandExecution,195263.331,195263.682
McpToolCall,195263.689,195263.928
Reasoning,195265.997,195279.062
CommandExecution,195284.49,195284.491
Reasoning,195290.713,195304.542
Extension,195305.02,195355.022
McpToolCall,195365.262,195365.682
CommandExecution,195365.81,195365.81
Reasoning,195369.967,195384.252
AgentMessage,195384.262,195385.455
Reasoning,195403.372,195408.962
CommandExecution,195398.991,195418.035
McpToolCall,195419.904,195421.179
McpToolCall,195421.185,195422.396
McpToolCall,195422.402,195423.657
McpToolCall,195423.662,195424.982
McpToolCall,195424.988,195426.289
McpToolCall,195426.296,195427.507
Reasoning,195432.171,195435.092
CommandExecution,195448.798,195449.173
Reasoning,195453.896,195456.166
CommandExecution,195466.619,195466.62
Reasoning,195486.705,195502.212
Reasoning,195502.215,195516.627
AgentMessage,195516.63,195518.095
CommandExecution,195522.273,195522.273
Reasoning,195528.665,195544.198
CommandExecution,195398.964,195545.314
Reasoning,195544.202,195554.261
CommandExecution,195582.48,195582.48
Reasoning,195584.153,195599.892
CommandExecution,195603.208,195603.209
Reasoning,195606.722,195621.727
AgentMessage,195621.731,195623.132
CommandExecution,195627.082,195627.082
Reasoning,195633.492,195642.052
CommandExecution,195657.041,195658.935
Reasoning,195660.492,195676.212
CommandExecution,195678.357,195678.357
Reasoning,195680.753,195690.108
AgentMessage,195690.112,195692.623
Reasoning,195694.603,195700.578
AgentMessage,195700.593,195701.693
CommandExecution,195706.615,195706.615
CommandExecution,195706.641,195706.641
Reasoning,195712.988,195728.513
Reasoning,195728.517,195744.889
Reasoning,195744.892,195748.811
Extension,195748.982,195798.983
CommandExecution,195804.3,195804.301
CommandExecution,195804.433,195804.433
Reasoning,195806.219,195807.169
AgentMessage,195807.174,195808.495
Extension,195809.438,195859.438
CommandExecution,195866.423,195866.423
Reasoning,195873.98,195889.51
Reasoning,195889.514,195895.33
AgentMessage,195895.334,195896.563
Reasoning,195930.818,195933.858
Extension,195934.187,195984.187
CommandExecution,195990.962,195990.962
Reasoning,195997.336,195999.001
AgentMessage,195999.004,196000.163
Extension,196000.545,196050.547
CommandExecution,196056.972,196056.972
CommandExecution,195398.941,196057.905
Reasoning,196064.623,196065.007
CommandExecution,196066.557,196066.557
Reasoning,196068.639,196073.496
AgentMessage,196073.5,196075.166
CommandExecution,196078.26,196078.261
Reasoning,196079.9,196095.453
Reasoning,196095.456,196111.24
CommandExecution,196124.146,196124.677
Reasoning,196131.425,196134.512
CommandExecution,195398.92,196139.681
CommandExecution,196145.756,196145.817
Reasoning,196147.767,196162.617
AgentMessage,196162.622,196164.807
CommandExecution,196171.973,196171.973
Reasoning,196174.192,196189.692
Reasoning,196189.695,196195.892
CommandExecution,196209.025,196209.025
CommandExecution,196209.137,196209.137
CommandExecution,196209.211,196209.211
Reasoning,196212.908,196228.433
Reasoning,196228.436,196231.412
AgentMessage,196231.415,196233.228
CommandExecution,196262.021,196263.29
Reasoning,196264.867,196279.677
CommandExecution,196282.483,196282.483
AgentMessage,196285.017,196286.624
Reasoning,196292.078,196303.293
AgentMessage,196303.324,196303.329
CommandExecution,196306.946,196306.946
CommandExecution,196307.024,196307.025
Reasoning,196313.778,196329.528
Extension,196329.871,196374.872
CommandExecution,196379.375,196379.376
CommandExecution,196379.449,196379.449
Reasoning,196381.244,196396.888
AgentMessage,196396.898,196398.014
CommandExecution,196403.662,196403.663
Reasoning,196406.958,196408.633
CommandExecution,196417.651,196417.652
Reasoning,196424.069,196439.623
Reasoning,196439.627,196455.131
Reasoning,196455.135,196458.479
CommandExecution,196464.186,196464.186
Reasoning,196465.973,196481.809
AgentMessage,196481.812,196483.288
CommandExecution,196526.895,196526.895
CommandExecution,196527.023,196527.023
Reasoning,196528.799,196544.349
Reasoning,196544.352,196550.963
CommandExecution,196562.512,196563.65
Reasoning,196570.288,196585.879
Reasoning,196585.881,196592.339
AgentMessage,196592.342,196593.859
CommandExecution,196596.213,196596.213
AgentMessage,196598.289,196599.803
Reasoning,196603.587,196611.813
AgentMessage,196611.826,196613.283
CommandExecution,196617.249,196617.249
CommandExecution,196617.293,196617.293
Reasoning,196624.959,196632.235
Extension,196632.577,196682.579
CommandExecution,196686.769,196686.769
Reasoning,196693.624,196696.214
AgentMessage,196696.252,196696.635
Extension,196696.999,196742.001
CommandExecution,196746.932,196746.933
Reasoning,196755.349,196759.744
AgentMessage,196759.749,196761.139
Extension,196761.777,196806.778
CommandExecution,196811.174,196811.174
Reasoning,196819.349,196830.294
AgentMessage,196830.298,196831.489
CommandExecution,196170.91,196847.183
Extension,196831.882,196876.883
CommandExecution,196886.143,196886.143
CommandExecution,196886.228,196886.229
Reasoning,196907.795,196923.3
AgentMessage,196923.303,196924.522
CommandExecution,196933.256,196933.256
CommandExecution,196933.351,196933.351
Reasoning,196936.729,196948.674
CommandExecution,196952.701,196952.702
Reasoning,196955.5,196967.624
CommandExecution,196969.109,196969.11
Reasoning,196972.18,196974.844
CommandExecution,196976.643,196976.644
Reasoning,196979.259,196984.785
CommandExecution,196989.716,196989.716
Reasoning,196992.599,197008.342
CommandExecution,197044.964,197046.104
Reasoning,197047.834,197063.95
Reasoning,197063.965,197071.831
CommandExecution,197074.715,197074.715
CommandExecution,197074.791,197074.791
Reasoning,197080.26,197085.241
AgentMessage,197085.25,197086.541
Reasoning,197089.475,197108.641
Reasoning,197108.645,197120.86
Reasoning,197120.863,197128.92
AgentMessage,197128.924,197129.995
CommandExecution,197134.732,197134.733
CommandExecution,197134.773,197134.773
Reasoning,197136.93,197152.47
Reasoning,197152.474,197155.16
Extension,197155.523,197200.524
CommandExecution,197203.548,197203.548
Reasoning,197206.65,197207.59
AgentMessage,197207.593,197208.885
Extension,197209.288,197254.289
CommandExecution,197257.529,197257.53
Reasoning,197262.115,197277.661
Reasoning,197277.664,197293.196
Reasoning,197293.2,197305.88
AgentMessage,197305.884,197307.275
Extension,197309.168,197354.17
CommandExecution,197357.537,197357.537
Reasoning,197363.005,197363.905
AgentMessage,197363.925,197365.315
Extension,197367.003,197412.004
CommandExecution,197414.994,197414.995
Reasoning,197417.585,197433.135
Reasoning,197433.14,197443.223
AgentMessage,197443.226,197444.335
Extension,197444.759,197489.76
CommandExecution,197497.315,197497.316
Reasoning,197499.862,197515.346
Reasoning,197515.35,197530.901
AgentMessage,197530.905,197532.601
Reasoning,197540.036,197540.615
AgentMessage,197540.638,197541.845
CommandExecution,197543.128,197543.128
Reasoning,197546.991,197559.981
Extension,197560.38,197605.381
CommandExecution,197608.955,197608.956
AgentMessage,197611.426,197612.876
Extension,197613.274,197658.274
CommandExecution,197661.977,197661.977
Reasoning,197665.875,197684.651
Reasoning,197684.656,197696.893
Reasoning,197696.899,197700.541
AgentMessage,197700.544,197701.77
Extension,197703.029,197748.029
CommandExecution,197751.841,197751.841
Reasoning,197756.72,197760.146
AgentMessage,197760.156,197761.316
Extension,197761.89,197806.89
CommandExecution,197810.828,197810.828
Reasoning,197813.776,197829.336
Reasoning,197829.34,197846.816
Reasoning,197846.821,197860.176
AgentMessage,197860.182,197860.796
Extension,197862.129,197907.131
CommandExecution,197911.647,197911.647
Reasoning,197914.157,197929.691
Reasoning,197929.694,197942.561
AgentMessage,197942.565,197943.157
Extension,197943.654,197988.654
CommandExecution,197991.882,197991.883
Reasoning,197996.246,197997.596
AgentMessage,197997.606,197998.696
Extension,197999.044,198044.046
CommandExecution,198049.843,198049.844
Reasoning,198052.271,198070.721
Reasoning,198070.725,198078.471
AgentMessage,198085.786,198087.152
Extension,198087.569,198132.569
CommandExecution,198135.841,198135.841
Reasoning,198137.926,198142.011
AgentMessage,198142.031,198144.146
Extension,198144.434,198184.435
CommandExecution,198187.258,198187.258
Reasoning,198191.586,198200.854
AgentMessage,198200.861,198202.291
Extension,198203.155,198243.155
CommandExecution,198247.165,198247.165
Reasoning,198249.501,198265.041
Reasoning,198265.045,198272.531
AgentMessage,198272.535,198273.722
Extension,198274.2,198314.201
CommandExecution,198324.228,198324.228
Reasoning,198327.961,198335.137
AgentMessage,198335.141,198337.072
CommandExecution,198349.601,198349.601
CommandExecution,198349.779,198352.413
Reasoning,198355.437,198359.862
CommandExecution,198362.266,198362.266
Reasoning,198365.378,198380.907
Reasoning,198380.911,198396.714
Reasoning,198396.718,198411.998
Reasoning,198412.002,198419.282
AgentMessage,198419.286,198421.647
CommandExecution,198429.422,198429.422
Reasoning,198431.912,198447.482
Reasoning,198447.486,198463.013
Reasoning,198463.016,198478.528
Reasoning,198478.532,198494.127
AgentMessage,198494.132,198496.419
CommandExecution,198507.445,198507.76
Reasoning,198511.748,198527.227
Reasoning,198527.23,198542.771
Reasoning,198542.775,198558.307
Reasoning,198558.31,198574.042
CommandExecution,198582.642,198582.643
CommandExecution,198582.702,198582.702
Reasoning,198585.239,198600.367
Reasoning,198600.369,198617.162
CommandExecution,198657.444,198657.444
CommandExecution,198657.628,198660.239
Reasoning,198660.531,198676.073
Reasoning,198676.089,198691.628
Reasoning,198691.631,198707.144
Reasoning,198707.147,198728.867
Reasoning,198728.87,198733.998
AgentMessage,198734.0,198734.382
CommandExecution,198737.099,198737.1
Reasoning,198740.548,198748.748
CommandExecution,198752.702,198752.703
Reasoning,198756.557,198762.417
CommandExecution,198766.552,198766.553
CommandExecution,198766.603,198766.604
Reasoning,198772.047,198780.914
CommandExecution,198819.605,198819.605
Reasoning,198823.395,198838.936
Reasoning,198838.939,198854.484
Reasoning,198854.499,198870.028
Reasoning,198870.032,198885.578
Reasoning,198885.58,198889.293
CommandExecution,198899.522,198899.56
Reasoning,198902.233,198919.688
Reasoning,198919.697,198937.318
CommandExecution,198966.009,198966.009
CommandExecution,198966.066,198966.067
Reasoning,198969.035,198984.993
CommandExecution,198986.84,198986.841
Reasoning,198990.748,199006.294
Reasoning,199006.3,199013.955
CommandExecution,199040.781,199040.781
CommandExecution,199040.959,199042.355
Reasoning,199044.448,199059.994
Reasoning,199059.997,199075.514
Reasoning,199075.519,199091.063
Reasoning,199091.067,199106.599
Reasoning,199106.602,199111.849
AgentMessage,199111.853,199114.004
CommandExecution,199117.263,199117.263
Reasoning,199119.998,199127.929
CommandExecution,199130.224,199130.225
CommandExecution,199135.919,199135.919
ContextCompaction,199136.069,199355.95
Reasoning,199357.735,199358.114
AgentMessage,199358.124,199359.439
CommandExecution,199363.016,199363.017
CommandExecution,199363.024,199363.024
CommandExecution,199372.89,199372.89
CommandExecution,199372.948,199372.949
Reasoning,199375.789,199376.909
CommandExecution,199381.236,199381.237
CommandExecution,199381.291,199381.292
Reasoning,199383.274,199383.799
CommandExecution,199396.394,199396.394
CommandExecution,199396.58,199397.166
CommandExecution,199397.342,199397.91
Reasoning,199399.314,199400.219
AgentMessage,199400.223,199402.545
CommandExecution,199477.113,199480.179
Reasoning,199480.375,199483.839
CommandExecution,199487.414,199487.414
Reasoning,199488.969,199490.285
CommandExecution,199499.355,199499.355
Reasoning,199502.054,199503.535
CommandExecution,199516.002,199516.928
CommandExecution,199499.532,199529.844
Reasoning,199524.529,199530.429
CommandExecution,199573.321,199576.165
Reasoning,199577.894,199579.464
CommandExecution,199584.576,199586.315
Reasoning,199590.669,199591.404
AgentMessage,199591.409,199593.049
CommandExecution,199599.35,199599.35
McpToolCall,199599.36,199599.979
Reasoning,199602.079,199602.839
CommandExecution,199618.908,199618.908
Reasoning,199621.523,199626.09
CommandExecution,199617.818,199629.725
CommandExecution,199633.371,199633.372
CommandExecution,199651.648,199651.648
Reasoning,199657.264,199659.181
CommandExecution,199674.543,199674.543
Reasoning,199680.824,199686.624
CommandExecution,199517.104,199706.434
CommandExecution,199706.868,199706.869
CommandExecution,199705.79,199709.64
Reasoning,199708.334,199711.973
CommandExecution,199715.472,199715.472
Reasoning,199717.31,199717.87
CommandExecution,199720.405,199720.406
Reasoning,199721.919,199725.872
AgentMessage,199725.876,199726.88
CommandExecution,199728.852,199728.852
Reasoning,199730.53,199733.684
Reasoning,199744.658,199746.364
CommandExecution,199759.894,199759.894
Reasoning,199761.563,199763.328
CommandExecution,199766.609,199766.609
CommandExecution,199742.242,199768.74
Reasoning,199770.684,199771.658
CommandExecution,199774.59,199774.59
Reasoning,199776.518,199779.409
CommandExecution,199795.524,199797.117
Reasoning,199798.698,199799.684
CommandExecution,199805.975,199805.975
CommandExecution,199806.076,199806.076
Reasoning,199808.278,199809.034
AgentMessage,199809.037,199810.838
CommandExecution,199821.355,199821.356
Reasoning,199823.233,199833.588
CommandExecution,199841.012,199841.013
Reasoning,199847.493,199851.158
CommandExecution,199854.467,199854.467
CommandExecution,199820.289,199868.962
Reasoning,199855.993,199871.694
CommandExecution,199876.078,199876.078
Reasoning,199883.768,199885.558
Reasoning,199895.768,199905.113
CommandExecution,199911.584,199911.584
CommandExecution,199893.1,199920.592
CommandExecution,199893.12,199923.723
Reasoning,199923.093,199924.538
AgentMessage,199924.541,199926.068
Reasoning,199935.859,199936.998
CommandExecution,199941.409,199941.409
Reasoning,199943.423,199953.275
CommandExecution,199758.82,199956.592
CommandExecution,199956.767,199957.519
Reasoning,199958.91,199959.444
CommandExecution,199968.21,199971.825
Reasoning,199972.946,199980.824
McpToolCall,199987.42,199988.004
CommandExecution,199988.056,199988.057
Reasoning,199989.459,200004.474
CommandExecution,200022.646,200024.189
McpToolCall,200024.197,200024.424
Reasoning,200026.289,200038.704
Extension,200039.048,200059.049
Reasoning,200060.733,200061.919
McpToolCall,200065.625,200065.874
Reasoning,200067.418,200071.783
AgentMessage,200071.798,200073.744
McpToolCall,200081.366,200081.744
CommandExecution,200081.922,200082.293
Reasoning,200099.704,200103.427
McpToolCall,200124.326,200124.965
CommandExecution,200097.011,200132.537
Reasoning,200127.125,200134.773
McpToolCall,200156.814,200157.209
McpToolCall,200157.215,200157.585
McpToolCall,200157.59,200158.005
McpToolCall,200158.011,200158.353
McpToolCall,200158.359,200158.713
McpToolCall,200158.719,200158.983
CommandExecution,200159.062,200159.063
Reasoning,200160.784,200168.913
CommandExecution,200184.531,200184.532
Reasoning,200191.309,200193.567
CommandExecution,200198.445,200198.749
Reasoning,200202.088,200217.629
AgentMessage,200217.638,200219.388
CommandExecution,200224.781,200224.781
CommandExecution,200096.988,200234.226
Reasoning,200231.342,200246.914
Reasoning,200246.918,200262.394
Reasoning,200262.399,200274.128
Extension,200274.427,200304.43
CommandExecution,200322.755,200322.755
Reasoning,200332.948,200348.449
Reasoning,200348.453,200364.033
AgentMessage,200364.037,200365.673
CommandExecution,200371.082,200371.082
Reasoning,200375.743,200391.419
Reasoning,200391.43,200407.064
Extension,200407.647,200437.648
CommandExecution,200443.148,200443.149
Reasoning,200449.928,200465.478
Reasoning,200465.482,200481.003
Reasoning,200481.007,200487.892
AgentMessage,200487.894,200490.599
CommandExecution,200498.467,200498.467
Reasoning,200500.978,200516.955
Reasoning,200516.96,200532.194
Reasoning,200532.2,200539.594
Extension,200539.898,200569.899
CommandExecution,200575.342,200575.343
Reasoning,200582.117,200597.764
Reasoning,200597.768,200613.189
Reasoning,200613.192,200627.075
AgentMessage,200627.078,200629.455
CommandExecution,200633.072,200633.072
Reasoning,200636.073,200651.618
Reasoning,200651.621,200667.142
Reasoning,200667.147,200669.668
Extension,200670.026,200700.027
CommandExecution,200705.412,200705.412
Reasoning,200711.904,200724.408
AgentMessage,200724.413,200725.875
CommandExecution,200729.289,200729.289
Reasoning,200731.667,200747.244
Reasoning,200747.248,200761.471
CommandExecution,200096.966,200787.385
Extension,200761.916,200791.918
CommandExecution,200798.038,200798.038
CommandExecution,200096.943,200809.167
Reasoning,200804.567,200820.119
Reasoning,200820.124,200835.664
AgentMessage,200835.667,200837.484
CommandExecution,200839.87,200839.871
Reasoning,200844.049,200856.639
CommandExecution,200954.862,200954.862
Reasoning,200961.899,200974.745
AgentMessage,200974.749,200976.204
CommandExecution,200988.451,200990.13
Reasoning,200991.419,200993.434
CommandExecution,156177.547,201008.572
CommandExecution,201008.701,201010.75
Reasoning,201013.699,201016.024
Reasoning,201019.004,201034.549
AgentMessage,201034.558,201039.93
AgentMessage,205499.604,205501.85
CommandExecution,205510.154,205510.154
CommandExecution,205510.168,205510.169
Extension,205510.155,205511.42
Reasoning,205520.559,205534.46
CommandExecution,205539.932,205539.932
Extension,205539.961,205541.25
Reasoning,205546.614,205547.755
Extension,205552.222,205553.54
CommandExecution,205553.595,205553.596
Reasoning,205556.981,205567.335
CommandExecution,205577.079,205577.08
Extension,205577.09,205578.02
CommandExecution,205577.221,205578.584
Reasoning,205581.305,205582.7
AgentMessage,205582.705,205586.65
Reasoning,205605.485,205621.017
Reasoning,205621.019,205636.57
Reasoning,205636.574,205652.116
Reasoning,205652.12,205653.915
CommandExecution,205662.872,205662.872
Extension,205662.906,205664.255
Reasoning,205672.785,205688.729
Reasoning,205688.732,205703.885
Reasoning,205703.889,205719.535
Reasoning,205719.54,205730.22
CommandExecution,205734.683,205734.684
Reasoning,205738.015,205754.79
Reasoning,205754.795,205772.37
CommandExecution,205878.703,205880.223
Reasoning,205882.005,205894.795
AgentMessage,205894.797,205897.694
CommandExecution,205943.014,205944.184
Reasoning,205945.564,205961.084
Reasoning,205961.088,205977.235
CommandExecution,205980.153,205980.153
Reasoning,205982.004,205989.219
CommandExecution,206000.717,206000.718
CommandExecution,205999.657,206000.878
Reasoning,206003.679,206020.564
Reasoning,206020.568,206034.774
Reasoning,206034.778,206043.939
CommandExecution,206046.314,206046.314
Reasoning,206049.449,206064.724
Reasoning,206064.728,206080.214
CommandExecution,206124.379,206124.379
Reasoning,206126.113,206130.063
CommandExecution,206135.098,206136.37
Reasoning,206138.953,206154.488
Reasoning,206154.492,206167.79
CommandExecution,206171.906,206171.907
AgentMessage,206175.598,206181.58
AgentMessage,206184.778,206186.363
CommandExecution,206191.134,206191.134
CommandExecution,206191.159,206191.159
Reasoning,206194.263,206210.318
Reasoning,206210.325,206226.748
Reasoning,206226.751,206238.987
Reasoning,206336.797,206352.928
Reasoning,206352.933,206368.573
Reasoning,206368.578,206385.427
Reasoning,206385.43,206400.738
Reasoning,206400.742,206412.888
CommandExecution,206484.375,206486.986
ContextCompaction,206485.383,206714.459
CommandExecution,206721.491,206721.491
Reasoning,206723.417,206724.787
AgentMessage,206724.792,206726.843
CommandExecution,206728.476,206728.476
Reasoning,206729.982,206731.027
CommandExecution,206733.562,206733.563
Reasoning,206735.272,206737.337
Reasoning,206767.677,206782.797
CommandExecution,206785.039,206785.04
Reasoning,206786.412,206788.282
CommandExecution,206835.035,206835.037
Reasoning,206836.474,206842.683
AgentMessage,206842.687,206844.981
CommandExecution,206848.371,206848.372
Reasoning,206849.873,206851.227
CommandExecution,206861.723,206863.405
Reasoning,206866.637,206871.337
CommandExecution,206881.535,206881.535
Reasoning,206882.922,206884.227
CommandExecution,206889.295,206889.295
Reasoning,206894.692,206895.907
CommandExecution,206902.321,206902.321
Reasoning,206903.707,206904.702
CommandExecution,206907.087,206907.087
Reasoning,206908.545,206911.342
CommandExecution,206919.097,206919.098
Reasoning,206920.677,206921.372
CommandExecution,206924.782,206924.783
Reasoning,206927.023,206928.767
CommandExecution,206933.034,206933.034
Reasoning,206934.627,206944.447
CommandExecution,206947.522,206947.522
Reasoning,206949.014,206965.717
CommandExecution,206974.603,206974.603
Reasoning,206976.272,206991.852
AgentMessage,206991.857,206994.182
CommandExecution,206762.504,207044.889
Reasoning,207047.215,207057.772
CommandExecution,207058.541,207058.541
Reasoning,207059.982,207060.672
CommandExecution,207063.896,207064.285
Reasoning,207065.882,207066.407
CommandExecution,207084.281,207084.324
Reasoning,207087.595,207100.995
Reasoning,207152.806,207168.453
Reasoning,207208.833,207224.522
CommandExecution,207229.546,207229.547
Reasoning,207232.796,207247.343
Reasoning,207247.347,207263.382
CommandExecution,207264.821,207264.822
Reasoning,207267.993,207271.247
AgentMessage,207271.251,207272.362
Reasoning,207272.364,207279.354
CommandExecution,207329.327,207330.472
Reasoning,207331.617,207332.882
CommandExecution,207338.706,207338.707
Reasoning,207342.127,207357.802
Reasoning,207405.217,207409.792
CommandExecution,207413.531,207413.531
Reasoning,207416.572,207432.137
Reasoning,207432.141,207447.637
Reasoning,207447.64,207463.173
Reasoning,207463.176,207478.891
Reasoning,207548.622,207564.132
Reasoning,207564.136,207567.807
CommandExecution,207573.365,207573.365
Reasoning,207575.837,207592.287
Reasoning,207592.29,207598.653
AgentMessage,207598.656,207600.022
CommandExecution,207632.806,207634.575
Reasoning,207636.063,207651.767
CommandExecution,207688.51,207689.634
Reasoning,207693.202,207697.758
CommandExecution,207707.711,207707.711
Reasoning,207709.547,207725.077
Reasoning,207725.08,207731.687
CommandExecution,207782.611,207782.611
Reasoning,207784.206,207799.757
Reasoning,207799.766,207803.197
CommandExecution,207806.79,207806.791
Reasoning,207808.536,207824.427
Reasoning,207824.43,207839.013
CommandExecution,207860.875,207862.014
Reasoning,207863.182,207867.472
CommandExecution,207877.573,207877.573
Reasoning,207882.267,207898.627
Reasoning,207898.632,207905.152
CommandExecution,207911.65,207911.651
Reasoning,207913.202,207931.078
Reasoning,207931.081,207947.923
Reasoning,207947.925,207961.703
CommandExecution,207965.441,207965.441
Reasoning,207967.013,207982.607
Reasoning,207982.61,207998.128
Reasoning,207998.132,208014.198
Reasoning,208014.211,208029.178
Reasoning,208029.182,208045.378
Reasoning,208045.381,208060.285
Reasoning,208060.288,208075.823
Reasoning,208075.826,208091.363
Reasoning,208091.367,208107.073
AgentMessage,208107.076,208109.523
Reasoning,208109.526,208125.023
Reasoning,208125.038,208135.759
Extension,208140.508,208142.178
CommandExecution,208142.262,208142.262
Reasoning,208144.153,208146.963
Extension,208187.263,208188.384
Reasoning,208193.184,208208.698
Reasoning,208208.702,208224.999
Reasoning,208225.002,208239.854
Reasoning,208239.857,208255.509
CommandExecution,208290.538,208291.603
Reasoning,208293.368,208309.114
Reasoning,208309.118,208325.204
Reasoning,208325.208,208327.389
CommandExecution,208348.214,208348.214
Reasoning,208349.891,208365.441
Reasoning,208365.445,208379.189
CommandExecution,208422.102,208423.208
Reasoning,208424.574,208429.027
CommandExecution,208434.121,208434.121
Reasoning,208438.11,208453.64
Reasoning,208453.643,208458.999
AgentMessage,208459.004,208461.285
Reasoning,208516.105,208519.434
CommandExecution,208563.753,208564.907
Reasoning,208566.789,208567.395
CommandExecution,208570.585,208570.585
Reasoning,208572.765,208577.096
CommandExecution,208588.864,208591.118
Reasoning,208591.489,208592.719
CommandExecution,208596.654,208596.654
Reasoning,208599.167,208610.199
CommandExecution,208642.14,208642.735
Reasoning,208647.065,208647.851
CommandExecution,208654.253,208654.253
Reasoning,208656.809,208664.845
CommandExecution,208671.087,208671.087
Reasoning,208673.185,208688.735
Reasoning,208688.739,208704.3
Reasoning,208704.305,208717.03
Reasoning,208770.665,208780.546
AgentMessage,208780.55,208783.085
Reasoning,208830.81,208848.49
CommandExecution,208828.066,208853.407
CommandExecution,207150.007,208858.245
Reasoning,208848.494,208862.496
Reasoning,208862.498,208875.63
CommandExecution,208877.391,208877.391
Reasoning,208879.365,208894.895
Reasoning,208894.899,208910.456
Reasoning,208910.459,208925.98
Reasoning,208925.984,208941.526
Reasoning,208941.529,208953.47
CommandExecution,208969.763,208969.813
Reasoning,208971.63,208978.19
CommandExecution,208999.843,208999.999
Reasoning,209003.19,209018.725
Reasoning,209018.73,209034.291
Reasoning,209034.293,209046.611
CommandExecution,209051.001,209051.001
Reasoning,209053.39,209069.308
CommandExecution,209128.444,209128.798
Reasoning,209130.58,209146.101
Reasoning,209146.105,209161.646
Reasoning,209161.649,209177.296
Reasoning,209177.299,209187.683
Reasoning,209221.815,209233.351
CommandExecution,209242.432,209242.433
Reasoning,209244.748,209250.176
CommandExecution,209258.026,209258.027
Reasoning,209260.173,209272.546
CommandExecution,209276.22,209276.22
Reasoning,209278.248,209300.222
CommandExecution,209302.516,209302.517
Reasoning,209305.508,209313.131
CommandExecution,209323.545,209323.545
Reasoning,209325.626,209341.182
CommandExecution,209218.778,209344.339
Reasoning,209341.197,209356.697
Reasoning,209356.701,209372.261
Reasoning,209372.265,209387.801
Reasoning,209387.805,209391.931
CommandExecution,209407.658,209407.658
Reasoning,209410.116,209425.706
Reasoning,209425.711,209440.686
CommandExecution,209487.607,209488.348
Reasoning,209492.381,209494.006
CommandExecution,209498.396,209498.396
Reasoning,209502.352,209517.897
Reasoning,209517.901,209533.477
Reasoning,209533.48,209541.956
CommandExecution,209578.381,209578.776
Reasoning,209580.806,209596.322
Reasoning,209596.325,209599.186
CommandExecution,209613.398,209613.399
Reasoning,209616.531,209633.261
Reasoning,209633.265,209648.517
Reasoning,209648.522,209665.122
Reasoning,209665.13,209672.073
AgentMessage,209672.079,209673.397
CommandExecution,209715.905,209720.694
Reasoning,209718.651,209735.136
Reasoning,209735.14,209751.393
Reasoning,209751.396,209767.872
Reasoning,209767.876,209783.417
Reasoning,209783.422,209784.708
CommandExecution,209788.546,209788.546
Reasoning,209792.347,209807.887
Reasoning,209807.891,209816.168
CommandExecution,209820.485,209820.485
Reasoning,209823.891,209840.332
Reasoning,209840.335,209854.962
Reasoning,209854.966,209871.592
Reasoning,209871.596,209886.122
Reasoning,209886.125,209901.578
Reasoning,209901.581,209917.652
Reasoning,209917.655,209934.526
Reasoning,210006.343,210021.706
Reasoning,210021.709,210041.781
Reasoning,210041.786,210054.931
Reasoning,210054.935,210073.026
Reasoning,210073.031,210076.78
AgentMessage,210076.783,210078.51
CommandExecution,210085.12,210085.12
Reasoning,210088.462,210103.991
Reasoning,210103.995,210120.016
Reasoning,210120.02,210135.261
CommandExecution,210157.894,210157.895
Reasoning,210162.255,210177.945
Reasoning,210177.954,210193.255
CommandExecution,210270.075,210271.23
Reasoning,210274.271,210289.369
CommandExecution,210295.179,210295.179
Reasoning,210298.239,210314.169
AgentMessage,210314.179,210315.589
AgentMessage,210320.729,210322.144
CommandExecution,210324.881,210324.882
Reasoning,210328.139,210344.239
Reasoning,210344.243,210359.221
Reasoning,210359.225,210374.965
Reasoning,210374.969,210390.269
Reasoning,210390.274,210397.083
CommandExecution,210462.101,210462.524
Reasoning,210467.356,210483.503
Reasoning,210483.507,210499.35
Reasoning,210499.353,210503.043
AgentMessage,210503.046,210504.684
CommandExecution,210534.429,210616.501
ContextCompaction,210535.439,210764.109
Reasoning,210769.047,210769.492
AgentMessage,210769.501,210771.077
CommandExecution,210775.313,210775.314
CommandExecution,210775.41,210775.411
Reasoning,210777.201,210779.234
CommandExecution,210785.72,210785.721
CommandExecution,210785.741,210785.742
CommandExecution,210785.763,210785.763
Reasoning,210787.347,210788.863
CommandExecution,210791.091,210791.092
Reasoning,210793.182,210800.454
AgentMessage,210800.458,210802.283
Reasoning,210832.422,210845.909
CommandExecution,210848.932,210848.935
Reasoning,210851.992,210867.677
CommandExecution,210941.322,210941.322
Reasoning,210943.394,210945.412
CommandExecution,210949.066,210949.066
Reasoning,210954.952,210970.498
Reasoning,210970.503,210982.18
AgentMessage,210982.183,210984.182
CommandExecution,210986.348,210986.349
Reasoning,210992.317,210997.783
CommandExecution,211001.09,211001.091
Reasoning,211004.717,211020.248
Reasoning,211020.251,211023.817
CommandExecution,211091.266,211092.479
Reasoning,211097.502,211114.892
CommandExecution,211161.682,211162.84
Reasoning,211164.361,211180.847
Reasoning,211180.852,211181.482
CommandExecution,211184.516,211184.517
Reasoning,211186.425,211202.897
Reasoning,211202.907,211219.367
Reasoning,211219.372,211229.02
CommandExecution,211230.887,211230.888
Reasoning,211232.546,211248.087
Reasoning,211248.09,211264.253
Reasoning,211264.258,211280.197
AgentMessage,211280.201,211281.367
CommandExecution,211282.912,211282.913
Reasoning,211284.852,211301.091
CommandExecution,211379.629,211381.188
Reasoning,211386.356,211397.907
CommandExecution,211401.664,211401.665
Reasoning,211403.766,211405.443
CommandExecution,211409.041,211409.041
Reasoning,211411.031,211411.676
CommandExecution,211414.831,211414.831
Reasoning,211416.467,211423.371
CommandExecution,211453.396,211454.724
Reasoning,211456.331,211459.036
CommandExecution,211463.537,211463.538
Reasoning,211465.116,211480.91
Reasoning,211480.918,211486.016
AgentMessage,211486.021,211488.771
CommandExecution,211492.084,211492.085
Reasoning,211493.546,211509.383
Reasoning,211509.388,211524.666
Reasoning,211524.672,211540.337
CommandExecution,211627.296,211627.297
Reasoning,211629.171,211644.866
CommandExecution,211718.195,211718.195
Reasoning,211720.346,211736.258
CommandExecution,211778.306,211778.307
Reasoning,211780.166,211786.287
CommandExecution,211788.026,211788.026
Reasoning,211791.726,211810.866
CommandExecution,211922.833,211922.834
Reasoning,211926.506,211931.911
CommandExecution,211936.149,211936.15
Reasoning,211938.59,211954.866
Reasoning,211954.885,211966.297
AgentMessage,211966.301,211967.516
CommandExecution,212000.678,212000.678
Reasoning,212003.026,212010.351
CommandExecution,212012.094,212012.095
CommandExecution,210829.672,212013.129
Reasoning,212014.137,212018.497
CommandExecution,212021.905,212021.906
Reasoning,212024.856,212025.815
CommandExecution,212033.708,212034.529
Reasoning,212037.426,212052.972
Reasoning,212052.977,212080.272
CommandExecution,212080.534,212082.762
Reasoning,212083.936,212084.431
AgentMessage,212084.433,212087.952
Reasoning,212122.681,212123.361
Reasoning,212130.873,212148.442
Reasoning,212148.446,212161.981
Reasoning,212161.993,212165.202
CommandExecution,212169.474,212169.474
Reasoning,212172.026,212173.247
CommandExecution,212177.121,212177.121
Reasoning,212180.411,212198.333
Reasoning,212198.338,212216.112
CommandExecution,212245.941,212245.942
Reasoning,212251.302,212266.872
Reasoning,212266.876,212282.395
Reasoning,212282.399,212299.393
Reasoning,212299.398,212317.947
CommandExecution,212353.374,212354.599
Reasoning,212355.817,212371.388
Reasoning,212371.392,212387.093
CommandExecution,212432.199,212433.401
Reasoning,212437.711,212440.806
CommandExecution,212443.84,212443.84
Reasoning,212445.603,212457.833
AgentMessage,212457.839,212461.419
Reasoning,212463.777,212465.447
AgentMessage,212465.45,212466.93
CommandExecution,212472.99,212472.991
CommandExecution,212473.087,212473.087
Reasoning,212474.993,212490.607
Reasoning,212490.612,212494.922
CommandExecution,212497.875,212497.875
Reasoning,212500.265,212515.807
Reasoning,212515.811,212532.516
Reasoning,212532.52,212547.363
CommandExecution,212551.279,212551.279
Reasoning,212553.579,212569.447
Reasoning,212569.454,212587.933
Reasoning,212587.936,212604.217
Reasoning,212604.228,212611.808
AgentMessage,212611.812,212612.983
CommandExecution,212689.504,212689.504
Reasoning,212691.683,212707.808
Reasoning,212707.811,212726.373
CommandExecution,212777.456,212777.456
Reasoning,212780.598,212796.048
Reasoning,212796.052,212814.183
Reasoning,212814.193,212833.829
Reasoning,212833.838,212846.923
CommandExecution,212848.052,212848.053
Reasoning,212850.637,212866.198
Reasoning,212866.201,212881.893
CommandExecution,212888.264,212890.639
Reasoning,212892.577,212909.698
Reasoning,212909.704,212927.843
Reasoning,212927.856,212946.743
Reasoning,212946.747,212962.808
Reasoning,212962.814,212981.063
Reasoning,212981.067,212988.949
CommandExecution,213043.736,213044.919
Reasoning,213054.068,213059.733
CommandExecution,213062.455,213062.455
Reasoning,213067.212,213086.926
Reasoning,213086.929,213106.219
Reasoning,213106.225,213123.866
Reasoning,213123.869,213141.938
Reasoning,213141.941,213153.173
CommandExecution,213164.192,213164.193
Reasoning,213166.868,213185.324
Reasoning,213185.329,213203.938
Reasoning,213203.941,213222.798
Reasoning,213222.801,213246.478
Reasoning,213246.482,213255.983
AgentMessage,213255.987,213257.14
CommandExecution,213288.996,213288.996
Reasoning,213292.063,213311.794
Reasoning,213311.798,213329.173
Reasoning,213329.176,213338.723
CommandExecution,213350.065,213350.109
Reasoning,213351.978,213370.908
Reasoning,213370.913,213389.794
Reasoning,213389.798,213409.573
CommandExecution,212117.824,213413.964
Reasoning,213409.578,213426.772
Reasoning,213426.776,213439.379
CommandExecution,213441.353,213441.353
Reasoning,213443.483,213462.668
CommandExecution,213476.684,213478.879
Reasoning,213482.018,213499.073
Reasoning,213499.076,213517.148
Reasoning,213517.153,213534.728
Reasoning,213534.731,213537.068
Reasoning,213544.18,213562.813
Reasoning,213562.818,213580.933
Reasoning,213580.937,213597.187
Reasoning,213597.19,213613.888
Reasoning,213613.891,213632.613
Reasoning,213632.618,213655.969
Reasoning,213655.972,213664.113
AgentMessage,213664.116,213666.004
CommandExecution,213682.839,213685.105
Reasoning,213687.238,213706.372
Reasoning,213706.377,213723.087
Reasoning,213723.123,213741.548
Reasoning,213741.559,213760.14
Reasoning,213760.146,213784.528
CommandExecution,213784.658,213784.659
Reasoning,213789.039,213807.586
Reasoning,213807.594,213828.418
Reasoning,213828.422,213849.289
Reasoning,213849.293,213868.809
Reasoning,213868.812,213891.694
Reasoning,213891.697,213909.04
Reasoning,213909.043,213930.184
Reasoning,213930.188,213949.908
Reasoning,213949.912,213971.034
Reasoning,213971.038,213987.878
CommandExecution,214029.627,214029.658
Reasoning,214032.023,214049.488
CommandExecution,214053.628,214054.811
Reasoning,214070.653,214089.174
Reasoning,214089.177,214097.211
CommandExecution,214107.016,214107.689
Reasoning,214109.508,214128.218
Reasoning,214128.221,214148.078
Reasoning,214148.081,214167.56
CommandExecution,214215.44,214215.477
ContextCompaction,214215.484,214432.575
Reasoning,214435.148,214435.707
AgentMessage,214435.712,214437.189
CommandExecution,214441.879,214441.88
CommandExecution,214441.932,214441.932
CommandExecution,214441.934,214441.934
CommandExecution,214451.177,214451.178
CommandExecution,214451.218,214451.219
CommandExecution,214451.306,214451.308
Reasoning,214453.392,214454.917
CommandExecution,214461.14,214461.141
CommandExecution,214461.161,214461.161
CommandExecution,214461.177,214461.177
Reasoning,214464.193,214466.458
AgentMessage,214466.463,214468.557
CommandExecution,214472.196,214472.197
CommandExecution,214472.263,214472.264
Reasoning,214476.878,214478.387
CommandExecution,214483.312,214483.313
Reasoning,214488.862,214500.251
CommandExecution,214503.621,214503.621
Reasoning,214508.722,214511.697
CommandExecution,214514.311,214514.312
Reasoning,214516.002,214520.818
CommandExecution,214563.461,214567.417
Reasoning,214569.267,214569.821
CommandExecution,214571.954,214571.955
Reasoning,214579.037,214582.867
CommandExecution,214586.038,214586.039
Reasoning,214589.204,214607.438
Reasoning,214607.441,214608.482
CommandExecution,214609.345,214609.346
Reasoning,214611.457,214625.075
AgentMessage,214625.087,214627.022
CommandExecution,214631.092,214631.092
Reasoning,214635.112,214638.692
CommandExecution,214654.781,214654.781
CommandExecution,214654.932,214654.933
Reasoning,214657.399,214660.493
CommandExecution,214671.589,214672.513
Reasoning,214675.197,214686.365
CommandExecution,214749.322,214749.322
Reasoning,214752.024,214764.773
CommandExecution,214765.986,214765.986
Reasoning,214771.262,214790.584
Reasoning,214790.588,214798.817
CommandExecution,214813.448,214813.448
Reasoning,214815.127,214823.028
AgentMessage,214823.031,214824.937
CommandExecution,214827.027,214827.027
Reasoning,214828.612,214844.207
CommandExecution,214845.973,214845.974
Reasoning,214851.317,214869.452
CommandExecution,214871.572,214871.572
Reasoning,214872.987,214881.459
CommandExecution,214916.077,214916.078
Reasoning,214918.633,214927.037
CommandExecution,214957.917,214957.917
CommandExecution,214956.834,214961.914
Reasoning,214962.154,214969.452
CommandExecution,214972.246,214972.246
Reasoning,214976.367,214997.707
Reasoning,214997.712,215019.057
Reasoning,215019.06,215033.032
CommandExecution,215055.916,215055.917
Reasoning,215059.092,215061.864
Reasoning,215074.267,215079.466
AgentMessage,215079.473,215081.842
CommandExecution,215124.503,215124.503
Reasoning,215127.157,215146.324
CommandExecution,215147.624,215147.625
Reasoning,215153.527,215154.047
CommandExecution,215163.144,215163.144
Reasoning,215167.272,215171.063
CommandExecution,210001.46,215171.966
CommandExecution,215176.905,215176.906
CommandExecution,215176.935,215176.935
CommandExecution,215176.968,215176.969
Reasoning,215179.547,215194.512
CommandExecution,215196.961,215198.865
Reasoning,215199.837,215200.812
Reasoning,215205.527,215212.152
AgentMessage,215212.157,215215.432
CommandExecution,215225.603,215225.865
CommandExecution,215225.583,215226.327
CommandExecution,215225.563,215226.485
Reasoning,215228.692,215240.302
CommandExecution,215256.154,215260.073
Reasoning,215260.452,215262.042
CommandExecution,215268.786,215268.786
Reasoning,215271.237,215286.827
Reasoning,215307.922,215311.417
CommandExecution,215304.018,215312.159
CommandExecution,215326.057,215327.194
Reasoning,215334.017,215342.246
CommandExecution,215361.414,215376.19
Reasoning,215364.027,215377.887
CommandExecution,215383.915,215383.915
Reasoning,215386.262,215402.363
CommandExecution,215411.258,215411.258
CommandExecution,215410.166,215411.515
Reasoning,215414.522,215415.137
Reasoning,215427.662,215435.437
CommandExecution,215447.498,215449.448
Reasoning,215451.682,215452.512
Reasoning,215460.757,215466.933
CommandExecution,215477.143,215477.867
Reasoning,215480.123,215491.877
CommandExecution,215498.008,215498.702
Reasoning,215500.827,215509.612
AgentMessage,215509.617,215512.242
CommandExecution,215523.289,215523.289
CommandExecution,215522.215,215541.337
Reasoning,215527.282,215542.874
CommandExecution,215548.3,215549.121
Reasoning,215562.577,215579.772
Reasoning,215579.776,215599.763
Reasoning,215599.773,215606.603
CommandExecution,215615.316,215616.016
CommandExecution,215614.132,215634.588
Reasoning,215619.232,215639.083
CommandExecution,215681.822,215681.822
Reasoning,215684.752,215702.166
Reasoning,215702.169,215717.087
CommandExecution,215730.305,215735.979
CommandExecution,215731.49,215745.552
Reasoning,215735.837,215752.723
Reasoning,215752.728,215771.827
Reasoning,215771.832,215786.478
CommandExecution,215789.495,215789.61
Reasoning,215792.872,215801.264
McpToolCall,215817.741,215821.828
Reasoning,215824.553,215835.485
CommandExecution,215841.637,215841.638
CommandExecution,215841.711,215841.712
McpToolCall,215841.72,215842.119
Reasoning,215844.659,215849.542
CommandExecution,215853.613,215853.614
Reasoning,215865.963,215883.807
CommandExecution,215816.731,215890.171
Reasoning,215883.811,215904.592
Reasoning,215904.596,215916.917
CommandExecution,215919.009,215919.009
Reasoning,215928.887,215936.269
AgentMessage,215936.272,215936.937
CommandExecution,215945.32,215962.021
Reasoning,215949.007,215967.152
CommandExecution,215945.352,215973.657
Reasoning,215967.17,215985.353
CommandExecution,215945.376,215989.409
Reasoning,215985.364,216001.863
CommandExecution,216027.822,216027.822
CommandExecution,216027.877,216027.877
Reasoning,216030.957,216047.979
CommandExecution,215815.548,216064.861
Reasoning,216047.983,216065.517
Reasoning,216065.52,216082.087
Reasoning,216082.097,216088.553
CommandExecution,216092.05,216092.05
Reasoning,216094.857,216103.507
CommandExecution,216115.534,216115.534
CommandExecution,216114.451,216123.256
Reasoning,216119.257,216138.618
Reasoning,216138.622,216157.462
Reasoning,216157.465,216178.827
Reasoning,216178.831,216180.637
CommandExecution,216185.122,216185.588
McpToolCall,216185.598,216186.327
Reasoning,216191.12,216209.397
Reasoning,216209.4,216228.935
Reasoning,216228.938,216243.662
McpToolCall,216246.58,216247.328
CommandExecution,216247.508,216249.071
Reasoning,216252.708,216253.189
AgentMessage,216253.191,216256.165
Reasoning,216269.013,216285.617
Reasoning,216285.621,216301.142
CommandExecution,216266.092,216303.154
Reasoning,216301.146,216319.596
Reasoning,216319.599,216339.652
Reasoning,216339.655,216353.672
Extension,216355.052,216356.457
Reasoning,216359.061,216361.513
Extension,216364.92,216366.421
Reasoning,216371.41,216375.031
Extension,216380.526,216381.623
CommandExecution,216381.697,216381.697
Reasoning,216383.532,216402.426
CommandExecution,216266.149,216420.229
Reasoning,216402.43,216423.196
Reasoning,216423.2,216441.347
Reasoning,216441.35,216455.572
CommandExecution,216470.587,216471.201
Reasoning,216473.423,216490.007
Reasoning,216490.01,216505.362
Reasoning,216505.376,216525.877
Reasoning,216525.88,216545.737
Reasoning,216545.74,216552.527
CommandExecution,216555.793,216555.794
CommandExecution,216555.99,216556.298
Reasoning,216558.297,216576.062
Reasoning,216576.066,216590.936
CommandExecution,216596.397,216596.397
Reasoning,216598.467,216614.988
Reasoning,216614.991,216633.982
Reasoning,216633.985,216650.657
CommandExecution,216651.908,216651.908
Reasoning,216654.222,216666.438
CommandExecution,216677.346,216677.347
McpToolCall,216677.36,216678.107
Reasoning,216682.892,216683.977
McpToolCall,216688.155,216690.473
McpToolCall,216690.48,216690.694
Reasoning,216694.967,216698.378
McpToolCall,216708.483,216712.023
Reasoning,216715.849,216729.267
McpToolCall,216739.984,216743.536
CommandExecution,216743.597,216743.598
Reasoning,216745.602,216752.344
CommandExecution,216764.573,216764.574
Reasoning,216767.598,216772.546
AgentMessage,216772.549,216774.702
Reasoning,216774.705,216793.669
Reasoning,216793.672,216818.267
Reasoning,216818.27,216835.683
Reasoning,216835.686,216852.491
Reasoning,216852.493,216868.376
Reasoning,216868.392,216880.225
CommandExecution,216881.538,216881.538
CommandExecution,216266.116,216912.926
CommandExecution,216266.064,216980.07
ContextCompaction,216891.553,217119.105
Reasoning,217121.282,217121.697
AgentMessage,217121.699,217123.192
CommandExecution,217127.527,217127.527
CommandExecution,217127.577,217127.578
CommandExecution,217140.054,217140.054
CommandExecution,217140.118,217140.118
Reasoning,217142.037,217143.417
CommandExecution,217154.336,217154.337
CommandExecution,217154.405,217154.406
Reasoning,217155.786,217157.647
AgentMessage,217157.649,217160.582
CommandExecution,217170.323,217170.328
CommandExecution,217170.445,217170.445
Reasoning,217172.916,217174.471
CommandExecution,217197.958,217197.958
CommandExecution,217198.034,217198.034
Reasoning,217199.558,217200.782
CommandExecution,217258.35,217258.351
Reasoning,217259.837,217261.61
CommandExecution,217272.492,217272.492
CommandExecution,217271.415,217273.219
Reasoning,217273.967,217292.132
CommandExecution,217297.391,217297.392
Reasoning,217301.012,217316.572
AgentMessage,217316.576,217319.127
CommandExecution,217513.606,217513.606
Reasoning,217516.626,217517.313
CommandExecution,217523.605,217523.605
Reasoning,217525.067,217534.987
CommandExecution,217538.165,217538.167
Reasoning,217540.052,217558.101
CommandExecution,217642.342,217642.343
Reasoning,217645.816,217649.042
CommandExecution,217655.55,217655.551
Reasoning,217657.766,217677.097
CommandExecution,217715.866,217715.867
Reasoning,217718.102,217736.607
CommandExecution,217825.326,217825.327
Reasoning,217827.051,217847.952
AgentMessage,217847.966,217850.082
CommandExecution,217852.932,217852.933
Reasoning,217854.626,217862.496
CommandExecution,217863.717,217863.717
Reasoning,217865.906,217881.616
CommandExecution,217944.221,217944.221
Reasoning,217946.617,217962.082
CommandExecution,218014.486,218014.486
Reasoning,218016.272,218026.401
CommandExecution,218030.634,218030.635
Reasoning,218033.912,218043.276
CommandExecution,218051.012,218051.012
Reasoning,218053.762,218072.877
Reasoning,218072.879,218094.602
CommandExecution,218102.492,218103.598
Reasoning,218105.082,218122.897
Reasoning,218122.9,218137.766
AgentMessage,218137.771,218139.036
CommandExecution,218144.616,218144.616
Reasoning,218146.536,218158.822
CommandExecution,218163.023,218163.023
Reasoning,218166.016,218184.162
CommandExecution,218191.954,218191.954
Reasoning,218194.921,218204.671
CommandExecution,215068.098,218209.806
CommandExecution,218209.912,218209.912
Reasoning,218211.733,218228.836
CommandExecution,218233.256,218233.256
Reasoning,218239.116,218256.646
Extension,218256.779,218316.78
Reasoning,218318.356,218318.956
AgentMessage,218318.966,218321.281
CommandExecution,218325.619,218325.62
Reasoning,218328.201,218345.127
Reasoning,218345.13,218362.546
Reasoning,218362.551,218377.506
CommandExecution,218378.607,218378.607
Reasoning,218381.056,218388.776
CommandExecution,218413.618,218413.618
Reasoning,218415.916,218433.941
CommandExecution,218437.783,218437.783
Reasoning,218439.52,218450.506
Extension,218450.679,218510.681
Reasoning,218513.053,218530.376
Reasoning,218530.38,218548.011
Reasoning,218548.015,218549.751
AgentMessage,218549.755,218551.595
CommandExecution,218554.664,218555.728
Reasoning,218557.865,218573.736
Reasoning,218573.74,218589.731
Reasoning,218589.734,218607.406
Reasoning,218607.409,218615.69
CommandExecution,218636.016,218637.062
Reasoning,218638.735,218644.635
CommandExecution,218648.794,218648.794
AgentMessage,218652.145,218656.295
Reasoning,218658.61,218660.455
AgentMessage,218660.46,218662.131
CommandExecution,218671.468,218671.468
Reasoning,218677.98,218696.626
CommandExecution,218698.084,218698.085
Reasoning,218701.795,218712.445
CommandExecution,218713.295,218713.295
Reasoning,218719.065,218739.126
AgentMessage,218739.14,218740.526
CommandExecution,218773.987,218773.988
Reasoning,218777.41,218778.57
CommandExecution,218782.851,218782.851
Reasoning,218785.755,218805.511
Reasoning,218805.515,218810.605
CommandExecution,218811.902,218811.903
Reasoning,218815.96,218832.635
CommandExecution,218873.743,218873.743
Reasoning,218877.269,218896.42
Reasoning,218896.424,218905.06
CommandExecution,218907.519,218907.52
Reasoning,218909.475,218929.151
Reasoning,218929.155,218945.623
Reasoning,218945.626,218963.645
CommandExecution,218970.107,218970.108
Reasoning,218973.225,218994.49
Reasoning,218994.494,218996.285
AgentMessage,218996.287,218997.95
CommandExecution,219000.412,219000.412
Reasoning,219002.642,219008.175
CommandExecution,219009.735,219009.735
Reasoning,219012.093,219029.065
Reasoning,219029.068,219037.472
CommandExecution,219039.988,219039.988
Reasoning,219042.265,219057.89
Reasoning,219057.896,219068.29
CommandExecution,219070.214,219070.215
Reasoning,219074.51,219081.255
CommandExecution,219085.313,219085.313
Reasoning,219087.935,219101.875
CommandExecution,219111.31,219111.311
Reasoning,219114.151,219119.55
CommandExecution,219124.714,219124.715
Reasoning,219128.7,219148.305
Reasoning,219148.308,219151.315
AgentMessage,219151.317,219152.696
Extension,219152.822,219212.824
Reasoning,219217.22,219233.98
Reasoning,219233.987,219254.39
CommandExecution,219267.509,219267.51
Reasoning,219270.62,219277.711
Extension,219277.968,219337.969
Reasoning,219341.95,219342.815
AgentMessage,219342.819,219344.745
CommandExecution,219350.873,219350.874
Reasoning,219355.114,219375.115
Reasoning,219375.124,219393.91
Reasoning,219393.914,219410.71
Reasoning,219410.712,219427.279
CommandExecution,219429.347,219429.348
Reasoning,219431.694,219447.704
Extension,219447.865,219507.866
Reasoning,219510.899,219515.624
CommandExecution,219520.89,219520.892
AgentMessage,219524.584,219526.1
CommandExecution,219528.999,219529.076
Reasoning,219531.309,219534.259
CommandExecution,219538.97,219539.567
Reasoning,219544.259,219546.924
CommandExecution,219557.533,219558.061
Reasoning,219560.059,219579.362
CommandExecution,219591.776,219593.361
Reasoning,219595.319,219600.442
AgentMessage,219600.454,219602.18
CommandExecution,219607.196,219609.097
CommandExecution,219607.174,219609.568
Reasoning,219611.044,219627.95
CommandExecution,219631.3,219631.301
Reasoning,219634.779,219652.55
CommandExecution,219670.459,219670.459
Reasoning,219672.704,219674.574
CommandExecution,219678.147,219678.147
Reasoning,219680.281,219684.459
CommandExecution,219687.874,219687.888
Reasoning,219690.159,219691.119
CommandExecution,219693.976,219696.147
Reasoning,219697.03,219718.431
Reasoning,219718.435,219738.672
Reasoning,219738.676,219749.169
CommandExecution,219751.617,219751.617
Reasoning,219755.369,219770.97
CommandExecution,219780.926,219783.0
Reasoning,219786.779,219787.344
AgentMessage,219787.359,219789.289
CommandExecution,219792.142,219801.083
Reasoning,219795.089,219813.129
CommandExecution,219816.086,219816.087
Reasoning,219819.409,219840.38
Reasoning,219840.384,219861.641
Reasoning,219861.645,219879.524
Reasoning,219879.528,219898.575
CommandExecution,219900.749,219900.749
Reasoning,219905.789,219909.924
CommandExecution,219913.839,219913.839
Reasoning,219917.254,219924.919
CommandExecution,219931.862,219931.863
CommandExecution,219930.76,219939.705
Reasoning,219933.889,219952.11
Reasoning,219952.113,219970.569
Reasoning,219970.574,219987.859
Reasoning,219987.863,220007.134
CommandExecution,220009.373,220009.373
Reasoning,220015.714,220017.639
CommandExecution,220020.387,220020.388
Reasoning,220027.11,220028.869
CommandExecution,220032.544,220032.544
Reasoning,220035.434,220051.46
CommandExecution,220054.677,220054.881
CommandExecution,215302.844,220056.431
CommandExecution,220067.142,220067.143
Reasoning,220070.189,220080.519
AgentMessage,220080.522,220081.244
CommandExecution,220066.065,220083.406
CommandExecution,220086.16,220086.179
CommandExecution,220096.71,220097.303
Reasoning,220099.664,220116.964
Reasoning,220116.969,220133.633
Reasoning,220133.636,220136.934
CommandExecution,220143.634,220143.634
Reasoning,220148.164,220158.169
Reasoning,220166.634,220183.234
AgentMessage,220183.239,220185.144
Reasoning,220185.147,220202.569
Reasoning,220202.573,220222.184
CommandExecution,220242.142,220242.143
Reasoning,220244.414,220247.11
CommandExecution,220255.071,220255.071
Reasoning,220259.974,220278.869
Reasoning,220278.873,220295.949
Reasoning,220295.952,220312.956
Reasoning,220312.958,220332.319
Reasoning,220332.323,220349.83
CommandExecution,220384.193,220384.193
Reasoning,220388.154,220404.169
Reasoning,220404.172,220420.144
Reasoning,220420.147,220434.954
CommandExecution,220436.918,220436.918
Reasoning,220440.699,220457.523
Reasoning,220457.533,220475.329
Reasoning,220475.338,220490.634
CommandExecution,220523.642,220524.124
Reasoning,220527.158,220544.164
Reasoning,220544.168,220562.064
CommandExecution,220566.814,220567.481
CommandExecution,220567.548,220567.548
Reasoning,220571.268,220590.419
Reasoning,220590.423,220609.109
Reasoning,220609.113,220625.853
Reasoning,220625.856,220644.084
Reasoning,220644.089,220650.419
CommandExecution,220670.535,220670.535
Reasoning,220673.214,220692.053
Reasoning,220692.057,220708.918
Reasoning,220708.922,220726.649
Reasoning,220726.652,220744.605
Reasoning,220744.608,220758.438
CommandExecution,220767.118,220767.799
CommandExecution,220767.974,220769.24
ContextCompaction,220768.982,220980.691
Reasoning,220983.848,220984.573
AgentMessage,220984.578,220986.378
CommandExecution,220992.438,220992.438
CommandExecution,220992.501,220992.501
CommandExecution,220992.521,220992.522
Reasoning,220994.143,220995.173
CommandExecution,221002.888,221002.916
CommandExecution,221002.909,221002.916
CommandExecution,221002.941,221002.941
CommandExecution,221002.942,221002.944
CommandExecution,221010.648,221010.648
CommandExecution,221009.59,221013.186
Reasoning,221013.598,221015.903
CommandExecution,221023.403,221023.404
Reasoning,221025.947,221027.583
AgentMessage,221027.588,221030.063
CommandExecution,221039.588,221039.589
CommandExecution,221039.611,221039.611
CommandExecution,221039.637,221039.638
CommandExecution,221039.661,221039.662
CommandExecution,221022.337,221042.34
Reasoning,221045.588,221047.498
CommandExecution,221085.046,221085.047
CommandExecution,221086.283,221086.283
CommandExecution,221085.224,221088.392
Reasoning,221088.228,221089.338
CommandExecution,221096.041,221096.041
Reasoning,221099.208,221100.284
CommandExecution,221105.126,221105.126
CommandExecution,221105.248,221105.248
Reasoning,221108.883,221110.483
CommandExecution,221118.776,221118.777
CommandExecution,221118.845,221118.845
Reasoning,221120.488,221122.77
CommandExecution,221139.544,221143.151
Reasoning,221146.353,221148.928
AgentMessage,221148.932,221150.928
CommandExecution,221157.83,221158.496
CommandExecution,221158.547,221158.548
Reasoning,221165.283,221167.798
CommandExecution,221138.368,221176.203
CommandExecution,221179.865,221179.866
CommandExecution,221180.063,221180.063
Reasoning,221183.104,221186.463
CommandExecution,221195.23,221195.231
Reasoning,221196.966,221208.678
CommandExecution,221214.624,221217.295
CommandExecution,221225.689,221225.689
Reasoning,221228.229,221235.628
CommandExecution,221239.25,221239.251
CommandExecution,221239.326,221239.326
CommandExecution,221194.178,221245.97
Reasoning,221240.773,221250.763
CommandExecution,221256.147,221256.147
CommandExecution,221256.219,221256.219
Reasoning,221259.913,221263.928
CommandExecution,221275.966,221275.966
Reasoning,221279.678,221286.483
AgentMessage,221286.488,221287.368
CommandExecution,221275.95,221290.638
CommandExecution,221293.916,221293.917
CommandExecution,221298.996,221298.996
Reasoning,221300.673,221308.447
CommandExecution,221275.919,221310.93
CommandExecution,221315.348,221315.349
CommandExecution,221275.897,221316.959
Reasoning,221318.633,221335.588
CommandExecution,221343.162,221343.163
CommandExecution,221343.241,221343.241
Reasoning,221349.902,221367.048
CommandExecution,221143.327,221388.09
CommandExecution,221410.859,221410.859
Reasoning,221414.243,221416.272
McpToolCall,221425.051,221427.268
CommandExecution,221424.033,221428.711
Reasoning,221429.862,221440.603
McpToolCall,221458.059,221459.719
McpToolCall,221459.728,221461.163
CommandExecution,221461.251,221461.251
Reasoning,221464.352,221476.448
AgentMessage,221476.452,221477.803
CommandExecution,221492.575,221492.576
McpToolCall,221492.587,221494.243
Reasoning,221495.779,221497.328
Extension,221497.65,221542.651
McpToolCall,221551.903,221552.878
CommandExecution,221552.945,221552.946
Reasoning,221573.097,221590.872
Reasoning,221590.876,221597.379
AgentMessage,221597.382,221598.433
CommandExecution,221607.578,221607.578
CommandExecution,221567.69,221609.279
CommandExecution,221614.429,221614.43
Reasoning,221616.207,221624.902
Extension,221625.105,221670.105
CommandExecution,221677.696,221677.697
Reasoning,221696.298,221705.949
CommandExecution,221567.721,221707.186
AgentMessage,221705.952,221707.889
CommandExecution,221712.366,221712.367
CommandExecution,221712.443,221712.443
Reasoning,221716.702,221719.642
CommandExecution,221728.643,221728.643
CommandExecution,220163.214,221732.616
Reasoning,221730.357,221734.739
Extension,221735.075,221780.076
CommandExecution,221792.77,221793.091
Reasoning,221804.728,221805.272
CommandExecution,221818.948,221819.716
Reasoning,221821.298,221839.058
Reasoning,221839.061,221839.632
AgentMessage,221839.634,221841.598
CommandExecution,221851.128,221851.129
Reasoning,221858.317,221876.418
Reasoning,221876.421,221914.352
CommandExecution,221914.563,221914.564
CommandExecution,221914.638,221914.639
Reasoning,221920.142,221937.155
CommandExecution,222007.387,222007.403
CommandExecution,222007.478,222007.479
Reasoning,222009.571,222026.042
CommandExecution,222041.642,222041.643
Reasoning,222045.305,222060.033
CommandExecution,222064.638,222064.639
CommandExecution,222064.695,222064.696
Reasoning,222066.865,222082.842
CommandExecution,222127.808,222128.488
Reasoning,222131.946,222138.302
CommandExecution,222142.485,222142.486
CommandExecution,222142.541,222142.541
Reasoning,222150.059,222161.392
CommandExecution,222167.729,222167.729
CommandExecution,222167.8,222167.8
CommandExecution,221567.649,222183.043
Reasoning,222169.612,222185.659
CommandExecution,221567.668,222196.978
CommandExecution,222197.039,222197.039
Reasoning,222201.598,222218.217
CommandExecution,222197.217,222221.073
Reasoning,222218.221,222229.52
AgentMessage,222229.524,222230.917
CommandExecution,222281.975,222281.976
CommandExecution,222282.036,222282.036
Reasoning,222283.797,222287.673
CommandExecution,222316.125,222316.126
CommandExecution,222315.01,222324.267
Reasoning,222318.082,222331.783
Reasoning,222348.582,222353.422
CommandExecution,222342.41,222355.139
CommandExecution,222365.879,222369.503
Reasoning,222374.147,222390.237
Reasoning,222390.241,222400.687
CommandExecution,222403.16,222403.161
Reasoning,222407.499,222413.608
CommandExecution,222416.609,222416.61
CommandExecution,222416.681,222416.681
Reasoning,222419.427,222420.667
CommandExecution,222370.859,222421.241
CommandExecution,222424.594,222424.594
Reasoning,222427.447,222447.437
CommandExecution,222480.742,222480.742
CommandExecution,222480.808,222480.808
Reasoning,222485.242,222486.887
CommandExecution,222369.679,222493.52
CommandExecution,222498.718,222498.718
Reasoning,222501.772,222503.397
CommandExecution,222511.081,222511.081
CommandExecution,222511.239,222511.239
CommandExecution,222498.779,222511.541
CommandExecution,222498.755,222514.34
Reasoning,222515.8,222519.687
CommandExecution,222524.107,222524.107
CommandExecution,222524.221,222524.221
Reasoning,222525.997,222527.957
CommandExecution,222532.9,222532.901
CommandExecution,222533.039,222533.039
CommandExecution,222498.803,222538.413
Reasoning,222535.232,222550.632
Reasoning,222550.637,222566.187
Reasoning,222566.191,222577.727
CommandExecution,222601.661,222604.488
Reasoning,222605.092,222614.747
AgentMessage,222614.752,222616.837
CommandExecution,222622.362,222622.362
Reasoning,222625.277,222637.528
CommandExecution,222653.377,222654.964
CommandExecution,222654.579,222658.179
Reasoning,222662.112,222677.861
CommandExecution,222688.744,222688.744
Reasoning,222691.426,222706.973
Reasoning,222706.976,222715.867
AgentMessage,222715.871,222718.217
CommandExecution,222687.667,222731.722
Extension,222718.579,222763.579
CommandExecution,222781.839,222781.84
Reasoning,222788.972,222792.702
CommandExecution,222802.354,222814.601
CommandExecution,222802.32,222818.432
Reasoning,222807.777,222827.902
Reasoning,222827.905,222842.917
AgentMessage,222842.924,222844.376
CommandExecution,222802.292,222844.516
Extension,222844.549,222889.551
CommandExecution,222904.564,222904.565
CommandExecution,222658.365,222907.322
Reasoning,222906.668,222922.282
Reasoning,222922.285,222937.941
CommandExecution,222942.627,222942.627
CommandExecution,222942.785,222942.785
Reasoning,222947.431,222948.071
CommandExecution,222959.863,222959.863
CommandExecution,222958.8,222963.574
Reasoning,222962.461,222978.461
Reasoning,222978.464,222994.471
McpToolCall,223000.273,223001.042
CommandExecution,223001.098,223001.099
Reasoning,223002.857,223006.648
McpToolCall,223023.618,223025.29
McpToolCall,223025.3,223026.917
CommandExecution,223027.022,223027.022
Reasoning,223033.141,223046.907
AgentMessage,223046.916,223048.167
Extension,223048.34,223093.342
McpToolCall,223105.007,223105.922
CommandExecution,223106.0,223106.0
Reasoning,223107.721,223115.556
CommandExecution,223145.644,223145.644
CommandExecution,223144.589,223147.065
Reasoning,223147.068,223162.801
CommandExecution,223171.41,223171.41
CommandExecution,223170.327,223171.798
Reasoning,223174.386,223176.186
CommandExecution,223179.876,223179.876
Reasoning,223183.561,223194.341
CommandExecution,223214.427,223214.427
CommandExecution,223213.363,223226.322
Reasoning,223218.655,223228.535
AgentMessage,223228.542,223230.588
Extension,223230.939,223260.941
CommandExecution,223267.967,223267.968
CommandExecution,223144.55,223281.03
Reasoning,223271.069,223286.604
CommandExecution,223294.008,223295.094
Reasoning,223297.172,223312.712
Reasoning,223312.715,223317.167
CommandExecution,223320.614,223320.615
AgentMessage,223324.546,223328.016
Reasoning,223331.247,223332.788
AgentMessage,223332.795,223333.906
CommandExecution,223340.072,223340.072
Reasoning,223347.911,223363.641
CommandExecution,223372.4,223372.4
CommandExecution,223372.42,223372.421
CommandExecution,223372.489,223372.489
Reasoning,223374.524,223383.303
CommandExecution,223392.805,223392.806
CommandExecution,223392.884,223392.884
Reasoning,223395.761,223412.467
Reasoning,223412.471,223426.876
Reasoning,223426.879,223427.691
AgentMessage,223427.693,223429.681
CommandExecution,223438.602,223438.602
CommandExecution,223448.673,223448.674
Reasoning,223450.618,223466.35
CommandExecution,223472.037,223472.038
Reasoning,223474.254,223482.001
CommandExecution,223486.963,223486.963
Reasoning,223489.348,223505.067
CommandExecution,223547.319,223547.319
Reasoning,223550.327,223566.363
Reasoning,223566.366,223584.516
Extension,223584.691,223629.693
CommandExecution,223638.939,223638.94
Reasoning,223647.493,223665.525
Reasoning,223665.528,223681.622
Reasoning,223681.625,223696.518
Reasoning,223696.523,223712.139
Reasoning,223712.142,223729.456
Reasoning,223729.46,223741.451
CommandExecution,223743.768,223743.768
CommandExecution,223144.516,223744.895
Reasoning,223751.206,223757.673
AgentMessage,223757.676,223759.825
CommandExecution,223144.486,223787.711
Extension,223760.158,223790.16
CommandExecution,223804.627,223804.627
Reasoning,223807.366,223822.716
CommandExecution,223872.937,223872.937
CommandExecution,223873.115,223874.533
Reasoning,223876.372,223883.316
AgentMessage,223883.331,223885.171
CommandExecution,223890.054,223890.054
Reasoning,223898.472,223915.111
Reasoning,223915.115,223929.901
CommandExecution,223934.248,223934.248
Reasoning,223940.886,223951.476
AgentMessage,223951.485,223953.006
Reasoning,223959.016,223974.507
AgentMessage,223974.51,223975.836
CommandExecution,223983.294,223983.295
Reasoning,223991.051,224004.387
CommandExecution,224006.344,224006.344
Reasoning,224010.071,224018.157
CommandExecution,224019.114,224019.115
Reasoning,224021.996,224038.121
Reasoning,224038.123,224054.196
Reasoning,224054.199,224072.714
Reasoning,224072.718,224083.786
AgentMessage,224083.789,224085.356
CommandExecution,224128.714,224128.714
CommandExecution,224128.783,224128.783
ContextCompaction,224128.797,224299.534
Reasoning,224302.981,224304.256
AgentMessage,224304.267,224305.681
CommandExecution,224310.728,224310.728
CommandExecution,224310.749,224310.75
CommandExecution,224310.778,224310.779
Reasoning,224312.826,224313.969
CommandExecution,224319.852,224319.852
Reasoning,224331.576,224333.017
CommandExecution,224338.967,224338.967
CommandExecution,224339.05,224339.051
Reasoning,224342.541,224345.141
CommandExecution,224349.12,224349.121
Reasoning,224352.296,224353.522
CommandExecution,224360.52,224360.52
CommandExecution,224360.694,224361.304
Reasoning,224362.892,224363.747
CommandExecution,224366.874,224366.874
Reasoning,224368.697,224370.622
AgentMessage,224370.628,224373.687
CommandExecution,224384.314,224384.314
CommandExecution,224384.502,224385.614
Reasoning,224389.128,224395.482
CommandExecution,224402.855,224402.855
Reasoning,224404.587,224417.112
CommandExecution,224420.248,224420.249
Reasoning,224421.862,224431.888
CommandExecution,224442.646,224442.646
Reasoning,224445.917,224455.874
CommandExecution,224469.429,224470.546
Reasoning,224473.263,224475.178
Reasoning,224480.718,224482.368
AgentMessage,224482.372,224485.45
Reasoning,224488.018,224489.283
AgentMessage,224489.286,224491.098
CommandExecution,224500.733,224500.733
Reasoning,224502.448,224518.148
CommandExecution,224521.363,224521.363
Reasoning,224524.088,224531.613
Reasoning,224585.598,224592.799
AgentMessage,224592.803,224594.483
CommandExecution,224596.544,224596.545
Reasoning,224598.294,224603.704
CommandExecution,224661.399,224661.399
Reasoning,224663.204,224664.975
AgentMessage,224664.979,224666.664
CommandExecution,224673.219,224673.219
Reasoning,224675.084,224676.259
CommandExecution,224680.754,224680.755
CommandExecution,224680.886,224680.886
Reasoning,224682.919,224693.809
Reasoning,224749.894,224750.795
AgentMessage,224750.797,224752.205
CommandExecution,224759.471,224759.471
CommandExecution,224759.546,224759.546
Reasoning,224762.967,224778.65
Reasoning,224787.184,224788.994
Reasoning,224835.585,224840.3
AgentMessage,224840.305,224841.665
Reasoning,224885.8,224901.701
Reasoning,224935.01,224950.581
AgentMessage,224950.585,224952.285
Reasoning,224985.572,224992.266
AgentMessage,224992.271,224993.411
Reasoning,224996.411,224998.706
AgentMessage,224998.71,224999.991
Reasoning,225035.121,225037.926
CommandExecution,225043.866,225043.867
Reasoning,225046.611,225050.581
Reasoning,225086.586,225090.951
AgentMessage,225090.954,225092.531
CommandExecution,225095.553,225095.554
Reasoning,225098.201,225110.521
Reasoning,225137.071,225151.501
AgentMessage,225151.506,225153.291
CommandExecution,225155.434,225155.434
Reasoning,225157.681,225166.736
Reasoning,225185.29,225190.923
CommandExecution,225203.941,225203.942
Reasoning,225205.682,225208.266
AgentMessage,225208.273,225209.991
Reasoning,225235.522,225236.106
CommandExecution,225241.644,225241.644
Reasoning,225243.326,225250.997
CommandExecution,225265.431,225265.432
CommandExecution,225265.613,225266.829
Reasoning,225268.166,225271.057
AgentMessage,225271.059,225272.122
Reasoning,225287.711,225288.601
Reasoning,225336.152,225338.037
AgentMessage,225338.042,225339.687
Reasoning,225386.127,225391.762
Reasoning,225487.767,225500.307
AgentMessage,225500.31,225501.72
Reasoning,225585.222,225586.042
Reasoning,225637.002,225639.687
AgentMessage,225639.714,225640.672
Reasoning,225648.362,225656.065
Reasoning,225736.273,225743.945
CommandExecution,225749.125,225749.126
Reasoning,225751.464,225768.193
AgentMessage,225768.208,225769.253
Reasoning,225837.035,225849.908
CommandExecution,225857.148,225857.643
Reasoning,225859.133,225861.254
AgentMessage,225861.269,225862.243
Reasoning,225935.228,225938.548
Reasoning,225985.983,226002.578
AgentMessage,226002.598,226004.529
Reasoning,226036.619,226039.409
Reasoning,226085.289,226090.498
CommandExecution,226097.212,226097.213
Reasoning,226099.523,226103.358
AgentMessage,226103.361,226104.621
Reasoning,226135.539,226154.118
Reasoning,226186.833,226198.964
Reasoning,226235.458,226251.793
AgentMessage,226251.796,226252.833
Reasoning,226285.518,226296.314
CommandExecution,221851.309,226315.694
Reasoning,226337.058,226337.973
CommandExecution,226348.113,226348.113
Reasoning,226356.108,226371.693
AgentMessage,226371.703,226373.568
CommandExecution,226403.727,226403.849
Reasoning,226407.667,226413.688
CommandExecution,226420.82,226420.82
Reasoning,226423.197,226424.368
CommandExecution,226428.077,226428.077
Reasoning,226430.892,226443.287
CommandExecution,226462.292,226462.292
Reasoning,226469.927,226476.372
AgentMessage,226476.375,226478.094
CommandExecution,226483.277,226483.278
CommandExecution,226483.331,226483.331
Reasoning,226485.645,226489.086
CommandExecution,226507.955,226507.955
Reasoning,226511.096,226525.424
CommandExecution,226548.666,226548.666
CommandExecution,226548.841,226549.364
Reasoning,226556.641,226561.356
CommandExecution,226585.972,226585.972
CommandExecution,226584.885,226586.178
Reasoning,226596.816,226614.696
CommandExecution,226618.194,226619.858
Reasoning,226622.016,226624.041
AgentMessage,226624.043,226625.646
Reasoning,226635.491,226651.251
CommandExecution,226682.001,226682.001
Reasoning,226685.05,226699.808
CommandExecution,226702.53,226702.53
Reasoning,226707.38,226709.425
CommandExecution,226711.941,226713.311
Reasoning,226716.14,226717.081
AgentMessage,226717.1,226718.22
Reasoning,226731.155,226733.785
CommandExecution,226728.469,226735.394
Reasoning,226741.305,226757.18
CommandExecution,226764.651,226764.651
CommandExecution,226764.825,226766.247
Reasoning,226768.215,226783.99
AgentMessage,226783.995,226785.56
Reasoning,226806.54,226808.645
CommandExecution,226802.242,226814.092
CommandExecution,226818.719,226818.719
Reasoning,226821.715,226837.327
Reasoning,226837.329,226851.852
Reasoning,226885.67,226887.295
McpToolCall,226883.821,226887.495
AgentMessage,226887.296,226889.085
Reasoning,226891.929,226902.235
McpToolCall,226906.315,226907.03
Reasoning,226909.019,226925.354
Reasoning,226935.711,226951.427
CommandExecution,226971.005,226972.382
Reasoning,226973.657,226974.3
AgentMessage,226974.302,226975.874
CommandExecution,226979.838,226979.838
Reasoning,226983.21,226992.87
AgentMessage,226992.885,226995.254
Reasoning,227000.014,227003.39
AgentMessage,227003.394,227004.859
CommandExecution,227043.329,227043.329
Reasoning,227045.919,227060.989
AgentMessage,227060.994,227062.009
CommandExecution,227065.153,227065.154
Reasoning,227069.684,227086.614
Reasoning,227086.617,227104.56
Reasoning,227150.524,227166.629
AgentMessage,227166.644,227168.129
Reasoning,227219.081,227220.879
Reasoning,227225.015,227227.464
Reasoning,227235.854,227237.125
CommandExecution,227239.168,227239.169
Reasoning,227242.049,227261.649
Reasoning,227261.653,227281.524
Reasoning,227281.527,227293.364
CommandExecution,227299.209,227299.209
Reasoning,227304.995,227307.739
AgentMessage,227307.742,227308.824
Reasoning,227336.199,227355.974
Reasoning,227355.977,227369.98
Reasoning,227386.214,227403.549
Reasoning,227403.552,227417.834
AgentMessage,227417.837,227418.579
Reasoning,227436.861,227439.069
Reasoning,227489.199,227505.149
Reasoning,227505.152,227524.504
Reasoning,227524.507,227540.479
Reasoning,227585.899,227602.799
Reasoning,227602.802,227619.164
AgentMessage,227619.168,227620.219
Reasoning,227638.594,227641.041
Reasoning,227685.874,227701.414
Reasoning,227701.422,227710.495
CommandExecution,227712.632,227712.632
Reasoning,227719.319,227721.191
Reasoning,227736.15,227747.269
AgentMessage,227747.273,227748.56
Reasoning,227788.169,227806.817
Reasoning,227806.823,227826.704
Reasoning,227837.514,227856.764
Reasoning,227890.579,227894.194
AgentMessage,227894.203,227895.639
Reasoning,227936.994,227958.289
CommandExecution,215382.849,227961.549
Reasoning,227964.085,227965.884
CommandExecution,227977.523,227977.523
Reasoning,227982.17,228000.5
AgentMessage,228000.504,228001.925
CommandExecution,228035.824,228035.897
Reasoning,228043.037,228065.511
CommandExecution,228088.332,228088.332
CommandExecution,228088.507,228090.363
Reasoning,228095.315,228106.271
CommandExecution,228127.391,228128.139
CommandExecution,228128.311,228129.622
Reasoning,228131.741,228150.539
Reasoning,228150.543,228163.5
AgentMessage,228163.504,228164.869
CommandExecution,228190.23,228190.23
CommandExecution,228190.407,228206.961
Reasoning,228199.815,228223.195
CommandExecution,228233.322,228233.322
Reasoning,228236.825,228240.7
CommandExecution,228245.855,228245.855
Reasoning,228250.52,228264.835
CommandExecution,228296.866,228298.497
Reasoning,228301.659,228311.37
CommandExecution,228320.658,228320.658
CommandExecution,228320.74,228320.74
CommandExecution,228320.805,228320.806
Reasoning,228323.824,228336.61
AgentMessage,228336.625,228339.301
CommandExecution,228343.448,228343.978
CommandExecution,228344.153,228344.748
Reasoning,228347.105,228366.075
CommandExecution,228371.947,228372.871
CommandExecution,228374.215,228375.067
CommandExecution,228373.044,228375.356
Reasoning,228377.975,228390.84
CommandExecution,228395.706,228395.706
Reasoning,228401.075,228412.817
CommandExecution,228420.57,228422.099
Reasoning,228424.934,228446.989
Reasoning,228458.889,228479.279
AgentMessage,228479.282,228480.089
CommandExecution,228482.415,228482.415
CommandExecution,228450.652,228487.511
Reasoning,228491.09,228511.47
Reasoning,228511.473,228529.3
Reasoning,228529.303,228539.549
CommandExecution,228541.661,228541.662
Reasoning,228549.969,228565.419
Reasoning,228578.389,228580.161
AgentMessage,228580.164,228581.754
CommandExecution,228572.532,228583.091
CommandExecution,228590.415,228590.415
CommandExecution,228572.554,228592.751
CommandExecution,228572.514,228600.135
Reasoning,228595.329,228600.979
CommandExecution,228604.236,228604.236
CommandExecution,228419.397,228616.192
Reasoning,228611.369,228631.755
Reasoning,228631.77,228657.485
Reasoning,228657.497,228678.371
Reasoning,228678.376,228700.306
AgentMessage,228700.311,228701.6
CommandExecution,228703.406,228703.407
Reasoning,228711.74,228717.199
CommandExecution,228723.25,228724.967
Reasoning,228727.994,228750.85
McpToolCall,228753.727,228754.325
Reasoning,228768.24,228783.799
Reasoning,228783.802,228801.854
AgentMessage,228801.858,228802.854
CommandExecution,228828.141,228828.141
McpToolCall,228828.152,228828.53
Reasoning,228834.329,228840.85
CommandExecution,228847.02,228847.02
CommandExecution,228845.955,228848.026
Reasoning,228851.03,228867.304
McpToolCall,228880.341,228880.719
McpToolCall,228880.726,228881.191
McpToolCall,228881.198,228881.799
McpToolCall,228881.807,228882.265
Reasoning,228888.126,228889.854
CommandExecution,228892.772,228892.773
Reasoning,228896.105,228911.509
AgentMessage,228911.513,228913.39
Reasoning,228928.806,228930.363
CommandExecution,228923.607,228940.1
Reasoning,228935.76,228958.139
CommandExecution,228964.878,228964.878
Reasoning,228971.97,228990.788
Reasoning,228990.79,228998.718
CommandExecution,229005.705,229006.019
Reasoning,229008.364,229028.59
AgentMessage,229028.593,229029.958
CommandExecution,229037.05,229037.05
CommandExecution,228923.587,229049.857
Reasoning,229040.237,229058.255
Reasoning,229058.265,229080.85
CommandExecution,229081.864,229081.864
Reasoning,229086.404,229103.585
Reasoning,229103.588,229117.765
CommandExecution,219661.419,229125.391
CommandExecution,229125.413,229125.414
Reasoning,229128.25,229130.53
AgentMessage,229130.534,229132.315
CommandExecution,229141.087,229141.087
Reasoning,229144.309,229163.119
Reasoning,229163.124,229184.077
Reasoning,229184.081,229197.729
CommandExecution,229215.306,229216.811
Reasoning,229219.115,229238.61
Reasoning,229238.613,229256.769
Reasoning,229256.772,229259.515
Reasoning,229315.824,229334.38
Reasoning,229334.383,229354.963
Reasoning,229354.966,229374.887
AgentMessage,229374.889,229376.116
CommandExecution,229377.733,229377.733
Reasoning,229382.244,229400.75
Reasoning,229400.755,229421.295
Reasoning,229421.299,229442.89
CommandExecution,228923.567,229457.419
Reasoning,229442.894,229462.908
Reasoning,229462.913,229479.746
Reasoning,229479.756,229482.524
CommandExecution,228923.549,229502.464
Reasoning,229506.445,229509.04
CommandExecution,229511.619,229511.619
Reasoning,229515.264,229534.66
AgentMessage,229534.664,229535.765
CommandExecution,229573.511,229573.511
Reasoning,229576.859,229595.125
Reasoning,229595.128,229617.251
Reasoning,229617.255,229636.085
CommandExecution,229686.619,229686.619
Reasoning,229690.56,229708.606
CommandExecution,229711.606,229711.606
CommandExecution,229711.684,229711.684
Reasoning,229717.899,229735.512
CommandExecution,229750.324,229750.687
Reasoning,229756.141,229779.602
Reasoning,229779.606,229800.011
Reasoning,229800.014,229814.306
CommandExecution,229829.219,229830.747
Reasoning,229837.918,229853.466
Reasoning,229853.47,229867.101
CommandExecution,229873.311,229873.812
CommandExecution,229873.293,229873.812
CommandExecution,229873.273,229873.927
CommandExecution,229873.328,229873.928
CommandExecution,229873.985,229873.986
Reasoning,229883.065,229906.045
Reasoning,229906.049,229923.391
AgentMessage,229923.394,229924.812
Reasoning,229928.801,229944.526
AgentMessage,229944.571,229950.09
AgentMessage,248772.868,248775.903
CommandExecution,248781.263,248781.264
CommandExecution,248781.279,248781.282
ContextCompaction,248781.292,248981.18
CommandExecution,248989.543,248989.543
CommandExecution,248989.558,248989.559
CommandExecution,248989.574,248989.575
Reasoning,248991.744,248995.724
CommandExecution,249009.396,249009.396
Reasoning,249012.334,249015.449
AgentMessage,249015.459,249018.514
CommandExecution,249031.86,249031.871
CommandExecution,249031.838,249031.872
CommandExecution,249031.881,249031.882
CommandExecution,249031.897,249031.897
Reasoning,249033.964,249034.604
CommandExecution,249045.178,249045.179
CommandExecution,249045.316,249045.316
Reasoning,249047.154,249066.084
CommandExecution,249074.087,249074.139
CommandExecution,249074.216,249074.216
Reasoning,249076.574,249095.231
CommandExecution,249111.694,249112.591
Extension,249112.625,249113.639
Reasoning,249120.869,249137.99
AgentMessage,249137.999,249140.699
CommandExecution,249147.653,249147.654
CommandExecution,249147.726,249147.726
Reasoning,249152.159,249156.505
CommandExecution,249164.379,249165.034
Reasoning,249166.724,249183.815
Reasoning,249239.89,249246.664
CommandExecution,249252.117,249252.117
CommandExecution,249252.176,249252.177
Reasoning,249254.979,249272.385
Reasoning,249401.963,249416.455
CommandExecution,249465.026,249465.103
CommandExecution,249465.289,249465.72
Reasoning,249469.105,249482.285
CommandExecution,249537.952,249539.223
Reasoning,249540.405,249541.76
AgentMessage,249541.763,249544.77
CommandExecution,249546.786,249546.787
Reasoning,249548.751,249549.97
CommandExecution,249555.544,249555.556
Reasoning,249562.14,249562.701
CommandExecution,249559.35,249563.938
Reasoning,249568.91,249584.59
CommandExecution,249589.605,249589.605
Reasoning,249594.281,249601.085
CommandExecution,249637.992,249639.078
Reasoning,249644.171,249645.166
CommandExecution,249647.207,249647.207
Reasoning,249651.281,249654.39
CommandExecution,249665.28,249665.28
CommandExecution,249665.478,249666.507
Reasoning,249668.556,249670.755
AgentMessage,249674.941,249680.701
AgentMessage,249684.631,249686.236
CommandExecution,249695.241,249695.241
CommandExecution,249695.273,249695.274
CommandExecution,249695.306,249695.306
Reasoning,249697.851,249714.042
Reasoning,249714.051,249733.891
Reasoning,249804.491,249809.376
CommandExecution,249814.415,249815.215
CommandExecution,249815.29,249815.29
Reasoning,249816.951,249822.726
CommandExecution,249834.851,249836.257
Reasoning,249844.306,249865.736
Reasoning,249865.741,249884.772
AgentMessage,249884.776,249887.123
Reasoning,249971.572,249975.431
CommandExecution,249982.639,249982.639
CommandExecution,249982.708,249982.709
Reasoning,249985.226,249994.682
Extension,249998.463,249999.701
CommandExecution,249999.788,249999.788
Reasoning,250003.436,250021.771
CommandExecution,250023.898,250023.899
Extension,250023.953,250025.011
Reasoning,250027.126,250046.356
Reasoning,250046.359,250054.752
CommandExecution,250160.333,250160.334
Reasoning,250162.531,250181.511
CommandExecution,249840.807,250194.114
CommandExecution,250217.034,250217.034
Reasoning,250219.116,250238.971
CommandExecution,250285.457,250285.878
CommandExecution,250286.066,250286.101
Reasoning,250287.986,250305.466
Reasoning,250305.471,250320.681
AgentMessage,250320.685,250322.426
CommandExecution,250348.923,250348.923
CommandExecution,250349.117,250349.35
Reasoning,250351.686,250367.331
CommandExecution,250394.404,250394.404
CommandExecution,250394.598,250399.879
Reasoning,250400.438,250423.166
CommandExecution,250426.578,250426.578
Reasoning,250428.261,250445.091
Reasoning,250562.856,250565.106
CommandExecution,250572.519,250572.519
Extension,250572.566,250573.931
Reasoning,250579.106,250594.641
Reasoning,250594.644,250614.421
CommandExecution,250646.3,250646.3
Reasoning,250649.076,250669.991
Reasoning,250669.995,250683.136
CommandExecution,250735.444,250735.444
Reasoning,250738.246,250757.246
CommandExecution,250425.522,250777.782
CommandExecution,250784.453,250784.453
Reasoning,250788.406,250788.891
AgentMessage,250788.893,250791.081
CommandExecution,250795.315,250795.373
CommandExecution,250795.551,250796.844
Reasoning,250800.716,250818.881
CommandExecution,250825.016,250825.016
Reasoning,250827.662,250844.701
CommandExecution,250850.666,250850.666
CommandExecution,250850.856,250852.194
Reasoning,250856.436,250877.056
Reasoning,250877.061,250900.031
Reasoning,250900.035,250914.986
AgentMessage,250914.99,250917.316
Reasoning,250917.321,250939.366
Reasoning,250939.369,250952.171
CommandExecution,250954.994,250954.995
CommandExecution,250955.042,250955.043
Reasoning,250958.245,250978.611
CommandExecution,251006.88,251006.88
Reasoning,251009.951,251028.941
CommandExecution,251079.39,251079.391
Reasoning,251083.011,251101.291
Reasoning,251101.295,251109.451
CommandExecution,251148.396,251148.426
Reasoning,251150.671,251164.026
CommandExecution,251176.596,251176.596
CommandExecution,251176.801,251178.586
Reasoning,251179.965,251186.276
CommandExecution,251189.073,251191.436
Reasoning,251192.0,251205.02
CommandExecution,251206.945,251206.945
CommandExecution,251207.004,251207.005
CommandExecution,251216.327,251216.707
CommandExecution,251216.801,251216.801
Reasoning,251219.385,251233.636
CommandExecution,251238.002,251238.002
Reasoning,251241.281,251261.221
Reasoning,251261.225,251262.936
AgentMessage,251262.94,251264.94
CommandExecution,251266.577,251266.578
Reasoning,251269.211,251286.061
CommandExecution,251344.935,251345.273
Reasoning,251347.215,251349.885
CommandExecution,251356.998,251356.998
CommandExecution,251355.896,251358.267
Reasoning,251362.755,251383.925
CommandExecution,251385.139,251385.139
Reasoning,251389.023,251398.945
CommandExecution,251458.722,251475.324
Reasoning,251476.095,251479.875
CommandExecution,251488.121,251488.122
CommandExecution,251488.226,251488.777
CommandExecution,251488.191,251488.933
Reasoning,251491.935,251508.246
CommandExecution,251515.519,251515.519
CommandExecution,251515.608,251515.609
Reasoning,251519.285,251537.616
CommandExecution,251540.14,251546.665
Reasoning,251543.35,251552.971
CommandExecution,251558.835,251560.387
CommandExecution,251560.572,251563.868
CommandExecution,251561.766,251564.714
Reasoning,251565.44,251591.652
CommandExecution,251595.885,251595.885
CommandExecution,251236.902,251598.079
Reasoning,251601.755,251619.576
CommandExecution,251633.263,251633.264
CommandExecution,251634.646,251636.108
Reasoning,251641.401,251659.865
CommandExecution,251661.911,251661.911
Reasoning,251673.591,251684.66
CommandExecution,251691.45,251691.45
Reasoning,251698.135,251721.073
CommandExecution,251690.364,251737.354
Reasoning,251721.078,251742.006
CommandExecution,251633.455,251755.725
Reasoning,251742.009,251762.065
CommandExecution,251765.426,251765.426
Reasoning,251769.015,251774.685
McpToolCall,251788.223,251790.307
Reasoning,251792.412,251797.545
McpToolCall,251801.424,251802.541
CommandExecution,251802.681,251802.682
CommandExecution,251787.121,251802.719
CommandExecution,251787.197,251804.346
Reasoning,251807.624,251813.586
CommandExecution,251820.893,251820.894
McpToolCall,251825.828,251826.396
CommandExecution,251787.152,251827.425
Reasoning,251830.377,251844.12
CommandExecution,251856.263,251856.263
Reasoning,251860.35,251873.605
CommandExecution,251876.515,251876.516
CommandExecution,251787.09,251910.585
ContextCompaction,251881.432,252109.154
Reasoning,252112.645,252113.13
CommandExecution,252116.755,252116.755
CommandExecution,252116.812,252116.813
Reasoning,252118.65,252119.515
AgentMessage,252119.52,252121.47
CommandExecution,252128.974,252128.974
CommandExecution,252128.977,252128.979
CommandExecution,252128.987,252128.992
CommandExecution,252137.885,252137.886
CommandExecution,252137.97,252137.97
CommandExecution,249565.593,252139.202
Reasoning,252139.735,252140.206
CommandExecution,252146.708,252146.709
CommandExecution,252145.654,252147.593
Reasoning,252151.566,252152.15
CommandExecution,252156.257,252156.258
CommandExecution,252165.915,252166.981
McpToolCall,252168.1,252168.62
CommandExecution,252167.092,252169.199
Reasoning,252174.695,252175.306
CommandExecution,252177.893,252177.894
Reasoning,252179.826,252180.575
Reasoning,252193.99,252194.75
AgentMessage,252194.753,252196.46
McpToolCall,252206.99,252207.531
CommandExecution,252207.584,252207.585
Reasoning,252211.735,252212.736
CommandExecution,252222.244,252222.244
Reasoning,252224.075,252224.615
CommandExecution,252190.872,252228.764
McpToolCall,252237.709,252238.001
Reasoning,252242.72,252246.085
CommandExecution,252259.502,252259.503
CommandExecution,252221.19,252260.733
Reasoning,252264.705,252265.151
CommandExecution,252258.429,252274.658
McpToolCall,252274.076,252274.975
Reasoning,252277.855,252279.14
McpToolCall,252288.828,252289.337
McpToolCall,252289.352,252289.79
McpToolCall,252289.799,252290.183
McpToolCall,252290.191,252290.555
McpToolCall,252290.564,252290.97
McpToolCall,252290.978,252291.397
CommandExecution,252291.47,252291.47
Reasoning,252295.29,252316.29
CommandExecution,252319.049,252319.049
Reasoning,252320.71,252323.044
CommandExecution,252332.324,252333.327
CommandExecution,252333.395,252333.396
Reasoning,252335.781,252341.724
AgentMessage,252341.728,252343.595
CommandExecution,252348.989,252348.989
Reasoning,252365.854,252367.501
CommandExecution,252258.399,252389.145
Reasoning,252511.834,252512.415
CommandExecution,252520.212,252520.212
CommandExecution,252520.293,252520.293
Reasoning,252524.21,252541.295
CommandExecution,252631.358,252632.015
Reasoning,252634.025,252635.37
CommandExecution,252643.787,252643.787
CommandExecution,252643.855,252643.856
Reasoning,252646.98,252651.729
CommandExecution,252654.801,252654.802
CommandExecution,252654.984,252658.188
Reasoning,252660.32,252664.835
CommandExecution,252669.435,252669.435
Reasoning,252672.165,252683.99
CommandExecution,252723.964,252725.55
Reasoning,252727.13,252746.44
CommandExecution,252751.705,252751.705
CommandExecution,252750.632,252757.743
Reasoning,252755.4,252760.305
CommandExecution,252763.884,252763.886
Reasoning,252768.485,252775.87
CommandExecution,252786.07,252786.07
Reasoning,252788.6,252792.879
AgentMessage,252792.896,252794.187
CommandExecution,252785.001,252796.751
CommandExecution,252796.877,252796.878
CommandExecution,252803.581,252803.581
Reasoning,252805.645,252824.676
CommandExecution,252258.372,252827.903
CommandExecution,252258.346,252834.752
Reasoning,252896.985,252914.315
CommandExecution,252958.009,252958.009
Reasoning,252959.7,252980.29
CommandExecution,252985.945,252985.945
CommandExecution,252986.124,252987.621
Reasoning,252990.02,253009.265
CommandExecution,253012.161,253012.161
CommandExecution,253012.176,253012.176
Reasoning,253014.525,253020.325
AgentMessage,253020.329,253022.166
CommandExecution,253049.951,253049.952
CommandExecution,253048.86,253060.419
Reasoning,253052.81,253072.498
CommandExecution,253074.49,253074.49
Reasoning,253079.728,253087.495
CommandExecution,253088.883,253088.883
Reasoning,253091.897,253110.582
CommandExecution,253112.391,253112.392
Reasoning,253115.82,253136.4
CommandExecution,253153.524,253153.524
Reasoning,253157.341,253177.315
Reasoning,253256.334,253261.699
CommandExecution,253322.65,253325.118
Reasoning,253326.604,253337.084
CommandExecution,253344.565,253344.566
Reasoning,253348.604,253352.07
AgentMessage,253352.08,253354.649
AgentMessage,253360.069,253361.11
CommandExecution,253365.873,253365.874
CommandExecution,253365.879,253365.88
Reasoning,253372.824,253392.87
Reasoning,253392.873,253416.124
CommandExecution,253418.171,253418.171
CommandExecution,253418.248,253418.248
Reasoning,253421.214,253443.375
CommandExecution,253488.146,253488.849
Reasoning,253492.516,253496.819
AgentMessage,253496.823,253498.889
CommandExecution,253505.492,253505.586
CommandExecution,253506.814,253506.814
CommandExecution,253505.762,253507.21
Reasoning,253508.454,253527.789
Reasoning,253527.793,253534.0
CommandExecution,253536.194,253536.194
Reasoning,253539.194,253560.984
Reasoning,253560.988,253585.114
AgentMessage,253585.118,253585.594
Reasoning,253624.151,253626.619
CommandExecution,253630.285,253630.286
Reasoning,253638.519,253642.15
CommandExecution,253650.393,253650.393
Reasoning,253653.225,253672.08
CommandExecution,253673.384,253673.384
Reasoning,253675.789,253687.299
CommandExecution,253687.935,253687.935
Reasoning,253694.559,253696.024
CommandExecution,253699.704,253699.704
Reasoning,253701.719,253717.979
CommandExecution,253720.604,253720.631
Reasoning,253722.594,253739.529
Reasoning,253739.533,253749.029
CommandExecution,253793.008,253793.054
Reasoning,253795.631,253800.289
CommandExecution,253816.137,253816.144
CommandExecution,253816.216,253816.216
Reasoning,253818.199,253830.875
CommandExecution,253837.925,253837.925
CommandExecution,253838.103,253849.541
Reasoning,253843.389,253869.165
CommandExecution,253874.487,253874.488
CommandExecution,253874.663,253877.266
Reasoning,253880.344,253881.464
CommandExecution,253885.055,253886.504
Reasoning,253887.834,253893.299
CommandExecution,253900.926,253903.263
CommandExecution,253902.103,253915.976
Reasoning,253906.144,253921.972
Reasoning,253921.976,253940.844
CommandExecution,253957.487,253957.487
Reasoning,253962.61,253982.734
Reasoning,253982.737,254002.424
Reasoning,254002.429,254029.534
CommandExecution,254031.992,254031.992
Reasoning,254040.259,254057.774
Reasoning,254057.777,254077.299
Reasoning,254077.317,254088.199
AgentMessage,254088.203,254090.714
CommandExecution,254114.098,254114.356
CommandExecution,254114.412,254114.412
CommandExecution,254114.525,254114.525
Reasoning,254121.239,254134.18
CommandExecution,254137.123,254137.123
CommandExecution,254138.496,254138.496
CommandExecution,254137.3,254140.348
Reasoning,254142.579,254146.534
CommandExecution,254155.205,254155.205
CommandExecution,254155.382,254156.321
Reasoning,254160.794,254176.15
CommandExecution,254186.62,254187.668
CommandExecution,254185.438,254188.166
Reasoning,254191.534,254199.379
CommandExecution,254204.325,254204.325
Reasoning,254206.624,254209.139
CommandExecution,254218.685,254218.685
CommandExecution,254217.603,254223.647
Reasoning,254225.839,254247.694
Reasoning,254247.697,254268.334
CommandExecution,254269.924,254269.924
Reasoning,254276.189,254281.864
AgentMessage,254281.873,254282.649
CommandExecution,254287.391,254287.391
Reasoning,254289.624,254306.464
CommandExecution,254309.427,254309.428
CommandExecution,254309.48,254309.481
CommandExecution,254286.318,254324.375
Reasoning,254311.989,254331.1
Reasoning,254331.103,254352.949
Reasoning,254352.952,254369.704
CommandExecution,254372.269,254372.269
CommandExecution,254372.353,254372.353
Reasoning,254375.514,254394.524
CommandExecution,254203.234,254412.209
CommandExecution,254400.532,254413.737
CommandExecution,254400.582,254421.819
Reasoning,254405.163,254426.597
CommandExecution,254430.076,254430.076
CommandExecution,254400.557,254434.584
Reasoning,254432.568,254441.335
CommandExecution,254445.244,254446.855
Reasoning,254448.503,254449.133
CommandExecution,254456.292,254458.877
CommandExecution,254457.478,254474.041
Reasoning,254460.209,254481.359
Reasoning,254481.362,254502.54
Reasoning,254502.543,254525.334
McpToolCall,254531.038,254531.739
CommandExecution,254531.796,254531.796
CommandExecution,254530.028,254532.416
Reasoning,254534.27,254538.114
Reasoning,254553.073,254558.894
McpToolCall,254572.442,254572.924
McpToolCall,254572.934,254573.339
McpToolCall,254573.347,254573.829
McpToolCall,254573.836,254574.259
McpToolCall,254574.265,254574.724
McpToolCall,254574.731,254575.047
CommandExecution,254549.629,254575.104
CommandExecution,254575.139,254575.14
Reasoning,254581.045,254602.219
Reasoning,254602.229,254626.684
Reasoning,254626.686,254653.324
Reasoning,254653.337,254674.799
Reasoning,254674.803,254680.274
CommandExecution,254549.599,254681.421
CommandExecution,254683.681,254683.682
Reasoning,254689.277,254690.819
AgentMessage,254690.823,254692.758
Reasoning,254692.763,254713.724
Reasoning,254713.727,254732.354
Reasoning,254732.358,254755.519
Reasoning,254755.525,254779.266
Reasoning,254779.284,254801.829
Reasoning,254801.832,254825.514
Reasoning,254825.517,254827.37
CommandExecution,254829.695,254829.696
Reasoning,254833.269,254849.26
Reasoning,254849.263,254869.465
AgentMessage,254869.468,254870.845
CommandExecution,254909.48,254909.48
Reasoning,254912.047,254933.403
Reasoning,254933.406,254951.769
CommandExecution,254956.221,254956.221
Reasoning,254958.993,254982.409
Reasoning,254982.413,255004.555
Reasoning,255020.6,255044.09
Reasoning,255044.102,255066.728
CommandExecution,254549.657,255083.395
Reasoning,255066.731,255089.328
Reasoning,255089.331,255108.989
CommandExecution,254549.686,255126.171
Reasoning,255108.992,255130.318
Reasoning,255130.321,255149.416
Reasoning,255149.42,255156.883
CommandExecution,255158.969,255158.969
Reasoning,255161.867,255180.359
AgentMessage,255180.363,255181.862
CommandExecution,255186.656,255186.656
Reasoning,255188.892,255202.512
CommandExecution,255220.301,255220.302
Reasoning,255222.468,255244.138
Reasoning,255244.141,255264.312
Reasoning,255264.315,255285.654
Reasoning,255285.662,255303.567
Reasoning,255303.57,255321.447
Reasoning,255321.451,255345.942
Reasoning,255345.945,255361.242
CommandExecution,255364.793,255364.794
Reasoning,255368.583,255370.212
CommandExecution,255372.793,255372.793
Reasoning,255376.987,255378.599
CommandExecution,255423.429,255423.43
Reasoning,255425.512,255445.117
Reasoning,255445.121,255465.427
Reasoning,255465.43,255487.897
Reasoning,255487.901,255512.318
Reasoning,255512.323,255536.627
Reasoning,255536.63,255545.202
CommandExecution,255547.277,255547.277
Reasoning,255551.782,255572.371
AgentMessage,255572.375,255574.051
CommandExecution,255599.327,255599.328
CommandExecution,255599.511,255601.605
Reasoning,255602.521,255604.968
CommandExecution,255607.325,255607.326
AgentMessage,255611.241,255613.996
AgentMessage,255616.736,255618.051
CommandExecution,255624.809,255624.809
CommandExecution,255624.866,255624.867
Reasoning,255630.686,255650.066
Reasoning,255650.072,255672.041
Reasoning,255672.051,255690.598
Reasoning,255690.603,255712.642
Reasoning,255712.646,255735.067
Reasoning,255735.07,255756.202
Reasoning,255756.206,255760.091
CommandExecution,255768.884,255768.884
Reasoning,255771.761,255791.73
Reasoning,255791.734,255809.127
Reasoning,255809.131,255809.571
AgentMessage,255809.574,255810.831
CommandExecution,255813.157,255813.157
Reasoning,255815.911,255831.431
Reasoning,255831.436,255838.066
CommandExecution,255849.775,255849.775
ContextCompaction,255849.848,256045.957
CommandExecution,256051.241,256051.241
Reasoning,256054.73,256055.616
AgentMessage,256055.618,256057.521
CommandExecution,256062.112,256062.112
CommandExecution,256062.116,256062.117
CommandExecution,256062.127,256062.128
Reasoning,256064.15,256064.855
CommandExecution,256071.073,256071.074
CommandExecution,256071.093,256071.093
CommandExecution,256071.114,256071.115
Reasoning,256073.07,256075.586
CommandExecution,256077.383,256077.384
Reasoning,256080.355,256082.296
CommandExecution,256102.26,256102.261
Reasoning,256104.836,256107.23
AgentMessage,256107.233,256109.7
CommandExecution,256112.212,256112.213
Reasoning,256114.281,256116.845
CommandExecution,256161.055,256161.056
Reasoning,256163.33,256166.456
CommandExecution,256179.668,256179.669
Reasoning,256182.581,256183.226
CommandExecution,256186.03,256186.031
Reasoning,256188.623,256192.106
CommandExecution,256226.734,256226.734
Reasoning,256229.885,256231.018
CommandExecution,256237.538,256237.539
CommandExecution,256237.622,256237.623
Reasoning,256239.686,256245.2
CommandExecution,256248.606,256248.607
Reasoning,256253.202,256264.91
CommandExecution,256283.134,256283.134
Reasoning,256285.585,256297.755
AgentMessage,256297.759,256299.275
CommandExecution,256300.157,256300.158
Reasoning,256302.846,256309.767
CommandExecution,256312.925,256312.925
Reasoning,256317.304,256318.915
CommandExecution,256320.99,256320.99
Reasoning,256325.936,256326.965
CommandExecution,256329.047,256329.047
Reasoning,256332.607,256335.995
CommandExecution,256337.882,256337.883
Reasoning,256339.692,256343.997
CommandExecution,256345.895,256345.896
Reasoning,256349.025,256353.695
CommandExecution,256362.346,256362.347
Reasoning,256365.114,256379.339
CommandExecution,256380.49,256380.491
Reasoning,256383.121,256396.857
AgentMessage,256396.861,256399.404
CommandExecution,256399.926,256399.927
Reasoning,256402.974,256417.175
CommandExecution,252236.699,256418.531
Extension,256417.377,256447.379
CommandExecution,256451.895,256451.896
Reasoning,256457.471,256458.489
CommandExecution,256462.369,256463.377
Reasoning,256468.218,256468.904
CommandExecution,256484.713,256484.713
Reasoning,256488.648,256501.271
AgentMessage,256501.275,256503.356
CommandExecution,256544.169,256544.169
Reasoning,256548.041,256552.48
CommandExecution,256606.792,256606.793
Reasoning,256609.09,256621.521
CommandExecution,256651.785,256651.786
Reasoning,256653.72,256661.401
CommandExecution,256664.937,256665.626
Reasoning,256676.737,256680.701
CommandExecution,256698.966,256700.368
Reasoning,256702.911,256705.861
Reasoning,256712.617,256713.876
CommandExecution,256709.287,256714.699
Reasoning,256719.635,256720.716
CommandExecution,256728.756,256728.756
CommandExecution,256727.681,256731.094
Reasoning,256730.897,256742.471
CommandExecution,256745.196,256746.322
Reasoning,256753.236,256757.896
AgentMessage,256757.899,256760.096
CommandExecution,256775.008,256775.008
Reasoning,256778.171,256787.511
CommandExecution,256715.983,256794.494
CommandExecution,256824.38,256824.38
Reasoning,256828.165,256831.535
CommandExecution,256823.24,256836.448
CommandExecution,256836.634,256839.363
Reasoning,256840.684,256845.537
Reasoning,256860.57,256867.35
CommandExecution,256872.453,256872.454
CommandExecution,256856.359,256873.426
CommandExecution,256873.488,256873.489
Reasoning,256877.39,256877.87
CommandExecution,256884.341,256884.342
Reasoning,256888.48,256892.13
CommandExecution,256895.697,256895.698
Reasoning,256900.962,256921.101
CommandExecution,256937.679,256937.68
Reasoning,256942.8,256944.377
CommandExecution,256971.432,256973.542
Reasoning,256977.071,256978.111
CommandExecution,256985.034,256985.036
CommandExecution,256985.24,256986.077
Reasoning,256992.075,256997.9
CommandExecution,257007.214,257009.614
CommandExecution,257010.976,257016.874
Reasoning,257014.147,257019.586
Reasoning,257033.186,257051.485
Reasoning,257051.488,257063.836
CommandExecution,257065.837,257065.837
Reasoning,257068.551,257081.207
CommandExecution,257025.192,257081.763
AgentMessage,257081.212,257082.811
CommandExecution,257085.542,257085.542
Reasoning,257092.256,257094.801
Reasoning,257103.641,257129.727
CommandExecution,257100.725,257130.697
CommandExecution,257009.796,257135.502
CommandExecution,257100.701,257136.474
Reasoning,257129.733,257150.049
Reasoning,257150.064,257156.803
CommandExecution,257161.167,257161.167
Reasoning,257164.877,257168.117
CommandExecution,257172.178,257172.179
Reasoning,257175.697,257188.677
CommandExecution,257203.187,257205.775
Reasoning,257206.497,257227.449
AgentMessage,257227.467,257229.197
CommandExecution,257247.452,257250.497
Reasoning,257250.547,257258.878
CommandExecution,257268.967,257270.364
Reasoning,257273.769,257296.263
Reasoning,257296.266,257316.243
CommandExecution,257320.907,257321.67
CommandExecution,257321.75,257321.75
Reasoning,257324.18,257326.619
CommandExecution,257335.176,257335.177
Reasoning,257338.504,257357.143
Reasoning,257357.145,257380.458
CommandExecution,257334.102,257382.194
Reasoning,257380.463,257401.014
Reasoning,257401.017,257424.23
Reasoning,257424.235,257428.779
CommandExecution,257431.631,257431.632
Reasoning,257440.138,257445.424
CommandExecution,257458.835,257463.72
Reasoning,257464.678,257474.418
McpToolCall,257477.545,257478.085
CommandExecution,257460.056,257487.276
CommandExecution,257267.78,257491.73
CommandExecution,257460.039,257497.583
Reasoning,257480.269,257503.759
Reasoning,257503.763,257513.311
AgentMessage,257513.315,257515.004
CommandExecution,257519.272,257519.272
Reasoning,257522.68,257535.819
CommandExecution,257542.118,257551.772
CommandExecution,257540.933,257556.926
Reasoning,257548.059,257570.712
Reasoning,257570.72,257593.285
CommandExecution,257595.288,257595.289
Reasoning,257598.349,257605.424
CommandExecution,257608.906,257608.907
McpToolCall,257608.933,257609.34
Reasoning,257611.639,257620.184
CommandExecution,257629.827,257629.827
Reasoning,257632.736,257653.579
McpToolCall,257658.717,257661.719
CommandExecution,257661.798,257661.799
Reasoning,257670.449,257681.114
McpToolCall,257703.036,257703.74
McpToolCall,257703.751,257704.584
McpToolCall,257704.592,257705.21
McpToolCall,257705.216,257705.895
McpToolCall,257705.902,257706.451
McpToolCall,257706.465,257706.865
CommandExecution,257687.953,257714.834
Reasoning,257709.214,257729.461
Reasoning,257729.464,257751.13
Reasoning,257751.133,257772.76
Reasoning,257772.763,257793.756
Reasoning,257793.764,257813.567
Reasoning,257813.57,257824.628
CommandExecution,257830.667,257830.667
CommandExecution,257687.906,257832.116
Reasoning,257839.76,257860.87
Reasoning,257860.873,257879.58
Reasoning,257879.584,257897.404
Reasoning,257897.407,257914.44
CommandExecution,257923.461,257923.461
Reasoning,257940.405,257948.035
AgentMessage,257948.041,257950.367
CommandExecution,257985.401,257985.402
Reasoning,257989.135,258011.437
Reasoning,258011.446,258033.255
Reasoning,258033.277,258053.565
Reasoning,258053.57,258063.7
CommandExecution,258067.363,258067.363
Reasoning,258081.49,258101.275
CommandExecution,258101.777,258101.778
Reasoning,258106.25,258131.681
Reasoning,258131.685,258155.489
Reasoning,258155.493,258165.33
Extension,258165.675,258210.676
CommandExecution,258221.923,258221.924
Reasoning,258229.786,258246.972
Reasoning,258246.976,258263.521
AgentMessage,258263.524,258265.875
CommandExecution,258302.578,258302.579
Reasoning,258305.731,258308.002
CommandExecution,258312.116,258312.117
CommandExecution,257687.93,258312.792
Reasoning,258321.55,258322.952
CommandExecution,258326.606,258326.606
Reasoning,258330.284,258333.896
CommandExecution,257687.868,258345.109
Extension,258334.149,258364.151
CommandExecution,258370.041,258370.041
Reasoning,258373.345,258392.165
AgentMessage,258392.17,258393.341
CommandExecution,258428.626,258428.626
Reasoning,258432.865,258453.216
CommandExecution,258475.309,258475.309
Reasoning,258478.04,258481.23
CommandExecution,258483.777,258485.864
Reasoning,258486.921,258491.845
CommandExecution,258497.006,258497.006
Reasoning,258500.826,258509.87
AgentMessage,258509.873,258513.445
AgentMessage,258541.205,258542.417
CommandExecution,258547.119,258547.12
Reasoning,258554.185,258577.515
Reasoning,258577.52,258589.086
CommandExecution,258592.148,258592.149
Reasoning,258594.692,258613.733
Reasoning,258613.739,258635.521
Reasoning,258635.525,258654.006
AgentMessage,258654.009,258656.226
CommandExecution,258679.723,258679.723
Reasoning,258687.026,258705.181
Reasoning,258705.186,258728.246
Reasoning,258728.25,258753.056
Reasoning,258753.061,258777.476
Reasoning,258777.479,258800.086
Reasoning,258800.089,258826.936
Reasoning,258826.939,258846.296
Reasoning,258846.301,258862.421
CommandExecution,258865.385,258865.385
CommandExecution,258864.332,258866.153
Reasoning,258867.241,258887.101
Reasoning,258887.105,258901.986
Reasoning,258901.992,258904.461
CommandExecution,258919.04,258919.04
CommandExecution,258917.945,258935.083
Reasoning,258922.213,258940.451
Reasoning,258940.455,258956.827
Reasoning,258956.832,258976.366
Reasoning,258976.376,258998.591
Reasoning,258998.599,259018.806
Reasoning,259018.812,259024.342
CommandExecution,259030.67,259030.67
CommandExecution,259029.618,259033.095
Reasoning,259032.903,259056.226
Reasoning,259056.231,259079.683
Reasoning,259079.687,259096.261
Reasoning,259096.264,259101.496
Reasoning,259113.431,259132.681
Reasoning,259132.686,259154.127
Reasoning,259154.132,259172.068
Reasoning,259172.071,259190.332
Reasoning,259190.336,259201.404
CommandExecution,259202.698,259202.698
Reasoning,259206.194,259207.194
Extension,259207.49,259237.49
CommandExecution,259247.348,259247.348
Reasoning,259256.851,259279.277
Reasoning,259279.282,259301.547
Reasoning,259301.562,259322.993
Reasoning,259322.997,259341.172
Reasoning,259341.176,259360.937
AgentMessage,259360.956,259363.016
CommandExecution,259383.475,259383.475
CommandExecution,259383.665,259385.194
Reasoning,259386.958,259406.342
Reasoning,259406.346,259431.067
Reasoning,259431.07,259449.227
Reasoning,259449.23,259471.692
CommandExecution,259477.061,259480.67
Reasoning,259481.287,259501.474
Reasoning,259501.478,259522.878
Reasoning,259522.882,259549.548
Reasoning,259549.551,259572.477
CommandExecution,259574.166,259574.166
Reasoning,259577.569,259581.733
AgentMessage,259581.742,259585.037
Reasoning,259591.092,259612.878
AgentMessage,259612.887,259614.287
CommandExecution,259616.593,259616.594
Reasoning,259624.302,259636.863
CommandExecution,259642.023,259642.129
Reasoning,259644.927,259665.873
Reasoning,259665.877,259686.748
Reasoning,259686.751,259709.438
Reasoning,259709.441,259728.498
Reasoning,259728.502,259749.723
Reasoning,259749.737,259770.383
Reasoning,259770.386,259785.383
CommandExecution,259831.807,259831.808
Reasoning,259838.608,259857.956
Reasoning,259857.959,259876.895
Reasoning,259876.899,259909.298
Reasoning,259909.302,259938.042
CommandExecution,259975.956,259975.957
CommandExecution,259976.011,259976.011
ContextCompaction,259977.612,260173.154
CommandExecution,260178.933,260178.933
Reasoning,260180.848,260181.658
AgentMessage,260181.668,260182.933
CommandExecution,260191.131,260191.132
Reasoning,260199.475,260200.584
CommandExecution,260205.579,260205.58
CommandExecution,260205.592,260205.593
Reasoning,260211.9,260214.136
CommandExecution,260222.074,260222.075
Reasoning,260227.198,260234.878
CommandExecution,260237.185,260237.185
Reasoning,260239.4,260254.993
AgentMessage,260255.003,260257.219
CommandExecution,260260.739,260260.74
Reasoning,260262.674,260281.184
CommandExecution,260286.197,260286.197
Reasoning,260289.578,260310.306
CommandExecution,260311.162,260311.163
Reasoning,260313.974,260318.214
CommandExecution,260319.146,260319.147
Reasoning,260320.685,260333.199
CommandExecution,260346.917,260348.655
Reasoning,260350.038,260350.714
CommandExecution,260352.971,260352.971
Reasoning,260355.273,260365.689
AgentMessage,260365.698,260367.108
Reasoning,260369.494,260371.669
AgentMessage,260371.678,260372.539
Reasoning,260413.949,260415.019
CommandExecution,260431.323,260431.323
Reasoning,260433.319,260435.449
CommandExecution,260441.916,260441.917
Reasoning,260445.478,260457.029
AgentMessage,260457.049,260457.954
CommandExecution,260459.474,260459.474
Reasoning,260465.299,260471.279
CommandExecution,260476.178,260476.179
Reasoning,260528.414,260545.389
AgentMessage,260545.392,260546.539
CommandExecution,260604.013,260604.014
Reasoning,260607.564,260625.516
Reasoning,260625.519,260641.374
AgentMessage,260641.378,260642.646
CommandExecution,260700.319,260700.319
CommandExecution,260750.408,260750.408
Reasoning,260752.054,260756.739
CommandExecution,260800.479,260800.479
Reasoning,260802.844,260823.729
CommandExecution,260850.551,260850.551
Reasoning,260852.509,260858.894
AgentMessage,260858.904,260860.009
CommandExecution,260900.631,260900.631
CommandExecution,260950.703,260950.704
Reasoning,260953.194,260960.965
CommandExecution,261000.776,261000.776
Reasoning,261004.585,261012.96
CommandExecution,261050.849,261050.85
Reasoning,261053.074,261059.33
AgentMessage,261059.334,261060.619
CommandExecution,261100.926,261100.926
CommandExecution,261151.02,261151.02
Reasoning,261152.829,261153.739
Reasoning,261156.094,261172.88
CommandExecution,261231.19,261231.19
Reasoning,261233.459,261236.725
CommandExecution,261281.266,261281.267
Reasoning,261284.063,261306.078
CommandExecution,261331.346,261331.346
Reasoning,261335.345,261336.649
AgentMessage,261336.652,261338.398
CommandExecution,261381.424,261381.425
Reasoning,261385.046,261385.983
CommandExecution,261431.505,261431.506
Reasoning,261434.267,261454.663
CommandExecution,261481.584,261481.584
Reasoning,261485.508,261486.327
CommandExecution,261531.663,261531.663
AgentMessage,261537.018,261538.133
CommandExecution,261581.742,261581.743
CommandExecution,261631.818,261631.818
CommandExecution,261681.893,261681.893
Reasoning,261688.827,261710.897
AgentMessage,261710.9,261711.627
CommandExecution,261731.967,261731.968
CommandExecution,261782.049,261782.05
CommandExecution,261832.123,261832.123
Reasoning,261836.436,261839.206
CommandExecution,261882.195,261882.196
Reasoning,261884.566,261906.127
AgentMessage,261906.138,261907.311
CommandExecution,261932.275,261932.275
CommandExecution,261982.348,261982.348
CommandExecution,262032.429,262032.429
CommandExecution,262082.512,262082.512
Reasoning,262087.096,262094.961
AgentMessage,262094.976,262096.446
CommandExecution,262132.59,262132.591
CommandExecution,262182.668,262182.668
CommandExecution,262232.743,262232.743
CommandExecution,262282.827,262282.827
Reasoning,262284.722,262306.972
AgentMessage,262306.976,262308.356
CommandExecution,262332.904,262332.904
CommandExecution,262382.999,262382.999
CommandExecution,262433.078,262433.079
CommandExecution,262483.16,262483.16
Reasoning,262485.34,262496.57
AgentMessage,262496.575,262497.916
CommandExecution,262533.241,262533.242
CommandExecution,262583.324,262583.324
CommandExecution,262633.402,262633.402
CommandExecution,262683.483,262683.483
Reasoning,262688.17,262704.605
AgentMessage,262704.62,262706.025
CommandExecution,262709.447,262709.448
Reasoning,262711.525,262730.375
CommandExecution,262791.714,262791.714
CommandExecution,262841.793,262841.793
CommandExecution,262891.878,262891.878
Reasoning,262896.62,262914.015
AgentMessage,262914.025,262915.24
CommandExecution,262941.957,262941.957
CommandExecution,262992.04,262992.04
CommandExecution,263042.127,263042.128
CommandExecution,263092.206,263092.206
Reasoning,263094.511,263112.512
AgentMessage,263112.516,263112.8
CommandExecution,263142.29,263142.29
CommandExecution,263192.375,263192.375
CommandExecution,263242.458,263242.458
CommandExecution,263292.546,263292.547
Reasoning,263294.911,263314.121
AgentMessage,263314.125,263314.941
CommandExecution,263342.624,263342.624
CommandExecution,256855.171,263367.98
CommandExecution,263368.156,263369.906
Reasoning,263371.516,263372.369
CommandExecution,263375.519,263375.52
Reasoning,263379.381,263394.971
AgentMessage,263394.981,263396.646
CommandExecution,263422.66,263422.661
Reasoning,263427.952,263435.052
CommandExecution,263436.974,263436.974
Reasoning,263439.125,263439.622
CommandExecution,263442.552,263442.553
Reasoning,263446.841,263449.672
CommandExecution,263469.021,263471.184
Reasoning,263474.576,263488.372
CommandExecution,263489.853,263490.441
Reasoning,263494.216,263495.551
AgentMessage,263495.561,263497.283
Reasoning,263526.458,263528.646
CommandExecution,263521.267,263536.049
CommandExecution,263547.625,263547.626
Reasoning,263549.776,263563.296
CommandExecution,263569.041,263569.041
CommandExecution,263567.945,263569.409
Reasoning,263572.151,263587.462
CommandExecution,263607.112,263607.113
Reasoning,263612.841,263622.511
CommandExecution,263630.93,263632.959
Reasoning,263633.976,263635.132
AgentMessage,263635.142,263637.002
CommandExecution,263642.067,263642.68
CommandExecution,263642.858,263643.597
Reasoning,263645.706,263661.601
CommandExecution,263669.863,263672.008
CommandExecution,263673.368,263676.374
Reasoning,263677.271,263678.852
McpToolCall,263682.516,263683.882
Reasoning,263690.978,263713.092
CommandExecution,263714.612,263714.613
Reasoning,263721.501,263722.806
CommandExecution,263729.825,263729.825
CommandExecution,263729.894,263729.894
Reasoning,263733.762,263755.328
AgentMessage,263755.331,263757.052
CommandExecution,263761.687,263761.687
Reasoning,263814.942,263816.412
CommandExecution,263819.68,263819.68
Reasoning,263824.491,263842.727
CommandExecution,263856.911,263856.912
CommandExecution,263672.187,263865.344
Reasoning,263870.173,263870.813
CommandExecution,263878.976,263882.969
Reasoning,263882.941,263899.396
AgentMessage,263899.416,263901.346
McpToolCall,263904.82,263905.557
CommandExecution,263880.156,263918.907
Reasoning,263913.512,263930.298
CommandExecution,263933.267,263933.267
McpToolCall,263933.291,263933.555
Reasoning,263937.853,263947.879
CommandExecution,263956.513,263968.332
CommandExecution,263957.698,263983.614
Reasoning,263962.538,263983.697
McpToolCall,263986.13,263986.572
CommandExecution,263986.637,263986.637
CommandExecution,263957.69,263986.733
Reasoning,263994.667,264013.242
AgentMessage,264013.247,264014.232
CommandExecution,264021.712,264021.712
McpToolCall,264021.722,264022.072
Reasoning,264026.697,264036.447
Reasoning,264049.302,264050.43
CommandExecution,264062.289,264062.289
McpToolCall,264062.301,264062.793
McpToolCall,264062.824,264063.237
McpToolCall,264063.244,264063.671
McpToolCall,264063.679,264064.077
McpToolCall,264064.083,264064.392
McpToolCall,264064.399,264064.874
CommandExecution,264044.77,264069.646
Reasoning,264067.053,264070.827
CommandExecution,264073.115,264073.115
Reasoning,264079.142,264086.737
CommandExecution,264098.687,264098.688
Reasoning,264107.227,264125.832
AgentMessage,264125.842,264126.877
CommandExecution,264134.323,264134.324
Reasoning,264138.267,264157.983
CommandExecution,264166.826,264166.827
CommandExecution,264044.798,264178.63
Reasoning,264171.073,264187.737
CommandExecution,251457.526,264199.517
CommandExecution,264199.539,264199.54
Reasoning,264204.502,264226.502
Reasoning,264284.267,264298.532
AgentMessage,264298.535,264299.447
CommandExecution,264300.417,264300.417
Reasoning,264303.384,264319.057
CommandExecution,264336.454,264336.455
CommandExecution,264336.506,264336.507
Reasoning,264339.027,264354.758
CommandExecution,264359.542,264359.542
Reasoning,264366.893,264367.918
CommandExecution,264370.321,264370.322
Reasoning,264422.228,264443.627
AgentMessage,264443.632,264444.933
CommandExecution,264451.774,264451.774
Reasoning,264504.777,264520.302
Reasoning,264520.312,264535.328
McpToolCall,264537.736,264539.343
CommandExecution,264539.394,264539.394
Reasoning,264542.993,264550.317
McpToolCall,264560.655,264561.993
Reasoning,264564.702,264584.967
AgentMessage,264584.973,264585.957
CommandExecution,264044.724,264594.774
Reasoning,264642.252,264644.983
CommandExecution,264646.606,264646.607
CommandExecution,264044.744,264651.269
Reasoning,264648.988,264665.678
Reasoning,264665.681,264670.588
AgentMessage,264670.591,264671.723
CommandExecution,264674.845,264674.845
McpToolCall,264674.809,264677.713
Reasoning,264679.738,264697.384
CommandExecution,264706.728,264706.728
CommandExecution,264706.879,264706.937
Extension,264706.729,264707.971
Reasoning,264709.833,264726.324
Reasoning,264726.329,264744.18
CommandExecution,264750.633,264750.843
McpToolCall,264750.852,264753.338
Reasoning,264755.573,264772.287
Reasoning,264772.316,264789.354
Reasoning,264789.358,264805.914
Reasoning,264805.918,264815.814
AgentMessage,264815.818,264817.319
CommandExecution,264821.437,264821.438
Reasoning,264825.648,264841.403
CommandExecution,264862.77,264863.035
Reasoning,264865.648,264883.788
CommandExecution,264904.252,264904.253
Reasoning,264956.638,264973.674
Reasoning,264973.677,264992.608
AgentMessage,264992.612,264993.528
CommandExecution,264995.659,264995.659
Reasoning,265047.853,265072.168
Reasoning,265072.17,265089.883
Reasoning,265089.888,265101.785
CommandExecution,265108.357,265109.042
Reasoning,265160.889,265161.878
AgentMessage,265161.883,265163.373
CommandExecution,265173.263,265173.263
Reasoning,265175.874,265194.708
Reasoning,265194.718,265215.683
CommandExecution,265266.831,265266.831
Reasoning,265268.582,265288.298
Reasoning,265288.302,265309.417
AgentMessage,265309.421,265310.692
CommandExecution,264820.37,265383.221
Reasoning,265367.956,265387.177
CommandExecution,265388.214,265388.214
Reasoning,265391.206,265408.726
AgentMessage,265408.73,265409.856
CommandExecution,265448.683,265448.684
Reasoning,265451.076,265466.621
Reasoning,265466.625,265482.346
CommandExecution,265529.074,265529.075
Reasoning,265531.885,265549.642
Reasoning,265549.646,265569.561
CommandExecution,265579.807,265579.807
CommandExecution,265579.985,265580.71
Reasoning,265584.236,265592.582
CommandExecution,265597.755,265597.756
CommandExecution,265597.813,265597.813
CommandExecution,265597.883,265597.884
Reasoning,265599.785,265616.532
CommandExecution,265639.329,265641.59
Reasoning,265643.702,265660.957
CommandExecution,265668.417,265670.883
Reasoning,265674.55,265694.081
CommandExecution,265699.959,265700.674
Reasoning,265703.181,265720.171
Reasoning,265722.91,265738.44
AgentMessage,265738.444,265744.475
AgentMessage,269559.424,269561.914
CommandExecution,269566.324,269566.325
ContextCompaction,269566.439,269783.524
CommandExecution,269789.939,269789.939
CommandExecution,269789.989,269789.99
Reasoning,269791.977,269794.727
CommandExecution,269802.845,269802.845
CommandExecution,269802.898,269802.899
Reasoning,269806.161,269807.362
CommandExecution,269815.996,269816.042
CommandExecution,269816.016,269816.042
CommandExecution,269816.055,269816.055
CommandExecution,269816.065,269816.065
Reasoning,269818.421,269819.052
AgentMessage,269819.076,269821.115
CommandExecution,269827.045,269827.045
CommandExecution,269827.114,269827.114
CommandExecution,269827.162,269827.162
Reasoning,269829.456,269834.882
AgentMessage,269838.896,269838.896
CommandExecution,269853.19,269853.191
CommandExecution,269853.309,269853.31
Extension,269853.334,269855.006
Reasoning,269856.946,269859.366
Extension,269866.137,269867.576
CommandExecution,269867.686,269867.687
Reasoning,269871.431,269873.012
Extension,269878.146,269881.421
CommandExecution,269881.547,269881.548
Reasoning,269887.161,269888.871
CommandExecution,269916.745,269916.745
Reasoning,269918.911,269921.356
CommandExecution,269929.671,269929.672
Extension,269929.708,269931.616
Reasoning,269934.891,269935.561
AgentMessage,269935.564,269937.549
CommandExecution,269941.387,269943.238
CommandExecution,269943.286,269943.286
Reasoning,269945.206,269950.175
CommandExecution,269953.852,269953.852
Reasoning,269955.576,269958.246
CommandExecution,269960.999,269960.999
Reasoning,269965.73,269981.266
CommandExecution,269984.675,269984.676
Reasoning,269987.22,269987.931
CommandExecution,269992.942,269992.942
Reasoning,269996.4,270015.35
CommandExecution,270119.876,270119.877
Reasoning,270126.49,270127.851
CommandExecution,270206.223,270206.224
Reasoning,270208.431,270209.094
AgentMessage,270209.098,270211.08
CommandExecution,270253.339,270253.339
Reasoning,270257.829,270260.164
CommandExecution,270446.232,270446.233
Reasoning,270448.431,270451.358
CommandExecution,270455.713,270455.713
Reasoning,270459.369,270467.399
CommandExecution,270472.177,270472.178
Reasoning,270474.439,270487.403
CommandExecution,270665.891,270665.891
Reasoning,270670.719,270671.353
CommandExecution,270675.175,270675.327
Reasoning,270677.943,270684.248
CommandExecution,270744.355,270744.355
Reasoning,270746.849,270761.778
CommandExecution,270806.812,270808.602
Reasoning,270810.823,270814.322
CommandExecution,270819.815,270819.815
Reasoning,270822.007,270825.247
CommandExecution,270834.374,270838.825
Reasoning,270841.007,270841.515
CommandExecution,270844.061,270844.061
Reasoning,270847.537,270855.377
CommandExecution,270878.883,270880.594
Reasoning,270882.742,270886.562
AgentMessage,270886.567,270889.14
CommandExecution,270891.949,270891.95
Reasoning,270896.112,270897.262
CommandExecution,270905.292,270905.292
Reasoning,270908.022,270925.927
CommandExecution,270950.927,270954.257
Reasoning,270957.022,270975.702
CommandExecution,271017.952,271018.662
Reasoning,271020.841,271021.48
CommandExecution,271027.564,271034.792
Reasoning,271031.433,271035.287
CommandExecution,271040.682,271040.96
Reasoning,271044.734,271049.142
CommandExecution,271058.188,271058.189
Reasoning,271062.057,271078.967
AgentMessage,271078.982,271081.512
CommandExecution,271102.789,271104.563
Reasoning,271106.888,271124.902
CommandExecution,271128.59,271128.59
Reasoning,271130.717,271133.864
CommandExecution,271139.482,271140.069
CommandExecution,271140.242,271141.072
CommandExecution,271141.123,271141.124
Reasoning,271143.119,271158.862
CommandExecution,271164.068,271165.877
Reasoning,271170.127,271185.562
CommandExecution,271196.325,271198.091
Reasoning,271199.997,271206.927
AgentMessage,271206.947,271209.207
CommandExecution,271216.0,271216.14
Reasoning,271220.901,271243.297
Reasoning,271282.001,271283.347
CommandExecution,271216.316,271322.378
CommandExecution,271322.835,271322.835
Reasoning,271325.483,271326.027
CommandExecution,271327.853,271327.854
Reasoning,271330.497,271332.076
CommandExecution,271335.821,271335.822
Reasoning,271341.821,271346.037
CommandExecution,271349.933,271349.933
Reasoning,271352.461,271356.548
CommandExecution,271368.92,271370.657
Reasoning,271373.737,271391.208
CommandExecution,271404.156,271405.964
Reasoning,271408.047,271423.448
CommandExecution,271429.153,271430.729
CommandExecution,271430.904,271431.049
Reasoning,271433.083,271436.208
CommandExecution,271446.929,271446.929
CommandExecution,271447.106,271447.253
Reasoning,271450.338,271466.542
CommandExecution,271474.653,271474.906
CommandExecution,271474.958,271474.958
Reasoning,271477.432,271497.693
CommandExecution,271518.29,271518.29
Reasoning,271521.233,271524.683
CommandExecution,271535.189,271535.19
Reasoning,271542.868,271551.553
CommandExecution,271555.395,271555.396
Reasoning,271557.859,271558.583
CommandExecution,271561.038,271561.038
Reasoning,271565.558,271571.643
CommandExecution,271575.182,271575.183
Reasoning,271580.263,271598.043
CommandExecution,271612.666,271612.667
Reasoning,271615.189,271625.76
CommandExecution,271637.046,271638.949
CommandExecution,271639.126,271640.776
CommandExecution,271447.427,271650.561
Reasoning,271643.844,271653.699
CommandExecution,271666.011,271666.213
CommandExecution,271666.389,271673.669
Reasoning,271671.131,271680.874
CommandExecution,271681.918,271681.919
Reasoning,271685.599,271705.364
CommandExecution,271709.038,271709.038
Reasoning,271712.224,271732.534
CommandExecution,271746.17,271746.415
Reasoning,271751.681,271771.59
Reasoning,271771.592,271787.81
AgentMessage,271787.813,271790.885
CommandExecution,271799.945,271801.564
Reasoning,271803.9,271821.751
CommandExecution,271840.674,271842.287
CommandExecution,271842.433,271842.434
CommandExecution,271746.605,271844.706
Reasoning,271846.965,271865.515
CommandExecution,271873.786,271873.811
Reasoning,271878.69,271891.285
CommandExecution,271904.792,271908.324
Reasoning,271912.175,271928.5
CommandExecution,271939.838,271941.061
CommandExecution,271941.233,271945.324
Reasoning,271948.841,271950.935
CommandExecution,271954.69,271954.691
Reasoning,271960.36,271962.073
CommandExecution,271972.115,271979.826
Reasoning,271978.516,271982.705
McpToolCall,271988.664,271990.021
CommandExecution,271990.198,271990.909
CommandExecution,271991.09,271991.09
Reasoning,271995.351,271997.061
CommandExecution,272003.307,272003.56
McpToolCall,272003.568,272004.063
CommandExecution,271908.501,272006.816
Reasoning,272006.037,272012.106
McpToolCall,272026.892,272028.963
Reasoning,272031.535,272034.791
McpToolCall,272049.31,272049.856
McpToolCall,272049.863,272050.211
McpToolCall,272050.218,272050.591
McpToolCall,272050.598,272051.102
McpToolCall,272051.109,272051.475
McpToolCall,272051.482,272051.766
CommandExecution,272051.95,272052.073
Reasoning,272056.371,272067.966
Extension,272070.04,272071.297
CommandExecution,272071.346,272071.346
Reasoning,272073.521,272086.066
CommandExecution,272096.759,272098.259
CommandExecution,272098.436,272100.493
CommandExecution,272100.666,272100.797
Reasoning,272104.746,272109.311
CommandExecution,272123.643,272123.643
Reasoning,272125.621,272147.796
Reasoning,272147.799,272158.691
CommandExecution,272165.591,272165.592
CommandExecution,272122.528,272172.477
Reasoning,272169.831,272188.407
CommandExecution,272100.97,272200.013
Reasoning,272188.411,272207.731
Reasoning,272207.734,272212.706
CommandExecution,272214.486,272214.486
Reasoning,272218.956,272222.727
AgentMessage,272222.738,272225.177
CommandExecution,272238.96,272243.961
CommandExecution,272240.134,272250.273
Reasoning,272244.466,272250.792
CommandExecution,272241.309,272251.837
McpToolCall,272257.912,272258.461
Reasoning,272262.261,272267.586
CommandExecution,272273.205,272273.206
CommandExecution,272272.119,272275.899
CommandExecution,272256.902,272286.342
Reasoning,272278.196,272295.931
McpToolCall,272300.053,272300.387
CommandExecution,272300.434,272300.435
Reasoning,272306.216,272309.161
McpToolCall,272314.586,272315.016
CommandExecution,272315.09,272315.09
Reasoning,272317.966,272333.951
CommandExecution,272342.895,272344.209
Reasoning,272346.636,272353.016
AgentMessage,272353.021,272356.362
McpToolCall,272360.736,272361.058
CommandExecution,272361.127,272361.128
Reasoning,272364.366,272383.441
Reasoning,272383.444,272405.301
McpToolCall,272408.047,272408.462
CommandExecution,272408.53,272408.53
Reasoning,272413.766,272420.296
Extension,272438.801,272442.351
CommandExecution,272430.988,272451.785
Reasoning,272444.551,272462.515
Reasoning,272462.518,272466.336
Extension,272477.162,272480.226
CommandExecution,272480.408,272484.597
McpToolCall,272481.416,272485.467
CommandExecution,272430.941,272577.072
ContextCompaction,272485.476,272703.535
CommandExecution,272713.709,272713.71
CommandExecution,272713.844,272713.845
Reasoning,272716.566,272718.467
AgentMessage,272718.469,272720.537
CommandExecution,272728.592,272728.592
CommandExecution,272728.723,272728.723
Extension,272728.745,272729.813
Reasoning,272731.67,272732.556
McpToolCall,272741.719,272743.688
CommandExecution,272748.768,272748.768
Reasoning,272753.212,272755.671
McpToolCall,272773.757,272778.7
CommandExecution,272778.771,272778.772
CommandExecution,272778.826,272778.827
Reasoning,272781.557,272782.226
CommandExecution,272787.087,272787.284
Reasoning,272789.532,272791.541
CommandExecution,272805.016,272805.971
McpToolCall,272805.979,272807.852
Reasoning,272810.956,272812.401
McpToolCall,272834.709,272835.267
McpToolCall,272835.285,272835.836
McpToolCall,272835.844,272836.326
McpToolCall,272836.333,272836.812
McpToolCall,272836.82,272837.422
CommandExecution,272824.701,272837.544
McpToolCall,272837.43,272837.758
Reasoning,272840.316,272844.271
AgentMessage,272844.274,272845.802
CommandExecution,272853.342,272853.343
McpToolCall,272853.353,272854.907
Reasoning,272857.966,272862.356
CommandExecution,272870.028,272870.028
McpToolCall,272870.038,272872.936
McpToolCall,272872.946,272874.592
CommandExecution,272874.641,272874.641
Reasoning,272878.558,272879.892
AgentMessage,272879.902,272881.997
McpToolCall,272891.949,272892.437
McpToolCall,272892.444,272893.837
CommandExecution,272893.917,272893.917
Reasoning,272896.223,272897.672
McpToolCall,272904.797,272905.077
McpToolCall,272905.085,272906.677
McpToolCall,272906.69,272908.766
Reasoning,272913.252,272915.173
CommandExecution,272922.41,272922.41
CommandExecution,272922.463,272922.463
Reasoning,272925.592,272929.786
CommandExecution,272951.792,272953.229
Reasoning,272955.998,272957.376
McpToolCall,272959.75,272960.567
Reasoning,272961.916,272970.833
McpToolCall,272989.853,272990.232
Extension,272991.443,272992.476
CommandExecution,272990.412,272993.602
Reasoning,272995.502,273001.361
CommandExecution,272430.92,273012.18
McpToolCall,273015.037,273017.372
McpToolCall,273017.38,273033.123
Reasoning,273035.942,273039.967
CommandExecution,273048.349,273048.349
McpToolCall,273048.357,273049.602
Reasoning,273051.886,273061.327
McpToolCall,273074.478,273077.217
CommandExecution,273077.393,273077.804
Reasoning,273082.813,273086.742
McpToolCall,273096.302,273097.062
CommandExecution,273097.235,273097.805
CommandExecution,272430.961,273112.35
Reasoning,273104.502,273122.255
AgentMessage,273122.259,273124.399
CommandExecution,273130.635,273130.635
CommandExecution,273130.69,273130.691
Reasoning,273132.791,273138.347
CommandExecution,273169.769,273171.135
CommandExecution,273168.593,273171.827
Reasoning,273173.197,273179.332
CommandExecution,273184.022,273184.023
Reasoning,273187.118,273198.487
CommandExecution,273248.843,273248.843
CommandExecution,273248.911,273248.911
Reasoning,273250.556,273256.802
AgentMessage,273256.812,273258.542
CommandExecution,273266.104,273266.104
CommandExecution,273266.282,273267.709
Reasoning,273270.343,273272.592
Reasoning,273341.066,273345.381
CommandExecution,273403.225,273403.226
CommandExecution,270818.702,273403.301
CommandExecution,273403.321,273403.322
Reasoning,273405.38,273413.142
CommandExecution,273422.639,273422.639
CommandExecution,273422.701,273422.701
CommandExecution,273422.808,273422.809
CommandExecution,273421.586,273423.509
Reasoning,273424.776,273431.477
CommandExecution,273435.815,273435.816
CommandExecution,273435.88,273435.88
Reasoning,273437.326,273443.416
CommandExecution,273449.107,273450.248
Reasoning,273452.318,273453.611
CommandExecution,273455.785,273455.785
Reasoning,273460.126,273463.851
AgentMessage,273463.854,273469.863
AgentMessage,275369.832,275371.366
CommandExecution,275375.352,275375.353
CommandExecution,275375.407,275375.408
Reasoning,275378.436,275381.021
CommandExecution,275388.387,275388.414
CommandExecution,275388.425,275388.426
CommandExecution,275388.444,275388.445
Extension,275388.419,275389.762
Reasoning,275392.121,275408.151
CommandExecution,275416.563,275416.564
CommandExecution,275416.617,275416.618
CommandExecution,275416.797,275417.49
Reasoning,275420.748,275425.546
CommandExecution,275433.623,275434.685
CommandExecution,275434.692,275434.693
Reasoning,275436.445,275437.486
CommandExecution,275447.567,275447.591
CommandExecution,275447.645,275447.646
Reasoning,275449.52,275466.542
Reasoning,275466.546,275483.812
AgentMessage,275483.816,275485.831
CommandExecution,275490.803,275490.804
CommandExecution,275490.864,275490.864
Reasoning,275492.876,275507.887
CommandExecution,275569.734,275569.734
Reasoning,275572.08,275587.773
CommandExecution,275688.666,275688.667
Reasoning,275691.257,275701.787
CommandExecution,275717.542,275717.543
CommandExecution,275717.72,275719.732
Reasoning,275720.792,275738.502
CommandExecution,275794.782,275796.611
Reasoning,275797.498,275812.087
CommandExecution,275823.293,275823.358
CommandExecution,275824.645,275824.646
CommandExecution,275823.537,275824.972
Reasoning,275826.697,275827.357
CommandExecution,275834.433,275834.501
CommandExecution,275834.617,275834.617
Reasoning,275838.417,275839.352
CommandExecution,275845.624,275845.625
CommandExecution,275845.804,275845.885
Reasoning,275848.732,275849.737
CommandExecution,275857.373,275857.374
CommandExecution,275856.316,275857.488
Reasoning,275858.942,275860.429
Reasoning,275869.007,275882.817
CommandExecution,275890.322,275890.341
CommandExecution,275890.395,275890.396
Reasoning,275893.082,275909.037
CommandExecution,275929.357,275929.357
CommandExecution,275929.41,275929.41
Reasoning,275933.047,275949.108
CommandExecution,275961.795,275961.796
CommandExecution,275960.748,275962.56
Reasoning,275963.618,275978.083
CommandExecution,276019.855,276034.991
Reasoning,276023.352,276037.578
CommandExecution,276040.236,276040.237
Reasoning,276046.418,276047.758
AgentMessage,276047.763,276050.472
CommandExecution,276061.375,276061.375
CommandExecution,276061.551,276062.319
Reasoning,276068.883,276089.104
Reasoning,276089.109,276104.598
CommandExecution,276107.96,276107.961
CommandExecution,276106.896,276109.913
Reasoning,276112.432,276114.098
CommandExecution,276125.653,276125.654
CommandExecution,276125.835,276125.944
Reasoning,276133.248,276144.703
CommandExecution,276153.699,276153.7
CommandExecution,276152.649,276162.127
Reasoning,276155.777,276173.455
CommandExecution,276183.133,276183.133
CommandExecution,276183.216,276183.216
Reasoning,276186.457,276200.383
CommandExecution,276213.262,276213.262
CommandExecution,276213.441,276213.628
CommandExecution,276213.803,276213.889
CommandExecution,276213.942,276213.942
CommandExecution,276124.579,276232.742
Reasoning,276217.027,276235.274
CommandExecution,276237.491,276237.491
CommandExecution,276237.599,276237.599
Reasoning,276240.318,276240.848
CommandExecution,276241.875,276241.875
Reasoning,276245.443,276248.653
CommandExecution,276262.438,276262.438
CommandExecution,276262.622,276267.626
Reasoning,276265.502,276279.578
AgentMessage,276279.584,276284.28
CommandExecution,276295.045,276295.181
CommandExecution,276293.867,276307.692
Reasoning,276297.158,276314.528
CommandExecution,276333.762,276333.762
CommandExecution,276333.937,276333.937
CommandExecution,276333.991,276333.991
Reasoning,276336.488,276353.818
CommandExecution,276364.286,276364.286
CommandExecution,276364.463,276365.357
CommandExecution,276365.534,276366.945
Reasoning,276368.923,276386.758
CommandExecution,276393.161,276396.278
CommandExecution,276394.339,276397.228
Reasoning,276400.278,276410.928
CommandExecution,276419.54,276420.156
CommandExecution,276420.332,276424.221
Reasoning,276429.132,276442.428
CommandExecution,276451.723,276451.723
CommandExecution,276451.808,276451.808
Reasoning,276454.593,276458.103
McpToolCall,276465.118,276466.018
CommandExecution,276466.098,276466.098
Reasoning,276468.597,276486.288
CommandExecution,276488.651,276488.651
CommandExecution,276488.73,276488.73
CommandExecution,276292.688,276501.357
Reasoning,276492.583,276510.782
CommandExecution,276464.108,276511.217
CommandExecution,276512.371,276512.372
Reasoning,276515.65,276520.702
AgentMessage,276520.715,276522.258
CommandExecution,276534.118,276541.271
Reasoning,276540.083,276559.11
McpToolCall,276561.881,276562.508
CommandExecution,276562.569,276562.569
CommandExecution,276535.304,276567.47
CommandExecution,276535.296,276573.806
Reasoning,276565.422,276583.597
CommandExecution,276589.002,276589.002
McpToolCall,276589.013,276589.283
Reasoning,276591.592,276595.393
CommandExecution,276598.238,276598.239
Reasoning,276600.907,276608.637
Extension,276608.956,276628.956
McpToolCall,276636.622,276637.025
Reasoning,276639.517,276658.677
AgentMessage,276658.68,276659.708
CommandExecution,276666.896,276666.896
McpToolCall,276666.913,276667.153
Reasoning,276671.997,276672.747
Extension,276673.09,276703.092
McpToolCall,276710.479,276710.878
Reasoning,276713.133,276725.2
Reasoning,276740.719,276748.332
McpToolCall,276760.672,276761.223
McpToolCall,276761.229,276761.648
McpToolCall,276761.655,276762.144
McpToolCall,276762.151,276762.775
McpToolCall,276762.783,276763.298
McpToolCall,276763.308,276763.644
CommandExecution,276763.736,276763.736
Reasoning,276766.788,276768.694
AgentMessage,276768.696,276770.551
CommandExecution,276736.153,276778.202
Reasoning,276770.553,276792.718
CommandExecution,276794.435,276794.436
Reasoning,276797.002,276800.877
CommandExecution,276804.551,276804.551
Reasoning,276809.812,276825.913
Extension,276826.105,276856.105
CommandExecution,276864.56,276864.56
CommandExecution,276736.176,276882.432
Reasoning,276873.2,276892.41
Reasoning,276892.413,276895.143
AgentMessage,276895.145,276895.493
CommandExecution,276897.08,276897.08
Reasoning,276902.213,276917.918
CommandExecution,275489.745,276922.826
CommandExecution,276922.861,276922.862
Reasoning,276925.764,276940.063
Extension,276940.176,276970.177
CommandExecution,276982.052,276982.053
Reasoning,276985.008,277006.758
Reasoning,277006.762,277024.323
AgentMessage,277024.328,277025.523
CommandExecution,277026.651,277026.651
Reasoning,277032.672,277050.572
CommandExecution,277055.981,277055.982
Extension,277059.275,277099.276
CommandExecution,277111.22,277111.221
Reasoning,277113.133,277128.861
Reasoning,277128.864,277148.318
Reasoning,277148.323,277154.698
CommandExecution,277158.438,277165.989
Reasoning,277162.695,277185.433
CommandExecution,277186.569,277186.57
Reasoning,277190.333,277200.611
AgentMessage,277200.613,277201.418
Extension,277201.621,277246.622
CommandExecution,277257.4,277257.4
Reasoning,277260.329,277263.808
CommandExecution,277266.713,277266.714
Reasoning,277270.003,277289.019
Reasoning,277289.021,277305.676
CommandExecution,276736.128,277339.259
Extension,277305.817,277350.817
CommandExecution,277361.637,277361.637
Reasoning,277365.479,277368.048
CommandExecution,277369.032,277369.032
Reasoning,277373.824,277390.619
CommandExecution,276736.109,277407.087
Reasoning,277390.622,277409.838
Reasoning,277409.842,277425.638
AgentMessage,277425.642,277426.503
CommandExecution,277435.577,277435.926
Reasoning,277439.648,277455.893
Reasoning,277455.897,277474.923
Reasoning,277474.941,277489.023
CommandExecution,277491.812,277491.812
Reasoning,277494.792,277501.828
AgentMessage,277501.83,277503.438
Extension,277503.736,277548.738
Reasoning,277551.059,277568.222
CommandExecution,277578.733,277580.53
Reasoning,277581.992,277600.318
CommandExecution,277601.654,277601.655
Reasoning,277604.288,277622.928
Reasoning,277622.931,277641.048
Extension,277641.32,277686.321
CommandExecution,277697.935,277697.935
Reasoning,277702.622,277707.272
AgentMessage,277707.275,277708.091
Reasoning,277708.093,277726.973
Reasoning,277726.976,277745.128
Reasoning,277745.131,277761.423
Extension,277761.69,277806.691
CommandExecution,277818.681,277818.682
Reasoning,277823.749,277841.488
Reasoning,277841.492,277857.033
Reasoning,277857.036,277867.415
AgentMessage,277867.428,277868.112
Extension,277868.39,277913.392
CommandExecution,277929.837,277929.837
Reasoning,277932.107,277948.548
Reasoning,277948.552,277959.622
CommandExecution,277960.683,277960.683
CommandExecution,277436.1,278008.633
ContextCompaction,277960.775,278115.84
CommandExecution,278122.775,278122.775
Reasoning,278126.527,278127.617
CommandExecution,278129.724,278129.724
AgentMessage,278131.377,278132.708
CommandExecution,278152.798,278154.304
Reasoning,278155.987,278156.622
CommandExecution,278163.457,278163.458
CommandExecution,278163.515,278163.515
CommandExecution,278163.577,278163.578
CommandExecution,278163.66,278163.66
CommandExecution,278163.728,278163.728
AgentMessage,278165.488,278168.137
AgentMessage,279301.972,279303.742
CommandExecution,279306.766,279306.766
Reasoning,279308.292,279308.802
AgentMessage,279308.807,279310.327
CommandExecution,279316.964,279316.965
CommandExecution,279317.021,279317.021
Reasoning,279318.977,279319.562
CommandExecution,279322.148,279322.148
CommandExecution,279322.202,279322.203
Reasoning,279323.967,279324.527
CommandExecution,279328.074,279328.074
Reasoning,279329.887,279330.887
CommandExecution,279335.587,279335.588
Reasoning,279337.477,279338.502
CommandExecution,279342.121,279342.121
Reasoning,279346.107,279346.492
AgentMessage,279346.495,279349.022
CommandExecution,279359.742,279359.743
Reasoning,279362.417,279369.127
CommandExecution,279411.015,279411.016
Reasoning,279413.577,279415.005
CommandExecution,279419.602,279419.603
Reasoning,279423.951,279424.752
CommandExecution,279530.589,279530.59
Reasoning,279534.327,279552.887
Reasoning,279552.89,279559.652
CommandExecution,279580.315,279580.315
Reasoning,279582.072,279582.508
AgentMessage,279582.511,279584.697
CommandExecution,279716.595,279716.758
Reasoning,279718.692,279719.472
CommandExecution,279726.397,279726.397
CommandExecution,279726.464,279728.063
Reasoning,279729.192,279730.842
CommandExecution,279734.749,279734.75
Reasoning,279736.957,279741.072
CommandExecution,279753.657,279757.54
Reasoning,279757.867,279776.107
CommandExecution,279841.149,279842.003
Reasoning,279845.292,279861.438
CommandExecution,279864.178,279864.178
Reasoning,279868.717,279874.787
CommandExecution,279895.349,279897.447
Reasoning,279899.522,279900.962
CommandExecution,279920.597,279920.811
Reasoning,279930.297,279939.768
CommandExecution,279919.416,279942.123
CommandExecution,279951.961,279951.962
CommandExecution,279952.137,279955.712
Reasoning,279957.797,279958.522
AgentMessage,279958.526,279960.882
CommandExecution,279966.733,279968.758
Reasoning,279970.663,279973.008
CommandExecution,279984.325,279985.382
CommandExecution,279986.678,279988.233
Reasoning,279991.332,279995.504
CommandExecution,280001.374,280001.374
McpToolCall,280001.383,280003.358
Reasoning,280010.509,280012.372
CommandExecution,280017.115,280019.163
Reasoning,280024.653,280028.818
McpToolCall,280050.998,280052.188
CommandExecution,280052.258,280052.258
Reasoning,280054.672,280061.74
CommandExecution,280074.92,280074.921
McpToolCall,280074.933,280075.419
Reasoning,280077.422,280095.803
Reasoning,280095.807,280106.148
CommandExecution,280123.086,280123.087
CommandExecution,280123.271,280126.46
Reasoning,280126.382,280133.428
AgentMessage,280133.432,280135.348
CommandExecution,280144.923,280144.929
CommandExecution,280145.001,280145.001
CommandExecution,280145.179,280147.62
Reasoning,280149.493,280164.568
CommandExecution,280179.717,280179.718
CommandExecution,280179.894,280180.762
Reasoning,280183.332,280184.928
CommandExecution,279985.5,280190.142
CommandExecution,280190.893,280190.893
CommandExecution,280189.829,280191.971
Reasoning,280192.643,280193.408
CommandExecution,280206.995,280209.595
CommandExecution,280208.171,280213.023
Reasoning,280212.552,280214.778
Extension,280226.862,280228.047
CommandExecution,280225.842,280230.166
Reasoning,280230.723,280241.288
Extension,280250.833,280252.658
McpToolCall,280257.671,280258.118
CommandExecution,280209.344,280259.24
Reasoning,280262.302,280262.857
CommandExecution,280284.707,280284.707
CommandExecution,280286.062,280287.81
Reasoning,280289.134,280294.178
CommandExecution,280284.883,280294.473
AgentMessage,280294.182,280295.778
CommandExecution,280313.854,280313.854
Extension,280313.883,280315.071
McpToolCall,280315.079,280315.323
Reasoning,280317.578,280318.223
CommandExecution,280328.009,280328.009
CommandExecution,280312.772,280332.483
Reasoning,280331.858,280335.273
McpToolCall,280345.977,280346.288
CommandExecution,280346.468,280346.604
Reasoning,280350.168,280352.319
Reasoning,280370.62,280372.339
CommandExecution,280344.968,280378.076
McpToolCall,280383.034,280383.673
McpToolCall,280383.681,280384.128
McpToolCall,280384.136,280384.541
McpToolCall,280384.548,280385.232
McpToolCall,280385.24,280385.55
McpToolCall,280385.556,280385.988
CommandExecution,280386.078,280386.078
CommandExecution,280366.085,280402.746
Reasoning,280387.967,280404.058
Reasoning,280404.06,280415.56
CommandExecution,280430.279,280430.279
CommandExecution,280430.366,280430.367
Reasoning,280433.432,280434.146
AgentMessage,280434.163,280436.477
CommandExecution,280445.313,280445.313
CommandExecution,280444.239,280446.541
Reasoning,280447.624,280448.698
CommandExecution,280460.734,280460.735
CommandExecution,280459.649,280465.128
Reasoning,280462.614,280482.701
CommandExecution,280498.902,280498.903
CommandExecution,280497.829,280502.009
CommandExecution,280366.127,280511.02
Reasoning,280507.804,280528.823
Reasoning,280528.826,280546.815
CommandExecution,280552.405,280552.405
CommandExecution,280552.478,280552.478
Reasoning,280554.438,280571.608
AgentMessage,280571.619,280572.948
CommandExecution,280591.462,280591.463
Reasoning,280595.188,280597.373
CommandExecution,280601.923,280603.727
Reasoning,280616.958,280632.693
CommandExecution,279896.526,280642.823
CommandExecution,280642.866,280642.866
CommandExecution,280642.935,280642.936
Reasoning,280644.868,280661.958
Reasoning,280661.963,280677.871
AgentMessage,280677.874,280679.188
Extension,280679.246,280724.246
CommandExecution,280741.483,280741.483
Reasoning,280743.148,280760.023
CommandExecution,280792.435,280792.435
Reasoning,280794.698,280813.084
CommandExecution,280825.424,280825.425
Reasoning,280828.233,280841.77
AgentMessage,280841.78,280843.373
CommandExecution,280849.646,280849.646
CommandExecution,280848.529,280849.762
Reasoning,280852.074,280867.027
Extension,280867.236,280912.237
CommandExecution,280929.638,280929.638
Reasoning,280931.618,280947.169
Reasoning,280947.172,280962.478
CommandExecution,280366.05,280963.583
AgentMessage,280962.482,280963.823
Extension,280964.115,281009.116
CommandExecution,281021.822,281021.823
CommandExecution,280366.022,281036.338
Reasoning,281023.804,281039.348
Reasoning,281039.35,281049.908
AgentMessage,281049.912,281050.943
Extension,281051.327,281081.329
CommandExecution,281088.397,281088.397
Reasoning,281091.778,281095.298
AgentMessage,281095.302,281096.368
CommandExecution,281128.006,281129.114
CommandExecution,281129.182,281130.34
Reasoning,281132.223,281138.823
CommandExecution,281147.374,281147.374
CommandExecution,281147.375,281147.376
CommandExecution,281147.398,281147.398
CommandExecution,281147.439,281147.44
CommandExecution,281147.513,281147.513
AgentMessage,281150.718,281156.483
AgentMessage,284749.399,284751.074
CommandExecution,284756.938,284756.939
CommandExecution,284756.944,284756.944
Reasoning,284761.47,284763.72
CommandExecution,284770.193,284770.194
Reasoning,284774.485,284791.32
CommandExecution,284835.944,284838.267
Reasoning,284840.055,284858.219
CommandExecution,284859.64,284859.64
Reasoning,284861.68,284864.115
CommandExecution,284884.423,284886.569
Reasoning,284888.515,284895.725
AgentMessage,284895.735,284898.41
CommandExecution,284922.995,284924.067
CommandExecution,284925.345,284926.224
CommandExecution,284926.4,284926.507
CommandExecution,284924.17,284933.586
Reasoning,284929.547,284937.232
CommandExecution,284953.46,284953.46
Reasoning,284956.715,284966.571
CommandExecution,284952.344,284982.766
Reasoning,284991.64,285004.756
CommandExecution,285015.373,285015.374
Reasoning,285018.436,285019.613
AgentMessage,285019.615,285021.536
CommandExecution,285043.452,285046.553
Reasoning,285051.651,285061.756
CommandExecution,285069.478,285069.479
Reasoning,285072.071,285083.418
CommandExecution,285088.91,285092.894
CommandExecution,284951.169,285156.504
ContextCompaction,285089.917,285221.177
CommandExecution,285228.154,285228.154
Reasoning,285234.641,285235.701
CommandExecution,285243.024,285243.024
CommandExecution,285243.06,285243.061
CommandExecution,285243.161,285244.01
Reasoning,285245.471,285246.501
AgentMessage,285246.504,285248.011
CommandExecution,285261.015,285262.216
CommandExecution,285262.188,285263.631
McpToolCall,285264.369,285266.587
CommandExecution,285266.637,285266.637
CommandExecution,285014.306,285266.651
Reasoning,285267.982,285269.074
CommandExecution,285263.361,285269.085
CommandExecution,285284.858,285285.675
McpToolCall,285285.682,285285.992
CommandExecution,285298.829,285298.829
Reasoning,285301.716,285302.742
CommandExecution,285320.043,285322.147
Extension,285321.061,285323.656
McpToolCall,285323.662,285323.957
Reasoning,285332.171,285333.686
CommandExecution,285340.759,285340.76
Extension,285340.785,285343.081
Reasoning,285345.366,285347.416
AgentMessage,285347.422,285349.503
CommandExecution,285297.759,285352.592
McpToolCall,285363.493,285363.737
CommandExecution,285363.807,285363.808
CommandExecution,285362.486,285372.627
CommandExecution,285384.374,285384.374
Reasoning,285386.238,285388.927
McpToolCall,285397.627,285399.705
Reasoning,285401.135,285403.993
AgentMessage,285404.009,285405.793
McpToolCall,285414.612,285415.606
McpToolCall,285415.622,285416.626
CommandExecution,285416.712,285416.713
CommandExecution,285383.257,285421.721
CommandExecution,285383.241,285428.632
CommandExecution,285432.261,285432.262
Reasoning,285435.842,285436.502
CommandExecution,285444.799,285444.8
Reasoning,285447.842,285456.412
CommandExecution,285444.98,285459.656
CommandExecution,284885.594,285473.903
CommandExecution,285474.009,285474.009
Reasoning,285475.737,285476.582
AgentMessage,285476.593,285478.552
CommandExecution,285493.717,285493.717
CommandExecution,285493.773,285493.773
Reasoning,285496.837,285500.997
CommandExecution,285516.727,285516.728
Reasoning,285519.517,285530.197
AgentMessage,285530.2,285531.982
CommandExecution,285546.454,285546.455
Reasoning,285548.02,285552.337
CommandExecution,285561.164,285561.164
Reasoning,285594.632,285595.452
Reasoning,285599.157,285600.067
Reasoning,285613.947,285614.292
AgentMessage,285614.297,285615.836
CommandExecution,285625.084,285625.084
Reasoning,285658.017,285663.087
Reasoning,285677.912,285678.822
CommandExecution,285681.967,285681.967
Reasoning,285685.552,285691.142
AgentMessage,285691.153,285692.067
Reasoning,285744.699,285749.937
AgentMessage,285749.94,285751.103
Reasoning,285806.678,285809.183
CommandExecution,285812.614,285812.614
Reasoning,285823.753,285832.233
AgentMessage,285832.421,285832.915
CommandExecution,285837.495,285837.496
Reasoning,285889.944,285894.893
AgentMessage,285894.897,285896.26
CommandExecution,285383.292,285946.359
Reasoning,285947.923,285948.523
CommandExecution,285956.827,285956.828
Reasoning,285958.412,285959.398
AgentMessage,285959.403,285960.573
CommandExecution,285965.142,285965.142
CommandExecution,285383.274,286021.418
Reasoning,286016.978,286031.321
AgentMessage,286031.324,286032.613
CommandExecution,286036.963,286036.963
Reasoning,286041.018,286041.443
CommandExecution,286043.425,286043.425
Reasoning,286049.794,286052.422
AgentMessage,286052.438,286053.474
CommandExecution,286079.296,286079.296
CommandExecution,286079.469,286080.555
Reasoning,286082.958,286086.008
CommandExecution,286092.72,286092.72
CommandExecution,286091.594,286093.188
Reasoning,286097.053,286097.598
AgentMessage,286100.863,286104.298
